mass [kg],skin thickness [mm],stringer thickness [mm],stringer cross-section area [mm2],frame cross-section area [mm2],stringer pitch [mm],frame pitch [mm],stringer/frame material,skin material,stress margin [%]
17.455208154577825,0.3,0.8,10.0,20.0,280.0,749.9999999999999,AA2024-T3,AA2024-T3,860.1174303111618
17.455208154577825,0.3,0.8,10.0,20.0,280.0,700.0,AA2024-T3,AA2024-T3,860.1174303111618
17.455208154577825,0.3,0.8,10.0,20.0,280.0,649.9999999999999,AA2024-T3,AA2024-T3,860.1174303111618
17.455208154577825,0.3,0.9000000000000001,10.0,20.0,280.0,749.9999999999999,AA2024-T3,AA2024-T3,860.1174303111618
17.455208154577825,0.3,0.9000000000000001,10.0,20.0,280.0,700.0,AA2024-T3,AA2024-T3,860.1174303111618
17.455208154577825,0.3,0.9000000000000001,10.0,20.0,280.0,649.9999999999999,AA2024-T3,AA2024-T3,860.1174303111618
17.627863529577823,0.3,0.8,10.0,20.0,260.0,749.9999999999999,AA2024-T3,AA2024-T3,942.0176017284231
17.627863529577823,0.3,0.8,10.0,20.0,260.0,649.9999999999999,AA2024-T3,AA2024-T3,942.0176017284231
17.627863529577823,0.3,0.9000000000000001,10.0,20.0,260.0,749.9999999999999,AA2024-T3,AA2024-T3,942.0176017284231
17.627863529577823,0.3,0.8,10.0,20.0,260.0,700.0,AA2024-T3,AA2024-T3,942.0176017284231
17.627863529577823,0.3,0.9000000000000001,10.0,20.0,260.0,649.9999999999999,AA2024-T3,AA2024-T3,942.0176017284231
17.627863529577823,0.3,0.9000000000000001,10.0,20.0,260.0,700.0,AA2024-T3,AA2024-T3,942.0176017284231
17.714191217077822,0.3,0.9000000000000001,10.0,20.0,240.00000000000003,649.9999999999999,AA2024-T3,AA2024-T3,1031.1028683215388
17.714191217077822,0.3,0.9000000000000001,10.0,20.0,240.00000000000003,749.9999999999999,AA2024-T3,AA2024-T3,1031.1028683215388
17.714191217077822,0.3,0.9000000000000001,10.0,20.0,240.00000000000003,700.0,AA2024-T3,AA2024-T3,1031.1028683215388
17.714191217077822,0.3,0.8,10.0,20.0,240.00000000000003,700.0,AA2024-T3,AA2024-T3,1031.1028683215388
17.714191217077822,0.3,0.8,10.0,20.0,240.00000000000003,749.9999999999999,AA2024-T3,AA2024-T3,1031.1028683215388
17.714191217077822,0.3,0.8,10.0,20.0,240.00000000000003,649.9999999999999,AA2024-T3,AA2024-T3,1031.1028683215388
17.760147078540435,0.3,0.9000000000000001,10.0,20.0,280.0,599.9999999999999,AA2024-T3,AA2024-T3,860.1174303111618
17.760147078540435,0.3,0.8,10.0,20.0,280.0,599.9999999999999,AA2024-T3,AA2024-T3,860.1174303111618
17.760147078540435,0.3,0.8,10.0,20.0,280.0,549.9999999999999,AA2024-T3,AA2024-T3,860.1174303111618
17.760147078540435,0.3,0.9000000000000001,10.0,20.0,280.0,549.9999999999999,AA2024-T3,AA2024-T3,860.1174303111618
17.886846592077823,0.3,0.9000000000000001,10.0,20.0,220.00000000000003,649.9999999999999,AA2024-T3,AA2024-T3,1142.4656294467536
17.886846592077823,0.3,0.9000000000000001,10.0,20.0,220.00000000000003,700.0,AA2024-T3,AA2024-T3,1142.4656294467536
17.886846592077823,0.3,0.8,10.0,20.0,220.00000000000003,649.9999999999999,AA2024-T3,AA2024-T3,1142.4656294467536
17.886846592077823,0.3,0.9000000000000001,10.0,20.0,220.00000000000003,749.9999999999999,AA2024-T3,AA2024-T3,1142.4656294467536
17.886846592077823,0.3,0.8,10.0,20.0,220.00000000000003,749.9999999999999,AA2024-T3,AA2024-T3,1142.4656294467536
17.886846592077823,0.3,0.8,10.0,20.0,220.00000000000003,700.0,AA2024-T3,AA2024-T3,1142.4656294467536
17.932802453540436,0.3,0.8,10.0,20.0,260.0,599.9999999999999,AA2024-T3,AA2024-T3,942.0176017284231
17.932802453540436,0.3,0.8,10.0,20.0,260.0,549.9999999999999,AA2024-T3,AA2024-T3,942.0176017284231
17.932802453540436,0.3,0.9000000000000001,10.0,20.0,260.0,599.9999999999999,AA2024-T3,AA2024-T3,942.0176017284231
17.932802453540436,0.3,0.9000000000000001,10.0,20.0,260.0,549.9999999999999,AA2024-T3,AA2024-T3,942.0176017284231
18.019130141040435,0.3,0.8,10.0,20.0,240.00000000000003,599.9999999999999,AA2024-T3,AA2024-T3,1031.1028683215388
18.019130141040435,0.3,0.8,10.0,20.0,240.00000000000003,549.9999999999999,AA2024-T3,AA2024-T3,1031.1028683215388
18.019130141040435,0.3,0.9000000000000001,10.0,20.0,240.00000000000003,549.9999999999999,AA2024-T3,AA2024-T3,1031.1028683215388
18.019130141040435,0.3,0.9000000000000001,10.0,20.0,240.00000000000003,599.9999999999999,AA2024-T3,AA2024-T3,1031.1028683215388
18.06508600250305,0.3,0.9000000000000001,10.0,20.0,280.0,449.99999999999994,AA2024-T3,AA2024-T3,860.1174303111618
18.06508600250305,0.3,0.9000000000000001,10.0,20.0,280.0,499.99999999999994,AA2024-T3,AA2024-T3,860.1174303111618
18.06508600250305,0.3,0.8,10.0,20.0,280.0,449.99999999999994,AA2024-T3,AA2024-T3,860.1174303111618
18.06508600250305,0.3,0.8,10.0,20.0,280.0,499.99999999999994,AA2024-T3,AA2024-T3,860.1174303111618
18.145829654577824,0.3,0.9000000000000001,10.0,20.0,200.0,700.0,AA2024-T3,AA2024-T3,1282.6679030350451
18.145829654577824,0.3,0.8,10.0,20.0,200.0,700.0,AA2024-T3,AA2024-T3,1282.6679030350451
18.145829654577824,0.3,0.8,10.0,20.0,200.0,649.9999999999999,AA2024-T3,AA2024-T3,1282.6679030350451
18.145829654577824,0.3,0.9000000000000001,10.0,20.0,200.0,749.9999999999999,AA2024-T3,AA2024-T3,1282.6679030350451
18.145829654577824,0.3,0.8,10.0,20.0,200.0,749.9999999999999,AA2024-T3,AA2024-T3,1282.6679030350451
18.145829654577824,0.3,0.9000000000000001,10.0,20.0,200.0,649.9999999999999,AA2024-T3,AA2024-T3,1282.6679030350451
18.191785516040436,0.3,0.8,10.0,20.0,220.00000000000003,549.9999999999999,AA2024-T3,AA2024-T3,1142.4656294467536
18.191785516040436,0.3,0.8,10.0,20.0,220.00000000000003,599.9999999999999,AA2024-T3,AA2024-T3,1142.4656294467536
18.191785516040436,0.3,0.9000000000000001,10.0,20.0,220.00000000000003,599.9999999999999,AA2024-T3,AA2024-T3,1142.4656294467536
18.191785516040436,0.3,0.9000000000000001,10.0,20.0,220.00000000000003,549.9999999999999,AA2024-T3,AA2024-T3,1142.4656294467536
18.23774137750305,0.3,0.9000000000000001,10.0,20.0,260.0,449.99999999999994,AA2024-T3,AA2024-T3,942.0176017284231
18.23774137750305,0.3,0.8,10.0,20.0,260.0,449.99999999999994,AA2024-T3,AA2024-T3,942.0176017284231
18.23774137750305,0.3,0.8,10.0,20.0,260.0,499.99999999999994,AA2024-T3,AA2024-T3,942.0176017284231
18.23774137750305,0.3,0.9000000000000001,10.0,20.0,260.0,499.99999999999994,AA2024-T3,AA2024-T3,942.0176017284231
18.318485029577822,0.3,0.8,14.999999999999998,20.0,280.0,649.9999999999999,AA2024-T3,AA2024-T3,1092.8637277298133
18.318485029577822,0.3,0.8,14.999999999999998,20.0,280.0,749.9999999999999,AA2024-T3,AA2024-T3,1092.8637277298133
18.318485029577822,0.3,0.9000000000000001,14.999999999999998,20.0,280.0,649.9999999999999,AA2024-T3,AA2024-T3,1092.8637277298133
18.318485029577822,0.3,0.8,14.999999999999998,20.0,280.0,700.0,AA2024-T3,AA2024-T3,1092.8637277298133
18.318485029577822,0.3,0.9000000000000001,14.999999999999998,20.0,280.0,749.9999999999999,AA2024-T3,AA2024-T3,1092.8637277298133
18.318485029577822,0.3,0.9000000000000001,14.999999999999998,20.0,280.0,700.0,AA2024-T3,AA2024-T3,730.3836666129782
18.324069065003048,0.3,0.8,10.0,20.0,240.00000000000003,449.99999999999994,AA2024-T3,AA2024-T3,1031.1028683215388
18.324069065003048,0.3,0.9000000000000001,10.0,20.0,240.00000000000003,449.99999999999994,AA2024-T3,AA2024-T3,1031.1028683215388
18.324069065003048,0.3,0.9000000000000001,10.0,20.0,240.00000000000003,499.99999999999994,AA2024-T3,AA2024-T3,1031.1028683215388
18.324069065003048,0.3,0.8,10.0,20.0,240.00000000000003,499.99999999999994,AA2024-T3,AA2024-T3,1031.1028683215388
18.37002492646566,0.3,0.8,10.0,20.0,280.0,399.99999999999994,AA2024-T3,AA2024-T3,860.1174303111618
18.37002492646566,0.3,0.9000000000000001,10.0,20.0,280.0,399.99999999999994,AA2024-T3,AA2024-T3,860.1174303111618
18.404812717077824,0.3,0.8,10.0,20.0,180.00000000000003,649.9999999999999,AA2024-T3,AA2024-T3,1453.280546373275
18.404812717077824,0.3,0.9000000000000001,10.0,20.0,180.00000000000003,649.9999999999999,AA2024-T3,AA2024-T3,1453.280546373275
18.404812717077824,0.3,0.8,10.0,20.0,180.00000000000003,700.0,AA2024-T3,AA2024-T3,1453.280546373275
18.404812717077824,0.3,0.9000000000000001,10.0,20.0,180.00000000000003,749.9999999999999,AA2024-T3,AA2024-T3,1453.280546373275
18.404812717077824,0.3,0.9000000000000001,10.0,20.0,180.00000000000003,700.0,AA2024-T3,AA2024-T3,1453.280546373275
18.404812717077824,0.3,0.8,10.0,20.0,180.00000000000003,749.9999999999999,AA2024-T3,AA2024-T3,1453.280546373275
18.450768578540437,0.3,0.9000000000000001,10.0,20.0,200.0,549.9999999999999,AA2024-T3,AA2024-T3,1282.6679030350451
18.450768578540437,0.3,0.8,10.0,20.0,200.0,549.9999999999999,AA2024-T3,AA2024-T3,1282.6679030350451
18.450768578540437,0.3,0.8,10.0,20.0,200.0,599.9999999999999,AA2024-T3,AA2024-T3,1282.6679030350451
18.450768578540437,0.3,0.9000000000000001,10.0,20.0,200.0,599.9999999999999,AA2024-T3,AA2024-T3,1282.6679030350451
18.49672444000305,0.3,0.8,10.0,20.0,220.00000000000003,449.99999999999994,AA2024-T3,AA2024-T3,1142.4656294467536
18.49672444000305,0.3,0.8,10.0,20.0,220.00000000000003,499.99999999999994,AA2024-T3,AA2024-T3,1142.4656294467536
18.49672444000305,0.3,0.9000000000000001,10.0,20.0,220.00000000000003,449.99999999999994,AA2024-T3,AA2024-T3,1142.4656294467536
18.49672444000305,0.3,0.9000000000000001,10.0,20.0,220.00000000000003,499.99999999999994,AA2024-T3,AA2024-T3,1142.4656294467536
18.542680301465662,0.3,0.9000000000000001,10.0,20.0,260.0,399.99999999999994,AA2024-T3,AA2024-T3,942.0176017284231
18.542680301465662,0.3,0.8,10.0,20.0,260.0,399.99999999999994,AA2024-T3,AA2024-T3,942.0176017284231
18.577468092077822,0.3,0.9000000000000001,14.999999999999998,20.0,260.0,749.9999999999999,AA2024-T3,AA2024-T3,1194.7382591572496
18.577468092077822,0.3,0.8,14.999999999999998,20.0,260.0,700.0,AA2024-T3,AA2024-T3,1194.7382591572496
18.577468092077822,0.3,0.8,14.999999999999998,20.0,260.0,749.9999999999999,AA2024-T3,AA2024-T3,1194.7382591572496
18.577468092077822,0.3,0.9000000000000001,14.999999999999998,20.0,260.0,649.9999999999999,AA2024-T3,AA2024-T3,1194.7382591572496
18.577468092077822,0.3,0.9000000000000001,14.999999999999998,20.0,260.0,700.0,AA2024-T3,AA2024-T3,803.3383576190945
18.577468092077822,0.3,0.8,14.999999999999998,20.0,260.0,649.9999999999999,AA2024-T3,AA2024-T3,1194.7382591572496
18.623423953540435,0.3,0.9000000000000001,14.999999999999998,20.0,280.0,549.9999999999999,AA2024-T3,AA2024-T3,1092.8637277298133
18.623423953540435,0.3,0.8,14.999999999999998,20.0,280.0,549.9999999999999,AA2024-T3,AA2024-T3,1092.8637277298133
18.623423953540435,0.3,0.8,14.999999999999998,20.0,280.0,599.9999999999999,AA2024-T3,AA2024-T3,1092.8637277298133
18.623423953540435,0.3,0.9000000000000001,14.999999999999998,20.0,280.0,599.9999999999999,AA2024-T3,AA2024-T3,1092.8637277298133
18.62900798896566,0.3,0.8,10.0,20.0,240.00000000000003,399.99999999999994,AA2024-T3,AA2024-T3,1031.1028683215388
18.62900798896566,0.3,0.9000000000000001,10.0,20.0,240.00000000000003,399.99999999999994,AA2024-T3,AA2024-T3,1031.1028683215388
18.674963850428277,0.3,0.8,10.0,20.0,280.0,350.0,AA2024-T3,AA2024-T3,860.1174303111618
18.674963850428277,0.3,0.9000000000000001,10.0,20.0,280.0,350.0,AA2024-T3,AA2024-T3,860.1174303111618
18.706959623327823,0.3,0.9000000000000001,14.999999999999998,20.0,240.00000000000003,649.9999999999999,AA2024-T3,AA2024-T3,1301.387694031674
18.706959623327823,0.3,0.9000000000000001,14.999999999999998,20.0,240.00000000000003,700.0,AA2024-T3,AA2024-T3,880.4047342728092
18.706959623327823,0.3,0.8,14.999999999999998,20.0,240.00000000000003,749.9999999999999,AA2024-T3,AA2024-T3,1301.387694031674
18.706959623327823,0.3,0.8,14.999999999999998,20.0,240.00000000000003,649.9999999999999,AA2024-T3,AA2024-T3,1301.387694031674
18.706959623327823,0.3,0.8,14.999999999999998,20.0,240.00000000000003,700.0,AA2024-T3,AA2024-T3,1301.387694031674
18.706959623327823,0.3,0.9000000000000001,14.999999999999998,20.0,240.00000000000003,749.9999999999999,AA2024-T3,AA2024-T3,1301.387694031674
18.709751641040434,0.3,0.9000000000000001,10.0,20.0,180.00000000000003,599.9999999999999,AA2024-T3,AA2024-T3,1453.280546373275
18.709751641040434,0.3,0.8,10.0,20.0,180.00000000000003,599.9999999999999,AA2024-T3,AA2024-T3,1453.280546373275
18.709751641040434,0.3,0.8,10.0,20.0,180.00000000000003,549.9999999999999,AA2024-T3,AA2024-T3,1453.280546373275
18.709751641040434,0.3,0.9000000000000001,10.0,20.0,180.00000000000003,549.9999999999999,AA2024-T3,AA2024-T3,1453.280546373275
18.75012346707782,0.3,0.8,10.0,20.0,160.00000000000003,649.9999999999999,AA2024-T3,AA2024-T3,1674.763152784184
18.75012346707782,0.3,0.8,10.0,20.0,160.00000000000003,700.0,AA2024-T3,AA2024-T3,1674.763152784184
18.75012346707782,0.3,0.9000000000000001,10.0,20.0,160.00000000000003,749.9999999999999,AA2024-T3,AA2024-T3,1674.763152784184
18.75012346707782,0.3,0.8,10.0,20.0,160.00000000000003,749.9999999999999,AA2024-T3,AA2024-T3,1674.763152784184
18.75012346707782,0.3,0.9000000000000001,10.0,20.0,160.00000000000003,649.9999999999999,AA2024-T3,AA2024-T3,1674.763152784184
18.75012346707782,0.3,0.9000000000000001,10.0,20.0,160.00000000000003,700.0,AA2024-T3,AA2024-T3,1674.763152784184
18.75570750250305,0.3,0.8,10.0,20.0,200.0,499.99999999999994,AA2024-T3,AA2024-T3,1282.6679030350451
18.75570750250305,0.3,0.9000000000000001,10.0,20.0,200.0,499.99999999999994,AA2024-T3,AA2024-T3,1282.6679030350451
18.75570750250305,0.3,0.9000000000000001,10.0,20.0,200.0,449.99999999999994,AA2024-T3,AA2024-T3,1282.6679030350451
18.75570750250305,0.3,0.8,10.0,20.0,200.0,449.99999999999994,AA2024-T3,AA2024-T3,1282.6679030350451
18.801663363965663,0.3,0.9000000000000001,10.0,20.0,220.00000000000003,399.99999999999994,AA2024-T3,AA2024-T3,1142.4656294467536
18.801663363965663,0.3,0.8,10.0,20.0,220.00000000000003,399.99999999999994,AA2024-T3,AA2024-T3,1142.4656294467536
18.847619225428275,0.3,0.8,10.0,20.0,260.0,350.0,AA2024-T3,AA2024-T3,942.0176017284231
18.847619225428275,0.3,0.9000000000000001,10.0,20.0,260.0,350.0,AA2024-T3,AA2024-T3,942.0176017284231
18.882407016040435,0.3,0.8,14.999999999999998,20.0,260.0,599.9999999999999,AA2024-T3,AA2024-T3,1194.7382591572496
18.882407016040435,0.3,0.8,14.999999999999998,20.0,260.0,549.9999999999999,AA2024-T3,AA2024-T3,1194.7382591572496
18.882407016040435,0.3,0.9000000000000001,14.999999999999998,20.0,260.0,599.9999999999999,AA2024-T3,AA2024-T3,1194.7382591572496
18.882407016040435,0.3,0.9000000000000001,14.999999999999998,20.0,260.0,549.9999999999999,AA2024-T3,AA2024-T3,1194.7382591572496
18.928362877503048,0.3,0.9000000000000001,14.999999999999998,20.0,280.0,449.99999999999994,AA2024-T3,AA2024-T3,1092.8637277298133
18.928362877503048,0.3,0.8,14.999999999999998,20.0,280.0,499.99999999999994,AA2024-T3,AA2024-T3,1092.8637277298133
18.928362877503048,0.3,0.8,14.999999999999998,20.0,280.0,449.99999999999994,AA2024-T3,AA2024-T3,1092.8637277298133
18.928362877503048,0.3,0.9000000000000001,14.999999999999998,20.0,280.0,499.99999999999994,AA2024-T3,AA2024-T3,1092.8637277298133
18.933946912928274,0.3,0.9000000000000001,10.0,20.0,240.00000000000003,350.0,AA2024-T3,AA2024-T3,1031.1028683215388
18.933946912928274,0.3,0.8,10.0,20.0,240.00000000000003,350.0,AA2024-T3,AA2024-T3,1031.1028683215388
18.965942685827823,0.3,0.8,14.999999999999998,20.0,220.00000000000003,649.9999999999999,AA2024-T3,AA2024-T3,1436.9329121457029
18.965942685827823,0.3,0.8,14.999999999999998,20.0,220.00000000000003,700.0,AA2024-T3,AA2024-T3,1436.9329121457029
18.965942685827823,0.3,0.9000000000000001,14.999999999999998,20.0,220.00000000000003,649.9999999999999,AA2024-T3,AA2024-T3,1436.9329121457029
18.965942685827823,0.3,0.9000000000000001,14.999999999999998,20.0,220.00000000000003,749.9999999999999,AA2024-T3,AA2024-T3,1436.9329121457029
18.965942685827823,0.3,0.9000000000000001,14.999999999999998,20.0,220.00000000000003,700.0,AA2024-T3,AA2024-T3,978.8109761670013
18.965942685827823,0.3,0.8,14.999999999999998,20.0,220.00000000000003,749.9999999999999,AA2024-T3,AA2024-T3,1436.9329121457029
19.011898547290436,0.3,0.8,14.999999999999998,20.0,240.00000000000003,599.9999999999999,AA2024-T3,AA2024-T3,1301.387694031674
19.011898547290436,0.3,0.9000000000000001,14.999999999999998,20.0,240.00000000000003,599.9999999999999,AA2024-T3,AA2024-T3,1301.387694031674
19.011898547290436,0.3,0.8,14.999999999999998,20.0,240.00000000000003,549.9999999999999,AA2024-T3,AA2024-T3,1301.387694031674
19.011898547290436,0.3,0.9000000000000001,14.999999999999998,20.0,240.00000000000003,549.9999999999999,AA2024-T3,AA2024-T3,1301.387694031674
19.01469056500305,0.3,0.9000000000000001,10.0,20.0,180.00000000000003,499.99999999999994,AA2024-T3,AA2024-T3,1453.280546373275
19.01469056500305,0.3,0.9000000000000001,10.0,20.0,180.00000000000003,449.99999999999994,AA2024-T3,AA2024-T3,1453.280546373275
19.01469056500305,0.3,0.8,10.0,20.0,180.00000000000003,499.99999999999994,AA2024-T3,AA2024-T3,1453.280546373275
19.01469056500305,0.3,0.8,10.0,20.0,180.00000000000003,449.99999999999994,AA2024-T3,AA2024-T3,1453.280546373275
19.055062391040437,0.3,0.8,10.0,20.0,160.00000000000003,599.9999999999999,AA2024-T3,AA2024-T3,1674.763152784184
19.055062391040437,0.3,0.8,10.0,20.0,160.00000000000003,549.9999999999999,AA2024-T3,AA2024-T3,1674.763152784184
19.055062391040437,0.3,0.9000000000000001,10.0,20.0,160.00000000000003,599.9999999999999,AA2024-T3,AA2024-T3,1674.763152784184
19.055062391040437,0.3,0.9000000000000001,10.0,20.0,160.00000000000003,549.9999999999999,AA2024-T3,AA2024-T3,1674.763152784184
19.060646426465663,0.3,0.9000000000000001,10.0,20.0,200.0,399.99999999999994,AA2024-T3,AA2024-T3,1282.6679030350451
19.060646426465663,0.3,0.8,10.0,20.0,200.0,399.99999999999994,AA2024-T3,AA2024-T3,1282.6679030350451
19.106602287928276,0.3,0.9000000000000001,10.0,20.0,220.00000000000003,350.0,AA2024-T3,AA2024-T3,1142.4656294467536
19.106602287928276,0.3,0.8,10.0,20.0,220.00000000000003,350.0,AA2024-T3,AA2024-T3,1142.4656294467536
19.181761904577822,0.3,0.8,10.0,20.0,140.0,749.9999999999999,AA2024-T3,AA2024-T3,1969.441372319259
19.181761904577822,0.3,0.8,10.0,20.0,140.0,700.0,AA2024-T3,AA2024-T3,1969.441372319259
19.181761904577822,0.3,0.8,10.0,20.0,140.0,649.9999999999999,AA2024-T3,AA2024-T3,1969.441372319259
19.181761904577822,0.3,0.9000000000000001,20.0,20.0,280.0,700.0,AA2024-T3,AA2024-T3,1325.919497793508
19.181761904577822,0.3,0.8,20.0,20.0,280.0,749.9999999999999,AA2024-T3,AA2024-T3,1325.919497793508
19.181761904577822,0.3,0.9000000000000001,20.0,20.0,280.0,649.9999999999999,AA2024-T3,AA2024-T3,1325.919497793508
19.181761904577822,0.3,0.8,20.0,20.0,280.0,649.9999999999999,AA2024-T3,AA2024-T3,1325.919497793508
19.181761904577822,0.3,0.8,20.0,20.0,280.0,700.0,AA2024-T3,AA2024-T3,1325.919497793508
19.181761904577822,0.3,0.9000000000000001,20.0,20.0,280.0,749.9999999999999,AA2024-T3,AA2024-T3,1325.919497793508
19.181761904577822,0.3,0.9000000000000001,10.0,20.0,140.0,649.9999999999999,AA2024-T3,AA2024-T3,1969.441372319259
19.181761904577822,0.3,0.9000000000000001,10.0,20.0,140.0,700.0,AA2024-T3,AA2024-T3,1969.441372319259
19.181761904577822,0.3,0.9000000000000001,10.0,20.0,140.0,749.9999999999999,AA2024-T3,AA2024-T3,1969.441372319259
19.18734594000305,0.3,0.8,14.999999999999998,20.0,260.0,449.99999999999994,AA2024-T3,AA2024-T3,1194.7382591572496
19.18734594000305,0.3,0.9000000000000001,14.999999999999998,20.0,260.0,449.99999999999994,AA2024-T3,AA2024-T3,1194.7382591572496
19.18734594000305,0.3,0.9000000000000001,14.999999999999998,20.0,260.0,499.99999999999994,AA2024-T3,AA2024-T3,1194.7382591572496
19.18734594000305,0.3,0.8,14.999999999999998,20.0,260.0,499.99999999999994,AA2024-T3,AA2024-T3,1194.7382591572496
19.23330180146566,0.3,0.9000000000000001,14.999999999999998,20.0,280.0,399.99999999999994,AA2024-T3,AA2024-T3,1092.8637277298133
19.23330180146566,0.3,0.8,14.999999999999998,20.0,280.0,399.99999999999994,AA2024-T3,AA2024-T3,1092.8637277298133
19.270881609790436,0.3,0.9000000000000001,14.999999999999998,20.0,220.00000000000003,599.9999999999999,AA2024-T3,AA2024-T3,1436.9329121457029
19.270881609790436,0.3,0.9000000000000001,14.999999999999998,20.0,220.00000000000003,549.9999999999999,AA2024-T3,AA2024-T3,1436.9329121457029
19.270881609790436,0.3,0.8,14.999999999999998,20.0,220.00000000000003,599.9999999999999,AA2024-T3,AA2024-T3,1436.9329121457029
19.270881609790436,0.3,0.8,14.999999999999998,20.0,220.00000000000003,549.9999999999999,AA2024-T3,AA2024-T3,1436.9329121457029
19.284841698353503,0.3,0.9000000000000001,10.0,20.0,280.0,300.0,AA2024-T3,AA2024-T3,860.1174303111618
19.284841698353503,0.3,0.8,10.0,20.0,280.0,300.0,AA2024-T3,AA2024-T3,860.1174303111618
19.31683747125305,0.3,0.9000000000000001,14.999999999999998,20.0,240.00000000000003,499.99999999999994,AA2024-T3,AA2024-T3,1301.387694031674
19.31683747125305,0.3,0.9000000000000001,14.999999999999998,20.0,240.00000000000003,449.99999999999994,AA2024-T3,AA2024-T3,1301.387694031674
19.31683747125305,0.3,0.8,14.999999999999998,20.0,240.00000000000003,499.99999999999994,AA2024-T3,AA2024-T3,1301.387694031674
19.31683747125305,0.3,0.8,14.999999999999998,20.0,240.00000000000003,449.99999999999994,AA2024-T3,AA2024-T3,1301.387694031674
19.31962948896566,0.3,0.8,10.0,20.0,180.00000000000003,399.99999999999994,AA2024-T3,AA2024-T3,1453.280546373275
19.31962948896566,0.3,0.9000000000000001,10.0,20.0,180.00000000000003,399.99999999999994,AA2024-T3,AA2024-T3,1453.280546373275
19.35441727957782,0.3,0.9000000000000001,14.999999999999998,20.0,200.0,649.9999999999999,AA2024-T3,AA2024-T3,1609.2271779335538
19.35441727957782,0.3,0.8,14.999999999999998,20.0,200.0,749.9999999999999,AA2024-T3,AA2024-T3,1609.2271779335538
19.35441727957782,0.3,0.8,14.999999999999998,20.0,200.0,700.0,AA2024-T3,AA2024-T3,1609.2271779335538
19.35441727957782,0.3,0.8,14.999999999999998,20.0,200.0,649.9999999999999,AA2024-T3,AA2024-T3,1609.2271779335538
19.35441727957782,0.3,0.9000000000000001,14.999999999999998,20.0,200.0,749.9999999999999,AA2024-T3,AA2024-T3,1609.2271779335538
19.35441727957782,0.3,0.9000000000000001,14.999999999999998,20.0,200.0,700.0,AA2024-T3,AA2024-T3,1104.754006827525
19.360001315003046,0.3,0.9000000000000001,10.0,20.0,160.00000000000003,499.99999999999994,AA2024-T3,AA2024-T3,1674.763152784184
19.360001315003046,0.3,0.9000000000000001,10.0,20.0,160.00000000000003,449.99999999999994,AA2024-T3,AA2024-T3,1674.763152784184
19.360001315003046,0.3,0.8,10.0,20.0,160.00000000000003,499.99999999999994,AA2024-T3,AA2024-T3,1674.763152784184
19.360001315003046,0.3,0.8,10.0,20.0,160.00000000000003,449.99999999999994,AA2024-T3,AA2024-T3,1674.763152784184
19.365585350428276,0.3,0.8,10.0,20.0,200.0,350.0,AA2024-T3,AA2024-T3,1282.6679030350451
19.365585350428276,0.3,0.9000000000000001,10.0,20.0,200.0,350.0,AA2024-T3,AA2024-T3,1282.6679030350451
19.4574970733535,0.3,0.9000000000000001,10.0,20.0,260.0,300.0,AA2024-T3,AA2024-T3,942.0176017284231
19.4574970733535,0.3,0.8,10.0,20.0,260.0,300.0,AA2024-T3,AA2024-T3,942.0176017284231
19.486700828540435,0.3,0.8,10.0,20.0,140.0,549.9999999999999,AA2024-T3,AA2024-T3,1969.441372319259
19.486700828540435,0.3,0.8,10.0,20.0,140.0,599.9999999999999,AA2024-T3,AA2024-T3,1969.441372319259
19.486700828540435,0.3,0.8,20.0,20.0,280.0,549.9999999999999,AA2024-T3,AA2024-T3,1325.919497793508
19.486700828540435,0.3,0.8,20.0,20.0,280.0,599.9999999999999,AA2024-T3,AA2024-T3,1325.919497793508
19.486700828540435,0.3,0.9000000000000001,10.0,20.0,140.0,599.9999999999999,AA2024-T3,AA2024-T3,1969.441372319259
19.486700828540435,0.3,0.9000000000000001,10.0,20.0,140.0,549.9999999999999,AA2024-T3,AA2024-T3,1969.441372319259
19.486700828540435,0.3,0.9000000000000001,20.0,20.0,280.0,599.9999999999999,AA2024-T3,AA2024-T3,1325.919497793508
19.486700828540435,0.3,0.9000000000000001,20.0,20.0,280.0,549.9999999999999,AA2024-T3,AA2024-T3,1325.919497793508
19.49228486396566,0.3,0.8,14.999999999999998,20.0,260.0,399.99999999999994,AA2024-T3,AA2024-T3,1194.7382591572496
19.49228486396566,0.3,0.9000000000000001,14.999999999999998,20.0,260.0,399.99999999999994,AA2024-T3,AA2024-T3,1194.7382591572496
19.52707265457782,0.3,0.9000000000000001,20.0,20.0,260.0,749.9999999999999,AA2024-T3,AA2024-T3,1448.156940748421
19.52707265457782,0.3,0.9000000000000001,20.0,20.0,260.0,700.0,AA2024-T3,AA2024-T3,1448.156940748421
19.52707265457782,0.3,0.8,20.0,20.0,260.0,649.9999999999999,AA2024-T3,AA2024-T3,1448.156940748421
19.52707265457782,0.3,0.9000000000000001,20.0,20.0,260.0,649.9999999999999,AA2024-T3,AA2024-T3,1448.156940748421
19.52707265457782,0.3,0.8,20.0,20.0,260.0,700.0,AA2024-T3,AA2024-T3,1448.156940748421
19.52707265457782,0.3,0.8,20.0,20.0,260.0,749.9999999999999,AA2024-T3,AA2024-T3,1448.156940748421
19.538240725428274,0.3,0.8,14.999999999999998,20.0,280.0,350.0,AA2024-T3,AA2024-T3,1092.8637277298133
19.538240725428274,0.3,0.9000000000000001,14.999999999999998,20.0,280.0,350.0,AA2024-T3,AA2024-T3,1092.8637277298133
19.5438247608535,0.3,0.8,10.0,20.0,240.00000000000003,300.0,AA2024-T3,AA2024-T3,1031.1028683215388
19.5438247608535,0.3,0.9000000000000001,10.0,20.0,240.00000000000003,300.0,AA2024-T3,AA2024-T3,1031.1028683215388
19.57582053375305,0.3,0.9000000000000001,14.999999999999998,20.0,220.00000000000003,449.99999999999994,AA2024-T3,AA2024-T3,1436.9329121457029
19.57582053375305,0.3,0.8,14.999999999999998,20.0,220.00000000000003,499.99999999999994,AA2024-T3,AA2024-T3,1436.9329121457029
19.57582053375305,0.3,0.9000000000000001,14.999999999999998,20.0,220.00000000000003,499.99999999999994,AA2024-T3,AA2024-T3,1436.9329121457029
19.57582053375305,0.3,0.8,14.999999999999998,20.0,220.00000000000003,449.99999999999994,AA2024-T3,AA2024-T3,1436.9329121457029
19.62177639521566,0.3,0.8,14.999999999999998,20.0,240.00000000000003,399.99999999999994,AA2024-T3,AA2024-T3,1301.387694031674
19.62177639521566,0.3,0.9000000000000001,14.999999999999998,20.0,240.00000000000003,399.99999999999994,AA2024-T3,AA2024-T3,1301.387694031674
19.624568412928276,0.3,0.8,10.0,20.0,180.00000000000003,350.0,AA2024-T3,AA2024-T3,1453.280546373275
19.624568412928276,0.3,0.9000000000000001,10.0,20.0,180.00000000000003,350.0,AA2024-T3,AA2024-T3,1453.280546373275
19.659356203540433,0.3,0.9000000000000001,14.999999999999998,20.0,200.0,549.9999999999999,AA2024-T3,AA2024-T3,1609.2271779335538
19.659356203540433,0.3,0.8,14.999999999999998,20.0,200.0,599.9999999999999,AA2024-T3,AA2024-T3,1609.2271779335538
19.659356203540433,0.3,0.8,14.999999999999998,20.0,200.0,549.9999999999999,AA2024-T3,AA2024-T3,1609.2271779335538
19.659356203540433,0.3,0.9000000000000001,14.999999999999998,20.0,200.0,599.9999999999999,AA2024-T3,AA2024-T3,1609.2271779335538
19.664940238965663,0.3,0.9000000000000001,10.0,20.0,160.00000000000003,399.99999999999994,AA2024-T3,AA2024-T3,1674.763152784184
19.664940238965663,0.3,0.8,10.0,20.0,160.00000000000003,399.99999999999994,AA2024-T3,AA2024-T3,1674.763152784184
19.699728029577823,0.3,0.9000000000000001,10.0,20.0,120.00000000000001,700.0,AA2024-T3,AA2024-T3,2376.120209062839
19.699728029577823,0.3,0.9000000000000001,10.0,20.0,120.00000000000001,749.9999999999999,AA2024-T3,AA2024-T3,2376.120209062839
19.699728029577823,0.3,0.9000000000000001,20.0,20.0,240.00000000000003,700.0,AA2024-T3,AA2024-T3,1571.7893359544214
19.699728029577823,0.3,0.8,20.0,20.0,240.00000000000003,700.0,AA2024-T3,AA2024-T3,1571.7893359544214
19.699728029577823,0.3,0.8,20.0,20.0,240.00000000000003,649.9999999999999,AA2024-T3,AA2024-T3,1571.7893359544214
19.699728029577823,0.3,0.9000000000000001,20.0,20.0,240.00000000000003,649.9999999999999,AA2024-T3,AA2024-T3,1571.7893359544214
19.699728029577823,0.3,0.8,20.0,20.0,240.00000000000003,749.9999999999999,AA2024-T3,AA2024-T3,1571.7893359544214
19.699728029577823,0.3,0.8,10.0,20.0,120.00000000000001,700.0,AA2024-T3,AA2024-T3,2376.120209062839
19.699728029577823,0.3,0.8,10.0,20.0,120.00000000000001,749.9999999999999,AA2024-T3,AA2024-T3,2376.120209062839
19.699728029577823,0.3,0.8,10.0,20.0,120.00000000000001,649.9999999999999,AA2024-T3,AA2024-T3,2376.120209062839
19.699728029577823,0.3,0.9000000000000001,20.0,20.0,240.00000000000003,749.9999999999999,AA2024-T3,AA2024-T3,1571.7893359544214
19.699728029577823,0.3,0.9000000000000001,10.0,20.0,120.00000000000001,649.9999999999999,AA2024-T3,AA2024-T3,2376.120209062839
19.7164801358535,0.3,0.8,10.0,20.0,220.00000000000003,300.0,AA2024-T3,AA2024-T3,1142.4656294467536
19.7164801358535,0.3,0.9000000000000001,10.0,20.0,220.00000000000003,300.0,AA2024-T3,AA2024-T3,1142.4656294467536
19.74289187332782,0.3,0.8,14.999999999999998,20.0,180.00000000000003,749.9999999999999,AA2024-T3,AA2024-T3,1815.7768024128884
19.74289187332782,0.3,0.9000000000000001,14.999999999999998,20.0,180.00000000000003,649.9999999999999,AA2024-T3,AA2024-T3,1815.7768024128884
19.74289187332782,0.3,0.8,14.999999999999998,20.0,180.00000000000003,649.9999999999999,AA2024-T3,AA2024-T3,1815.7768024128884
19.74289187332782,0.3,0.8,14.999999999999998,20.0,180.00000000000003,700.0,AA2024-T3,AA2024-T3,1815.7768024128884
19.74289187332782,0.3,0.9000000000000001,14.999999999999998,20.0,180.00000000000003,700.0,AA2024-T3,AA2024-T3,1257.6068283012592
19.74289187332782,0.3,0.9000000000000001,14.999999999999998,20.0,180.00000000000003,749.9999999999999,AA2024-T3,AA2024-T3,1815.7768024128884
19.79163975250305,0.3,0.8,10.0,20.0,140.0,449.99999999999994,AA2024-T3,AA2024-T3,1969.441372319259
19.79163975250305,0.3,0.9000000000000001,10.0,20.0,140.0,499.99999999999994,AA2024-T3,AA2024-T3,1969.441372319259
19.79163975250305,0.3,0.8,10.0,20.0,140.0,499.99999999999994,AA2024-T3,AA2024-T3,1969.441372319259
19.79163975250305,0.3,0.8,20.0,20.0,280.0,499.99999999999994,AA2024-T3,AA2024-T3,1325.919497793508
19.79163975250305,0.3,0.8,20.0,20.0,280.0,449.99999999999994,AA2024-T3,AA2024-T3,1325.919497793508
19.79163975250305,0.3,0.9000000000000001,20.0,20.0,280.0,449.99999999999994,AA2024-T3,AA2024-T3,1325.919497793508
19.79163975250305,0.3,0.9000000000000001,10.0,20.0,140.0,449.99999999999994,AA2024-T3,AA2024-T3,1969.441372319259
19.79163975250305,0.3,0.9000000000000001,20.0,20.0,280.0,499.99999999999994,AA2024-T3,AA2024-T3,1325.919497793508
19.797223787928274,0.3,0.8,14.999999999999998,20.0,260.0,350.0,AA2024-T3,AA2024-T3,1194.7382591572496
19.797223787928274,0.3,0.9000000000000001,14.999999999999998,20.0,260.0,350.0,AA2024-T3,AA2024-T3,1194.7382591572496
19.832011578540435,0.3,0.8,20.0,20.0,260.0,599.9999999999999,AA2024-T3,AA2024-T3,1448.156940748421
19.832011578540435,0.3,0.9000000000000001,20.0,20.0,260.0,549.9999999999999,AA2024-T3,AA2024-T3,1448.156940748421
19.832011578540435,0.3,0.9000000000000001,20.0,20.0,260.0,599.9999999999999,AA2024-T3,AA2024-T3,1448.156940748421
19.832011578540435,0.3,0.8,20.0,20.0,260.0,549.9999999999999,AA2024-T3,AA2024-T3,1448.156940748421
19.880759457715662,0.3,0.8,14.999999999999998,20.0,220.00000000000003,399.99999999999994,AA2024-T3,AA2024-T3,1436.9329121457029
19.880759457715662,0.3,0.9000000000000001,14.999999999999998,20.0,220.00000000000003,399.99999999999994,AA2024-T3,AA2024-T3,1436.9329121457029
19.926715319178275,0.3,0.9000000000000001,14.999999999999998,20.0,240.00000000000003,350.0,AA2024-T3,AA2024-T3,1301.387694031674
19.926715319178275,0.3,0.8,14.999999999999998,20.0,240.00000000000003,350.0,AA2024-T3,AA2024-T3,1301.387694031674
19.964295127503046,0.3,0.8,14.999999999999998,20.0,200.0,449.99999999999994,AA2024-T3,AA2024-T3,1609.2271779335538
19.964295127503046,0.3,0.9000000000000001,14.999999999999998,20.0,200.0,449.99999999999994,AA2024-T3,AA2024-T3,1609.2271779335538
19.964295127503046,0.3,0.9000000000000001,14.999999999999998,20.0,200.0,499.99999999999994,AA2024-T3,AA2024-T3,1609.2271779335538
19.964295127503046,0.3,0.8,14.999999999999998,20.0,200.0,499.99999999999994,AA2024-T3,AA2024-T3,1609.2271779335538
19.969879162928272,0.3,0.8,10.0,20.0,160.00000000000003,350.0,AA2024-T3,AA2024-T3,1674.763152784184
19.969879162928272,0.3,0.9000000000000001,10.0,20.0,160.00000000000003,350.0,AA2024-T3,AA2024-T3,1674.763152784184
19.975463198353502,0.3,0.8,10.0,20.0,200.0,300.0,AA2024-T3,AA2024-T3,1282.6679030350451
19.975463198353502,0.3,0.9000000000000001,10.0,20.0,200.0,300.0,AA2024-T3,AA2024-T3,1282.6679030350451
20.004666953540436,0.3,0.8,10.0,20.0,120.00000000000001,599.9999999999999,AA2024-T3,AA2024-T3,2376.120209062839
20.004666953540436,0.3,0.8,10.0,20.0,120.00000000000001,549.9999999999999,AA2024-T3,AA2024-T3,2376.120209062839
20.004666953540436,0.3,0.9000000000000001,20.0,20.0,240.00000000000003,549.9999999999999,AA2024-T3,AA2024-T3,1571.7893359544214
20.004666953540436,0.3,0.8,20.0,20.0,240.00000000000003,549.9999999999999,AA2024-T3,AA2024-T3,1571.7893359544214
20.004666953540436,0.3,0.8,20.0,20.0,240.00000000000003,599.9999999999999,AA2024-T3,AA2024-T3,1571.7893359544214
20.004666953540436,0.3,0.9000000000000001,10.0,20.0,120.00000000000001,549.9999999999999,AA2024-T3,AA2024-T3,2376.120209062839
20.004666953540436,0.3,0.9000000000000001,10.0,20.0,120.00000000000001,599.9999999999999,AA2024-T3,AA2024-T3,2376.120209062839
20.004666953540436,0.3,0.9000000000000001,20.0,20.0,240.00000000000003,599.9999999999999,AA2024-T3,AA2024-T3,1571.7893359544214
20.045038779577823,0.3,0.8,24.999999999999996,20.0,280.0,749.9999999999999,AA2024-T3,AA2024-T3,1559.2421525235693
20.045038779577823,0.3,0.8,24.999999999999996,20.0,280.0,700.0,AA2024-T3,AA2024-T3,1559.2421525235693
20.045038779577823,0.3,0.8,24.999999999999996,20.0,280.0,649.9999999999999,AA2024-T3,AA2024-T3,1559.2421525235693
20.045038779577823,0.3,0.8,20.0,20.0,220.00000000000003,700.0,AA2024-T3,AA2024-T3,1731.4570243167368
20.045038779577823,0.3,0.9000000000000001,20.0,20.0,220.00000000000003,649.9999999999999,AA2024-T3,AA2024-T3,1731.4570243167368
20.045038779577823,0.3,0.9000000000000001,20.0,20.0,220.00000000000003,749.9999999999999,AA2024-T3,AA2024-T3,1731.4570243167368
20.045038779577823,0.3,0.8,20.0,20.0,220.00000000000003,649.9999999999999,AA2024-T3,AA2024-T3,1731.4570243167368
20.045038779577823,0.3,0.9000000000000001,24.999999999999996,20.0,280.0,649.9999999999999,AA2024-T3,AA2024-T3,1559.2421525235698
20.045038779577823,0.3,0.9000000000000001,24.999999999999996,20.0,280.0,749.9999999999999,AA2024-T3,AA2024-T3,1559.2421525235698
20.045038779577823,0.3,0.8,20.0,20.0,220.00000000000003,749.9999999999999,AA2024-T3,AA2024-T3,1731.4570243167368
20.045038779577823,0.3,0.9000000000000001,20.0,20.0,220.00000000000003,700.0,AA2024-T3,AA2024-T3,1731.4570243167368
20.045038779577823,0.3,0.9000000000000001,24.999999999999996,20.0,280.0,700.0,AA2024-T3,AA2024-T3,1559.2421525235698
20.047830797290434,0.3,0.9000000000000001,14.999999999999998,20.0,180.00000000000003,599.9999999999999,AA2024-T3,AA2024-T3,1815.7768024128884
20.047830797290434,0.3,0.8,14.999999999999998,20.0,180.00000000000003,599.9999999999999,AA2024-T3,AA2024-T3,1815.7768024128884
20.047830797290434,0.3,0.8,14.999999999999998,20.0,180.00000000000003,549.9999999999999,AA2024-T3,AA2024-T3,1815.7768024128884
20.047830797290434,0.3,0.9000000000000001,14.999999999999998,20.0,180.00000000000003,549.9999999999999,AA2024-T3,AA2024-T3,1815.7768024128884
20.09657867646566,0.3,0.8,10.0,20.0,140.0,399.99999999999994,AA2024-T3,AA2024-T3,1969.441372319259
20.09657867646566,0.3,0.9000000000000001,10.0,20.0,140.0,399.99999999999994,AA2024-T3,AA2024-T3,1969.441372319259
20.09657867646566,0.3,0.9000000000000001,20.0,20.0,280.0,399.99999999999994,AA2024-T3,AA2024-T3,1325.919497793508
20.09657867646566,0.3,0.8,20.0,20.0,280.0,399.99999999999994,AA2024-T3,AA2024-T3,1325.919497793508
20.136950502503048,0.3,0.9000000000000001,20.0,20.0,260.0,449.99999999999994,AA2024-T3,AA2024-T3,1448.156940748421
20.136950502503048,0.3,0.8,20.0,20.0,260.0,449.99999999999994,AA2024-T3,AA2024-T3,1448.156940748421
20.136950502503048,0.3,0.8,20.0,20.0,260.0,499.99999999999994,AA2024-T3,AA2024-T3,1448.156940748421
20.136950502503048,0.3,0.9000000000000001,20.0,20.0,260.0,499.99999999999994,AA2024-T3,AA2024-T3,1448.156940748421
20.1481185733535,0.3,0.9000000000000001,14.999999999999998,20.0,280.0,300.0,AA2024-T3,AA2024-T3,1092.8637277298133
20.1481185733535,0.3,0.8,14.999999999999998,20.0,280.0,300.0,AA2024-T3,AA2024-T3,1092.8637277298133
20.185698381678275,0.3,0.8,14.999999999999998,20.0,220.00000000000003,350.0,AA2024-T3,AA2024-T3,1436.9329121457029
20.185698381678275,0.3,0.9000000000000001,14.999999999999998,20.0,220.00000000000003,350.0,AA2024-T3,AA2024-T3,1436.9329121457029
20.234446260853503,0.3,0.9000000000000001,10.0,20.0,180.00000000000003,300.0,AA2024-T3,AA2024-T3,1453.280546373275
20.234446260853503,0.3,0.8,10.0,20.0,180.00000000000003,300.0,AA2024-T3,AA2024-T3,1453.280546373275
20.260857998327822,0.3,0.8,14.999999999999998,20.0,160.00000000000003,700.0,AA2024-T3,AA2024-T3,2083.65898030972
20.260857998327822,0.3,0.8,14.999999999999998,20.0,160.00000000000003,649.9999999999999,AA2024-T3,AA2024-T3,2083.65898030972
20.260857998327822,0.3,0.9000000000000001,14.999999999999998,20.0,160.00000000000003,749.9999999999999,AA2024-T3,AA2024-T3,2083.65898030972
20.260857998327822,0.3,0.9000000000000001,14.999999999999998,20.0,160.00000000000003,649.9999999999999,AA2024-T3,AA2024-T3,2083.65898030972
20.260857998327822,0.3,0.9000000000000001,14.999999999999998,20.0,160.00000000000003,700.0,AA2024-T3,AA2024-T3,1458.5826593140405
20.260857998327822,0.3,0.8,14.999999999999998,20.0,160.00000000000003,749.9999999999999,AA2024-T3,AA2024-T3,2083.65898030972
20.26923405146566,0.3,0.8,14.999999999999998,20.0,200.0,399.99999999999994,AA2024-T3,AA2024-T3,1609.2271779335538
20.26923405146566,0.3,0.9000000000000001,14.999999999999998,20.0,200.0,399.99999999999994,AA2024-T3,AA2024-T3,1609.2271779335538
20.30960587750305,0.3,0.8,20.0,20.0,240.00000000000003,449.99999999999994,AA2024-T3,AA2024-T3,1571.7893359544214
20.30960587750305,0.3,0.8,10.0,20.0,120.00000000000001,449.99999999999994,AA2024-T3,AA2024-T3,2376.120209062839
20.30960587750305,0.3,0.9000000000000001,10.0,20.0,120.00000000000001,449.99999999999994,AA2024-T3,AA2024-T3,2376.120209062839
20.30960587750305,0.3,0.9000000000000001,10.0,20.0,120.00000000000001,499.99999999999994,AA2024-T3,AA2024-T3,2376.120209062839
20.30960587750305,0.3,0.8,10.0,20.0,120.00000000000001,499.99999999999994,AA2024-T3,AA2024-T3,2376.120209062839
20.30960587750305,0.3,0.8,20.0,20.0,240.00000000000003,499.99999999999994,AA2024-T3,AA2024-T3,1571.7893359544214
20.30960587750305,0.3,0.9000000000000001,20.0,20.0,240.00000000000003,449.99999999999994,AA2024-T3,AA2024-T3,1571.7893359544214
20.30960587750305,0.3,0.9000000000000001,20.0,20.0,240.00000000000003,499.99999999999994,AA2024-T3,AA2024-T3,1571.7893359544214
20.349977703540436,0.3,0.8,20.0,20.0,220.00000000000003,549.9999999999999,AA2024-T3,AA2024-T3,1731.4570243167368
20.349977703540436,0.3,0.8,24.999999999999996,20.0,280.0,549.9999999999999,AA2024-T3,AA2024-T3,1559.2421525235693
20.349977703540436,0.3,0.9000000000000001,24.999999999999996,20.0,280.0,599.9999999999999,AA2024-T3,AA2024-T3,1559.2421525235698
20.349977703540436,0.3,0.9000000000000001,24.999999999999996,20.0,280.0,549.9999999999999,AA2024-T3,AA2024-T3,1559.2421525235698
20.349977703540436,0.3,0.8,20.0,20.0,220.00000000000003,599.9999999999999,AA2024-T3,AA2024-T3,1731.4570243167368
20.349977703540436,0.3,0.9000000000000001,20.0,20.0,220.00000000000003,599.9999999999999,AA2024-T3,AA2024-T3,1731.4570243167368
20.349977703540436,0.3,0.9000000000000001,20.0,20.0,220.00000000000003,549.9999999999999,AA2024-T3,AA2024-T3,1731.4570243167368
20.349977703540436,0.3,0.8,24.999999999999996,20.0,280.0,599.9999999999999,AA2024-T3,AA2024-T3,1559.2421525235693
20.352769721253047,0.3,0.9000000000000001,14.999999999999998,20.0,180.00000000000003,449.99999999999994,AA2024-T3,AA2024-T3,1815.7768024128884
20.352769721253047,0.3,0.9000000000000001,14.999999999999998,20.0,180.00000000000003,499.99999999999994,AA2024-T3,AA2024-T3,1815.7768024128884
20.352769721253047,0.3,0.8,14.999999999999998,20.0,180.00000000000003,499.99999999999994,AA2024-T3,AA2024-T3,1815.7768024128884
20.352769721253047,0.3,0.8,14.999999999999998,20.0,180.00000000000003,449.99999999999994,AA2024-T3,AA2024-T3,1815.7768024128884
20.401517600428274,0.3,0.9000000000000001,10.0,20.0,140.0,350.0,AA2024-T3,AA2024-T3,1969.441372319259
20.401517600428274,0.3,0.9000000000000001,20.0,20.0,280.0,350.0,AA2024-T3,AA2024-T3,1325.919497793508
20.401517600428274,0.3,0.8,20.0,20.0,280.0,350.0,AA2024-T3,AA2024-T3,1325.919497793508
20.401517600428274,0.3,0.8,10.0,20.0,140.0,350.0,AA2024-T3,AA2024-T3,1969.441372319259
20.4071016358535,0.3,0.8,14.999999999999998,20.0,260.0,300.0,AA2024-T3,AA2024-T3,1194.7382591572496
20.4071016358535,0.3,0.9000000000000001,14.999999999999998,20.0,260.0,300.0,AA2024-T3,AA2024-T3,1194.7382591572496
20.44188942646566,0.3,0.8,20.0,20.0,260.0,399.99999999999994,AA2024-T3,AA2024-T3,1448.156940748421
20.44188942646566,0.3,0.9000000000000001,20.0,20.0,260.0,399.99999999999994,AA2024-T3,AA2024-T3,1448.156940748421
20.47667721707782,0.3,0.8,10.0,20.0,100.0,649.9999999999999,AA2024-T3,AA2024-T3,2998.809387211265
20.47667721707782,0.3,0.8,24.999999999999996,20.0,260.0,649.9999999999999,AA2024-T3,AA2024-T3,1702.1719924977124
20.47667721707782,0.3,0.8,10.0,20.0,100.0,700.0,AA2024-T3,AA2024-T3,2998.809387211265
20.47667721707782,0.3,0.8,24.999999999999996,20.0,260.0,700.0,AA2024-T3,AA2024-T3,1702.1719924977124
20.47667721707782,0.3,0.9000000000000001,24.999999999999996,20.0,260.0,700.0,AA2024-T3,AA2024-T3,1702.1719924977124
20.47667721707782,0.3,0.8,24.999999999999996,20.0,260.0,749.9999999999999,AA2024-T3,AA2024-T3,1702.1719924977124
20.47667721707782,0.3,0.9000000000000001,24.999999999999996,20.0,260.0,749.9999999999999,AA2024-T3,AA2024-T3,1702.1719924977124
20.47667721707782,0.3,0.9000000000000001,10.0,20.0,100.0,649.9999999999999,AA2024-T3,AA2024-T3,2998.809387211265
20.47667721707782,0.3,0.9000000000000001,24.999999999999996,20.0,260.0,649.9999999999999,AA2024-T3,AA2024-T3,1702.1719924977124
20.47667721707782,0.3,0.9000000000000001,10.0,20.0,100.0,700.0,AA2024-T3,AA2024-T3,2998.809387211265
20.47667721707782,0.3,0.9000000000000001,10.0,20.0,100.0,749.9999999999999,AA2024-T3,AA2024-T3,2998.809387211265
20.47667721707782,0.3,0.8,10.0,20.0,100.0,749.9999999999999,AA2024-T3,AA2024-T3,2998.809387211265
20.5365931671035,0.3,0.9000000000000001,14.999999999999998,20.0,240.00000000000003,300.0,AA2024-T3,AA2024-T3,1301.387694031674
20.5365931671035,0.3,0.8,14.999999999999998,20.0,240.00000000000003,300.0,AA2024-T3,AA2024-T3,1301.387694031674
20.56300490457782,0.3,0.8,20.0,20.0,200.0,749.9999999999999,AA2024-T3,AA2024-T3,1936.2603857319905
20.56300490457782,0.3,0.9000000000000001,20.0,20.0,200.0,649.9999999999999,AA2024-T3,AA2024-T3,1936.2603857319905
20.56300490457782,0.3,0.8,20.0,20.0,200.0,649.9999999999999,AA2024-T3,AA2024-T3,1936.2603857319905
20.56300490457782,0.3,0.8,20.0,20.0,200.0,700.0,AA2024-T3,AA2024-T3,1936.2603857319905
20.56300490457782,0.3,0.9000000000000001,20.0,20.0,200.0,700.0,AA2024-T3,AA2024-T3,1936.2603857319905
20.56300490457782,0.3,0.9000000000000001,20.0,20.0,200.0,749.9999999999999,AA2024-T3,AA2024-T3,1936.2603857319905
20.565796922290435,0.3,0.9000000000000001,14.999999999999998,20.0,160.00000000000003,599.9999999999999,AA2024-T3,AA2024-T3,2083.65898030972
20.565796922290435,0.3,0.9000000000000001,14.999999999999998,20.0,160.00000000000003,549.9999999999999,AA2024-T3,AA2024-T3,2083.65898030972
20.565796922290435,0.3,0.8,14.999999999999998,20.0,160.00000000000003,549.9999999999999,AA2024-T3,AA2024-T3,2083.65898030972
20.565796922290435,0.3,0.8,14.999999999999998,20.0,160.00000000000003,599.9999999999999,AA2024-T3,AA2024-T3,2083.65898030972
20.574172975428272,0.3,0.8,14.999999999999998,20.0,200.0,350.0,AA2024-T3,AA2024-T3,1609.2271779335538
20.574172975428272,0.3,0.9000000000000001,14.999999999999998,20.0,200.0,350.0,AA2024-T3,AA2024-T3,1609.2271779335538
20.5797570108535,0.3,0.8,10.0,20.0,160.00000000000003,300.0,AA2024-T3,AA2024-T3,1674.763152784184
20.5797570108535,0.3,0.9000000000000001,10.0,20.0,160.00000000000003,300.0,AA2024-T3,AA2024-T3,1674.763152784184
20.614544801465662,0.3,0.8,20.0,20.0,240.00000000000003,399.99999999999994,AA2024-T3,AA2024-T3,1571.7893359544214
20.614544801465662,0.3,0.8,10.0,20.0,120.00000000000001,399.99999999999994,AA2024-T3,AA2024-T3,2376.120209062839
20.614544801465662,0.3,0.9000000000000001,10.0,20.0,120.00000000000001,399.99999999999994,AA2024-T3,AA2024-T3,2376.120209062839
20.614544801465662,0.3,0.9000000000000001,20.0,20.0,240.00000000000003,399.99999999999994,AA2024-T3,AA2024-T3,1571.7893359544214
20.65491662750305,0.3,0.9000000000000001,24.999999999999996,20.0,280.0,499.99999999999994,AA2024-T3,AA2024-T3,1559.2421525235698
20.65491662750305,0.3,0.9000000000000001,24.999999999999996,20.0,280.0,449.99999999999994,AA2024-T3,AA2024-T3,1559.2421525235698
20.65491662750305,0.3,0.8,20.0,20.0,220.00000000000003,499.99999999999994,AA2024-T3,AA2024-T3,1731.4570243167368
20.65491662750305,0.3,0.9000000000000001,20.0,20.0,220.00000000000003,499.99999999999994,AA2024-T3,AA2024-T3,1731.4570243167368
20.65491662750305,0.3,0.9000000000000001,20.0,20.0,220.00000000000003,449.99999999999994,AA2024-T3,AA2024-T3,1731.4570243167368
20.65491662750305,0.3,0.8,20.0,20.0,220.00000000000003,449.99999999999994,AA2024-T3,AA2024-T3,1731.4570243167368
20.65491662750305,0.3,0.8,24.999999999999996,20.0,280.0,449.99999999999994,AA2024-T3,AA2024-T3,1559.2421525235693
20.65491662750305,0.3,0.8,24.999999999999996,20.0,280.0,499.99999999999994,AA2024-T3,AA2024-T3,1559.2421525235693
20.65770864521566,0.3,0.8,14.999999999999998,20.0,180.00000000000003,399.99999999999994,AA2024-T3,AA2024-T3,1815.7768024128884
20.65770864521566,0.3,0.9000000000000001,14.999999999999998,20.0,180.00000000000003,399.99999999999994,AA2024-T3,AA2024-T3,1815.7768024128884
20.69249643582782,0.3,0.9000000000000001,24.999999999999996,20.0,240.00000000000003,649.9999999999999,AA2024-T3,AA2024-T3,1842.2897297270051
20.69249643582782,0.3,0.8,24.999999999999996,20.0,240.00000000000003,700.0,AA2024-T3,AA2024-T3,1842.2897297270047
20.69249643582782,0.3,0.9000000000000001,24.999999999999996,20.0,240.00000000000003,700.0,AA2024-T3,AA2024-T3,1842.2897297270051
20.69249643582782,0.3,0.9000000000000001,24.999999999999996,20.0,240.00000000000003,749.9999999999999,AA2024-T3,AA2024-T3,1842.2897297270051
20.69249643582782,0.3,0.8,24.999999999999996,20.0,240.00000000000003,749.9999999999999,AA2024-T3,AA2024-T3,1842.2897297270047
20.69249643582782,0.3,0.8,24.999999999999996,20.0,240.00000000000003,649.9999999999999,AA2024-T3,AA2024-T3,1842.2897297270047
20.746828350428274,0.3,0.9000000000000001,20.0,20.0,260.0,350.0,AA2024-T3,AA2024-T3,1448.156940748421
20.746828350428274,0.3,0.8,20.0,20.0,260.0,350.0,AA2024-T3,AA2024-T3,1448.156940748421
20.781616141040434,0.3,0.9000000000000001,24.999999999999996,20.0,260.0,599.9999999999999,AA2024-T3,AA2024-T3,1702.1719924977124
20.781616141040434,0.3,0.9000000000000001,24.999999999999996,20.0,260.0,549.9999999999999,AA2024-T3,AA2024-T3,1702.1719924977124
20.781616141040434,0.3,0.8,10.0,20.0,100.0,599.9999999999999,AA2024-T3,AA2024-T3,2998.809387211265
20.781616141040434,0.3,0.8,24.999999999999996,20.0,260.0,549.9999999999999,AA2024-T3,AA2024-T3,1702.1719924977124
20.781616141040434,0.3,0.8,24.999999999999996,20.0,260.0,599.9999999999999,AA2024-T3,AA2024-T3,1702.1719924977124
20.781616141040434,0.3,0.9000000000000001,10.0,20.0,100.0,599.9999999999999,AA2024-T3,AA2024-T3,2998.809387211265
20.781616141040434,0.3,0.9000000000000001,10.0,20.0,100.0,549.9999999999999,AA2024-T3,AA2024-T3,2998.809387211265
20.781616141040434,0.3,0.8,10.0,20.0,100.0,549.9999999999999,AA2024-T3,AA2024-T3,2998.809387211265
20.7955762296035,0.3,0.8,14.999999999999998,20.0,220.00000000000003,300.0,AA2024-T3,AA2024-T3,1436.9329121457029
20.7955762296035,0.3,0.9000000000000001,14.999999999999998,20.0,220.00000000000003,300.0,AA2024-T3,AA2024-T3,1436.9329121457029
20.867943828540433,0.3,0.9000000000000001,20.0,20.0,200.0,599.9999999999999,AA2024-T3,AA2024-T3,1936.2603857319905
20.867943828540433,0.3,0.9000000000000001,20.0,20.0,200.0,549.9999999999999,AA2024-T3,AA2024-T3,1936.2603857319905
20.867943828540433,0.3,0.8,20.0,20.0,200.0,599.9999999999999,AA2024-T3,AA2024-T3,1936.2603857319905
20.867943828540433,0.3,0.8,20.0,20.0,200.0,549.9999999999999,AA2024-T3,AA2024-T3,1936.2603857319905
20.870735846253048,0.3,0.9000000000000001,14.999999999999998,20.0,160.00000000000003,499.99999999999994,AA2024-T3,AA2024-T3,2083.65898030972
20.870735846253048,0.3,0.9000000000000001,14.999999999999998,20.0,160.00000000000003,449.99999999999994,AA2024-T3,AA2024-T3,2083.65898030972
20.870735846253048,0.3,0.8,14.999999999999998,20.0,160.00000000000003,449.99999999999994,AA2024-T3,AA2024-T3,2083.65898030972
20.870735846253048,0.3,0.8,14.999999999999998,20.0,160.00000000000003,499.99999999999994,AA2024-T3,AA2024-T3,2083.65898030972
20.90831565457782,0.3,0.8,29.999999999999996,20.0,280.0,649.9999999999999,AA2024-T3,AA2024-T3,1792.796575516529
20.90831565457782,0.3,0.8,29.999999999999996,20.0,280.0,700.0,AA2024-T3,AA2024-T3,1792.796575516529
20.90831565457782,0.3,0.9000000000000001,29.999999999999996,20.0,280.0,700.0,AA2024-T3,AA2024-T3,1792.796575516529
20.90831565457782,0.3,0.9000000000000001,14.999999999999998,20.0,140.0,649.9999999999999,AA2024-T3,AA2024-T3,2437.274640210888
20.90831565457782,0.3,0.8,29.999999999999996,20.0,280.0,749.9999999999999,AA2024-T3,AA2024-T3,1792.796575516529
20.90831565457782,0.3,0.8,14.999999999999998,20.0,140.0,700.0,AA2024-T3,AA2024-T3,2437.274640210888
20.90831565457782,0.3,0.8,14.999999999999998,20.0,140.0,749.9999999999999,AA2024-T3,AA2024-T3,2437.274640210888
20.90831565457782,0.3,0.8,14.999999999999998,20.0,140.0,649.9999999999999,AA2024-T3,AA2024-T3,2437.274640210888
20.90831565457782,0.3,0.9000000000000001,29.999999999999996,20.0,280.0,749.9999999999999,AA2024-T3,AA2024-T3,1792.796575516529
20.90831565457782,0.3,0.9000000000000001,14.999999999999998,20.0,140.0,749.9999999999999,AA2024-T3,AA2024-T3,2437.274640210888
20.90831565457782,0.3,0.9000000000000001,29.999999999999996,20.0,280.0,649.9999999999999,AA2024-T3,AA2024-T3,1792.796575516529
20.90831565457782,0.3,0.9000000000000001,14.999999999999998,20.0,140.0,700.0,AA2024-T3,AA2024-T3,1729.311539617214
20.919483725428275,0.3,0.9000000000000001,20.0,20.0,240.00000000000003,350.0,AA2024-T3,AA2024-T3,1571.7893359544214
20.919483725428275,0.3,0.9000000000000001,10.0,20.0,120.00000000000001,350.0,AA2024-T3,AA2024-T3,2376.120209062839
20.919483725428275,0.3,0.8,20.0,20.0,240.00000000000003,350.0,AA2024-T3,AA2024-T3,1571.7893359544214
20.919483725428275,0.3,0.8,10.0,20.0,120.00000000000001,350.0,AA2024-T3,AA2024-T3,2376.120209062839
20.95985555146566,0.3,0.8,20.0,20.0,220.00000000000003,399.99999999999994,AA2024-T3,AA2024-T3,1731.4570243167368
20.95985555146566,0.3,0.8,24.999999999999996,20.0,280.0,399.99999999999994,AA2024-T3,AA2024-T3,1559.2421525235693
20.95985555146566,0.3,0.9000000000000001,20.0,20.0,220.00000000000003,399.99999999999994,AA2024-T3,AA2024-T3,1731.4570243167368
20.95985555146566,0.3,0.9000000000000001,24.999999999999996,20.0,280.0,399.99999999999994,AA2024-T3,AA2024-T3,1559.2421525235698
20.962647569178273,0.3,0.8,14.999999999999998,20.0,180.00000000000003,350.0,AA2024-T3,AA2024-T3,1815.7768024128884
20.962647569178273,0.3,0.9000000000000001,14.999999999999998,20.0,180.00000000000003,350.0,AA2024-T3,AA2024-T3,1815.7768024128884
20.997435359790433,0.3,0.9000000000000001,24.999999999999996,20.0,240.00000000000003,599.9999999999999,AA2024-T3,AA2024-T3,1842.2897297270051
20.997435359790433,0.3,0.9000000000000001,24.999999999999996,20.0,240.00000000000003,549.9999999999999,AA2024-T3,AA2024-T3,1842.2897297270051
20.997435359790433,0.3,0.8,24.999999999999996,20.0,240.00000000000003,549.9999999999999,AA2024-T3,AA2024-T3,1842.2897297270047
20.997435359790433,0.3,0.8,24.999999999999996,20.0,240.00000000000003,599.9999999999999,AA2024-T3,AA2024-T3,1842.2897297270047
21.0113954483535,0.3,0.9000000000000001,20.0,20.0,280.0,300.0,AA2024-T3,AA2024-T3,1325.919497793508
21.0113954483535,0.3,0.8,10.0,20.0,140.0,300.0,AA2024-T3,AA2024-T3,1969.441372319259
21.0113954483535,0.3,0.9000000000000001,10.0,20.0,140.0,300.0,AA2024-T3,AA2024-T3,1969.441372319259
21.0113954483535,0.3,0.8,20.0,20.0,280.0,300.0,AA2024-T3,AA2024-T3,1325.919497793508
21.08097102957782,0.3,0.8,20.0,20.0,180.00000000000003,700.0,AA2024-T3,AA2024-T3,2178.7121400737706
21.08097102957782,0.3,0.8,20.0,20.0,180.00000000000003,649.9999999999999,AA2024-T3,AA2024-T3,2178.7121400737706
21.08097102957782,0.3,0.9000000000000001,20.0,20.0,180.00000000000003,749.9999999999999,AA2024-T3,AA2024-T3,2178.7121400737706
21.08097102957782,0.3,0.9000000000000001,20.0,20.0,180.00000000000003,649.9999999999999,AA2024-T3,AA2024-T3,2178.7121400737706
21.08097102957782,0.3,0.9000000000000001,20.0,20.0,180.00000000000003,700.0,AA2024-T3,AA2024-T3,2178.7121400737706
21.08097102957782,0.3,0.8,20.0,20.0,180.00000000000003,749.9999999999999,AA2024-T3,AA2024-T3,2178.7121400737706
21.086555065003047,0.3,0.8,10.0,20.0,100.0,499.99999999999994,AA2024-T3,AA2024-T3,2998.809387211265
21.086555065003047,0.3,0.9000000000000001,10.0,20.0,100.0,499.99999999999994,AA2024-T3,AA2024-T3,2998.809387211265
21.086555065003047,0.3,0.9000000000000001,10.0,20.0,100.0,449.99999999999994,AA2024-T3,AA2024-T3,2998.809387211265
21.086555065003047,0.3,0.9000000000000001,24.999999999999996,20.0,260.0,499.99999999999994,AA2024-T3,AA2024-T3,1702.1719924977124
21.086555065003047,0.3,0.9000000000000001,24.999999999999996,20.0,260.0,449.99999999999994,AA2024-T3,AA2024-T3,1702.1719924977124
21.086555065003047,0.3,0.8,24.999999999999996,20.0,260.0,499.99999999999994,AA2024-T3,AA2024-T3,1702.1719924977124
21.086555065003047,0.3,0.8,10.0,20.0,100.0,449.99999999999994,AA2024-T3,AA2024-T3,2998.809387211265
21.086555065003047,0.3,0.8,24.999999999999996,20.0,260.0,449.99999999999994,AA2024-T3,AA2024-T3,1702.1719924977124
21.12413487332782,0.3,0.9000000000000001,24.999999999999996,20.0,220.00000000000003,700.0,AA2024-T3,AA2024-T3,2026.0285984644554
21.12413487332782,0.3,0.9000000000000001,24.999999999999996,20.0,220.00000000000003,649.9999999999999,AA2024-T3,AA2024-T3,2026.0285984644554
21.12413487332782,0.3,0.9000000000000001,24.999999999999996,20.0,220.00000000000003,749.9999999999999,AA2024-T3,AA2024-T3,2026.0285984644554
21.12413487332782,0.3,0.8,24.999999999999996,20.0,220.00000000000003,700.0,AA2024-T3,AA2024-T3,2026.0285984644547
21.12413487332782,0.3,0.8,24.999999999999996,20.0,220.00000000000003,749.9999999999999,AA2024-T3,AA2024-T3,2026.0285984644547
21.12413487332782,0.3,0.8,24.999999999999996,20.0,220.00000000000003,649.9999999999999,AA2024-T3,AA2024-T3,2026.0285984644547
21.172882752503046,0.3,0.9000000000000001,20.0,20.0,200.0,449.99999999999994,AA2024-T3,AA2024-T3,1936.2603857319905
21.172882752503046,0.3,0.9000000000000001,20.0,20.0,200.0,499.99999999999994,AA2024-T3,AA2024-T3,1936.2603857319905
21.172882752503046,0.3,0.8,20.0,20.0,200.0,449.99999999999994,AA2024-T3,AA2024-T3,1936.2603857319905
21.172882752503046,0.3,0.8,20.0,20.0,200.0,499.99999999999994,AA2024-T3,AA2024-T3,1936.2603857319905
21.17567477021566,0.3,0.9000000000000001,14.999999999999998,20.0,160.00000000000003,399.99999999999994,AA2024-T3,AA2024-T3,2083.65898030972
21.17567477021566,0.3,0.8,14.999999999999998,20.0,160.00000000000003,399.99999999999994,AA2024-T3,AA2024-T3,2083.65898030972
21.1840508233535,0.3,0.9000000000000001,14.999999999999998,20.0,200.0,300.0,AA2024-T3,AA2024-T3,1609.2271779335538
21.1840508233535,0.3,0.8,14.999999999999998,20.0,200.0,300.0,AA2024-T3,AA2024-T3,1609.2271779335538
21.213254578540436,0.3,0.9000000000000001,14.999999999999998,20.0,140.0,599.9999999999999,AA2024-T3,AA2024-T3,2437.274640210888
21.213254578540436,0.3,0.9000000000000001,29.999999999999996,20.0,280.0,599.9999999999999,AA2024-T3,AA2024-T3,1792.796575516529
21.213254578540436,0.3,0.8,14.999999999999998,20.0,140.0,549.9999999999999,AA2024-T3,AA2024-T3,2437.274640210888
21.213254578540436,0.3,0.8,14.999999999999998,20.0,140.0,599.9999999999999,AA2024-T3,AA2024-T3,2437.274640210888
21.213254578540436,0.3,0.8,29.999999999999996,20.0,280.0,549.9999999999999,AA2024-T3,AA2024-T3,1792.796575516529
21.213254578540436,0.3,0.8,29.999999999999996,20.0,280.0,599.9999999999999,AA2024-T3,AA2024-T3,1792.796575516529
21.213254578540436,0.3,0.9000000000000001,14.999999999999998,20.0,140.0,549.9999999999999,AA2024-T3,AA2024-T3,2437.274640210888
21.213254578540436,0.3,0.9000000000000001,29.999999999999996,20.0,280.0,549.9999999999999,AA2024-T3,AA2024-T3,1792.796575516529
21.264794475428275,0.3,0.8,20.0,20.0,220.00000000000003,350.0,AA2024-T3,AA2024-T3,1731.4570243167368
21.264794475428275,0.3,0.9000000000000001,20.0,20.0,220.00000000000003,350.0,AA2024-T3,AA2024-T3,1731.4570243167368
21.264794475428275,0.3,0.9000000000000001,24.999999999999996,20.0,280.0,350.0,AA2024-T3,AA2024-T3,1559.2421525235698
21.264794475428275,0.3,0.8,24.999999999999996,20.0,280.0,350.0,AA2024-T3,AA2024-T3,1559.2421525235693
21.302374283753046,0.3,0.9000000000000001,24.999999999999996,20.0,240.00000000000003,499.99999999999994,AA2024-T3,AA2024-T3,1842.2897297270051
21.302374283753046,0.3,0.8,24.999999999999996,20.0,240.00000000000003,449.99999999999994,AA2024-T3,AA2024-T3,1842.2897297270047
21.302374283753046,0.3,0.8,24.999999999999996,20.0,240.00000000000003,499.99999999999994,AA2024-T3,AA2024-T3,1842.2897297270047
21.302374283753046,0.3,0.9000000000000001,24.999999999999996,20.0,240.00000000000003,449.99999999999994,AA2024-T3,AA2024-T3,1842.2897297270051
21.3567061983535,0.3,0.9000000000000001,20.0,20.0,260.0,300.0,AA2024-T3,AA2024-T3,1448.156940748421
21.3567061983535,0.3,0.8,20.0,20.0,260.0,300.0,AA2024-T3,AA2024-T3,1448.156940748421
21.385909953540434,0.3,0.9000000000000001,20.0,20.0,180.00000000000003,549.9999999999999,AA2024-T3,AA2024-T3,2178.7121400737706
21.385909953540434,0.3,0.8,20.0,20.0,180.00000000000003,549.9999999999999,AA2024-T3,AA2024-T3,2178.7121400737706
21.385909953540434,0.3,0.9000000000000001,20.0,20.0,180.00000000000003,599.9999999999999,AA2024-T3,AA2024-T3,2178.7121400737706
21.385909953540434,0.3,0.8,20.0,20.0,180.00000000000003,599.9999999999999,AA2024-T3,AA2024-T3,2178.7121400737706
21.39149398896566,0.3,0.9000000000000001,10.0,20.0,100.0,399.99999999999994,AA2024-T3,AA2024-T3,2998.809387211265
21.39149398896566,0.3,0.9000000000000001,24.999999999999996,20.0,260.0,399.99999999999994,AA2024-T3,AA2024-T3,1702.1719924977124
21.39149398896566,0.3,0.8,10.0,20.0,100.0,399.99999999999994,AA2024-T3,AA2024-T3,2998.809387211265
21.39149398896566,0.3,0.8,24.999999999999996,20.0,260.0,399.99999999999994,AA2024-T3,AA2024-T3,1702.1719924977124
21.42628177957782,0.3,0.8,29.999999999999996,20.0,260.0,649.9999999999999,AA2024-T3,AA2024-T3,1956.7005852164957
21.42628177957782,0.3,0.9000000000000001,29.999999999999996,20.0,260.0,649.9999999999999,AA2024-T3,AA2024-T3,1956.7005852164957
21.42628177957782,0.3,0.8,29.999999999999996,20.0,260.0,700.0,AA2024-T3,AA2024-T3,1956.7005852164957
21.42628177957782,0.3,0.9000000000000001,29.999999999999996,20.0,260.0,749.9999999999999,AA2024-T3,AA2024-T3,1956.7005852164957
21.42628177957782,0.3,0.9000000000000001,29.999999999999996,20.0,260.0,700.0,AA2024-T3,AA2024-T3,1956.7005852164957
21.42628177957782,0.3,0.8,29.999999999999996,20.0,260.0,749.9999999999999,AA2024-T3,AA2024-T3,1956.7005852164957
21.429073797290435,0.3,0.9000000000000001,24.999999999999996,20.0,220.00000000000003,599.9999999999999,AA2024-T3,AA2024-T3,2026.0285984644554
21.429073797290435,0.3,0.8,24.999999999999996,20.0,220.00000000000003,549.9999999999999,AA2024-T3,AA2024-T3,2026.0285984644547
21.429073797290435,0.3,0.8,24.999999999999996,20.0,220.00000000000003,599.9999999999999,AA2024-T3,AA2024-T3,2026.0285984644547
21.429073797290435,0.3,0.9000000000000001,24.999999999999996,20.0,220.00000000000003,549.9999999999999,AA2024-T3,AA2024-T3,2026.0285984644554
21.47782167646566,0.3,0.9000000000000001,20.0,20.0,200.0,399.99999999999994,AA2024-T3,AA2024-T3,1936.2603857319905
21.47782167646566,0.3,0.8,20.0,20.0,200.0,399.99999999999994,AA2024-T3,AA2024-T3,1936.2603857319905
21.480613694178274,0.3,0.9000000000000001,14.999999999999998,20.0,160.00000000000003,350.0,AA2024-T3,AA2024-T3,2083.65898030972
21.480613694178274,0.3,0.8,14.999999999999998,20.0,160.00000000000003,350.0,AA2024-T3,AA2024-T3,2083.65898030972
21.518193502503046,0.3,0.8,29.999999999999996,20.0,280.0,499.99999999999994,AA2024-T3,AA2024-T3,1792.796575516529
21.518193502503046,0.3,0.8,29.999999999999996,20.0,280.0,449.99999999999994,AA2024-T3,AA2024-T3,1792.796575516529
21.518193502503046,0.3,0.8,14.999999999999998,20.0,140.0,449.99999999999994,AA2024-T3,AA2024-T3,2437.274640210888
21.518193502503046,0.3,0.8,14.999999999999998,20.0,140.0,499.99999999999994,AA2024-T3,AA2024-T3,2437.274640210888
21.518193502503046,0.3,0.9000000000000001,14.999999999999998,20.0,140.0,499.99999999999994,AA2024-T3,AA2024-T3,2437.274640210888
21.518193502503046,0.3,0.9000000000000001,14.999999999999998,20.0,140.0,449.99999999999994,AA2024-T3,AA2024-T3,2437.274640210888
21.518193502503046,0.3,0.9000000000000001,29.999999999999996,20.0,280.0,499.99999999999994,AA2024-T3,AA2024-T3,1792.796575516529
21.518193502503046,0.3,0.9000000000000001,29.999999999999996,20.0,280.0,449.99999999999994,AA2024-T3,AA2024-T3,1792.796575516529
21.5293615733535,0.3,0.9000000000000001,10.0,20.0,120.00000000000001,300.0,AA2024-T3,AA2024-T3,2376.120209062839
21.5293615733535,0.3,0.8,20.0,20.0,240.00000000000003,300.0,AA2024-T3,AA2024-T3,1571.7893359544214
21.5293615733535,0.3,0.8,10.0,20.0,120.00000000000001,300.0,AA2024-T3,AA2024-T3,2376.120209062839
21.5293615733535,0.3,0.9000000000000001,20.0,20.0,240.00000000000003,300.0,AA2024-T3,AA2024-T3,1571.7893359544214
21.5725254171035,0.3,0.9000000000000001,14.999999999999998,20.0,180.00000000000003,300.0,AA2024-T3,AA2024-T3,1815.7768024128884
21.5725254171035,0.3,0.8,14.999999999999998,20.0,180.00000000000003,300.0,AA2024-T3,AA2024-T3,1815.7768024128884
21.60731320771566,0.3,0.9000000000000001,24.999999999999996,20.0,240.00000000000003,399.99999999999994,AA2024-T3,AA2024-T3,1842.2897297270051
21.60731320771566,0.3,0.8,24.999999999999996,20.0,240.00000000000003,399.99999999999994,AA2024-T3,AA2024-T3,1842.2897297270047
21.68526484207782,0.3,0.9000000000000001,14.999999999999998,20.0,120.00000000000001,649.9999999999999,AA2024-T3,AA2024-T3,2917.6039752509396
21.68526484207782,0.3,0.9000000000000001,14.999999999999998,20.0,120.00000000000001,700.0,AA2024-T3,AA2024-T3,2108.8363075282537
21.68526484207782,0.3,0.8,29.999999999999996,20.0,240.00000000000003,700.0,AA2024-T3,AA2024-T3,2112.874353018567
21.68526484207782,0.3,0.8,29.999999999999996,20.0,240.00000000000003,649.9999999999999,AA2024-T3,AA2024-T3,2112.874353018567
21.68526484207782,0.3,0.8,14.999999999999998,20.0,120.00000000000001,649.9999999999999,AA2024-T3,AA2024-T3,2917.6039752509396
21.68526484207782,0.3,0.8,29.999999999999996,20.0,240.00000000000003,749.9999999999999,AA2024-T3,AA2024-T3,2112.874353018567
21.68526484207782,0.3,0.8,14.999999999999998,20.0,120.00000000000001,700.0,AA2024-T3,AA2024-T3,2917.6039752509396
21.68526484207782,0.3,0.8,14.999999999999998,20.0,120.00000000000001,749.9999999999999,AA2024-T3,AA2024-T3,2917.6039752509396
21.68526484207782,0.3,0.9000000000000001,29.999999999999996,20.0,240.00000000000003,649.9999999999999,AA2024-T3,AA2024-T3,2112.874353018567
21.68526484207782,0.3,0.9000000000000001,29.999999999999996,20.0,240.00000000000003,700.0,AA2024-T3,AA2024-T3,2112.874353018567
21.68526484207782,0.3,0.9000000000000001,14.999999999999998,20.0,120.00000000000001,749.9999999999999,AA2024-T3,AA2024-T3,2917.6039752509396
21.68526484207782,0.3,0.9000000000000001,29.999999999999996,20.0,240.00000000000003,749.9999999999999,AA2024-T3,AA2024-T3,2112.874353018567
21.690848877503047,0.3,0.8,20.0,20.0,180.00000000000003,499.99999999999994,AA2024-T3,AA2024-T3,2178.7121400737706
21.690848877503047,0.3,0.9000000000000001,20.0,20.0,180.00000000000003,499.99999999999994,AA2024-T3,AA2024-T3,2178.7121400737706
21.690848877503047,0.3,0.9000000000000001,20.0,20.0,180.00000000000003,449.99999999999994,AA2024-T3,AA2024-T3,2178.7121400737706
21.690848877503047,0.3,0.8,20.0,20.0,180.00000000000003,449.99999999999994,AA2024-T3,AA2024-T3,2178.7121400737706
21.696432912928273,0.3,0.8,10.0,20.0,100.0,350.0,AA2024-T3,AA2024-T3,2998.809387211265
21.696432912928273,0.3,0.9000000000000001,24.999999999999996,20.0,260.0,350.0,AA2024-T3,AA2024-T3,1702.1719924977124
21.696432912928273,0.3,0.8,24.999999999999996,20.0,260.0,350.0,AA2024-T3,AA2024-T3,1702.1719924977124
21.696432912928273,0.3,0.9000000000000001,10.0,20.0,100.0,350.0,AA2024-T3,AA2024-T3,2998.809387211265
21.731220703540433,0.3,0.8,29.999999999999996,20.0,260.0,599.9999999999999,AA2024-T3,AA2024-T3,1956.7005852164957
21.731220703540433,0.3,0.8,29.999999999999996,20.0,260.0,549.9999999999999,AA2024-T3,AA2024-T3,1956.7005852164957
21.731220703540433,0.3,0.9000000000000001,29.999999999999996,20.0,260.0,549.9999999999999,AA2024-T3,AA2024-T3,1956.7005852164957
21.731220703540433,0.3,0.9000000000000001,29.999999999999996,20.0,260.0,599.9999999999999,AA2024-T3,AA2024-T3,1956.7005852164957
21.734012721253045,0.3,0.9000000000000001,24.999999999999996,20.0,220.00000000000003,449.99999999999994,AA2024-T3,AA2024-T3,2026.0285984644554
21.734012721253045,0.3,0.9000000000000001,24.999999999999996,20.0,220.00000000000003,499.99999999999994,AA2024-T3,AA2024-T3,2026.0285984644554
21.734012721253045,0.3,0.8,24.999999999999996,20.0,220.00000000000003,449.99999999999994,AA2024-T3,AA2024-T3,2026.0285984644547
21.734012721253045,0.3,0.8,24.999999999999996,20.0,220.00000000000003,499.99999999999994,AA2024-T3,AA2024-T3,2026.0285984644547
21.77159252957782,0.3,0.9000000000000001,24.999999999999996,20.0,200.0,700.0,AA2024-T3,AA2024-T3,2263.6838912127214
21.77159252957782,0.3,0.9000000000000001,20.0,20.0,160.00000000000003,649.9999999999999,AA2024-T3,AA2024-T3,2493.1493071142104
21.77159252957782,0.3,0.9000000000000001,24.999999999999996,20.0,200.0,749.9999999999999,AA2024-T3,AA2024-T3,2263.6838912127214
21.77159252957782,0.3,0.9000000000000001,24.999999999999996,20.0,200.0,649.9999999999999,AA2024-T3,AA2024-T3,2263.6838912127214
21.77159252957782,0.3,0.8,24.999999999999996,20.0,200.0,649.9999999999999,AA2024-T3,AA2024-T3,2263.6838912127214
21.77159252957782,0.3,0.8,24.999999999999996,20.0,200.0,700.0,AA2024-T3,AA2024-T3,2263.6838912127214
21.77159252957782,0.3,0.8,20.0,20.0,160.00000000000003,649.9999999999999,AA2024-T3,AA2024-T3,2493.1493071142104
21.77159252957782,0.3,0.8,24.999999999999996,20.0,200.0,749.9999999999999,AA2024-T3,AA2024-T3,2263.6838912127214
21.77159252957782,0.3,0.9000000000000001,20.0,20.0,160.00000000000003,700.0,AA2024-T3,AA2024-T3,2493.1493071142104
21.77159252957782,0.3,0.9000000000000001,20.0,20.0,160.00000000000003,749.9999999999999,AA2024-T3,AA2024-T3,2493.1493071142104
21.77159252957782,0.3,0.8,20.0,20.0,160.00000000000003,700.0,AA2024-T3,AA2024-T3,2493.1493071142104
21.77159252957782,0.3,0.8,20.0,20.0,160.00000000000003,749.9999999999999,AA2024-T3,AA2024-T3,2493.1493071142104
21.782760600428272,0.3,0.9000000000000001,20.0,20.0,200.0,350.0,AA2024-T3,AA2024-T3,1936.2603857319905
21.782760600428272,0.3,0.8,20.0,20.0,200.0,350.0,AA2024-T3,AA2024-T3,1936.2603857319905
21.823132426465662,0.3,0.8,29.999999999999996,20.0,280.0,399.99999999999994,AA2024-T3,AA2024-T3,1792.796575516529
21.823132426465662,0.3,0.9000000000000001,29.999999999999996,20.0,280.0,399.99999999999994,AA2024-T3,AA2024-T3,1792.796575516529
21.823132426465662,0.3,0.9000000000000001,14.999999999999998,20.0,140.0,399.99999999999994,AA2024-T3,AA2024-T3,2437.274640210888
21.823132426465662,0.3,0.8,14.999999999999998,20.0,140.0,399.99999999999994,AA2024-T3,AA2024-T3,2437.274640210888
21.8746723233535,0.3,0.8,20.0,20.0,220.00000000000003,300.0,AA2024-T3,AA2024-T3,1731.4570243167368
21.8746723233535,0.3,0.9000000000000001,20.0,20.0,220.00000000000003,300.0,AA2024-T3,AA2024-T3,1731.4570243167368
21.8746723233535,0.3,0.9000000000000001,24.999999999999996,20.0,280.0,300.0,AA2024-T3,AA2024-T3,1559.2421525235698
21.8746723233535,0.3,0.8,24.999999999999996,20.0,280.0,300.0,AA2024-T3,AA2024-T3,1559.2421525235693
21.912252131678272,0.3,0.9000000000000001,24.999999999999996,20.0,240.00000000000003,350.0,AA2024-T3,AA2024-T3,1842.2897297270051
21.912252131678272,0.3,0.8,24.999999999999996,20.0,240.00000000000003,350.0,AA2024-T3,AA2024-T3,1842.2897297270047
21.990203766040434,0.3,0.9000000000000001,14.999999999999998,20.0,120.00000000000001,549.9999999999999,AA2024-T3,AA2024-T3,2917.6039752509396
21.990203766040434,0.3,0.9000000000000001,29.999999999999996,20.0,240.00000000000003,549.9999999999999,AA2024-T3,AA2024-T3,2112.874353018567
21.990203766040434,0.3,0.9000000000000001,29.999999999999996,20.0,240.00000000000003,599.9999999999999,AA2024-T3,AA2024-T3,2112.874353018567
21.990203766040434,0.3,0.9000000000000001,14.999999999999998,20.0,120.00000000000001,599.9999999999999,AA2024-T3,AA2024-T3,2917.6039752509396
21.990203766040434,0.3,0.8,29.999999999999996,20.0,240.00000000000003,549.9999999999999,AA2024-T3,AA2024-T3,2112.874353018567
21.990203766040434,0.3,0.8,14.999999999999998,20.0,120.00000000000001,599.9999999999999,AA2024-T3,AA2024-T3,2917.6039752509396
21.990203766040434,0.3,0.8,29.999999999999996,20.0,240.00000000000003,599.9999999999999,AA2024-T3,AA2024-T3,2112.874353018567
21.990203766040434,0.3,0.8,14.999999999999998,20.0,120.00000000000001,549.9999999999999,AA2024-T3,AA2024-T3,2917.6039752509396
21.99578780146566,0.3,0.8,20.0,20.0,180.00000000000003,399.99999999999994,AA2024-T3,AA2024-T3,2178.7121400737706
21.99578780146566,0.3,0.9000000000000001,20.0,20.0,180.00000000000003,399.99999999999994,AA2024-T3,AA2024-T3,2178.7121400737706
22.036159627503046,0.3,0.9000000000000001,29.999999999999996,20.0,260.0,499.99999999999994,AA2024-T3,AA2024-T3,1956.7005852164957
22.036159627503046,0.3,0.8,29.999999999999996,20.0,260.0,449.99999999999994,AA2024-T3,AA2024-T3,1956.7005852164957
22.036159627503046,0.3,0.8,29.999999999999996,20.0,260.0,499.99999999999994,AA2024-T3,AA2024-T3,1956.7005852164957
22.036159627503046,0.3,0.9000000000000001,29.999999999999996,20.0,260.0,449.99999999999994,AA2024-T3,AA2024-T3,1956.7005852164957
22.03895164521566,0.3,0.8,24.999999999999996,20.0,220.00000000000003,399.99999999999994,AA2024-T3,AA2024-T3,2026.0285984644547
22.03895164521566,0.3,0.9000000000000001,24.999999999999996,20.0,220.00000000000003,399.99999999999994,AA2024-T3,AA2024-T3,2026.0285984644554
22.076531453540433,0.3,0.8,20.0,20.0,160.00000000000003,599.9999999999999,AA2024-T3,AA2024-T3,2493.1493071142104
22.076531453540433,0.3,0.8,24.999999999999996,20.0,200.0,599.9999999999999,AA2024-T3,AA2024-T3,2263.6838912127214
22.076531453540433,0.3,0.9000000000000001,20.0,20.0,160.00000000000003,549.9999999999999,AA2024-T3,AA2024-T3,2493.1493071142104
22.076531453540433,0.3,0.9000000000000001,20.0,20.0,160.00000000000003,599.9999999999999,AA2024-T3,AA2024-T3,2493.1493071142104
22.076531453540433,0.3,0.8,24.999999999999996,20.0,200.0,549.9999999999999,AA2024-T3,AA2024-T3,2263.6838912127214
22.076531453540433,0.3,0.9000000000000001,24.999999999999996,20.0,200.0,549.9999999999999,AA2024-T3,AA2024-T3,2263.6838912127214
22.076531453540433,0.3,0.8,20.0,20.0,160.00000000000003,549.9999999999999,AA2024-T3,AA2024-T3,2493.1493071142104
22.076531453540433,0.3,0.9000000000000001,24.999999999999996,20.0,200.0,599.9999999999999,AA2024-T3,AA2024-T3,2263.6838912127214
22.0904915421035,0.3,0.8,14.999999999999998,20.0,160.00000000000003,300.0,AA2024-T3,AA2024-T3,2083.65898030972
22.0904915421035,0.3,0.9000000000000001,14.999999999999998,20.0,160.00000000000003,300.0,AA2024-T3,AA2024-T3,2083.65898030972
22.12807135042827,0.3,0.8,29.999999999999996,20.0,280.0,350.0,AA2024-T3,AA2024-T3,1792.796575516529
22.12807135042827,0.3,0.8,14.999999999999998,20.0,140.0,350.0,AA2024-T3,AA2024-T3,2437.274640210888
22.12807135042827,0.3,0.9000000000000001,14.999999999999998,20.0,140.0,350.0,AA2024-T3,AA2024-T3,2437.274640210888
22.12807135042827,0.3,0.9000000000000001,29.999999999999996,20.0,280.0,350.0,AA2024-T3,AA2024-T3,1792.796575516529
22.189861416166075,0.39999999999999997,0.8,10.0,20.0,280.0,700.0,AA2024-T3,AA2024-T3,1285.144304876403
22.189861416166075,0.39999999999999997,0.9000000000000001,10.0,20.0,280.0,700.0,AA2024-T3,AA2024-T3,1285.144304876403
22.189861416166075,0.39999999999999997,0.8,10.0,20.0,280.0,749.9999999999999,AA2024-T3,AA2024-T3,1285.144304876403
22.189861416166075,0.39999999999999997,0.8,10.0,20.0,280.0,649.9999999999999,AA2024-T3,AA2024-T3,1285.144304876403
22.189861416166075,0.39999999999999997,0.9000000000000001,10.0,20.0,280.0,649.9999999999999,AA2024-T3,AA2024-T3,1285.144304876403
22.189861416166075,0.39999999999999997,0.9000000000000001,10.0,20.0,280.0,749.9999999999999,AA2024-T3,AA2024-T3,1285.144304876403
22.203230967077822,0.3,0.8,29.999999999999996,20.0,220.00000000000003,649.9999999999999,AA2024-T3,AA2024-T3,2320.640218655002
22.203230967077822,0.3,0.8,29.999999999999996,20.0,220.00000000000003,700.0,AA2024-T3,AA2024-T3,2320.640218655002
22.203230967077822,0.3,0.9000000000000001,29.999999999999996,20.0,220.00000000000003,700.0,AA2024-T3,AA2024-T3,2320.640218655002
22.203230967077822,0.3,0.9000000000000001,29.999999999999996,20.0,220.00000000000003,749.9999999999999,AA2024-T3,AA2024-T3,2320.640218655002
22.203230967077822,0.3,0.9000000000000001,29.999999999999996,20.0,220.00000000000003,649.9999999999999,AA2024-T3,AA2024-T3,2320.640218655002
22.203230967077822,0.3,0.8,29.999999999999996,20.0,220.00000000000003,749.9999999999999,AA2024-T3,AA2024-T3,2320.640218655002
22.295142690003047,0.3,0.9000000000000001,29.999999999999996,20.0,240.00000000000003,499.99999999999994,AA2024-T3,AA2024-T3,2112.874353018567
22.295142690003047,0.3,0.8,29.999999999999996,20.0,240.00000000000003,499.99999999999994,AA2024-T3,AA2024-T3,2112.874353018567
22.295142690003047,0.3,0.8,29.999999999999996,20.0,240.00000000000003,449.99999999999994,AA2024-T3,AA2024-T3,2112.874353018567
22.295142690003047,0.3,0.9000000000000001,14.999999999999998,20.0,120.00000000000001,499.99999999999994,AA2024-T3,AA2024-T3,2917.6039752509396
22.295142690003047,0.3,0.8,14.999999999999998,20.0,120.00000000000001,499.99999999999994,AA2024-T3,AA2024-T3,2917.6039752509396
22.295142690003047,0.3,0.8,14.999999999999998,20.0,120.00000000000001,449.99999999999994,AA2024-T3,AA2024-T3,2917.6039752509396
22.295142690003047,0.3,0.9000000000000001,14.999999999999998,20.0,120.00000000000001,449.99999999999994,AA2024-T3,AA2024-T3,2917.6039752509396
22.295142690003047,0.3,0.9000000000000001,29.999999999999996,20.0,240.00000000000003,449.99999999999994,AA2024-T3,AA2024-T3,2112.874353018567
22.300726725428273,0.3,0.9000000000000001,20.0,20.0,180.00000000000003,350.0,AA2024-T3,AA2024-T3,2178.7121400737706
22.300726725428273,0.3,0.8,20.0,20.0,180.00000000000003,350.0,AA2024-T3,AA2024-T3,2178.7121400737706
22.3063107608535,0.3,0.8,10.0,20.0,100.0,300.0,AA2024-T3,AA2024-T3,2998.809387211265
22.3063107608535,0.3,0.8,24.999999999999996,20.0,260.0,300.0,AA2024-T3,AA2024-T3,1702.1719924977124
22.3063107608535,0.3,0.9000000000000001,10.0,20.0,100.0,300.0,AA2024-T3,AA2024-T3,2998.809387211265
22.3063107608535,0.3,0.9000000000000001,24.999999999999996,20.0,260.0,300.0,AA2024-T3,AA2024-T3,1702.1719924977124
22.34109855146566,0.3,0.8,29.999999999999996,20.0,260.0,399.99999999999994,AA2024-T3,AA2024-T3,1956.7005852164957
22.34109855146566,0.3,0.9000000000000001,29.999999999999996,20.0,260.0,399.99999999999994,AA2024-T3,AA2024-T3,1956.7005852164957
22.34389056917827,0.3,0.9000000000000001,24.999999999999996,20.0,220.00000000000003,350.0,AA2024-T3,AA2024-T3,2026.0285984644554
22.34389056917827,0.3,0.8,24.999999999999996,20.0,220.00000000000003,350.0,AA2024-T3,AA2024-T3,2026.0285984644547
22.362516791166076,0.39999999999999997,0.8,10.0,20.0,260.0,649.9999999999999,AA2024-T3,AA2024-T3,1408.533424318563
22.362516791166076,0.39999999999999997,0.8,10.0,20.0,260.0,749.9999999999999,AA2024-T3,AA2024-T3,1408.533424318563
22.362516791166076,0.39999999999999997,0.9000000000000001,10.0,20.0,260.0,649.9999999999999,AA2024-T3,AA2024-T3,1408.533424318563
22.362516791166076,0.39999999999999997,0.8,10.0,20.0,260.0,700.0,AA2024-T3,AA2024-T3,1408.533424318563
22.362516791166076,0.39999999999999997,0.9000000000000001,10.0,20.0,260.0,700.0,AA2024-T3,AA2024-T3,1408.533424318563
22.362516791166076,0.39999999999999997,0.9000000000000001,10.0,20.0,260.0,749.9999999999999,AA2024-T3,AA2024-T3,1408.533424318563
22.381470377503046,0.3,0.8,20.0,20.0,160.00000000000003,449.99999999999994,AA2024-T3,AA2024-T3,2493.1493071142104
22.381470377503046,0.3,0.8,20.0,20.0,160.00000000000003,499.99999999999994,AA2024-T3,AA2024-T3,2493.1493071142104
22.381470377503046,0.3,0.9000000000000001,20.0,20.0,160.00000000000003,499.99999999999994,AA2024-T3,AA2024-T3,2493.1493071142104
22.381470377503046,0.3,0.9000000000000001,20.0,20.0,160.00000000000003,449.99999999999994,AA2024-T3,AA2024-T3,2493.1493071142104
22.381470377503046,0.3,0.9000000000000001,24.999999999999996,20.0,200.0,449.99999999999994,AA2024-T3,AA2024-T3,2263.6838912127214
22.381470377503046,0.3,0.9000000000000001,24.999999999999996,20.0,200.0,499.99999999999994,AA2024-T3,AA2024-T3,2263.6838912127214
22.381470377503046,0.3,0.8,24.999999999999996,20.0,200.0,499.99999999999994,AA2024-T3,AA2024-T3,2263.6838912127214
22.381470377503046,0.3,0.8,24.999999999999996,20.0,200.0,449.99999999999994,AA2024-T3,AA2024-T3,2263.6838912127214
22.392638448353498,0.3,0.8,20.0,20.0,200.0,300.0,AA2024-T3,AA2024-T3,1936.2603857319905
22.392638448353498,0.3,0.9000000000000001,20.0,20.0,200.0,300.0,AA2024-T3,AA2024-T3,1936.2603857319905
22.41905018582782,0.3,0.9000000000000001,24.999999999999996,20.0,180.00000000000003,700.0,AA2024-T3,AA2024-T3,2542.0031894278322
22.41905018582782,0.3,0.9000000000000001,24.999999999999996,20.0,180.00000000000003,649.9999999999999,AA2024-T3,AA2024-T3,2542.0031894278322
22.41905018582782,0.3,0.8,24.999999999999996,20.0,180.00000000000003,649.9999999999999,AA2024-T3,AA2024-T3,2542.0031894278313
22.41905018582782,0.3,0.8,24.999999999999996,20.0,180.00000000000003,700.0,AA2024-T3,AA2024-T3,2542.0031894278313
22.41905018582782,0.3,0.9000000000000001,24.999999999999996,20.0,180.00000000000003,749.9999999999999,AA2024-T3,AA2024-T3,2542.0031894278322
22.41905018582782,0.3,0.8,24.999999999999996,20.0,180.00000000000003,749.9999999999999,AA2024-T3,AA2024-T3,2542.0031894278313
22.448844478666075,0.39999999999999997,0.8,10.0,20.0,240.00000000000003,749.9999999999999,AA2024-T3,AA2024-T3,1547.025656182322
22.448844478666075,0.39999999999999997,0.8,10.0,20.0,240.00000000000003,649.9999999999999,AA2024-T3,AA2024-T3,1547.025656182322
22.448844478666075,0.39999999999999997,0.8,10.0,20.0,240.00000000000003,700.0,AA2024-T3,AA2024-T3,1547.025656182322
22.448844478666075,0.39999999999999997,0.9000000000000001,10.0,20.0,240.00000000000003,700.0,AA2024-T3,AA2024-T3,1547.025656182322
22.448844478666075,0.39999999999999997,0.9000000000000001,10.0,20.0,240.00000000000003,749.9999999999999,AA2024-T3,AA2024-T3,1547.025656182322
22.448844478666075,0.39999999999999997,0.9000000000000001,10.0,20.0,240.00000000000003,649.9999999999999,AA2024-T3,AA2024-T3,1547.025656182322
22.49480034012869,0.39999999999999997,0.8,10.0,20.0,280.0,549.9999999999999,AA2024-T3,AA2024-T3,1285.144304876403
22.49480034012869,0.39999999999999997,0.9000000000000001,10.0,20.0,280.0,599.9999999999999,AA2024-T3,AA2024-T3,1285.144304876403
22.49480034012869,0.39999999999999997,0.8,10.0,20.0,280.0,599.9999999999999,AA2024-T3,AA2024-T3,1285.144304876403
22.49480034012869,0.39999999999999997,0.9000000000000001,10.0,20.0,280.0,549.9999999999999,AA2024-T3,AA2024-T3,1285.144304876403
22.50816989104043,0.3,0.8,29.999999999999996,20.0,220.00000000000003,549.9999999999999,AA2024-T3,AA2024-T3,2320.640218655002
22.50816989104043,0.3,0.8,29.999999999999996,20.0,220.00000000000003,599.9999999999999,AA2024-T3,AA2024-T3,2320.640218655002
22.50816989104043,0.3,0.9000000000000001,29.999999999999996,20.0,220.00000000000003,549.9999999999999,AA2024-T3,AA2024-T3,2320.640218655002
22.50816989104043,0.3,0.9000000000000001,29.999999999999996,20.0,220.00000000000003,599.9999999999999,AA2024-T3,AA2024-T3,2320.640218655002
22.5221299796035,0.3,0.9000000000000001,24.999999999999996,20.0,240.00000000000003,300.0,AA2024-T3,AA2024-T3,1842.2897297270051
22.5221299796035,0.3,0.8,24.999999999999996,20.0,240.00000000000003,300.0,AA2024-T3,AA2024-T3,1842.2897297270047
22.60008161396566,0.3,0.9000000000000001,14.999999999999998,20.0,120.00000000000001,399.99999999999994,AA2024-T3,AA2024-T3,2917.6039752509396
22.60008161396566,0.3,0.9000000000000001,29.999999999999996,20.0,240.00000000000003,399.99999999999994,AA2024-T3,AA2024-T3,2112.874353018567
22.60008161396566,0.3,0.8,14.999999999999998,20.0,120.00000000000001,399.99999999999994,AA2024-T3,AA2024-T3,2917.6039752509396
22.60008161396566,0.3,0.8,29.999999999999996,20.0,240.00000000000003,399.99999999999994,AA2024-T3,AA2024-T3,2112.874353018567
22.621499853666077,0.39999999999999997,0.8,10.0,20.0,220.00000000000003,649.9999999999999,AA2024-T3,AA2024-T3,1720.1169576842133
22.621499853666077,0.39999999999999997,0.8,10.0,20.0,220.00000000000003,749.9999999999999,AA2024-T3,AA2024-T3,1720.1169576842133
22.621499853666077,0.39999999999999997,0.9000000000000001,10.0,20.0,220.00000000000003,700.0,AA2024-T3,AA2024-T3,1720.1169576842133
22.621499853666077,0.39999999999999997,0.9000000000000001,10.0,20.0,220.00000000000003,649.9999999999999,AA2024-T3,AA2024-T3,1720.1169576842133
22.621499853666077,0.39999999999999997,0.9000000000000001,10.0,20.0,220.00000000000003,749.9999999999999,AA2024-T3,AA2024-T3,1720.1169576842133
22.621499853666077,0.39999999999999997,0.8,10.0,20.0,220.00000000000003,700.0,AA2024-T3,AA2024-T3,1720.1169576842133
22.63486940457782,0.3,0.8,20.0,20.0,140.0,749.9999999999999,AA2024-T3,AA2024-T3,2905.768610999705
22.63486940457782,0.3,0.9000000000000001,20.0,20.0,140.0,749.9999999999999,AA2024-T3,AA2024-T3,2905.768610999705
22.63486940457782,0.3,0.9000000000000001,20.0,20.0,140.0,649.9999999999999,AA2024-T3,AA2024-T3,2905.768610999705
22.63486940457782,0.3,0.8,20.0,20.0,140.0,649.9999999999999,AA2024-T3,AA2024-T3,2905.768610999705
22.63486940457782,0.3,0.8,20.0,20.0,140.0,700.0,AA2024-T3,AA2024-T3,2905.768610999705
22.63486940457782,0.3,0.9000000000000001,20.0,20.0,140.0,700.0,AA2024-T3,AA2024-T3,2905.768610999705
22.646037475428273,0.3,0.8,29.999999999999996,20.0,260.0,350.0,AA2024-T3,AA2024-T3,1956.7005852164957
22.646037475428273,0.3,0.9000000000000001,29.999999999999996,20.0,260.0,350.0,AA2024-T3,AA2024-T3,1956.7005852164957
22.66745571512869,0.39999999999999997,0.9000000000000001,10.0,20.0,260.0,549.9999999999999,AA2024-T3,AA2024-T3,1408.533424318563
22.66745571512869,0.39999999999999997,0.8,10.0,20.0,260.0,549.9999999999999,AA2024-T3,AA2024-T3,1408.533424318563
22.66745571512869,0.39999999999999997,0.8,10.0,20.0,260.0,599.9999999999999,AA2024-T3,AA2024-T3,1408.533424318563
22.66745571512869,0.39999999999999997,0.9000000000000001,10.0,20.0,260.0,599.9999999999999,AA2024-T3,AA2024-T3,1408.533424318563
22.68640930146566,0.3,0.9000000000000001,24.999999999999996,20.0,200.0,399.99999999999994,AA2024-T3,AA2024-T3,2263.6838912127214
22.68640930146566,0.3,0.9000000000000001,20.0,20.0,160.00000000000003,399.99999999999994,AA2024-T3,AA2024-T3,2493.1493071142104
22.68640930146566,0.3,0.8,24.999999999999996,20.0,200.0,399.99999999999994,AA2024-T3,AA2024-T3,2263.6838912127214
22.68640930146566,0.3,0.8,20.0,20.0,160.00000000000003,399.99999999999994,AA2024-T3,AA2024-T3,2493.1493071142104
22.723989109790434,0.3,0.9000000000000001,24.999999999999996,20.0,180.00000000000003,599.9999999999999,AA2024-T3,AA2024-T3,2542.0031894278322
22.723989109790434,0.3,0.8,24.999999999999996,20.0,180.00000000000003,599.9999999999999,AA2024-T3,AA2024-T3,2542.0031894278313
22.723989109790434,0.3,0.9000000000000001,24.999999999999996,20.0,180.00000000000003,549.9999999999999,AA2024-T3,AA2024-T3,2542.0031894278322
22.723989109790434,0.3,0.8,24.999999999999996,20.0,180.00000000000003,549.9999999999999,AA2024-T3,AA2024-T3,2542.0031894278313
22.737949198353498,0.3,0.8,14.999999999999998,20.0,140.0,300.0,AA2024-T3,AA2024-T3,2437.274640210888
22.737949198353498,0.3,0.9000000000000001,14.999999999999998,20.0,140.0,300.0,AA2024-T3,AA2024-T3,2437.274640210888
22.737949198353498,0.3,0.8,29.999999999999996,20.0,280.0,300.0,AA2024-T3,AA2024-T3,1792.796575516529
22.737949198353498,0.3,0.9000000000000001,29.999999999999996,20.0,280.0,300.0,AA2024-T3,AA2024-T3,1792.796575516529
22.753783402628688,0.39999999999999997,0.8,10.0,20.0,240.00000000000003,549.9999999999999,AA2024-T3,AA2024-T3,1547.025656182322
22.753783402628688,0.39999999999999997,0.9000000000000001,10.0,20.0,240.00000000000003,549.9999999999999,AA2024-T3,AA2024-T3,1547.025656182322
22.753783402628688,0.39999999999999997,0.9000000000000001,10.0,20.0,240.00000000000003,599.9999999999999,AA2024-T3,AA2024-T3,1547.025656182322
22.753783402628688,0.39999999999999997,0.8,10.0,20.0,240.00000000000003,599.9999999999999,AA2024-T3,AA2024-T3,1547.025656182322
22.7997392640913,0.39999999999999997,0.8,10.0,20.0,280.0,449.99999999999994,AA2024-T3,AA2024-T3,1285.144304876403
22.7997392640913,0.39999999999999997,0.9000000000000001,10.0,20.0,280.0,499.99999999999994,AA2024-T3,AA2024-T3,1285.144304876403
22.7997392640913,0.39999999999999997,0.8,10.0,20.0,280.0,499.99999999999994,AA2024-T3,AA2024-T3,1285.144304876403
22.7997392640913,0.39999999999999997,0.9000000000000001,10.0,20.0,280.0,449.99999999999994,AA2024-T3,AA2024-T3,1285.144304876403
22.813108815003048,0.3,0.9000000000000001,29.999999999999996,20.0,220.00000000000003,449.99999999999994,AA2024-T3,AA2024-T3,2320.640218655002
22.813108815003048,0.3,0.8,29.999999999999996,20.0,220.00000000000003,499.99999999999994,AA2024-T3,AA2024-T3,2320.640218655002
22.813108815003048,0.3,0.8,29.999999999999996,20.0,220.00000000000003,449.99999999999994,AA2024-T3,AA2024-T3,2320.640218655002
22.813108815003048,0.3,0.9000000000000001,29.999999999999996,20.0,220.00000000000003,499.99999999999994,AA2024-T3,AA2024-T3,2320.640218655002
22.85068862332782,0.3,0.8,14.999999999999998,20.0,100.0,749.9999999999999,AA2024-T3,AA2024-T3,3647.2231735892337
22.85068862332782,0.3,0.8,14.999999999999998,20.0,100.0,649.9999999999999,AA2024-T3,AA2024-T3,3647.2231735892337
22.85068862332782,0.3,0.9000000000000001,14.999999999999998,20.0,100.0,700.0,AA2024-T3,AA2024-T3,2713.159509177667
22.85068862332782,0.3,0.8,14.999999999999998,20.0,100.0,700.0,AA2024-T3,AA2024-T3,3647.2231735892337
22.85068862332782,0.3,0.9000000000000001,14.999999999999998,20.0,100.0,649.9999999999999,AA2024-T3,AA2024-T3,3647.223173589234
22.85068862332782,0.3,0.9000000000000001,14.999999999999998,20.0,100.0,749.9999999999999,AA2024-T3,AA2024-T3,3647.223173589234
22.880482916166077,0.39999999999999997,0.9000000000000001,10.0,20.0,200.0,749.9999999999999,AA2024-T3,AA2024-T3,1939.3155782594774
22.880482916166077,0.39999999999999997,0.8,10.0,20.0,200.0,700.0,AA2024-T3,AA2024-T3,1939.3155782594774
22.880482916166077,0.39999999999999997,0.8,10.0,20.0,200.0,649.9999999999999,AA2024-T3,AA2024-T3,1939.3155782594774
22.880482916166077,0.39999999999999997,0.8,10.0,20.0,200.0,749.9999999999999,AA2024-T3,AA2024-T3,1939.3155782594774
22.880482916166077,0.39999999999999997,0.9000000000000001,10.0,20.0,200.0,700.0,AA2024-T3,AA2024-T3,1939.3155782594774
22.880482916166077,0.39999999999999997,0.9000000000000001,10.0,20.0,200.0,649.9999999999999,AA2024-T3,AA2024-T3,1939.3155782594774
22.905020537928273,0.3,0.8,29.999999999999996,20.0,240.00000000000003,350.0,AA2024-T3,AA2024-T3,2112.874353018567
22.905020537928273,0.3,0.9000000000000001,29.999999999999996,20.0,240.00000000000003,350.0,AA2024-T3,AA2024-T3,2112.874353018567
22.905020537928273,0.3,0.8,14.999999999999998,20.0,120.00000000000001,350.0,AA2024-T3,AA2024-T3,2917.6039752509396
22.905020537928273,0.3,0.9000000000000001,14.999999999999998,20.0,120.00000000000001,350.0,AA2024-T3,AA2024-T3,2917.6039752509396
22.9106045733535,0.3,0.9000000000000001,20.0,20.0,180.00000000000003,300.0,AA2024-T3,AA2024-T3,2178.7121400737706
22.9106045733535,0.3,0.8,20.0,20.0,180.00000000000003,300.0,AA2024-T3,AA2024-T3,2178.7121400737706
22.92643877762869,0.39999999999999997,0.8,10.0,20.0,220.00000000000003,599.9999999999999,AA2024-T3,AA2024-T3,1720.1169576842133
22.92643877762869,0.39999999999999997,0.8,10.0,20.0,220.00000000000003,549.9999999999999,AA2024-T3,AA2024-T3,1720.1169576842133
22.92643877762869,0.39999999999999997,0.9000000000000001,10.0,20.0,220.00000000000003,599.9999999999999,AA2024-T3,AA2024-T3,1720.1169576842133
22.92643877762869,0.39999999999999997,0.9000000000000001,10.0,20.0,220.00000000000003,549.9999999999999,AA2024-T3,AA2024-T3,1720.1169576842133
22.939808328540433,0.3,0.8,20.0,20.0,140.0,599.9999999999999,AA2024-T3,AA2024-T3,2905.768610999705
22.939808328540433,0.3,0.9000000000000001,20.0,20.0,140.0,599.9999999999999,AA2024-T3,AA2024-T3,2905.768610999705
22.939808328540433,0.3,0.9000000000000001,20.0,20.0,140.0,549.9999999999999,AA2024-T3,AA2024-T3,2905.768610999705
22.939808328540433,0.3,0.8,20.0,20.0,140.0,549.9999999999999,AA2024-T3,AA2024-T3,2905.768610999705
22.953768417103497,0.3,0.9000000000000001,24.999999999999996,20.0,220.00000000000003,300.0,AA2024-T3,AA2024-T3,2026.0285984644554
22.953768417103497,0.3,0.8,24.999999999999996,20.0,220.00000000000003,300.0,AA2024-T3,AA2024-T3,2026.0285984644547
22.972394639091302,0.39999999999999997,0.9000000000000001,10.0,20.0,260.0,449.99999999999994,AA2024-T3,AA2024-T3,1408.533424318563
22.972394639091302,0.39999999999999997,0.8,10.0,20.0,260.0,449.99999999999994,AA2024-T3,AA2024-T3,1408.533424318563
22.972394639091302,0.39999999999999997,0.9000000000000001,10.0,20.0,260.0,499.99999999999994,AA2024-T3,AA2024-T3,1408.533424318563
22.972394639091302,0.39999999999999997,0.8,10.0,20.0,260.0,499.99999999999994,AA2024-T3,AA2024-T3,1408.533424318563
22.98018015457782,0.3,0.8,29.999999999999996,20.0,200.0,649.9999999999999,AA2024-T3,AA2024-T3,2591.4326447620306
22.98018015457782,0.3,0.9000000000000001,29.999999999999996,20.0,200.0,649.9999999999999,AA2024-T3,AA2024-T3,2591.4326447620306
22.98018015457782,0.3,0.8,29.999999999999996,20.0,200.0,749.9999999999999,AA2024-T3,AA2024-T3,2591.4326447620306
22.98018015457782,0.3,0.9000000000000001,29.999999999999996,20.0,200.0,749.9999999999999,AA2024-T3,AA2024-T3,2591.4326447620306
22.98018015457782,0.3,0.9000000000000001,29.999999999999996,20.0,200.0,700.0,AA2024-T3,AA2024-T3,2591.4326447620306
22.98018015457782,0.3,0.8,29.999999999999996,20.0,200.0,700.0,AA2024-T3,AA2024-T3,2591.4326447620306
22.991348225428272,0.3,0.8,24.999999999999996,20.0,200.0,350.0,AA2024-T3,AA2024-T3,2263.6838912127214
22.991348225428272,0.3,0.8,20.0,20.0,160.00000000000003,350.0,AA2024-T3,AA2024-T3,2493.1493071142104
22.991348225428272,0.3,0.9000000000000001,24.999999999999996,20.0,200.0,350.0,AA2024-T3,AA2024-T3,2263.6838912127214
22.991348225428272,0.3,0.9000000000000001,20.0,20.0,160.00000000000003,350.0,AA2024-T3,AA2024-T3,2493.1493071142104
23.028928033753047,0.3,0.9000000000000001,24.999999999999996,20.0,180.00000000000003,499.99999999999994,AA2024-T3,AA2024-T3,2542.0031894278322
23.028928033753047,0.3,0.9000000000000001,24.999999999999996,20.0,180.00000000000003,449.99999999999994,AA2024-T3,AA2024-T3,2542.0031894278322
23.028928033753047,0.3,0.8,24.999999999999996,20.0,180.00000000000003,449.99999999999994,AA2024-T3,AA2024-T3,2542.0031894278313
23.028928033753047,0.3,0.8,24.999999999999996,20.0,180.00000000000003,499.99999999999994,AA2024-T3,AA2024-T3,2542.0031894278313
23.053138291166075,0.39999999999999997,0.9000000000000001,14.999999999999998,20.0,280.0,700.0,AA2024-T3,AA2024-T3,1086.4699852710824
23.053138291166075,0.39999999999999997,0.8,14.999999999999998,20.0,280.0,749.9999999999999,AA2024-T3,AA2024-T3,1517.8700061013014
23.053138291166075,0.39999999999999997,0.8,14.999999999999998,20.0,280.0,700.0,AA2024-T3,AA2024-T3,1517.8700061013014
23.053138291166075,0.39999999999999997,0.8,14.999999999999998,20.0,280.0,649.9999999999999,AA2024-T3,AA2024-T3,1517.8700061013014
23.053138291166075,0.39999999999999997,0.9000000000000001,14.999999999999998,20.0,280.0,649.9999999999999,AA2024-T3,AA2024-T3,1517.870006101301
23.053138291166075,0.39999999999999997,0.9000000000000001,14.999999999999998,20.0,280.0,749.9999999999999,AA2024-T3,AA2024-T3,1517.870006101301
23.0587223265913,0.39999999999999997,0.9000000000000001,10.0,20.0,240.00000000000003,499.99999999999994,AA2024-T3,AA2024-T3,1547.025656182322
23.0587223265913,0.39999999999999997,0.8,10.0,20.0,240.00000000000003,449.99999999999994,AA2024-T3,AA2024-T3,1547.025656182322
23.0587223265913,0.39999999999999997,0.8,10.0,20.0,240.00000000000003,499.99999999999994,AA2024-T3,AA2024-T3,1547.025656182322
23.0587223265913,0.39999999999999997,0.9000000000000001,10.0,20.0,240.00000000000003,449.99999999999994,AA2024-T3,AA2024-T3,1547.025656182322
23.104678188053917,0.39999999999999997,0.9000000000000001,10.0,20.0,280.0,399.99999999999994,AA2024-T3,AA2024-T3,1285.144304876403
23.104678188053917,0.39999999999999997,0.8,10.0,20.0,280.0,399.99999999999994,AA2024-T3,AA2024-T3,1285.144304876403
23.118047738965657,0.3,0.8,29.999999999999996,20.0,220.00000000000003,399.99999999999994,AA2024-T3,AA2024-T3,2320.640218655002
23.118047738965657,0.3,0.9000000000000001,29.999999999999996,20.0,220.00000000000003,399.99999999999994,AA2024-T3,AA2024-T3,2320.640218655002
23.139465978666074,0.39999999999999997,0.9000000000000001,10.0,20.0,180.00000000000003,749.9999999999999,AA2024-T3,AA2024-T3,2212.83825011217
23.139465978666074,0.39999999999999997,0.9000000000000001,10.0,20.0,180.00000000000003,700.0,AA2024-T3,AA2024-T3,2212.83825011217
23.139465978666074,0.39999999999999997,0.9000000000000001,10.0,20.0,180.00000000000003,649.9999999999999,AA2024-T3,AA2024-T3,2212.83825011217
23.139465978666074,0.39999999999999997,0.8,10.0,20.0,180.00000000000003,700.0,AA2024-T3,AA2024-T3,2212.83825011217
23.139465978666074,0.39999999999999997,0.8,10.0,20.0,180.00000000000003,649.9999999999999,AA2024-T3,AA2024-T3,2212.83825011217
23.139465978666074,0.39999999999999997,0.8,10.0,20.0,180.00000000000003,749.9999999999999,AA2024-T3,AA2024-T3,2212.83825011217
23.155627547290432,0.3,0.9000000000000001,14.999999999999998,20.0,100.0,599.9999999999999,AA2024-T3,AA2024-T3,3647.223173589234
23.155627547290432,0.3,0.9000000000000001,14.999999999999998,20.0,100.0,549.9999999999999,AA2024-T3,AA2024-T3,3647.223173589234
23.155627547290432,0.3,0.8,14.999999999999998,20.0,100.0,599.9999999999999,AA2024-T3,AA2024-T3,3647.2231735892337
23.155627547290432,0.3,0.8,14.999999999999998,20.0,100.0,549.9999999999999,AA2024-T3,AA2024-T3,3647.2231735892337
23.18542184012869,0.39999999999999997,0.9000000000000001,10.0,20.0,200.0,599.9999999999999,AA2024-T3,AA2024-T3,1939.3155782594774
23.18542184012869,0.39999999999999997,0.9000000000000001,10.0,20.0,200.0,549.9999999999999,AA2024-T3,AA2024-T3,1939.3155782594774
23.18542184012869,0.39999999999999997,0.8,10.0,20.0,200.0,549.9999999999999,AA2024-T3,AA2024-T3,1939.3155782594774
23.18542184012869,0.39999999999999997,0.8,10.0,20.0,200.0,599.9999999999999,AA2024-T3,AA2024-T3,1939.3155782594774
23.231377701591303,0.39999999999999997,0.8,10.0,20.0,220.00000000000003,499.99999999999994,AA2024-T3,AA2024-T3,1720.1169576842133
23.231377701591303,0.39999999999999997,0.8,10.0,20.0,220.00000000000003,449.99999999999994,AA2024-T3,AA2024-T3,1720.1169576842133
23.231377701591303,0.39999999999999997,0.9000000000000001,10.0,20.0,220.00000000000003,499.99999999999994,AA2024-T3,AA2024-T3,1720.1169576842133
23.231377701591303,0.39999999999999997,0.9000000000000001,10.0,20.0,220.00000000000003,449.99999999999994,AA2024-T3,AA2024-T3,1720.1169576842133
23.244747252503046,0.3,0.9000000000000001,20.0,20.0,140.0,449.99999999999994,AA2024-T3,AA2024-T3,2905.768610999705
23.244747252503046,0.3,0.8,20.0,20.0,140.0,449.99999999999994,AA2024-T3,AA2024-T3,2905.768610999705
23.244747252503046,0.3,0.8,20.0,20.0,140.0,499.99999999999994,AA2024-T3,AA2024-T3,2905.768610999705
23.244747252503046,0.3,0.9000000000000001,20.0,20.0,140.0,499.99999999999994,AA2024-T3,AA2024-T3,2905.768610999705
23.2559153233535,0.3,0.9000000000000001,29.999999999999996,20.0,260.0,300.0,AA2024-T3,AA2024-T3,1956.7005852164957
23.2559153233535,0.3,0.8,29.999999999999996,20.0,260.0,300.0,AA2024-T3,AA2024-T3,1956.7005852164957
23.277333563053915,0.39999999999999997,0.9000000000000001,10.0,20.0,260.0,399.99999999999994,AA2024-T3,AA2024-T3,1408.533424318563
23.277333563053915,0.39999999999999997,0.8,10.0,20.0,260.0,399.99999999999994,AA2024-T3,AA2024-T3,1408.533424318563
23.282327060827818,0.3,0.9000000000000001,24.999999999999996,20.0,160.00000000000003,649.9999999999999,AA2024-T3,AA2024-T3,2903.1119758115656
23.282327060827818,0.3,0.9000000000000001,24.999999999999996,20.0,160.00000000000003,700.0,AA2024-T3,AA2024-T3,2903.1119758115656
23.282327060827818,0.3,0.8,24.999999999999996,20.0,160.00000000000003,700.0,AA2024-T3,AA2024-T3,2903.1119758115656
23.282327060827818,0.3,0.8,24.999999999999996,20.0,160.00000000000003,649.9999999999999,AA2024-T3,AA2024-T3,2903.1119758115656
23.282327060827818,0.3,0.9000000000000001,24.999999999999996,20.0,160.00000000000003,749.9999999999999,AA2024-T3,AA2024-T3,2903.1119758115656
23.282327060827818,0.3,0.8,24.999999999999996,20.0,160.00000000000003,749.9999999999999,AA2024-T3,AA2024-T3,2903.1119758115656
23.285119078540433,0.3,0.9000000000000001,29.999999999999996,20.0,200.0,599.9999999999999,AA2024-T3,AA2024-T3,2591.4326447620306
23.285119078540433,0.3,0.9000000000000001,29.999999999999996,20.0,200.0,549.9999999999999,AA2024-T3,AA2024-T3,2591.4326447620306
23.285119078540433,0.3,0.8,29.999999999999996,20.0,200.0,549.9999999999999,AA2024-T3,AA2024-T3,2591.4326447620306
23.285119078540433,0.3,0.8,29.999999999999996,20.0,200.0,599.9999999999999,AA2024-T3,AA2024-T3,2591.4326447620306
23.312121353666075,0.39999999999999997,0.9000000000000001,14.999999999999998,20.0,260.0,749.9999999999999,AA2024-T3,AA2024-T3,1661.2292345165606
23.312121353666075,0.39999999999999997,0.8,14.999999999999998,20.0,260.0,749.9999999999999,AA2024-T3,AA2024-T3,1661.229234516561
23.312121353666075,0.39999999999999997,0.9000000000000001,14.999999999999998,20.0,260.0,649.9999999999999,AA2024-T3,AA2024-T3,1661.2292345165606
23.312121353666075,0.39999999999999997,0.8,14.999999999999998,20.0,260.0,700.0,AA2024-T3,AA2024-T3,1661.229234516561
23.312121353666075,0.39999999999999997,0.8,14.999999999999998,20.0,260.0,649.9999999999999,AA2024-T3,AA2024-T3,1661.229234516561
23.312121353666075,0.39999999999999997,0.9000000000000001,14.999999999999998,20.0,260.0,700.0,AA2024-T3,AA2024-T3,1196.8308519074205
23.33386695771566,0.3,0.8,24.999999999999996,20.0,180.00000000000003,399.99999999999994,AA2024-T3,AA2024-T3,2542.0031894278313
23.33386695771566,0.3,0.9000000000000001,24.999999999999996,20.0,180.00000000000003,399.99999999999994,AA2024-T3,AA2024-T3,2542.0031894278322
23.358077215128688,0.39999999999999997,0.8,14.999999999999998,20.0,280.0,599.9999999999999,AA2024-T3,AA2024-T3,1517.8700061013014
23.358077215128688,0.39999999999999997,0.9000000000000001,14.999999999999998,20.0,280.0,599.9999999999999,AA2024-T3,AA2024-T3,1517.870006101301
23.358077215128688,0.39999999999999997,0.8,14.999999999999998,20.0,280.0,549.9999999999999,AA2024-T3,AA2024-T3,1517.8700061013014
23.358077215128688,0.39999999999999997,0.9000000000000001,14.999999999999998,20.0,280.0,549.9999999999999,AA2024-T3,AA2024-T3,1517.870006101301
23.363661250553914,0.39999999999999997,0.8,10.0,20.0,240.00000000000003,399.99999999999994,AA2024-T3,AA2024-T3,1547.025656182322
23.363661250553914,0.39999999999999997,0.9000000000000001,10.0,20.0,240.00000000000003,399.99999999999994,AA2024-T3,AA2024-T3,1547.025656182322
23.409617112016527,0.39999999999999997,0.9000000000000001,10.0,20.0,280.0,350.0,AA2024-T3,AA2024-T3,1285.144304876403
23.409617112016527,0.39999999999999997,0.8,10.0,20.0,280.0,350.0,AA2024-T3,AA2024-T3,1285.144304876403
23.422986662928274,0.3,0.8,29.999999999999996,20.0,220.00000000000003,350.0,AA2024-T3,AA2024-T3,2320.640218655002
23.422986662928274,0.3,0.9000000000000001,29.999999999999996,20.0,220.00000000000003,350.0,AA2024-T3,AA2024-T3,2320.640218655002
23.441612884916076,0.39999999999999997,0.9000000000000001,14.999999999999998,20.0,240.00000000000003,649.9999999999999,AA2024-T3,AA2024-T3,1817.3109090803791
23.441612884916076,0.39999999999999997,0.8,14.999999999999998,20.0,240.00000000000003,649.9999999999999,AA2024-T3,AA2024-T3,1817.3109090803796
23.441612884916076,0.39999999999999997,0.8,14.999999999999998,20.0,240.00000000000003,749.9999999999999,AA2024-T3,AA2024-T3,1817.3109090803796
23.441612884916076,0.39999999999999997,0.8,14.999999999999998,20.0,240.00000000000003,700.0,AA2024-T3,AA2024-T3,1817.3109090803796
23.441612884916076,0.39999999999999997,0.9000000000000001,14.999999999999998,20.0,240.00000000000003,700.0,AA2024-T3,AA2024-T3,1318.6934670991097
23.441612884916076,0.39999999999999997,0.9000000000000001,14.999999999999998,20.0,240.00000000000003,749.9999999999999,AA2024-T3,AA2024-T3,1817.3109090803791
23.44440490262869,0.39999999999999997,0.8,10.0,20.0,180.00000000000003,549.9999999999999,AA2024-T3,AA2024-T3,2212.83825011217
23.44440490262869,0.39999999999999997,0.9000000000000001,10.0,20.0,180.00000000000003,599.9999999999999,AA2024-T3,AA2024-T3,2212.83825011217
23.44440490262869,0.39999999999999997,0.8,10.0,20.0,180.00000000000003,599.9999999999999,AA2024-T3,AA2024-T3,2212.83825011217
23.44440490262869,0.39999999999999997,0.9000000000000001,10.0,20.0,180.00000000000003,549.9999999999999,AA2024-T3,AA2024-T3,2212.83825011217
23.460566471253046,0.3,0.8,14.999999999999998,20.0,100.0,449.99999999999994,AA2024-T3,AA2024-T3,3647.2231735892337
23.460566471253046,0.3,0.8,14.999999999999998,20.0,100.0,499.99999999999994,AA2024-T3,AA2024-T3,3647.2231735892337
23.460566471253046,0.3,0.9000000000000001,14.999999999999998,20.0,100.0,499.99999999999994,AA2024-T3,AA2024-T3,3647.223173589234
23.460566471253046,0.3,0.9000000000000001,14.999999999999998,20.0,100.0,449.99999999999994,AA2024-T3,AA2024-T3,3647.223173589234
23.484776728666077,0.39999999999999997,0.8,10.0,20.0,160.00000000000003,749.9999999999999,AA2024-T3,AA2024-T3,2575.345693928651
23.484776728666077,0.39999999999999997,0.8,10.0,20.0,160.00000000000003,700.0,AA2024-T3,AA2024-T3,2575.345693928651
23.484776728666077,0.39999999999999997,0.9000000000000001,10.0,20.0,160.00000000000003,749.9999999999999,AA2024-T3,AA2024-T3,2575.345693928651
23.484776728666077,0.39999999999999997,0.8,10.0,20.0,160.00000000000003,649.9999999999999,AA2024-T3,AA2024-T3,2575.345693928651
23.484776728666077,0.39999999999999997,0.9000000000000001,10.0,20.0,160.00000000000003,649.9999999999999,AA2024-T3,AA2024-T3,2575.345693928651
23.484776728666077,0.39999999999999997,0.9000000000000001,10.0,20.0,160.00000000000003,700.0,AA2024-T3,AA2024-T3,2575.345693928651
23.490360764091303,0.39999999999999997,0.8,10.0,20.0,200.0,449.99999999999994,AA2024-T3,AA2024-T3,1939.3155782594774
23.490360764091303,0.39999999999999997,0.8,10.0,20.0,200.0,499.99999999999994,AA2024-T3,AA2024-T3,1939.3155782594774
23.490360764091303,0.39999999999999997,0.9000000000000001,10.0,20.0,200.0,449.99999999999994,AA2024-T3,AA2024-T3,1939.3155782594774
23.490360764091303,0.39999999999999997,0.9000000000000001,10.0,20.0,200.0,499.99999999999994,AA2024-T3,AA2024-T3,1939.3155782594774
23.5148983858535,0.3,0.8,29.999999999999996,20.0,240.00000000000003,300.0,AA2024-T3,AA2024-T3,2112.874353018567
23.5148983858535,0.3,0.9000000000000001,29.999999999999996,20.0,240.00000000000003,300.0,AA2024-T3,AA2024-T3,2112.874353018567
23.5148983858535,0.3,0.9000000000000001,14.999999999999998,20.0,120.00000000000001,300.0,AA2024-T3,AA2024-T3,2917.6039752509396
23.5148983858535,0.3,0.8,14.999999999999998,20.0,120.00000000000001,300.0,AA2024-T3,AA2024-T3,2917.6039752509396
23.536316625553916,0.39999999999999997,0.9000000000000001,10.0,20.0,220.00000000000003,399.99999999999994,AA2024-T3,AA2024-T3,1720.1169576842133
23.536316625553916,0.39999999999999997,0.8,10.0,20.0,220.00000000000003,399.99999999999994,AA2024-T3,AA2024-T3,1720.1169576842133
23.54968617646566,0.3,0.8,20.0,20.0,140.0,399.99999999999994,AA2024-T3,AA2024-T3,2905.768610999705
23.54968617646566,0.3,0.9000000000000001,20.0,20.0,140.0,399.99999999999994,AA2024-T3,AA2024-T3,2905.768610999705
23.582272487016525,0.39999999999999997,0.8,10.0,20.0,260.0,350.0,AA2024-T3,AA2024-T3,1408.533424318563
23.582272487016525,0.39999999999999997,0.9000000000000001,10.0,20.0,260.0,350.0,AA2024-T3,AA2024-T3,1408.533424318563
23.587265984790434,0.3,0.9000000000000001,24.999999999999996,20.0,160.00000000000003,599.9999999999999,AA2024-T3,AA2024-T3,2903.1119758115656
23.587265984790434,0.3,0.8,24.999999999999996,20.0,160.00000000000003,599.9999999999999,AA2024-T3,AA2024-T3,2903.1119758115656
23.587265984790434,0.3,0.9000000000000001,24.999999999999996,20.0,160.00000000000003,549.9999999999999,AA2024-T3,AA2024-T3,2903.1119758115656
23.587265984790434,0.3,0.8,24.999999999999996,20.0,160.00000000000003,549.9999999999999,AA2024-T3,AA2024-T3,2903.1119758115656
23.590058002503046,0.3,0.8,29.999999999999996,20.0,200.0,499.99999999999994,AA2024-T3,AA2024-T3,2591.4326447620306
23.590058002503046,0.3,0.9000000000000001,29.999999999999996,20.0,200.0,499.99999999999994,AA2024-T3,AA2024-T3,2591.4326447620306
23.590058002503046,0.3,0.9000000000000001,29.999999999999996,20.0,200.0,449.99999999999994,AA2024-T3,AA2024-T3,2591.4326447620306
23.590058002503046,0.3,0.8,29.999999999999996,20.0,200.0,449.99999999999994,AA2024-T3,AA2024-T3,2591.4326447620306
23.601226073353498,0.3,0.8,20.0,20.0,160.00000000000003,300.0,AA2024-T3,AA2024-T3,2493.1493071142104
23.601226073353498,0.3,0.9000000000000001,24.999999999999996,20.0,200.0,300.0,AA2024-T3,AA2024-T3,2263.6838912127214
23.601226073353498,0.3,0.8,24.999999999999996,20.0,200.0,300.0,AA2024-T3,AA2024-T3,2263.6838912127214
23.601226073353498,0.3,0.9000000000000001,20.0,20.0,160.00000000000003,300.0,AA2024-T3,AA2024-T3,2493.1493071142104
23.61706027762869,0.39999999999999997,0.9000000000000001,14.999999999999998,20.0,260.0,549.9999999999999,AA2024-T3,AA2024-T3,1661.2292345165606
23.61706027762869,0.39999999999999997,0.9000000000000001,14.999999999999998,20.0,260.0,599.9999999999999,AA2024-T3,AA2024-T3,1661.2292345165606
23.61706027762869,0.39999999999999997,0.8,14.999999999999998,20.0,260.0,549.9999999999999,AA2024-T3,AA2024-T3,1661.229234516561
23.61706027762869,0.39999999999999997,0.8,14.999999999999998,20.0,260.0,599.9999999999999,AA2024-T3,AA2024-T3,1661.229234516561
23.638805881678273,0.3,0.9000000000000001,24.999999999999996,20.0,180.00000000000003,350.0,AA2024-T3,AA2024-T3,2542.0031894278322
23.638805881678273,0.3,0.8,24.999999999999996,20.0,180.00000000000003,350.0,AA2024-T3,AA2024-T3,2542.0031894278313
23.6630161390913,0.39999999999999997,0.8,14.999999999999998,20.0,280.0,449.99999999999994,AA2024-T3,AA2024-T3,1517.8700061013014
23.6630161390913,0.39999999999999997,0.9000000000000001,14.999999999999998,20.0,280.0,499.99999999999994,AA2024-T3,AA2024-T3,1517.870006101301
23.6630161390913,0.39999999999999997,0.9000000000000001,14.999999999999998,20.0,280.0,449.99999999999994,AA2024-T3,AA2024-T3,1517.870006101301
23.6630161390913,0.39999999999999997,0.8,14.999999999999998,20.0,280.0,499.99999999999994,AA2024-T3,AA2024-T3,1517.8700061013014
23.668600174516524,0.39999999999999997,0.8,10.0,20.0,240.00000000000003,350.0,AA2024-T3,AA2024-T3,1547.025656182322
23.668600174516524,0.39999999999999997,0.9000000000000001,10.0,20.0,240.00000000000003,350.0,AA2024-T3,AA2024-T3,1547.025656182322
23.67080165457782,0.3,0.8,20.0,20.0,120.00000000000001,649.9999999999999,AA2024-T3,AA2024-T3,3459.308331357651
23.67080165457782,0.3,0.8,20.0,20.0,120.00000000000001,700.0,AA2024-T3,AA2024-T3,3459.308331357651
23.67080165457782,0.3,0.9000000000000001,20.0,20.0,120.00000000000001,649.9999999999999,AA2024-T3,AA2024-T3,3459.308331357651
23.67080165457782,0.3,0.8,20.0,20.0,120.00000000000001,749.9999999999999,AA2024-T3,AA2024-T3,3459.308331357651
23.67080165457782,0.3,0.9000000000000001,20.0,20.0,120.00000000000001,700.0,AA2024-T3,AA2024-T3,3459.308331357651
23.67080165457782,0.3,0.9000000000000001,20.0,20.0,120.00000000000001,749.9999999999999,AA2024-T3,AA2024-T3,3459.308331357651
23.700595947416076,0.39999999999999997,0.8,14.999999999999998,20.0,220.00000000000003,700.0,AA2024-T3,AA2024-T3,2014.587356289404
23.700595947416076,0.39999999999999997,0.8,14.999999999999998,20.0,220.00000000000003,749.9999999999999,AA2024-T3,AA2024-T3,2014.587356289404
23.700595947416076,0.39999999999999997,0.9000000000000001,14.999999999999998,20.0,220.00000000000003,749.9999999999999,AA2024-T3,AA2024-T3,2014.5873562894035
23.700595947416076,0.39999999999999997,0.9000000000000001,14.999999999999998,20.0,220.00000000000003,700.0,AA2024-T3,AA2024-T3,1474.193445092128
23.700595947416076,0.39999999999999997,0.9000000000000001,14.999999999999998,20.0,220.00000000000003,649.9999999999999,AA2024-T3,AA2024-T3,2014.5873562894035
23.700595947416076,0.39999999999999997,0.8,14.999999999999998,20.0,220.00000000000003,649.9999999999999,AA2024-T3,AA2024-T3,2014.587356289404
23.74655180887869,0.39999999999999997,0.9000000000000001,14.999999999999998,20.0,240.00000000000003,549.9999999999999,AA2024-T3,AA2024-T3,1817.3109090803791
23.74655180887869,0.39999999999999997,0.8,14.999999999999998,20.0,240.00000000000003,599.9999999999999,AA2024-T3,AA2024-T3,1817.3109090803796
23.74655180887869,0.39999999999999997,0.8,14.999999999999998,20.0,240.00000000000003,549.9999999999999,AA2024-T3,AA2024-T3,1817.3109090803796
23.74655180887869,0.39999999999999997,0.9000000000000001,14.999999999999998,20.0,240.00000000000003,599.9999999999999,AA2024-T3,AA2024-T3,1817.3109090803791
23.7493438265913,0.39999999999999997,0.8,10.0,20.0,180.00000000000003,499.99999999999994,AA2024-T3,AA2024-T3,2212.83825011217
23.7493438265913,0.39999999999999997,0.9000000000000001,10.0,20.0,180.00000000000003,499.99999999999994,AA2024-T3,AA2024-T3,2212.83825011217
23.7493438265913,0.39999999999999997,0.9000000000000001,10.0,20.0,180.00000000000003,449.99999999999994,AA2024-T3,AA2024-T3,2212.83825011217
23.7493438265913,0.39999999999999997,0.8,10.0,20.0,180.00000000000003,449.99999999999994,AA2024-T3,AA2024-T3,2212.83825011217
23.757129342077818,0.3,0.9000000000000001,29.999999999999996,20.0,180.00000000000003,649.9999999999999,AA2024-T3,AA2024-T3,2905.5864305298614
23.757129342077818,0.3,0.9000000000000001,29.999999999999996,20.0,180.00000000000003,700.0,AA2024-T3,AA2024-T3,2905.5864305298614
23.757129342077818,0.3,0.8,29.999999999999996,20.0,180.00000000000003,749.9999999999999,AA2024-T3,AA2024-T3,2905.5864305298614
23.757129342077818,0.3,0.9000000000000001,29.999999999999996,20.0,180.00000000000003,749.9999999999999,AA2024-T3,AA2024-T3,2905.5864305298614
23.757129342077818,0.3,0.8,29.999999999999996,20.0,180.00000000000003,649.9999999999999,AA2024-T3,AA2024-T3,2905.5864305298614
23.757129342077818,0.3,0.8,29.999999999999996,20.0,180.00000000000003,700.0,AA2024-T3,AA2024-T3,2905.5864305298614
23.76550539521566,0.3,0.8,14.999999999999998,20.0,100.0,399.99999999999994,AA2024-T3,AA2024-T3,3647.2231735892337
23.76550539521566,0.3,0.9000000000000001,14.999999999999998,20.0,100.0,399.99999999999994,AA2024-T3,AA2024-T3,3647.223173589234
23.789715652628686,0.39999999999999997,0.9000000000000001,10.0,20.0,160.00000000000003,599.9999999999999,AA2024-T3,AA2024-T3,2575.345693928651
23.789715652628686,0.39999999999999997,0.8,10.0,20.0,160.00000000000003,549.9999999999999,AA2024-T3,AA2024-T3,2575.345693928651
23.789715652628686,0.39999999999999997,0.8,10.0,20.0,160.00000000000003,599.9999999999999,AA2024-T3,AA2024-T3,2575.345693928651
23.789715652628686,0.39999999999999997,0.9000000000000001,10.0,20.0,160.00000000000003,549.9999999999999,AA2024-T3,AA2024-T3,2575.345693928651
23.795299688053916,0.39999999999999997,0.9000000000000001,10.0,20.0,200.0,399.99999999999994,AA2024-T3,AA2024-T3,1939.3155782594774
23.795299688053916,0.39999999999999997,0.8,10.0,20.0,200.0,399.99999999999994,AA2024-T3,AA2024-T3,1939.3155782594774
23.841255549516525,0.39999999999999997,0.9000000000000001,10.0,20.0,220.00000000000003,350.0,AA2024-T3,AA2024-T3,1720.1169576842133
23.841255549516525,0.39999999999999997,0.8,10.0,20.0,220.00000000000003,350.0,AA2024-T3,AA2024-T3,1720.1169576842133
23.854625100428272,0.3,0.8,20.0,20.0,140.0,350.0,AA2024-T3,AA2024-T3,2905.768610999705
23.854625100428272,0.3,0.9000000000000001,20.0,20.0,140.0,350.0,AA2024-T3,AA2024-T3,2905.768610999705
23.892204908753044,0.3,0.9000000000000001,24.999999999999996,20.0,160.00000000000003,499.99999999999994,AA2024-T3,AA2024-T3,2903.1119758115656
23.892204908753044,0.3,0.9000000000000001,24.999999999999996,20.0,160.00000000000003,449.99999999999994,AA2024-T3,AA2024-T3,2903.1119758115656
23.892204908753044,0.3,0.8,24.999999999999996,20.0,160.00000000000003,499.99999999999994,AA2024-T3,AA2024-T3,2903.1119758115656
23.892204908753044,0.3,0.8,24.999999999999996,20.0,160.00000000000003,449.99999999999994,AA2024-T3,AA2024-T3,2903.1119758115656
23.89499692646566,0.3,0.8,29.999999999999996,20.0,200.0,399.99999999999994,AA2024-T3,AA2024-T3,2591.4326447620306
23.89499692646566,0.3,0.9000000000000001,29.999999999999996,20.0,200.0,399.99999999999994,AA2024-T3,AA2024-T3,2591.4326447620306
23.916415166166075,0.39999999999999997,0.9000000000000001,20.0,20.0,280.0,649.9999999999999,AA2024-T3,AA2024-T3,1750.8410945763658
23.916415166166075,0.39999999999999997,0.8,20.0,20.0,280.0,649.9999999999999,AA2024-T3,AA2024-T3,1750.8410945763658
23.916415166166075,0.39999999999999997,0.8,10.0,20.0,140.0,700.0,AA2024-T3,AA2024-T3,3073.83381985883
23.916415166166075,0.39999999999999997,0.8,10.0,20.0,140.0,749.9999999999999,AA2024-T3,AA2024-T3,3073.83381985883
23.916415166166075,0.39999999999999997,0.8,20.0,20.0,280.0,749.9999999999999,AA2024-T3,AA2024-T3,1750.8410945763658
23.916415166166075,0.39999999999999997,0.8,20.0,20.0,280.0,700.0,AA2024-T3,AA2024-T3,1750.8410945763658
23.916415166166075,0.39999999999999997,0.9000000000000001,10.0,20.0,140.0,749.9999999999999,AA2024-T3,AA2024-T3,3073.83381985883
23.916415166166075,0.39999999999999997,0.9000000000000001,10.0,20.0,140.0,700.0,AA2024-T3,AA2024-T3,3073.83381985883
23.916415166166075,0.39999999999999997,0.9000000000000001,20.0,20.0,280.0,749.9999999999999,AA2024-T3,AA2024-T3,1750.8410945763658
23.916415166166075,0.39999999999999997,0.9000000000000001,20.0,20.0,280.0,700.0,AA2024-T3,AA2024-T3,1750.8410945763658
23.916415166166075,0.39999999999999997,0.8,10.0,20.0,140.0,649.9999999999999,AA2024-T3,AA2024-T3,3073.83381985883
23.916415166166075,0.39999999999999997,0.9000000000000001,10.0,20.0,140.0,649.9999999999999,AA2024-T3,AA2024-T3,3073.83381985883
23.9219992015913,0.39999999999999997,0.9000000000000001,14.999999999999998,20.0,260.0,499.99999999999994,AA2024-T3,AA2024-T3,1661.2292345165606
23.9219992015913,0.39999999999999997,0.9000000000000001,14.999999999999998,20.0,260.0,449.99999999999994,AA2024-T3,AA2024-T3,1661.2292345165606
23.9219992015913,0.39999999999999997,0.8,14.999999999999998,20.0,260.0,449.99999999999994,AA2024-T3,AA2024-T3,1661.229234516561
23.9219992015913,0.39999999999999997,0.8,14.999999999999998,20.0,260.0,499.99999999999994,AA2024-T3,AA2024-T3,1661.229234516561
23.967955063053914,0.39999999999999997,0.9000000000000001,14.999999999999998,20.0,280.0,399.99999999999994,AA2024-T3,AA2024-T3,1517.870006101301
23.967955063053914,0.39999999999999997,0.8,14.999999999999998,20.0,280.0,399.99999999999994,AA2024-T3,AA2024-T3,1517.8700061013014
23.97574057854043,0.3,0.9000000000000001,20.0,20.0,120.00000000000001,549.9999999999999,AA2024-T3,AA2024-T3,3459.308331357651
23.97574057854043,0.3,0.8,20.0,20.0,120.00000000000001,599.9999999999999,AA2024-T3,AA2024-T3,3459.308331357651
23.97574057854043,0.3,0.8,20.0,20.0,120.00000000000001,549.9999999999999,AA2024-T3,AA2024-T3,3459.308331357651
23.97574057854043,0.3,0.9000000000000001,20.0,20.0,120.00000000000001,599.9999999999999,AA2024-T3,AA2024-T3,3459.308331357651
24.00553487137869,0.39999999999999997,0.9000000000000001,14.999999999999998,20.0,220.00000000000003,549.9999999999999,AA2024-T3,AA2024-T3,2014.5873562894035
24.00553487137869,0.39999999999999997,0.9000000000000001,14.999999999999998,20.0,220.00000000000003,599.9999999999999,AA2024-T3,AA2024-T3,2014.5873562894035
24.00553487137869,0.39999999999999997,0.8,14.999999999999998,20.0,220.00000000000003,549.9999999999999,AA2024-T3,AA2024-T3,2014.587356289404
24.00553487137869,0.39999999999999997,0.8,14.999999999999998,20.0,220.00000000000003,599.9999999999999,AA2024-T3,AA2024-T3,2014.587356289404
24.019494959941753,0.39999999999999997,0.9000000000000001,10.0,20.0,280.0,300.0,AA2024-T3,AA2024-T3,1285.144304876403
24.019494959941753,0.39999999999999997,0.8,10.0,20.0,280.0,300.0,AA2024-T3,AA2024-T3,1285.144304876403
24.0328645108535,0.3,0.9000000000000001,29.999999999999996,20.0,220.00000000000003,300.0,AA2024-T3,AA2024-T3,2320.640218655002
24.0328645108535,0.3,0.8,29.999999999999996,20.0,220.00000000000003,300.0,AA2024-T3,AA2024-T3,2320.640218655002
24.0514907328413,0.39999999999999997,0.9000000000000001,14.999999999999998,20.0,240.00000000000003,499.99999999999994,AA2024-T3,AA2024-T3,1817.3109090803791
24.0514907328413,0.39999999999999997,0.8,14.999999999999998,20.0,240.00000000000003,499.99999999999994,AA2024-T3,AA2024-T3,1817.3109090803796
24.0514907328413,0.39999999999999997,0.8,14.999999999999998,20.0,240.00000000000003,449.99999999999994,AA2024-T3,AA2024-T3,1817.3109090803796
24.0514907328413,0.39999999999999997,0.9000000000000001,14.999999999999998,20.0,240.00000000000003,449.99999999999994,AA2024-T3,AA2024-T3,1817.3109090803791
24.054282750553917,0.39999999999999997,0.9000000000000001,10.0,20.0,180.00000000000003,399.99999999999994,AA2024-T3,AA2024-T3,2212.83825011217
24.054282750553917,0.39999999999999997,0.8,10.0,20.0,180.00000000000003,399.99999999999994,AA2024-T3,AA2024-T3,2212.83825011217
24.062068266040434,0.3,0.9000000000000001,29.999999999999996,20.0,180.00000000000003,549.9999999999999,AA2024-T3,AA2024-T3,2905.5864305298614
24.062068266040434,0.3,0.8,29.999999999999996,20.0,180.00000000000003,599.9999999999999,AA2024-T3,AA2024-T3,2905.5864305298614
24.062068266040434,0.3,0.9000000000000001,29.999999999999996,20.0,180.00000000000003,599.9999999999999,AA2024-T3,AA2024-T3,2905.5864305298614
24.062068266040434,0.3,0.8,29.999999999999996,20.0,180.00000000000003,549.9999999999999,AA2024-T3,AA2024-T3,2905.5864305298614
24.07044431917827,0.3,0.9000000000000001,14.999999999999998,20.0,100.0,350.0,AA2024-T3,AA2024-T3,3647.223173589234
24.07044431917827,0.3,0.8,14.999999999999998,20.0,100.0,350.0,AA2024-T3,AA2024-T3,3647.2231735892337
24.089070541166073,0.39999999999999997,0.9000000000000001,14.999999999999998,20.0,200.0,700.0,AA2024-T3,AA2024-T3,1674.9448181001385
24.089070541166073,0.39999999999999997,0.9000000000000001,14.999999999999998,20.0,200.0,749.9999999999999,AA2024-T3,AA2024-T3,2265.9335722773053
24.089070541166073,0.39999999999999997,0.9000000000000001,14.999999999999998,20.0,200.0,649.9999999999999,AA2024-T3,AA2024-T3,2265.9335722773053
24.089070541166073,0.39999999999999997,0.8,14.999999999999998,20.0,200.0,700.0,AA2024-T3,AA2024-T3,2265.9335722773058
24.089070541166073,0.39999999999999997,0.8,14.999999999999998,20.0,200.0,649.9999999999999,AA2024-T3,AA2024-T3,2265.9335722773058
24.089070541166073,0.39999999999999997,0.8,14.999999999999998,20.0,200.0,749.9999999999999,AA2024-T3,AA2024-T3,2265.9335722773058
24.094654576591303,0.39999999999999997,0.9000000000000001,10.0,20.0,160.00000000000003,449.99999999999994,AA2024-T3,AA2024-T3,2575.345693928651
24.094654576591303,0.39999999999999997,0.8,10.0,20.0,160.00000000000003,449.99999999999994,AA2024-T3,AA2024-T3,2575.345693928651
24.094654576591303,0.39999999999999997,0.8,10.0,20.0,160.00000000000003,499.99999999999994,AA2024-T3,AA2024-T3,2575.345693928651
24.094654576591303,0.39999999999999997,0.9000000000000001,10.0,20.0,160.00000000000003,499.99999999999994,AA2024-T3,AA2024-T3,2575.345693928651
24.100238612016526,0.39999999999999997,0.8,10.0,20.0,200.0,350.0,AA2024-T3,AA2024-T3,1939.3155782594774
24.100238612016526,0.39999999999999997,0.9000000000000001,10.0,20.0,200.0,350.0,AA2024-T3,AA2024-T3,1939.3155782594774
24.19215033494175,0.39999999999999997,0.9000000000000001,10.0,20.0,260.0,300.0,AA2024-T3,AA2024-T3,1408.533424318563
24.19215033494175,0.39999999999999997,0.8,10.0,20.0,260.0,300.0,AA2024-T3,AA2024-T3,1408.533424318563
24.19714383271566,0.3,0.9000000000000001,24.999999999999996,20.0,160.00000000000003,399.99999999999994,AA2024-T3,AA2024-T3,2903.1119758115656
24.19714383271566,0.3,0.8,24.999999999999996,20.0,160.00000000000003,399.99999999999994,AA2024-T3,AA2024-T3,2903.1119758115656
24.199935850428272,0.3,0.9000000000000001,29.999999999999996,20.0,200.0,350.0,AA2024-T3,AA2024-T3,2591.4326447620306
24.199935850428272,0.3,0.8,29.999999999999996,20.0,200.0,350.0,AA2024-T3,AA2024-T3,2591.4326447620306
24.22135409012869,0.39999999999999997,0.9000000000000001,20.0,20.0,280.0,599.9999999999999,AA2024-T3,AA2024-T3,1750.8410945763658
24.22135409012869,0.39999999999999997,0.9000000000000001,20.0,20.0,280.0,549.9999999999999,AA2024-T3,AA2024-T3,1750.8410945763658
24.22135409012869,0.39999999999999997,0.8,20.0,20.0,280.0,599.9999999999999,AA2024-T3,AA2024-T3,1750.8410945763658
24.22135409012869,0.39999999999999997,0.8,10.0,20.0,140.0,549.9999999999999,AA2024-T3,AA2024-T3,3073.83381985883
24.22135409012869,0.39999999999999997,0.8,10.0,20.0,140.0,599.9999999999999,AA2024-T3,AA2024-T3,3073.83381985883
24.22135409012869,0.39999999999999997,0.9000000000000001,10.0,20.0,140.0,599.9999999999999,AA2024-T3,AA2024-T3,3073.83381985883
24.22135409012869,0.39999999999999997,0.9000000000000001,10.0,20.0,140.0,549.9999999999999,AA2024-T3,AA2024-T3,3073.83381985883
24.22135409012869,0.39999999999999997,0.8,20.0,20.0,280.0,549.9999999999999,AA2024-T3,AA2024-T3,1750.8410945763658
24.226938125553914,0.39999999999999997,0.8,14.999999999999998,20.0,260.0,399.99999999999994,AA2024-T3,AA2024-T3,1661.229234516561
24.226938125553914,0.39999999999999997,0.9000000000000001,14.999999999999998,20.0,260.0,399.99999999999994,AA2024-T3,AA2024-T3,1661.2292345165606
24.2486837296035,0.3,0.9000000000000001,24.999999999999996,20.0,180.00000000000003,300.0,AA2024-T3,AA2024-T3,2542.0031894278322
24.2486837296035,0.3,0.8,24.999999999999996,20.0,180.00000000000003,300.0,AA2024-T3,AA2024-T3,2542.0031894278313
24.261725916166075,0.39999999999999997,0.8,20.0,20.0,260.0,700.0,AA2024-T3,AA2024-T3,1914.4787127808338
24.261725916166075,0.39999999999999997,0.8,20.0,20.0,260.0,649.9999999999999,AA2024-T3,AA2024-T3,1914.4787127808338
24.261725916166075,0.39999999999999997,0.8,20.0,20.0,260.0,749.9999999999999,AA2024-T3,AA2024-T3,1914.4787127808338
24.261725916166075,0.39999999999999997,0.9000000000000001,20.0,20.0,260.0,749.9999999999999,AA2024-T3,AA2024-T3,1914.4787127808338
24.261725916166075,0.39999999999999997,0.9000000000000001,20.0,20.0,260.0,649.9999999999999,AA2024-T3,AA2024-T3,1914.4787127808338
24.261725916166075,0.39999999999999997,0.9000000000000001,20.0,20.0,260.0,700.0,AA2024-T3,AA2024-T3,1914.4787127808338
24.272893987016523,0.39999999999999997,0.9000000000000001,14.999999999999998,20.0,280.0,350.0,AA2024-T3,AA2024-T3,1517.870006101301
24.272893987016523,0.39999999999999997,0.8,14.999999999999998,20.0,280.0,350.0,AA2024-T3,AA2024-T3,1517.8700061013014
24.27847802244175,0.39999999999999997,0.9000000000000001,10.0,20.0,240.00000000000003,300.0,AA2024-T3,AA2024-T3,1547.025656182322
24.27847802244175,0.39999999999999997,0.8,10.0,20.0,240.00000000000003,300.0,AA2024-T3,AA2024-T3,1547.025656182322
24.280679502503045,0.3,0.9000000000000001,20.0,20.0,120.00000000000001,499.99999999999994,AA2024-T3,AA2024-T3,3459.308331357651
24.280679502503045,0.3,0.9000000000000001,20.0,20.0,120.00000000000001,449.99999999999994,AA2024-T3,AA2024-T3,3459.308331357651
24.280679502503045,0.3,0.8,20.0,20.0,120.00000000000001,449.99999999999994,AA2024-T3,AA2024-T3,3459.308331357651
24.280679502503045,0.3,0.8,20.0,20.0,120.00000000000001,499.99999999999994,AA2024-T3,AA2024-T3,3459.308331357651
24.310473795341302,0.39999999999999997,0.9000000000000001,14.999999999999998,20.0,220.00000000000003,449.99999999999994,AA2024-T3,AA2024-T3,2014.5873562894035
24.310473795341302,0.39999999999999997,0.9000000000000001,14.999999999999998,20.0,220.00000000000003,499.99999999999994,AA2024-T3,AA2024-T3,2014.5873562894035
24.310473795341302,0.39999999999999997,0.8,14.999999999999998,20.0,220.00000000000003,499.99999999999994,AA2024-T3,AA2024-T3,2014.587356289404
24.310473795341302,0.39999999999999997,0.8,14.999999999999998,20.0,220.00000000000003,449.99999999999994,AA2024-T3,AA2024-T3,2014.587356289404
24.356429656803915,0.39999999999999997,0.8,14.999999999999998,20.0,240.00000000000003,399.99999999999994,AA2024-T3,AA2024-T3,1817.3109090803796
24.356429656803915,0.39999999999999997,0.9000000000000001,14.999999999999998,20.0,240.00000000000003,399.99999999999994,AA2024-T3,AA2024-T3,1817.3109090803791
24.359221674516526,0.39999999999999997,0.8,10.0,20.0,180.00000000000003,350.0,AA2024-T3,AA2024-T3,2212.83825011217
24.359221674516526,0.39999999999999997,0.9000000000000001,10.0,20.0,180.00000000000003,350.0,AA2024-T3,AA2024-T3,2212.83825011217
24.36142315457782,0.3,0.8,24.999999999999996,20.0,140.0,749.9999999999999,AA2024-T3,AA2024-T3,3374.7753661266374
24.36142315457782,0.3,0.9000000000000001,24.999999999999996,20.0,140.0,649.9999999999999,AA2024-T3,AA2024-T3,3374.7753661266374
24.36142315457782,0.3,0.9000000000000001,24.999999999999996,20.0,140.0,700.0,AA2024-T3,AA2024-T3,3374.7753661266374
24.36142315457782,0.3,0.8,24.999999999999996,20.0,140.0,649.9999999999999,AA2024-T3,AA2024-T3,3374.7753661266374
24.36142315457782,0.3,0.8,24.999999999999996,20.0,140.0,700.0,AA2024-T3,AA2024-T3,3374.7753661266374
24.36142315457782,0.3,0.9000000000000001,24.999999999999996,20.0,140.0,749.9999999999999,AA2024-T3,AA2024-T3,3374.7753661266374
24.367007190003044,0.3,0.9000000000000001,29.999999999999996,20.0,180.00000000000003,449.99999999999994,AA2024-T3,AA2024-T3,2905.5864305298614
24.367007190003044,0.3,0.9000000000000001,29.999999999999996,20.0,180.00000000000003,499.99999999999994,AA2024-T3,AA2024-T3,2905.5864305298614
24.367007190003044,0.3,0.8,29.999999999999996,20.0,180.00000000000003,449.99999999999994,AA2024-T3,AA2024-T3,2905.5864305298614
24.367007190003044,0.3,0.8,29.999999999999996,20.0,180.00000000000003,499.99999999999994,AA2024-T3,AA2024-T3,2905.5864305298614
24.394009465128686,0.39999999999999997,0.8,14.999999999999998,20.0,200.0,549.9999999999999,AA2024-T3,AA2024-T3,2265.9335722773058
24.394009465128686,0.39999999999999997,0.8,14.999999999999998,20.0,200.0,599.9999999999999,AA2024-T3,AA2024-T3,2265.9335722773058
24.394009465128686,0.39999999999999997,0.9000000000000001,14.999999999999998,20.0,200.0,549.9999999999999,AA2024-T3,AA2024-T3,2265.9335722773053
24.394009465128686,0.39999999999999997,0.9000000000000001,14.999999999999998,20.0,200.0,599.9999999999999,AA2024-T3,AA2024-T3,2265.9335722773053
24.399593500553912,0.39999999999999997,0.9000000000000001,10.0,20.0,160.00000000000003,399.99999999999994,AA2024-T3,AA2024-T3,2575.345693928651
24.399593500553912,0.39999999999999997,0.8,10.0,20.0,160.00000000000003,399.99999999999994,AA2024-T3,AA2024-T3,2575.345693928651
24.434381291166076,0.39999999999999997,0.9000000000000001,10.0,20.0,120.00000000000001,700.0,AA2024-T3,AA2024-T3,3798.371647167821
24.434381291166076,0.39999999999999997,0.9000000000000001,20.0,20.0,240.00000000000003,649.9999999999999,AA2024-T3,AA2024-T3,2087.688772492929
24.434381291166076,0.39999999999999997,0.9000000000000001,20.0,20.0,240.00000000000003,749.9999999999999,AA2024-T3,AA2024-T3,2087.688772492929
24.434381291166076,0.39999999999999997,0.8,20.0,20.0,240.00000000000003,649.9999999999999,AA2024-T3,AA2024-T3,2087.688772492929
24.434381291166076,0.39999999999999997,0.8,20.0,20.0,240.00000000000003,700.0,AA2024-T3,AA2024-T3,2087.688772492929
24.434381291166076,0.39999999999999997,0.8,20.0,20.0,240.00000000000003,749.9999999999999,AA2024-T3,AA2024-T3,2087.688772492929
24.434381291166076,0.39999999999999997,0.9000000000000001,10.0,20.0,120.00000000000001,749.9999999999999,AA2024-T3,AA2024-T3,3798.371647167821
24.434381291166076,0.39999999999999997,0.9000000000000001,10.0,20.0,120.00000000000001,649.9999999999999,AA2024-T3,AA2024-T3,3798.371647167821
24.434381291166076,0.39999999999999997,0.9000000000000001,20.0,20.0,240.00000000000003,700.0,AA2024-T3,AA2024-T3,2087.688772492929
24.434381291166076,0.39999999999999997,0.8,10.0,20.0,120.00000000000001,749.9999999999999,AA2024-T3,AA2024-T3,3798.371647167821
24.434381291166076,0.39999999999999997,0.8,10.0,20.0,120.00000000000001,700.0,AA2024-T3,AA2024-T3,3798.371647167821
24.434381291166076,0.39999999999999997,0.8,10.0,20.0,120.00000000000001,649.9999999999999,AA2024-T3,AA2024-T3,3798.371647167821
24.45113339744175,0.39999999999999997,0.8,10.0,20.0,220.00000000000003,300.0,AA2024-T3,AA2024-T3,1720.1169576842133
24.45113339744175,0.39999999999999997,0.9000000000000001,10.0,20.0,220.00000000000003,300.0,AA2024-T3,AA2024-T3,1720.1169576842133
24.4645029483535,0.3,0.8,20.0,20.0,140.0,300.0,AA2024-T3,AA2024-T3,2905.768610999705
24.4645029483535,0.3,0.9000000000000001,20.0,20.0,140.0,300.0,AA2024-T3,AA2024-T3,2905.768610999705
24.477545134916074,0.39999999999999997,0.8,14.999999999999998,20.0,180.00000000000003,749.9999999999999,AA2024-T3,AA2024-T3,2575.431720481311
24.477545134916074,0.39999999999999997,0.9000000000000001,14.999999999999998,20.0,180.00000000000003,649.9999999999999,AA2024-T3,AA2024-T3,2575.431720481311
24.477545134916074,0.39999999999999997,0.9000000000000001,14.999999999999998,20.0,180.00000000000003,749.9999999999999,AA2024-T3,AA2024-T3,2575.431720481311
24.477545134916074,0.39999999999999997,0.8,14.999999999999998,20.0,180.00000000000003,700.0,AA2024-T3,AA2024-T3,2575.431720481311
24.477545134916074,0.39999999999999997,0.9000000000000001,14.999999999999998,20.0,180.00000000000003,700.0,AA2024-T3,AA2024-T3,1927.5548259596792
24.477545134916074,0.39999999999999997,0.8,14.999999999999998,20.0,180.00000000000003,649.9999999999999,AA2024-T3,AA2024-T3,2575.431720481311
24.50208275667827,0.3,0.9000000000000001,24.999999999999996,20.0,160.00000000000003,350.0,AA2024-T3,AA2024-T3,2903.1119758115656
24.50208275667827,0.3,0.8,24.999999999999996,20.0,160.00000000000003,350.0,AA2024-T3,AA2024-T3,2903.1119758115656
24.5262930140913,0.39999999999999997,0.9000000000000001,20.0,20.0,280.0,449.99999999999994,AA2024-T3,AA2024-T3,1750.8410945763658
24.5262930140913,0.39999999999999997,0.9000000000000001,10.0,20.0,140.0,499.99999999999994,AA2024-T3,AA2024-T3,3073.83381985883
24.5262930140913,0.39999999999999997,0.8,20.0,20.0,280.0,499.99999999999994,AA2024-T3,AA2024-T3,1750.8410945763658
24.5262930140913,0.39999999999999997,0.9000000000000001,10.0,20.0,140.0,449.99999999999994,AA2024-T3,AA2024-T3,3073.83381985883
24.5262930140913,0.39999999999999997,0.8,20.0,20.0,280.0,449.99999999999994,AA2024-T3,AA2024-T3,1750.8410945763658
24.5262930140913,0.39999999999999997,0.9000000000000001,20.0,20.0,280.0,499.99999999999994,AA2024-T3,AA2024-T3,1750.8410945763658
24.5262930140913,0.39999999999999997,0.8,10.0,20.0,140.0,499.99999999999994,AA2024-T3,AA2024-T3,3073.83381985883
24.5262930140913,0.39999999999999997,0.8,10.0,20.0,140.0,449.99999999999994,AA2024-T3,AA2024-T3,3073.83381985883
24.531877049516524,0.39999999999999997,0.8,14.999999999999998,20.0,260.0,350.0,AA2024-T3,AA2024-T3,1661.229234516561
24.531877049516524,0.39999999999999997,0.9000000000000001,14.999999999999998,20.0,260.0,350.0,AA2024-T3,AA2024-T3,1661.2292345165606
24.566664840128688,0.39999999999999997,0.9000000000000001,20.0,20.0,260.0,599.9999999999999,AA2024-T3,AA2024-T3,1914.4787127808338
24.566664840128688,0.39999999999999997,0.8,20.0,20.0,260.0,549.9999999999999,AA2024-T3,AA2024-T3,1914.4787127808338
24.566664840128688,0.39999999999999997,0.8,20.0,20.0,260.0,599.9999999999999,AA2024-T3,AA2024-T3,1914.4787127808338
24.566664840128688,0.39999999999999997,0.9000000000000001,20.0,20.0,260.0,549.9999999999999,AA2024-T3,AA2024-T3,1914.4787127808338
24.585618426465658,0.3,0.9000000000000001,20.0,20.0,120.00000000000001,399.99999999999994,AA2024-T3,AA2024-T3,3459.308331357651
24.585618426465658,0.3,0.8,20.0,20.0,120.00000000000001,399.99999999999994,AA2024-T3,AA2024-T3,3459.308331357651
24.615412719303915,0.39999999999999997,0.8,14.999999999999998,20.0,220.00000000000003,399.99999999999994,AA2024-T3,AA2024-T3,2014.587356289404
24.615412719303915,0.39999999999999997,0.9000000000000001,14.999999999999998,20.0,220.00000000000003,399.99999999999994,AA2024-T3,AA2024-T3,2014.5873562894035
24.661368580766524,0.39999999999999997,0.9000000000000001,14.999999999999998,20.0,240.00000000000003,350.0,AA2024-T3,AA2024-T3,1817.3109090803791
24.661368580766524,0.39999999999999997,0.8,14.999999999999998,20.0,240.00000000000003,350.0,AA2024-T3,AA2024-T3,1817.3109090803796
24.66636207854043,0.3,0.9000000000000001,24.999999999999996,20.0,140.0,549.9999999999999,AA2024-T3,AA2024-T3,3374.7753661266374
24.66636207854043,0.3,0.8,24.999999999999996,20.0,140.0,549.9999999999999,AA2024-T3,AA2024-T3,3374.7753661266374
24.66636207854043,0.3,0.8,24.999999999999996,20.0,140.0,599.9999999999999,AA2024-T3,AA2024-T3,3374.7753661266374
24.66636207854043,0.3,0.9000000000000001,24.999999999999996,20.0,140.0,599.9999999999999,AA2024-T3,AA2024-T3,3374.7753661266374
24.67194611396566,0.3,0.9000000000000001,29.999999999999996,20.0,180.00000000000003,399.99999999999994,AA2024-T3,AA2024-T3,2905.5864305298614
24.67194611396566,0.3,0.8,29.999999999999996,20.0,180.00000000000003,399.99999999999994,AA2024-T3,AA2024-T3,2905.5864305298614
24.680322167103498,0.3,0.8,14.999999999999998,20.0,100.0,300.0,AA2024-T3,AA2024-T3,3647.2231735892337
24.680322167103498,0.3,0.9000000000000001,14.999999999999998,20.0,100.0,300.0,AA2024-T3,AA2024-T3,3647.223173589234
24.6989483890913,0.39999999999999997,0.8,14.999999999999998,20.0,200.0,449.99999999999994,AA2024-T3,AA2024-T3,2265.9335722773058
24.6989483890913,0.39999999999999997,0.8,14.999999999999998,20.0,200.0,499.99999999999994,AA2024-T3,AA2024-T3,2265.9335722773058
24.6989483890913,0.39999999999999997,0.9000000000000001,14.999999999999998,20.0,200.0,449.99999999999994,AA2024-T3,AA2024-T3,2265.9335722773053
24.6989483890913,0.39999999999999997,0.9000000000000001,14.999999999999998,20.0,200.0,499.99999999999994,AA2024-T3,AA2024-T3,2265.9335722773053
24.704532424516522,0.39999999999999997,0.8,10.0,20.0,160.00000000000003,350.0,AA2024-T3,AA2024-T3,2575.345693928651
24.704532424516522,0.39999999999999997,0.9000000000000001,10.0,20.0,160.00000000000003,350.0,AA2024-T3,AA2024-T3,2575.345693928651
24.71011645994175,0.39999999999999997,0.9000000000000001,10.0,20.0,200.0,300.0,AA2024-T3,AA2024-T3,1939.3155782594774
24.71011645994175,0.39999999999999997,0.8,10.0,20.0,200.0,300.0,AA2024-T3,AA2024-T3,1939.3155782594774
24.73932021512869,0.39999999999999997,0.9000000000000001,20.0,20.0,240.00000000000003,599.9999999999999,AA2024-T3,AA2024-T3,2087.688772492929
24.73932021512869,0.39999999999999997,0.9000000000000001,20.0,20.0,240.00000000000003,549.9999999999999,AA2024-T3,AA2024-T3,2087.688772492929
24.73932021512869,0.39999999999999997,0.9000000000000001,10.0,20.0,120.00000000000001,549.9999999999999,AA2024-T3,AA2024-T3,3798.371647167821
24.73932021512869,0.39999999999999997,0.9000000000000001,10.0,20.0,120.00000000000001,599.9999999999999,AA2024-T3,AA2024-T3,3798.371647167821
24.73932021512869,0.39999999999999997,0.8,20.0,20.0,240.00000000000003,549.9999999999999,AA2024-T3,AA2024-T3,2087.688772492929
24.73932021512869,0.39999999999999997,0.8,20.0,20.0,240.00000000000003,599.9999999999999,AA2024-T3,AA2024-T3,2087.688772492929
24.73932021512869,0.39999999999999997,0.8,10.0,20.0,120.00000000000001,549.9999999999999,AA2024-T3,AA2024-T3,3798.371647167821
24.73932021512869,0.39999999999999997,0.8,10.0,20.0,120.00000000000001,599.9999999999999,AA2024-T3,AA2024-T3,3798.371647167821
24.779692041166076,0.39999999999999997,0.8,20.0,20.0,220.00000000000003,649.9999999999999,AA2024-T3,AA2024-T3,2309.102719482898
24.779692041166076,0.39999999999999997,0.8,20.0,20.0,220.00000000000003,700.0,AA2024-T3,AA2024-T3,2309.102719482898
24.779692041166076,0.39999999999999997,0.8,20.0,20.0,220.00000000000003,749.9999999999999,AA2024-T3,AA2024-T3,2309.102719482898
24.779692041166076,0.39999999999999997,0.9000000000000001,24.999999999999996,20.0,280.0,749.9999999999999,AA2024-T3,AA2024-T3,1984.0307030844253
24.779692041166076,0.39999999999999997,0.9000000000000001,24.999999999999996,20.0,280.0,700.0,AA2024-T3,AA2024-T3,1984.0307030844253
24.779692041166076,0.39999999999999997,0.9000000000000001,20.0,20.0,220.00000000000003,749.9999999999999,AA2024-T3,AA2024-T3,2309.102719482898
24.779692041166076,0.39999999999999997,0.9000000000000001,20.0,20.0,220.00000000000003,700.0,AA2024-T3,AA2024-T3,2309.102719482898
24.779692041166076,0.39999999999999997,0.9000000000000001,20.0,20.0,220.00000000000003,649.9999999999999,AA2024-T3,AA2024-T3,2309.102719482898
24.779692041166076,0.39999999999999997,0.8,24.999999999999996,20.0,280.0,700.0,AA2024-T3,AA2024-T3,1984.0307030844253
24.779692041166076,0.39999999999999997,0.8,24.999999999999996,20.0,280.0,649.9999999999999,AA2024-T3,AA2024-T3,1984.0307030844253
24.779692041166076,0.39999999999999997,0.8,24.999999999999996,20.0,280.0,749.9999999999999,AA2024-T3,AA2024-T3,1984.0307030844253
24.779692041166076,0.39999999999999997,0.9000000000000001,24.999999999999996,20.0,280.0,649.9999999999999,AA2024-T3,AA2024-T3,1984.0307030844253
24.782484058878687,0.39999999999999997,0.8,14.999999999999998,20.0,180.00000000000003,599.9999999999999,AA2024-T3,AA2024-T3,2575.431720481311
24.782484058878687,0.39999999999999997,0.8,14.999999999999998,20.0,180.00000000000003,549.9999999999999,AA2024-T3,AA2024-T3,2575.431720481311
24.782484058878687,0.39999999999999997,0.9000000000000001,14.999999999999998,20.0,180.00000000000003,549.9999999999999,AA2024-T3,AA2024-T3,2575.431720481311
24.782484058878687,0.39999999999999997,0.9000000000000001,14.999999999999998,20.0,180.00000000000003,599.9999999999999,AA2024-T3,AA2024-T3,2575.431720481311
24.79306159207782,0.3,0.8,29.999999999999996,20.0,160.00000000000003,749.9999999999999,AA2024-T3,AA2024-T3,3313.4561514223924
24.79306159207782,0.3,0.8,29.999999999999996,20.0,160.00000000000003,700.0,AA2024-T3,AA2024-T3,3313.4561514223924
24.79306159207782,0.3,0.9000000000000001,29.999999999999996,20.0,160.00000000000003,649.9999999999999,AA2024-T3,AA2024-T3,3313.4561514223924
24.79306159207782,0.3,0.8,29.999999999999996,20.0,160.00000000000003,649.9999999999999,AA2024-T3,AA2024-T3,3313.4561514223924
24.79306159207782,0.3,0.9000000000000001,29.999999999999996,20.0,160.00000000000003,749.9999999999999,AA2024-T3,AA2024-T3,3313.4561514223924
24.79306159207782,0.3,0.9000000000000001,29.999999999999996,20.0,160.00000000000003,700.0,AA2024-T3,AA2024-T3,3313.4561514223924
24.809813698353498,0.3,0.8,29.999999999999996,20.0,200.0,300.0,AA2024-T3,AA2024-T3,2591.4326447620306
24.809813698353498,0.3,0.9000000000000001,29.999999999999996,20.0,200.0,300.0,AA2024-T3,AA2024-T3,2591.4326447620306
24.831231938053914,0.39999999999999997,0.9000000000000001,10.0,20.0,140.0,399.99999999999994,AA2024-T3,AA2024-T3,3073.83381985883
24.831231938053914,0.39999999999999997,0.8,10.0,20.0,140.0,399.99999999999994,AA2024-T3,AA2024-T3,3073.83381985883
24.831231938053914,0.39999999999999997,0.9000000000000001,20.0,20.0,280.0,399.99999999999994,AA2024-T3,AA2024-T3,1750.8410945763658
24.831231938053914,0.39999999999999997,0.8,20.0,20.0,280.0,399.99999999999994,AA2024-T3,AA2024-T3,1750.8410945763658
24.8716037640913,0.39999999999999997,0.9000000000000001,20.0,20.0,260.0,449.99999999999994,AA2024-T3,AA2024-T3,1914.4787127808338
24.8716037640913,0.39999999999999997,0.8,20.0,20.0,260.0,499.99999999999994,AA2024-T3,AA2024-T3,1914.4787127808338
24.8716037640913,0.39999999999999997,0.8,20.0,20.0,260.0,449.99999999999994,AA2024-T3,AA2024-T3,1914.4787127808338
24.8716037640913,0.39999999999999997,0.9000000000000001,20.0,20.0,260.0,499.99999999999994,AA2024-T3,AA2024-T3,1914.4787127808338
24.88277183494175,0.39999999999999997,0.8,14.999999999999998,20.0,280.0,300.0,AA2024-T3,AA2024-T3,1517.8700061013014
24.88277183494175,0.39999999999999997,0.9000000000000001,14.999999999999998,20.0,280.0,300.0,AA2024-T3,AA2024-T3,1517.870006101301
24.89055735042827,0.3,0.8,20.0,20.0,120.00000000000001,350.0,AA2024-T3,AA2024-T3,3459.308331357651
24.89055735042827,0.3,0.9000000000000001,20.0,20.0,120.00000000000001,350.0,AA2024-T3,AA2024-T3,3459.308331357651
24.920351643266525,0.39999999999999997,0.9000000000000001,14.999999999999998,20.0,220.00000000000003,350.0,AA2024-T3,AA2024-T3,2014.5873562894035
24.920351643266525,0.39999999999999997,0.8,14.999999999999998,20.0,220.00000000000003,350.0,AA2024-T3,AA2024-T3,2014.587356289404
24.969099522441752,0.39999999999999997,0.9000000000000001,10.0,20.0,180.00000000000003,300.0,AA2024-T3,AA2024-T3,2212.83825011217
24.969099522441752,0.39999999999999997,0.8,10.0,20.0,180.00000000000003,300.0,AA2024-T3,AA2024-T3,2212.83825011217
24.971301002503047,0.3,0.9000000000000001,24.999999999999996,20.0,140.0,449.99999999999994,AA2024-T3,AA2024-T3,3374.7753661266374
24.971301002503047,0.3,0.9000000000000001,24.999999999999996,20.0,140.0,499.99999999999994,AA2024-T3,AA2024-T3,3374.7753661266374
24.971301002503047,0.3,0.8,24.999999999999996,20.0,140.0,499.99999999999994,AA2024-T3,AA2024-T3,3374.7753661266374
24.971301002503047,0.3,0.8,24.999999999999996,20.0,140.0,449.99999999999994,AA2024-T3,AA2024-T3,3374.7753661266374
24.97688503792827,0.3,0.9000000000000001,29.999999999999996,20.0,180.00000000000003,350.0,AA2024-T3,AA2024-T3,2905.5864305298614
24.97688503792827,0.3,0.8,29.999999999999996,20.0,180.00000000000003,350.0,AA2024-T3,AA2024-T3,2905.5864305298614
24.995511259916075,0.39999999999999997,0.9000000000000001,14.999999999999998,20.0,160.00000000000003,649.9999999999999,AA2024-T3,AA2024-T3,2984.460070755174
24.995511259916075,0.39999999999999997,0.9000000000000001,14.999999999999998,20.0,160.00000000000003,700.0,AA2024-T3,AA2024-T3,2270.1649118667906
24.995511259916075,0.39999999999999997,0.8,14.999999999999998,20.0,160.00000000000003,649.9999999999999,AA2024-T3,AA2024-T3,2984.460070755175
24.995511259916075,0.39999999999999997,0.9000000000000001,14.999999999999998,20.0,160.00000000000003,749.9999999999999,AA2024-T3,AA2024-T3,2984.460070755174
24.995511259916075,0.39999999999999997,0.8,14.999999999999998,20.0,160.00000000000003,749.9999999999999,AA2024-T3,AA2024-T3,2984.460070755175
24.995511259916075,0.39999999999999997,0.8,14.999999999999998,20.0,160.00000000000003,700.0,AA2024-T3,AA2024-T3,2984.460070755175
25.003887313053912,0.39999999999999997,0.8,14.999999999999998,20.0,200.0,399.99999999999994,AA2024-T3,AA2024-T3,2265.9335722773058
25.003887313053912,0.39999999999999997,0.9000000000000001,14.999999999999998,20.0,200.0,399.99999999999994,AA2024-T3,AA2024-T3,2265.9335722773053
25.044259139091302,0.39999999999999997,0.9000000000000001,10.0,20.0,120.00000000000001,449.99999999999994,AA2024-T3,AA2024-T3,3798.371647167821
25.044259139091302,0.39999999999999997,0.9000000000000001,20.0,20.0,240.00000000000003,499.99999999999994,AA2024-T3,AA2024-T3,2087.688772492929
25.044259139091302,0.39999999999999997,0.9000000000000001,20.0,20.0,240.00000000000003,449.99999999999994,AA2024-T3,AA2024-T3,2087.688772492929
25.044259139091302,0.39999999999999997,0.9000000000000001,10.0,20.0,120.00000000000001,499.99999999999994,AA2024-T3,AA2024-T3,3798.371647167821
25.044259139091302,0.39999999999999997,0.8,10.0,20.0,120.00000000000001,449.99999999999994,AA2024-T3,AA2024-T3,3798.371647167821
25.044259139091302,0.39999999999999997,0.8,20.0,20.0,240.00000000000003,499.99999999999994,AA2024-T3,AA2024-T3,2087.688772492929
25.044259139091302,0.39999999999999997,0.8,20.0,20.0,240.00000000000003,449.99999999999994,AA2024-T3,AA2024-T3,2087.688772492929
25.044259139091302,0.39999999999999997,0.8,10.0,20.0,120.00000000000001,499.99999999999994,AA2024-T3,AA2024-T3,3798.371647167821
25.08463096512869,0.39999999999999997,0.8,20.0,20.0,220.00000000000003,549.9999999999999,AA2024-T3,AA2024-T3,2309.102719482898
25.08463096512869,0.39999999999999997,0.8,20.0,20.0,220.00000000000003,599.9999999999999,AA2024-T3,AA2024-T3,2309.102719482898
25.08463096512869,0.39999999999999997,0.9000000000000001,20.0,20.0,220.00000000000003,599.9999999999999,AA2024-T3,AA2024-T3,2309.102719482898
25.08463096512869,0.39999999999999997,0.9000000000000001,20.0,20.0,220.00000000000003,549.9999999999999,AA2024-T3,AA2024-T3,2309.102719482898
25.08463096512869,0.39999999999999997,0.9000000000000001,24.999999999999996,20.0,280.0,549.9999999999999,AA2024-T3,AA2024-T3,1984.0307030844253
25.08463096512869,0.39999999999999997,0.9000000000000001,24.999999999999996,20.0,280.0,599.9999999999999,AA2024-T3,AA2024-T3,1984.0307030844253
25.08463096512869,0.39999999999999997,0.8,24.999999999999996,20.0,280.0,599.9999999999999,AA2024-T3,AA2024-T3,1984.0307030844253
25.08463096512869,0.39999999999999997,0.8,24.999999999999996,20.0,280.0,549.9999999999999,AA2024-T3,AA2024-T3,1984.0307030844253
25.0874229828413,0.39999999999999997,0.9000000000000001,14.999999999999998,20.0,180.00000000000003,499.99999999999994,AA2024-T3,AA2024-T3,2575.431720481311
25.0874229828413,0.39999999999999997,0.9000000000000001,14.999999999999998,20.0,180.00000000000003,449.99999999999994,AA2024-T3,AA2024-T3,2575.431720481311
25.0874229828413,0.39999999999999997,0.8,14.999999999999998,20.0,180.00000000000003,449.99999999999994,AA2024-T3,AA2024-T3,2575.431720481311
25.0874229828413,0.39999999999999997,0.8,14.999999999999998,20.0,180.00000000000003,499.99999999999994,AA2024-T3,AA2024-T3,2575.431720481311
25.098000516040432,0.3,0.8,29.999999999999996,20.0,160.00000000000003,599.9999999999999,AA2024-T3,AA2024-T3,3313.4561514223924
25.098000516040432,0.3,0.9000000000000001,29.999999999999996,20.0,160.00000000000003,549.9999999999999,AA2024-T3,AA2024-T3,3313.4561514223924
25.098000516040432,0.3,0.9000000000000001,29.999999999999996,20.0,160.00000000000003,599.9999999999999,AA2024-T3,AA2024-T3,3313.4561514223924
25.098000516040432,0.3,0.8,29.999999999999996,20.0,160.00000000000003,549.9999999999999,AA2024-T3,AA2024-T3,3313.4561514223924
25.111960604603496,0.3,0.9000000000000001,24.999999999999996,20.0,160.00000000000003,300.0,AA2024-T3,AA2024-T3,2903.1119758115656
25.111960604603496,0.3,0.8,24.999999999999996,20.0,160.00000000000003,300.0,AA2024-T3,AA2024-T3,2903.1119758115656
25.136170862016524,0.39999999999999997,0.8,10.0,20.0,140.0,350.0,AA2024-T3,AA2024-T3,3073.83381985883
25.136170862016524,0.39999999999999997,0.9000000000000001,20.0,20.0,280.0,350.0,AA2024-T3,AA2024-T3,1750.8410945763658
25.136170862016524,0.39999999999999997,0.9000000000000001,10.0,20.0,140.0,350.0,AA2024-T3,AA2024-T3,3073.83381985883
25.136170862016524,0.39999999999999997,0.8,20.0,20.0,280.0,350.0,AA2024-T3,AA2024-T3,1750.8410945763658
25.14175489744175,0.39999999999999997,0.9000000000000001,14.999999999999998,20.0,260.0,300.0,AA2024-T3,AA2024-T3,1661.2292345165606
25.14175489744175,0.39999999999999997,0.8,14.999999999999998,20.0,260.0,300.0,AA2024-T3,AA2024-T3,1661.229234516561
25.176542688053914,0.39999999999999997,0.9000000000000001,20.0,20.0,260.0,399.99999999999994,AA2024-T3,AA2024-T3,1914.4787127808338
25.176542688053914,0.39999999999999997,0.8,20.0,20.0,260.0,399.99999999999994,AA2024-T3,AA2024-T3,1914.4787127808338
25.211330478666074,0.39999999999999997,0.8,24.999999999999996,20.0,260.0,649.9999999999999,AA2024-T3,AA2024-T3,2168.217479103675
25.211330478666074,0.39999999999999997,0.8,10.0,20.0,100.0,649.9999999999999,AA2024-T3,AA2024-T3,4988.099625845244
25.211330478666074,0.39999999999999997,0.8,10.0,20.0,100.0,749.9999999999999,AA2024-T3,AA2024-T3,4988.099625845244
25.211330478666074,0.39999999999999997,0.8,10.0,20.0,100.0,700.0,AA2024-T3,AA2024-T3,4988.099625845244
25.211330478666074,0.39999999999999997,0.8,24.999999999999996,20.0,260.0,749.9999999999999,AA2024-T3,AA2024-T3,2168.217479103675
25.211330478666074,0.39999999999999997,0.8,24.999999999999996,20.0,260.0,700.0,AA2024-T3,AA2024-T3,2168.217479103675
25.211330478666074,0.39999999999999997,0.9000000000000001,24.999999999999996,20.0,260.0,749.9999999999999,AA2024-T3,AA2024-T3,2168.2174791036755
25.211330478666074,0.39999999999999997,0.9000000000000001,24.999999999999996,20.0,260.0,700.0,AA2024-T3,AA2024-T3,2168.2174791036755
25.211330478666074,0.39999999999999997,0.9000000000000001,10.0,20.0,100.0,749.9999999999999,AA2024-T3,AA2024-T3,4988.099625845244
25.211330478666074,0.39999999999999997,0.9000000000000001,24.999999999999996,20.0,260.0,649.9999999999999,AA2024-T3,AA2024-T3,2168.2174791036755
25.211330478666074,0.39999999999999997,0.9000000000000001,10.0,20.0,100.0,700.0,AA2024-T3,AA2024-T3,4988.099625845244
25.211330478666074,0.39999999999999997,0.9000000000000001,10.0,20.0,100.0,649.9999999999999,AA2024-T3,AA2024-T3,4988.099625845244
25.224700029577818,0.3,0.9000000000000001,20.0,20.0,100.0,700.0,AA2024-T3,AA2024-T3,4295.734849801513
25.224700029577818,0.3,0.8,20.0,20.0,100.0,649.9999999999999,AA2024-T3,AA2024-T3,4295.734849801513
25.224700029577818,0.3,0.9000000000000001,20.0,20.0,100.0,649.9999999999999,AA2024-T3,AA2024-T3,4295.734849801513
25.224700029577818,0.3,0.8,20.0,20.0,100.0,700.0,AA2024-T3,AA2024-T3,4295.734849801513
25.224700029577818,0.3,0.8,20.0,20.0,100.0,749.9999999999999,AA2024-T3,AA2024-T3,4295.734849801513
25.224700029577818,0.3,0.9000000000000001,20.0,20.0,100.0,749.9999999999999,AA2024-T3,AA2024-T3,4295.734849801513
25.27124642869175,0.39999999999999997,0.9000000000000001,14.999999999999998,20.0,240.00000000000003,300.0,AA2024-T3,AA2024-T3,1817.3109090803791
25.27124642869175,0.39999999999999997,0.8,14.999999999999998,20.0,240.00000000000003,300.0,AA2024-T3,AA2024-T3,1817.3109090803796
25.276239926465657,0.3,0.9000000000000001,24.999999999999996,20.0,140.0,399.99999999999994,AA2024-T3,AA2024-T3,3374.7753661266374
25.276239926465657,0.3,0.8,24.999999999999996,20.0,140.0,399.99999999999994,AA2024-T3,AA2024-T3,3374.7753661266374
25.297658166166073,0.39999999999999997,0.8,20.0,20.0,200.0,649.9999999999999,AA2024-T3,AA2024-T3,2592.9248407031446
25.297658166166073,0.39999999999999997,0.9000000000000001,20.0,20.0,200.0,649.9999999999999,AA2024-T3,AA2024-T3,2592.9248407031446
25.297658166166073,0.39999999999999997,0.9000000000000001,20.0,20.0,200.0,700.0,AA2024-T3,AA2024-T3,2592.9248407031446
25.297658166166073,0.39999999999999997,0.9000000000000001,20.0,20.0,200.0,749.9999999999999,AA2024-T3,AA2024-T3,2592.9248407031446
25.297658166166073,0.39999999999999997,0.8,20.0,20.0,200.0,700.0,AA2024-T3,AA2024-T3,2592.9248407031446
25.297658166166073,0.39999999999999997,0.8,20.0,20.0,200.0,749.9999999999999,AA2024-T3,AA2024-T3,2592.9248407031446
25.300450183878688,0.39999999999999997,0.8,14.999999999999998,20.0,160.00000000000003,599.9999999999999,AA2024-T3,AA2024-T3,2984.460070755175
25.300450183878688,0.39999999999999997,0.8,14.999999999999998,20.0,160.00000000000003,549.9999999999999,AA2024-T3,AA2024-T3,2984.460070755175
25.300450183878688,0.39999999999999997,0.9000000000000001,14.999999999999998,20.0,160.00000000000003,599.9999999999999,AA2024-T3,AA2024-T3,2984.460070755174
25.300450183878688,0.39999999999999997,0.9000000000000001,14.999999999999998,20.0,160.00000000000003,549.9999999999999,AA2024-T3,AA2024-T3,2984.460070755174
25.308826237016522,0.39999999999999997,0.8,14.999999999999998,20.0,200.0,350.0,AA2024-T3,AA2024-T3,2265.9335722773058
25.308826237016522,0.39999999999999997,0.9000000000000001,14.999999999999998,20.0,200.0,350.0,AA2024-T3,AA2024-T3,2265.9335722773053
25.314410272441748,0.39999999999999997,0.8,10.0,20.0,160.00000000000003,300.0,AA2024-T3,AA2024-T3,2575.345693928651
25.314410272441748,0.39999999999999997,0.9000000000000001,10.0,20.0,160.00000000000003,300.0,AA2024-T3,AA2024-T3,2575.345693928651
25.349198063053915,0.39999999999999997,0.9000000000000001,10.0,20.0,120.00000000000001,399.99999999999994,AA2024-T3,AA2024-T3,3798.371647167821
25.349198063053915,0.39999999999999997,0.8,20.0,20.0,240.00000000000003,399.99999999999994,AA2024-T3,AA2024-T3,2087.688772492929
25.349198063053915,0.39999999999999997,0.8,10.0,20.0,120.00000000000001,399.99999999999994,AA2024-T3,AA2024-T3,3798.371647167821
25.349198063053915,0.39999999999999997,0.9000000000000001,20.0,20.0,240.00000000000003,399.99999999999994,AA2024-T3,AA2024-T3,2087.688772492929
25.3895698890913,0.39999999999999997,0.9000000000000001,20.0,20.0,220.00000000000003,449.99999999999994,AA2024-T3,AA2024-T3,2309.102719482898
25.3895698890913,0.39999999999999997,0.8,24.999999999999996,20.0,280.0,499.99999999999994,AA2024-T3,AA2024-T3,1984.0307030844253
25.3895698890913,0.39999999999999997,0.8,20.0,20.0,220.00000000000003,449.99999999999994,AA2024-T3,AA2024-T3,2309.102719482898
25.3895698890913,0.39999999999999997,0.8,20.0,20.0,220.00000000000003,499.99999999999994,AA2024-T3,AA2024-T3,2309.102719482898
25.3895698890913,0.39999999999999997,0.9000000000000001,20.0,20.0,220.00000000000003,499.99999999999994,AA2024-T3,AA2024-T3,2309.102719482898
25.3895698890913,0.39999999999999997,0.8,24.999999999999996,20.0,280.0,449.99999999999994,AA2024-T3,AA2024-T3,1984.0307030844253
25.3895698890913,0.39999999999999997,0.9000000000000001,24.999999999999996,20.0,280.0,449.99999999999994,AA2024-T3,AA2024-T3,1984.0307030844253
25.3895698890913,0.39999999999999997,0.9000000000000001,24.999999999999996,20.0,280.0,499.99999999999994,AA2024-T3,AA2024-T3,1984.0307030844253
25.392361906803913,0.39999999999999997,0.9000000000000001,14.999999999999998,20.0,180.00000000000003,399.99999999999994,AA2024-T3,AA2024-T3,2575.431720481311
25.392361906803913,0.39999999999999997,0.8,14.999999999999998,20.0,180.00000000000003,399.99999999999994,AA2024-T3,AA2024-T3,2575.431720481311
25.402939440003045,0.3,0.8,29.999999999999996,20.0,160.00000000000003,499.99999999999994,AA2024-T3,AA2024-T3,3313.4561514223924
25.402939440003045,0.3,0.9000000000000001,29.999999999999996,20.0,160.00000000000003,449.99999999999994,AA2024-T3,AA2024-T3,3313.4561514223924
25.402939440003045,0.3,0.9000000000000001,29.999999999999996,20.0,160.00000000000003,499.99999999999994,AA2024-T3,AA2024-T3,3313.4561514223924
25.402939440003045,0.3,0.8,29.999999999999996,20.0,160.00000000000003,449.99999999999994,AA2024-T3,AA2024-T3,3313.4561514223924
25.427149697416073,0.39999999999999997,0.8,24.999999999999996,20.0,240.00000000000003,749.9999999999999,AA2024-T3,AA2024-T3,2358.1477657776773
25.427149697416073,0.39999999999999997,0.9000000000000001,24.999999999999996,20.0,240.00000000000003,749.9999999999999,AA2024-T3,AA2024-T3,2358.1477657776773
25.427149697416073,0.39999999999999997,0.9000000000000001,24.999999999999996,20.0,240.00000000000003,649.9999999999999,AA2024-T3,AA2024-T3,2358.1477657776773
25.427149697416073,0.39999999999999997,0.8,24.999999999999996,20.0,240.00000000000003,649.9999999999999,AA2024-T3,AA2024-T3,2358.1477657776773
25.427149697416073,0.39999999999999997,0.9000000000000001,24.999999999999996,20.0,240.00000000000003,700.0,AA2024-T3,AA2024-T3,2358.1477657776773
25.427149697416073,0.39999999999999997,0.8,24.999999999999996,20.0,240.00000000000003,700.0,AA2024-T3,AA2024-T3,2358.1477657776773
25.481481612016523,0.39999999999999997,0.9000000000000001,20.0,20.0,260.0,350.0,AA2024-T3,AA2024-T3,1914.4787127808338
25.481481612016523,0.39999999999999997,0.8,20.0,20.0,260.0,350.0,AA2024-T3,AA2024-T3,1914.4787127808338
25.500435198353497,0.3,0.8,20.0,20.0,120.00000000000001,300.0,AA2024-T3,AA2024-T3,3459.308331357651
25.500435198353497,0.3,0.9000000000000001,20.0,20.0,120.00000000000001,300.0,AA2024-T3,AA2024-T3,3459.308331357651
25.516269402628687,0.39999999999999997,0.8,10.0,20.0,100.0,599.9999999999999,AA2024-T3,AA2024-T3,4988.099625845244
25.516269402628687,0.39999999999999997,0.8,10.0,20.0,100.0,549.9999999999999,AA2024-T3,AA2024-T3,4988.099625845244
25.516269402628687,0.39999999999999997,0.9000000000000001,24.999999999999996,20.0,260.0,599.9999999999999,AA2024-T3,AA2024-T3,2168.2174791036755
25.516269402628687,0.39999999999999997,0.9000000000000001,24.999999999999996,20.0,260.0,549.9999999999999,AA2024-T3,AA2024-T3,2168.2174791036755
25.516269402628687,0.39999999999999997,0.8,24.999999999999996,20.0,260.0,599.9999999999999,AA2024-T3,AA2024-T3,2168.217479103675
25.516269402628687,0.39999999999999997,0.8,24.999999999999996,20.0,260.0,549.9999999999999,AA2024-T3,AA2024-T3,2168.217479103675
25.516269402628687,0.39999999999999997,0.9000000000000001,10.0,20.0,100.0,599.9999999999999,AA2024-T3,AA2024-T3,4988.099625845244
25.516269402628687,0.39999999999999997,0.9000000000000001,10.0,20.0,100.0,549.9999999999999,AA2024-T3,AA2024-T3,4988.099625845244
25.52963895354043,0.3,0.9000000000000001,20.0,20.0,100.0,599.9999999999999,AA2024-T3,AA2024-T3,4295.734849801513
25.52963895354043,0.3,0.8,20.0,20.0,100.0,599.9999999999999,AA2024-T3,AA2024-T3,4295.734849801513
25.52963895354043,0.3,0.9000000000000001,20.0,20.0,100.0,549.9999999999999,AA2024-T3,AA2024-T3,4295.734849801513
25.52963895354043,0.3,0.8,20.0,20.0,100.0,549.9999999999999,AA2024-T3,AA2024-T3,4295.734849801513
25.53022949119175,0.39999999999999997,0.9000000000000001,14.999999999999998,20.0,220.00000000000003,300.0,AA2024-T3,AA2024-T3,2014.5873562894035
25.53022949119175,0.39999999999999997,0.8,14.999999999999998,20.0,220.00000000000003,300.0,AA2024-T3,AA2024-T3,2014.587356289404
25.581178850428273,0.3,0.8,24.999999999999996,20.0,140.0,350.0,AA2024-T3,AA2024-T3,3374.7753661266374
25.581178850428273,0.3,0.9000000000000001,24.999999999999996,20.0,140.0,350.0,AA2024-T3,AA2024-T3,3374.7753661266374
25.586762885853496,0.3,0.8,29.999999999999996,20.0,180.00000000000003,300.0,AA2024-T3,AA2024-T3,2905.5864305298614
25.586762885853496,0.3,0.9000000000000001,29.999999999999996,20.0,180.00000000000003,300.0,AA2024-T3,AA2024-T3,2905.5864305298614
25.602597090128686,0.39999999999999997,0.9000000000000001,20.0,20.0,200.0,599.9999999999999,AA2024-T3,AA2024-T3,2592.9248407031446
25.602597090128686,0.39999999999999997,0.9000000000000001,20.0,20.0,200.0,549.9999999999999,AA2024-T3,AA2024-T3,2592.9248407031446
25.602597090128686,0.39999999999999997,0.8,20.0,20.0,200.0,599.9999999999999,AA2024-T3,AA2024-T3,2592.9248407031446
25.602597090128686,0.39999999999999997,0.8,20.0,20.0,200.0,549.9999999999999,AA2024-T3,AA2024-T3,2592.9248407031446
25.6053891078413,0.39999999999999997,0.9000000000000001,14.999999999999998,20.0,160.00000000000003,449.99999999999994,AA2024-T3,AA2024-T3,2984.460070755174
25.6053891078413,0.39999999999999997,0.9000000000000001,14.999999999999998,20.0,160.00000000000003,499.99999999999994,AA2024-T3,AA2024-T3,2984.460070755174
25.6053891078413,0.39999999999999997,0.8,14.999999999999998,20.0,160.00000000000003,449.99999999999994,AA2024-T3,AA2024-T3,2984.460070755175
25.6053891078413,0.39999999999999997,0.8,14.999999999999998,20.0,160.00000000000003,499.99999999999994,AA2024-T3,AA2024-T3,2984.460070755175
25.642968916166076,0.39999999999999997,0.8,14.999999999999998,20.0,140.0,649.9999999999999,AA2024-T3,AA2024-T3,3542.0677732447375
25.642968916166076,0.39999999999999997,0.9000000000000001,14.999999999999998,20.0,140.0,649.9999999999999,AA2024-T3,AA2024-T3,3542.0677732447375
25.642968916166076,0.39999999999999997,0.9000000000000001,14.999999999999998,20.0,140.0,700.0,AA2024-T3,AA2024-T3,2755.536053862414
25.642968916166076,0.39999999999999997,0.8,14.999999999999998,20.0,140.0,749.9999999999999,AA2024-T3,AA2024-T3,3542.0677732447375
25.642968916166076,0.39999999999999997,0.9000000000000001,29.999999999999996,20.0,280.0,700.0,AA2024-T3,AA2024-T3,2217.415748523403
25.642968916166076,0.39999999999999997,0.9000000000000001,29.999999999999996,20.0,280.0,649.9999999999999,AA2024-T3,AA2024-T3,2217.415748523403
25.642968916166076,0.39999999999999997,0.8,29.999999999999996,20.0,280.0,700.0,AA2024-T3,AA2024-T3,2217.415748523403
25.642968916166076,0.39999999999999997,0.8,29.999999999999996,20.0,280.0,749.9999999999999,AA2024-T3,AA2024-T3,2217.415748523403
25.642968916166076,0.39999999999999997,0.8,14.999999999999998,20.0,140.0,700.0,AA2024-T3,AA2024-T3,3542.0677732447375
25.642968916166076,0.39999999999999997,0.8,29.999999999999996,20.0,280.0,649.9999999999999,AA2024-T3,AA2024-T3,2217.415748523403
25.642968916166076,0.39999999999999997,0.9000000000000001,14.999999999999998,20.0,140.0,749.9999999999999,AA2024-T3,AA2024-T3,3542.0677732447375
25.642968916166076,0.39999999999999997,0.9000000000000001,29.999999999999996,20.0,280.0,749.9999999999999,AA2024-T3,AA2024-T3,2217.415748523403
25.654136987016525,0.39999999999999997,0.9000000000000001,10.0,20.0,120.00000000000001,350.0,AA2024-T3,AA2024-T3,3798.371647167821
25.654136987016525,0.39999999999999997,0.8,20.0,20.0,240.00000000000003,350.0,AA2024-T3,AA2024-T3,2087.688772492929
25.654136987016525,0.39999999999999997,0.9000000000000001,20.0,20.0,240.00000000000003,350.0,AA2024-T3,AA2024-T3,2087.688772492929
25.654136987016525,0.39999999999999997,0.8,10.0,20.0,120.00000000000001,350.0,AA2024-T3,AA2024-T3,3798.371647167821
25.656338467077816,0.3,0.8,24.999999999999996,20.0,120.00000000000001,700.0,AA2024-T3,AA2024-T3,4001.179033960362
25.656338467077816,0.3,0.8,24.999999999999996,20.0,120.00000000000001,649.9999999999999,AA2024-T3,AA2024-T3,4001.179033960362
25.656338467077816,0.3,0.9000000000000001,24.999999999999996,20.0,120.00000000000001,700.0,AA2024-T3,AA2024-T3,4001.1790339603635
25.656338467077816,0.3,0.9000000000000001,24.999999999999996,20.0,120.00000000000001,649.9999999999999,AA2024-T3,AA2024-T3,4001.1790339603635
25.656338467077816,0.3,0.9000000000000001,24.999999999999996,20.0,120.00000000000001,749.9999999999999,AA2024-T3,AA2024-T3,4001.1790339603635
25.656338467077816,0.3,0.8,24.999999999999996,20.0,120.00000000000001,749.9999999999999,AA2024-T3,AA2024-T3,4001.179033960362
25.694508813053915,0.39999999999999997,0.8,20.0,20.0,220.00000000000003,399.99999999999994,AA2024-T3,AA2024-T3,2309.102719482898
25.694508813053915,0.39999999999999997,0.9000000000000001,20.0,20.0,220.00000000000003,399.99999999999994,AA2024-T3,AA2024-T3,2309.102719482898
25.694508813053915,0.39999999999999997,0.8,24.999999999999996,20.0,280.0,399.99999999999994,AA2024-T3,AA2024-T3,1984.0307030844253
25.694508813053915,0.39999999999999997,0.9000000000000001,24.999999999999996,20.0,280.0,399.99999999999994,AA2024-T3,AA2024-T3,1984.0307030844253
25.697300830766522,0.39999999999999997,0.9000000000000001,14.999999999999998,20.0,180.00000000000003,350.0,AA2024-T3,AA2024-T3,2575.431720481311
25.697300830766522,0.39999999999999997,0.8,14.999999999999998,20.0,180.00000000000003,350.0,AA2024-T3,AA2024-T3,2575.431720481311
25.70787836396566,0.3,0.9000000000000001,29.999999999999996,20.0,160.00000000000003,399.99999999999994,AA2024-T3,AA2024-T3,3313.4561514223924
25.70787836396566,0.3,0.8,29.999999999999996,20.0,160.00000000000003,399.99999999999994,AA2024-T3,AA2024-T3,3313.4561514223924
25.732088621378686,0.39999999999999997,0.9000000000000001,24.999999999999996,20.0,240.00000000000003,599.9999999999999,AA2024-T3,AA2024-T3,2358.1477657776773
25.732088621378686,0.39999999999999997,0.9000000000000001,24.999999999999996,20.0,240.00000000000003,549.9999999999999,AA2024-T3,AA2024-T3,2358.1477657776773
25.732088621378686,0.39999999999999997,0.8,24.999999999999996,20.0,240.00000000000003,549.9999999999999,AA2024-T3,AA2024-T3,2358.1477657776773
25.732088621378686,0.39999999999999997,0.8,24.999999999999996,20.0,240.00000000000003,599.9999999999999,AA2024-T3,AA2024-T3,2358.1477657776773
25.74604870994175,0.39999999999999997,0.8,10.0,20.0,140.0,300.0,AA2024-T3,AA2024-T3,3073.83381985883
25.74604870994175,0.39999999999999997,0.9000000000000001,20.0,20.0,280.0,300.0,AA2024-T3,AA2024-T3,1750.8410945763658
25.74604870994175,0.39999999999999997,0.9000000000000001,10.0,20.0,140.0,300.0,AA2024-T3,AA2024-T3,3073.83381985883
25.74604870994175,0.39999999999999997,0.8,20.0,20.0,280.0,300.0,AA2024-T3,AA2024-T3,1750.8410945763658
25.815624291166074,0.39999999999999997,0.9000000000000001,20.0,20.0,180.00000000000003,749.9999999999999,AA2024-T3,AA2024-T3,2938.3677984230444
25.815624291166074,0.39999999999999997,0.9000000000000001,20.0,20.0,180.00000000000003,649.9999999999999,AA2024-T3,AA2024-T3,2938.3677984230444
25.815624291166074,0.39999999999999997,0.8,20.0,20.0,180.00000000000003,749.9999999999999,AA2024-T3,AA2024-T3,2938.3677984230444
25.815624291166074,0.39999999999999997,0.8,20.0,20.0,180.00000000000003,649.9999999999999,AA2024-T3,AA2024-T3,2938.3677984230444
25.815624291166074,0.39999999999999997,0.8,20.0,20.0,180.00000000000003,700.0,AA2024-T3,AA2024-T3,2938.3677984230444
25.815624291166074,0.39999999999999997,0.9000000000000001,20.0,20.0,180.00000000000003,700.0,AA2024-T3,AA2024-T3,2938.3677984230444
25.8212083265913,0.39999999999999997,0.9000000000000001,24.999999999999996,20.0,260.0,449.99999999999994,AA2024-T3,AA2024-T3,2168.2174791036755
25.8212083265913,0.39999999999999997,0.8,24.999999999999996,20.0,260.0,449.99999999999994,AA2024-T3,AA2024-T3,2168.217479103675
25.8212083265913,0.39999999999999997,0.8,24.999999999999996,20.0,260.0,499.99999999999994,AA2024-T3,AA2024-T3,2168.217479103675
25.8212083265913,0.39999999999999997,0.9000000000000001,24.999999999999996,20.0,260.0,499.99999999999994,AA2024-T3,AA2024-T3,2168.2174791036755
25.8212083265913,0.39999999999999997,0.8,10.0,20.0,100.0,499.99999999999994,AA2024-T3,AA2024-T3,4988.099625845244
25.8212083265913,0.39999999999999997,0.9000000000000001,10.0,20.0,100.0,499.99999999999994,AA2024-T3,AA2024-T3,4988.099625845244
25.8212083265913,0.39999999999999997,0.9000000000000001,10.0,20.0,100.0,449.99999999999994,AA2024-T3,AA2024-T3,4988.099625845244
25.8212083265913,0.39999999999999997,0.8,10.0,20.0,100.0,449.99999999999994,AA2024-T3,AA2024-T3,4988.099625845244
25.834577877503044,0.3,0.8,20.0,20.0,100.0,449.99999999999994,AA2024-T3,AA2024-T3,4295.734849801513
25.834577877503044,0.3,0.9000000000000001,20.0,20.0,100.0,449.99999999999994,AA2024-T3,AA2024-T3,4295.734849801513
25.834577877503044,0.3,0.8,20.0,20.0,100.0,499.99999999999994,AA2024-T3,AA2024-T3,4295.734849801513
25.834577877503044,0.3,0.9000000000000001,20.0,20.0,100.0,499.99999999999994,AA2024-T3,AA2024-T3,4295.734849801513
25.858788134916075,0.39999999999999997,0.8,24.999999999999996,20.0,220.00000000000003,649.9999999999999,AA2024-T3,AA2024-T3,2603.657078514036
25.858788134916075,0.39999999999999997,0.8,24.999999999999996,20.0,220.00000000000003,700.0,AA2024-T3,AA2024-T3,2603.657078514036
25.858788134916075,0.39999999999999997,0.9000000000000001,24.999999999999996,20.0,220.00000000000003,700.0,AA2024-T3,AA2024-T3,2603.657078514036
25.858788134916075,0.39999999999999997,0.8,24.999999999999996,20.0,220.00000000000003,749.9999999999999,AA2024-T3,AA2024-T3,2603.657078514036
25.858788134916075,0.39999999999999997,0.9000000000000001,24.999999999999996,20.0,220.00000000000003,749.9999999999999,AA2024-T3,AA2024-T3,2603.657078514036
25.858788134916075,0.39999999999999997,0.9000000000000001,24.999999999999996,20.0,220.00000000000003,649.9999999999999,AA2024-T3,AA2024-T3,2603.657078514036
25.9075360140913,0.39999999999999997,0.9000000000000001,20.0,20.0,200.0,499.99999999999994,AA2024-T3,AA2024-T3,2592.9248407031446
25.9075360140913,0.39999999999999997,0.9000000000000001,20.0,20.0,200.0,449.99999999999994,AA2024-T3,AA2024-T3,2592.9248407031446
25.9075360140913,0.39999999999999997,0.8,20.0,20.0,200.0,499.99999999999994,AA2024-T3,AA2024-T3,2592.9248407031446
25.9075360140913,0.39999999999999997,0.8,20.0,20.0,200.0,449.99999999999994,AA2024-T3,AA2024-T3,2592.9248407031446
25.910328031803914,0.39999999999999997,0.9000000000000001,14.999999999999998,20.0,160.00000000000003,399.99999999999994,AA2024-T3,AA2024-T3,2984.460070755174
25.910328031803914,0.39999999999999997,0.8,14.999999999999998,20.0,160.00000000000003,399.99999999999994,AA2024-T3,AA2024-T3,2984.460070755175
25.918704084941748,0.39999999999999997,0.8,14.999999999999998,20.0,200.0,300.0,AA2024-T3,AA2024-T3,2265.9335722773058
25.918704084941748,0.39999999999999997,0.9000000000000001,14.999999999999998,20.0,200.0,300.0,AA2024-T3,AA2024-T3,2265.9335722773053
25.947907840128686,0.39999999999999997,0.8,29.999999999999996,20.0,280.0,549.9999999999999,AA2024-T3,AA2024-T3,2217.415748523403
25.947907840128686,0.39999999999999997,0.8,29.999999999999996,20.0,280.0,599.9999999999999,AA2024-T3,AA2024-T3,2217.415748523403
25.947907840128686,0.39999999999999997,0.9000000000000001,29.999999999999996,20.0,280.0,549.9999999999999,AA2024-T3,AA2024-T3,2217.415748523403
25.947907840128686,0.39999999999999997,0.9000000000000001,14.999999999999998,20.0,140.0,549.9999999999999,AA2024-T3,AA2024-T3,3542.0677732447375
25.947907840128686,0.39999999999999997,0.9000000000000001,29.999999999999996,20.0,280.0,599.9999999999999,AA2024-T3,AA2024-T3,2217.415748523403
25.947907840128686,0.39999999999999997,0.9000000000000001,14.999999999999998,20.0,140.0,599.9999999999999,AA2024-T3,AA2024-T3,3542.0677732447375
25.947907840128686,0.39999999999999997,0.8,14.999999999999998,20.0,140.0,599.9999999999999,AA2024-T3,AA2024-T3,3542.0677732447375
25.947907840128686,0.39999999999999997,0.8,14.999999999999998,20.0,140.0,549.9999999999999,AA2024-T3,AA2024-T3,3542.0677732447375
25.961277391040433,0.3,0.8,24.999999999999996,20.0,120.00000000000001,599.9999999999999,AA2024-T3,AA2024-T3,4001.179033960362
25.961277391040433,0.3,0.9000000000000001,24.999999999999996,20.0,120.00000000000001,599.9999999999999,AA2024-T3,AA2024-T3,4001.1790339603635
25.961277391040433,0.3,0.8,24.999999999999996,20.0,120.00000000000001,549.9999999999999,AA2024-T3,AA2024-T3,4001.179033960362
25.961277391040433,0.3,0.9000000000000001,24.999999999999996,20.0,120.00000000000001,549.9999999999999,AA2024-T3,AA2024-T3,4001.1790339603635
25.999447737016524,0.39999999999999997,0.9000000000000001,20.0,20.0,220.00000000000003,350.0,AA2024-T3,AA2024-T3,2309.102719482898
25.999447737016524,0.39999999999999997,0.8,20.0,20.0,220.00000000000003,350.0,AA2024-T3,AA2024-T3,2309.102719482898
25.999447737016524,0.39999999999999997,0.9000000000000001,24.999999999999996,20.0,280.0,350.0,AA2024-T3,AA2024-T3,1984.0307030844253
25.999447737016524,0.39999999999999997,0.8,24.999999999999996,20.0,280.0,350.0,AA2024-T3,AA2024-T3,1984.0307030844253
26.01281728792827,0.3,0.8,29.999999999999996,20.0,160.00000000000003,350.0,AA2024-T3,AA2024-T3,3313.4561514223924
26.01281728792827,0.3,0.9000000000000001,29.999999999999996,20.0,160.00000000000003,350.0,AA2024-T3,AA2024-T3,3313.4561514223924
26.0370275453413,0.39999999999999997,0.8,24.999999999999996,20.0,240.00000000000003,449.99999999999994,AA2024-T3,AA2024-T3,2358.1477657776773
26.0370275453413,0.39999999999999997,0.8,24.999999999999996,20.0,240.00000000000003,499.99999999999994,AA2024-T3,AA2024-T3,2358.1477657776773
26.0370275453413,0.39999999999999997,0.9000000000000001,24.999999999999996,20.0,240.00000000000003,499.99999999999994,AA2024-T3,AA2024-T3,2358.1477657776773
26.0370275453413,0.39999999999999997,0.9000000000000001,24.999999999999996,20.0,240.00000000000003,449.99999999999994,AA2024-T3,AA2024-T3,2358.1477657776773
26.08797690457782,0.3,0.9000000000000001,29.999999999999996,20.0,140.0,700.0,AA2024-T3,AA2024-T3,3844.188075521245
26.08797690457782,0.3,0.9000000000000001,29.999999999999996,20.0,140.0,749.9999999999999,AA2024-T3,AA2024-T3,3844.188075521245
26.08797690457782,0.3,0.9000000000000001,29.999999999999996,20.0,140.0,649.9999999999999,AA2024-T3,AA2024-T3,3844.188075521245
26.08797690457782,0.3,0.8,29.999999999999996,20.0,140.0,700.0,AA2024-T3,AA2024-T3,3844.188075521245
26.08797690457782,0.3,0.8,29.999999999999996,20.0,140.0,649.9999999999999,AA2024-T3,AA2024-T3,3844.188075521245
26.08797690457782,0.3,0.8,29.999999999999996,20.0,140.0,749.9999999999999,AA2024-T3,AA2024-T3,3844.188075521245
26.09135945994175,0.39999999999999997,0.8,20.0,20.0,260.0,300.0,AA2024-T3,AA2024-T3,1914.4787127808338
26.09135945994175,0.39999999999999997,0.9000000000000001,20.0,20.0,260.0,300.0,AA2024-T3,AA2024-T3,1914.4787127808338
26.120563215128687,0.39999999999999997,0.8,20.0,20.0,180.00000000000003,599.9999999999999,AA2024-T3,AA2024-T3,2938.3677984230444
26.120563215128687,0.39999999999999997,0.9000000000000001,20.0,20.0,180.00000000000003,599.9999999999999,AA2024-T3,AA2024-T3,2938.3677984230444
26.120563215128687,0.39999999999999997,0.9000000000000001,20.0,20.0,180.00000000000003,549.9999999999999,AA2024-T3,AA2024-T3,2938.3677984230444
26.120563215128687,0.39999999999999997,0.8,20.0,20.0,180.00000000000003,549.9999999999999,AA2024-T3,AA2024-T3,2938.3677984230444
26.126147250553913,0.39999999999999997,0.8,24.999999999999996,20.0,260.0,399.99999999999994,AA2024-T3,AA2024-T3,2168.217479103675
26.126147250553913,0.39999999999999997,0.9000000000000001,24.999999999999996,20.0,260.0,399.99999999999994,AA2024-T3,AA2024-T3,2168.2174791036755
26.126147250553913,0.39999999999999997,0.8,10.0,20.0,100.0,399.99999999999994,AA2024-T3,AA2024-T3,4988.099625845244
26.126147250553913,0.39999999999999997,0.9000000000000001,10.0,20.0,100.0,399.99999999999994,AA2024-T3,AA2024-T3,4988.099625845244
26.139516801465657,0.3,0.8,20.0,20.0,100.0,399.99999999999994,AA2024-T3,AA2024-T3,4295.734849801513
26.139516801465657,0.3,0.9000000000000001,20.0,20.0,100.0,399.99999999999994,AA2024-T3,AA2024-T3,4295.734849801513
26.160935041166073,0.39999999999999997,0.8,29.999999999999996,20.0,260.0,700.0,AA2024-T3,AA2024-T3,2422.3907624337526
26.160935041166073,0.39999999999999997,0.8,29.999999999999996,20.0,260.0,649.9999999999999,AA2024-T3,AA2024-T3,2422.3907624337526
26.160935041166073,0.39999999999999997,0.9000000000000001,29.999999999999996,20.0,260.0,700.0,AA2024-T3,AA2024-T3,2422.3907624337526
26.160935041166073,0.39999999999999997,0.8,29.999999999999996,20.0,260.0,749.9999999999999,AA2024-T3,AA2024-T3,2422.3907624337526
26.160935041166073,0.39999999999999997,0.9000000000000001,29.999999999999996,20.0,260.0,649.9999999999999,AA2024-T3,AA2024-T3,2422.3907624337526
26.160935041166073,0.39999999999999997,0.9000000000000001,29.999999999999996,20.0,260.0,749.9999999999999,AA2024-T3,AA2024-T3,2422.3907624337526
26.163727058878685,0.39999999999999997,0.8,24.999999999999996,20.0,220.00000000000003,549.9999999999999,AA2024-T3,AA2024-T3,2603.657078514036
26.163727058878685,0.39999999999999997,0.8,24.999999999999996,20.0,220.00000000000003,599.9999999999999,AA2024-T3,AA2024-T3,2603.657078514036
26.163727058878685,0.39999999999999997,0.9000000000000001,24.999999999999996,20.0,220.00000000000003,599.9999999999999,AA2024-T3,AA2024-T3,2603.657078514036
26.163727058878685,0.39999999999999997,0.9000000000000001,24.999999999999996,20.0,220.00000000000003,549.9999999999999,AA2024-T3,AA2024-T3,2603.657078514036
26.1910566983535,0.3,0.9000000000000001,24.999999999999996,20.0,140.0,300.0,AA2024-T3,AA2024-T3,3374.7753661266374
26.1910566983535,0.3,0.8,24.999999999999996,20.0,140.0,300.0,AA2024-T3,AA2024-T3,3374.7753661266374
26.212474938053912,0.39999999999999997,0.9000000000000001,20.0,20.0,200.0,399.99999999999994,AA2024-T3,AA2024-T3,2592.9248407031446
26.212474938053912,0.39999999999999997,0.8,20.0,20.0,200.0,399.99999999999994,AA2024-T3,AA2024-T3,2592.9248407031446
26.215266955766523,0.39999999999999997,0.9000000000000001,14.999999999999998,20.0,160.00000000000003,350.0,AA2024-T3,AA2024-T3,2984.460070755174
26.215266955766523,0.39999999999999997,0.8,14.999999999999998,20.0,160.00000000000003,350.0,AA2024-T3,AA2024-T3,2984.460070755175
26.252846764091302,0.39999999999999997,0.9000000000000001,14.999999999999998,20.0,140.0,499.99999999999994,AA2024-T3,AA2024-T3,3542.0677732447375
26.252846764091302,0.39999999999999997,0.8,14.999999999999998,20.0,140.0,499.99999999999994,AA2024-T3,AA2024-T3,3542.0677732447375
26.252846764091302,0.39999999999999997,0.8,14.999999999999998,20.0,140.0,449.99999999999994,AA2024-T3,AA2024-T3,3542.0677732447375
26.252846764091302,0.39999999999999997,0.8,29.999999999999996,20.0,280.0,499.99999999999994,AA2024-T3,AA2024-T3,2217.415748523403
26.252846764091302,0.39999999999999997,0.8,29.999999999999996,20.0,280.0,449.99999999999994,AA2024-T3,AA2024-T3,2217.415748523403
26.252846764091302,0.39999999999999997,0.9000000000000001,29.999999999999996,20.0,280.0,499.99999999999994,AA2024-T3,AA2024-T3,2217.415748523403
26.252846764091302,0.39999999999999997,0.9000000000000001,29.999999999999996,20.0,280.0,449.99999999999994,AA2024-T3,AA2024-T3,2217.415748523403
26.252846764091302,0.39999999999999997,0.9000000000000001,14.999999999999998,20.0,140.0,449.99999999999994,AA2024-T3,AA2024-T3,3542.0677732447375
26.26401483494175,0.39999999999999997,0.9000000000000001,20.0,20.0,240.00000000000003,300.0,AA2024-T3,AA2024-T3,2087.688772492929
26.26401483494175,0.39999999999999997,0.8,20.0,20.0,240.00000000000003,300.0,AA2024-T3,AA2024-T3,2087.688772492929
26.26401483494175,0.39999999999999997,0.9000000000000001,10.0,20.0,120.00000000000001,300.0,AA2024-T3,AA2024-T3,3798.371647167821
26.26401483494175,0.39999999999999997,0.8,10.0,20.0,120.00000000000001,300.0,AA2024-T3,AA2024-T3,3798.371647167821
26.266216315003042,0.3,0.9000000000000001,24.999999999999996,20.0,120.00000000000001,499.99999999999994,AA2024-T3,AA2024-T3,4001.1790339603635
26.266216315003042,0.3,0.8,24.999999999999996,20.0,120.00000000000001,499.99999999999994,AA2024-T3,AA2024-T3,4001.179033960362
26.266216315003042,0.3,0.8,24.999999999999996,20.0,120.00000000000001,449.99999999999994,AA2024-T3,AA2024-T3,4001.179033960362
26.266216315003042,0.3,0.9000000000000001,24.999999999999996,20.0,120.00000000000001,449.99999999999994,AA2024-T3,AA2024-T3,4001.1790339603635
26.30717867869175,0.39999999999999997,0.9000000000000001,14.999999999999998,20.0,180.00000000000003,300.0,AA2024-T3,AA2024-T3,2575.431720481311
26.30717867869175,0.39999999999999997,0.8,14.999999999999998,20.0,180.00000000000003,300.0,AA2024-T3,AA2024-T3,2575.431720481311
26.341966469303912,0.39999999999999997,0.8,24.999999999999996,20.0,240.00000000000003,399.99999999999994,AA2024-T3,AA2024-T3,2358.1477657776773
26.341966469303912,0.39999999999999997,0.9000000000000001,24.999999999999996,20.0,240.00000000000003,399.99999999999994,AA2024-T3,AA2024-T3,2358.1477657776773
26.39291582854043,0.3,0.9000000000000001,29.999999999999996,20.0,140.0,599.9999999999999,AA2024-T3,AA2024-T3,3844.188075521245
26.39291582854043,0.3,0.8,29.999999999999996,20.0,140.0,549.9999999999999,AA2024-T3,AA2024-T3,3844.188075521245
26.39291582854043,0.3,0.8,29.999999999999996,20.0,140.0,599.9999999999999,AA2024-T3,AA2024-T3,3844.188075521245
26.39291582854043,0.3,0.9000000000000001,29.999999999999996,20.0,140.0,549.9999999999999,AA2024-T3,AA2024-T3,3844.188075521245
26.419918103666074,0.39999999999999997,0.8,29.999999999999996,20.0,240.00000000000003,749.9999999999999,AA2024-T3,AA2024-T3,2628.678230616507
26.419918103666074,0.39999999999999997,0.8,14.999999999999998,20.0,120.00000000000001,649.9999999999999,AA2024-T3,AA2024-T3,4340.087309802678
26.419918103666074,0.39999999999999997,0.8,29.999999999999996,20.0,240.00000000000003,649.9999999999999,AA2024-T3,AA2024-T3,2628.678230616507
26.419918103666074,0.39999999999999997,0.8,14.999999999999998,20.0,120.00000000000001,700.0,AA2024-T3,AA2024-T3,4340.087309802678
26.419918103666074,0.39999999999999997,0.9000000000000001,29.999999999999996,20.0,240.00000000000003,700.0,AA2024-T3,AA2024-T3,2628.678230616507
26.419918103666074,0.39999999999999997,0.8,29.999999999999996,20.0,240.00000000000003,700.0,AA2024-T3,AA2024-T3,2628.678230616507
26.419918103666074,0.39999999999999997,0.9000000000000001,29.999999999999996,20.0,240.00000000000003,649.9999999999999,AA2024-T3,AA2024-T3,2628.678230616507
26.419918103666074,0.39999999999999997,0.9000000000000001,29.999999999999996,20.0,240.00000000000003,749.9999999999999,AA2024-T3,AA2024-T3,2628.678230616507
26.419918103666074,0.39999999999999997,0.9000000000000001,14.999999999999998,20.0,120.00000000000001,649.9999999999999,AA2024-T3,AA2024-T3,4340.087309802677
26.419918103666074,0.39999999999999997,0.9000000000000001,14.999999999999998,20.0,120.00000000000001,700.0,AA2024-T3,AA2024-T3,3493.7340168243204
26.419918103666074,0.39999999999999997,0.9000000000000001,14.999999999999998,20.0,120.00000000000001,749.9999999999999,AA2024-T3,AA2024-T3,4340.087309802677
26.419918103666074,0.39999999999999997,0.8,14.999999999999998,20.0,120.00000000000001,749.9999999999999,AA2024-T3,AA2024-T3,4340.087309802678
26.4255021390913,0.39999999999999997,0.8,20.0,20.0,180.00000000000003,449.99999999999994,AA2024-T3,AA2024-T3,2938.3677984230444
26.4255021390913,0.39999999999999997,0.8,20.0,20.0,180.00000000000003,499.99999999999994,AA2024-T3,AA2024-T3,2938.3677984230444
26.4255021390913,0.39999999999999997,0.9000000000000001,20.0,20.0,180.00000000000003,449.99999999999994,AA2024-T3,AA2024-T3,2938.3677984230444
26.4255021390913,0.39999999999999997,0.9000000000000001,20.0,20.0,180.00000000000003,499.99999999999994,AA2024-T3,AA2024-T3,2938.3677984230444
26.431086174516523,0.39999999999999997,0.8,24.999999999999996,20.0,260.0,350.0,AA2024-T3,AA2024-T3,2168.217479103675
26.431086174516523,0.39999999999999997,0.8,10.0,20.0,100.0,350.0,AA2024-T3,AA2024-T3,4988.099625845244
26.431086174516523,0.39999999999999997,0.9000000000000001,24.999999999999996,20.0,260.0,350.0,AA2024-T3,AA2024-T3,2168.2174791036755
26.431086174516523,0.39999999999999997,0.9000000000000001,10.0,20.0,100.0,350.0,AA2024-T3,AA2024-T3,4988.099625845244
26.44445572542827,0.3,0.9000000000000001,20.0,20.0,100.0,350.0,AA2024-T3,AA2024-T3,4295.734849801513
26.44445572542827,0.3,0.8,20.0,20.0,100.0,350.0,AA2024-T3,AA2024-T3,4295.734849801513
26.465873965128687,0.39999999999999997,0.8,29.999999999999996,20.0,260.0,549.9999999999999,AA2024-T3,AA2024-T3,2422.3907624337526
26.465873965128687,0.39999999999999997,0.8,29.999999999999996,20.0,260.0,599.9999999999999,AA2024-T3,AA2024-T3,2422.3907624337526
26.465873965128687,0.39999999999999997,0.9000000000000001,29.999999999999996,20.0,260.0,549.9999999999999,AA2024-T3,AA2024-T3,2422.3907624337526
26.465873965128687,0.39999999999999997,0.9000000000000001,29.999999999999996,20.0,260.0,599.9999999999999,AA2024-T3,AA2024-T3,2422.3907624337526
26.4686659828413,0.39999999999999997,0.8,24.999999999999996,20.0,220.00000000000003,499.99999999999994,AA2024-T3,AA2024-T3,2603.657078514036
26.4686659828413,0.39999999999999997,0.9000000000000001,24.999999999999996,20.0,220.00000000000003,499.99999999999994,AA2024-T3,AA2024-T3,2603.657078514036
26.4686659828413,0.39999999999999997,0.9000000000000001,24.999999999999996,20.0,220.00000000000003,449.99999999999994,AA2024-T3,AA2024-T3,2603.657078514036
26.4686659828413,0.39999999999999997,0.8,24.999999999999996,20.0,220.00000000000003,449.99999999999994,AA2024-T3,AA2024-T3,2603.657078514036
26.506245791166073,0.39999999999999997,0.8,20.0,20.0,160.00000000000003,749.9999999999999,AA2024-T3,AA2024-T3,3394.0296911288287
26.506245791166073,0.39999999999999997,0.8,20.0,20.0,160.00000000000003,649.9999999999999,AA2024-T3,AA2024-T3,3394.0296911288287
26.506245791166073,0.39999999999999997,0.9000000000000001,24.999999999999996,20.0,200.0,700.0,AA2024-T3,AA2024-T3,2920.2360586215646
26.506245791166073,0.39999999999999997,0.9000000000000001,24.999999999999996,20.0,200.0,649.9999999999999,AA2024-T3,AA2024-T3,2920.2360586215646
26.506245791166073,0.39999999999999997,0.8,24.999999999999996,20.0,200.0,749.9999999999999,AA2024-T3,AA2024-T3,2920.2360586215646
26.506245791166073,0.39999999999999997,0.9000000000000001,24.999999999999996,20.0,200.0,749.9999999999999,AA2024-T3,AA2024-T3,2920.2360586215646
26.506245791166073,0.39999999999999997,0.8,24.999999999999996,20.0,200.0,649.9999999999999,AA2024-T3,AA2024-T3,2920.2360586215646
26.506245791166073,0.39999999999999997,0.8,24.999999999999996,20.0,200.0,700.0,AA2024-T3,AA2024-T3,2920.2360586215646
26.506245791166073,0.39999999999999997,0.9000000000000001,20.0,20.0,160.00000000000003,649.9999999999999,AA2024-T3,AA2024-T3,3394.0296911288287
26.506245791166073,0.39999999999999997,0.9000000000000001,20.0,20.0,160.00000000000003,700.0,AA2024-T3,AA2024-T3,3394.0296911288287
26.506245791166073,0.39999999999999997,0.8,20.0,20.0,160.00000000000003,700.0,AA2024-T3,AA2024-T3,3394.0296911288287
26.506245791166073,0.39999999999999997,0.9000000000000001,20.0,20.0,160.00000000000003,749.9999999999999,AA2024-T3,AA2024-T3,3394.0296911288287
26.51741386201652,0.39999999999999997,0.9000000000000001,20.0,20.0,200.0,350.0,AA2024-T3,AA2024-T3,2592.9248407031446
26.51741386201652,0.39999999999999997,0.8,20.0,20.0,200.0,350.0,AA2024-T3,AA2024-T3,2592.9248407031446
26.55778568805391,0.39999999999999997,0.9000000000000001,14.999999999999998,20.0,140.0,399.99999999999994,AA2024-T3,AA2024-T3,3542.0677732447375
26.55778568805391,0.39999999999999997,0.8,14.999999999999998,20.0,140.0,399.99999999999994,AA2024-T3,AA2024-T3,3542.0677732447375
26.55778568805391,0.39999999999999997,0.9000000000000001,29.999999999999996,20.0,280.0,399.99999999999994,AA2024-T3,AA2024-T3,2217.415748523403
26.55778568805391,0.39999999999999997,0.8,29.999999999999996,20.0,280.0,399.99999999999994,AA2024-T3,AA2024-T3,2217.415748523403
26.57115523896566,0.3,0.9000000000000001,24.999999999999996,20.0,120.00000000000001,399.99999999999994,AA2024-T3,AA2024-T3,4001.1790339603635
26.57115523896566,0.3,0.8,24.999999999999996,20.0,120.00000000000001,399.99999999999994,AA2024-T3,AA2024-T3,4001.179033960362
26.60932558494175,0.39999999999999997,0.9000000000000001,24.999999999999996,20.0,280.0,300.0,AA2024-T3,AA2024-T3,1984.0307030844253
26.60932558494175,0.39999999999999997,0.8,24.999999999999996,20.0,280.0,300.0,AA2024-T3,AA2024-T3,1984.0307030844253
26.60932558494175,0.39999999999999997,0.9000000000000001,20.0,20.0,220.00000000000003,300.0,AA2024-T3,AA2024-T3,2309.102719482898
26.60932558494175,0.39999999999999997,0.8,20.0,20.0,220.00000000000003,300.0,AA2024-T3,AA2024-T3,2309.102719482898
26.622695135853498,0.3,0.8,29.999999999999996,20.0,160.00000000000003,300.0,AA2024-T3,AA2024-T3,3313.4561514223924
26.622695135853498,0.3,0.9000000000000001,29.999999999999996,20.0,160.00000000000003,300.0,AA2024-T3,AA2024-T3,3313.4561514223924
26.646905393266522,0.39999999999999997,0.9000000000000001,24.999999999999996,20.0,240.00000000000003,350.0,AA2024-T3,AA2024-T3,2358.1477657776773
26.646905393266522,0.39999999999999997,0.8,24.999999999999996,20.0,240.00000000000003,350.0,AA2024-T3,AA2024-T3,2358.1477657776773
26.697854752503044,0.3,0.9000000000000001,29.999999999999996,20.0,140.0,499.99999999999994,AA2024-T3,AA2024-T3,3844.188075521245
26.697854752503044,0.3,0.8,29.999999999999996,20.0,140.0,449.99999999999994,AA2024-T3,AA2024-T3,3844.188075521245
26.697854752503044,0.3,0.8,29.999999999999996,20.0,140.0,499.99999999999994,AA2024-T3,AA2024-T3,3844.188075521245
26.697854752503044,0.3,0.9000000000000001,29.999999999999996,20.0,140.0,449.99999999999994,AA2024-T3,AA2024-T3,3844.188075521245
26.724857027628687,0.39999999999999997,0.9000000000000001,14.999999999999998,20.0,120.00000000000001,599.9999999999999,AA2024-T3,AA2024-T3,4340.087309802677
26.724857027628687,0.39999999999999997,0.9000000000000001,29.999999999999996,20.0,240.00000000000003,599.9999999999999,AA2024-T3,AA2024-T3,2628.678230616507
26.724857027628687,0.39999999999999997,0.8,14.999999999999998,20.0,120.00000000000001,599.9999999999999,AA2024-T3,AA2024-T3,4340.087309802678
26.724857027628687,0.39999999999999997,0.9000000000000001,29.999999999999996,20.0,240.00000000000003,549.9999999999999,AA2024-T3,AA2024-T3,2628.678230616507
26.724857027628687,0.39999999999999997,0.8,14.999999999999998,20.0,120.00000000000001,549.9999999999999,AA2024-T3,AA2024-T3,4340.087309802678
26.724857027628687,0.39999999999999997,0.8,29.999999999999996,20.0,240.00000000000003,549.9999999999999,AA2024-T3,AA2024-T3,2628.678230616507
26.724857027628687,0.39999999999999997,0.8,29.999999999999996,20.0,240.00000000000003,599.9999999999999,AA2024-T3,AA2024-T3,2628.678230616507
26.724857027628687,0.39999999999999997,0.9000000000000001,14.999999999999998,20.0,120.00000000000001,549.9999999999999,AA2024-T3,AA2024-T3,4340.087309802677
26.730441063053913,0.39999999999999997,0.9000000000000001,20.0,20.0,180.00000000000003,399.99999999999994,AA2024-T3,AA2024-T3,2938.3677984230444
26.730441063053913,0.39999999999999997,0.8,20.0,20.0,180.00000000000003,399.99999999999994,AA2024-T3,AA2024-T3,2938.3677984230444
26.7708128890913,0.39999999999999997,0.8,29.999999999999996,20.0,260.0,499.99999999999994,AA2024-T3,AA2024-T3,2422.3907624337526
26.7708128890913,0.39999999999999997,0.8,29.999999999999996,20.0,260.0,449.99999999999994,AA2024-T3,AA2024-T3,2422.3907624337526
26.7708128890913,0.39999999999999997,0.9000000000000001,29.999999999999996,20.0,260.0,449.99999999999994,AA2024-T3,AA2024-T3,2422.3907624337526
26.7708128890913,0.39999999999999997,0.9000000000000001,29.999999999999996,20.0,260.0,499.99999999999994,AA2024-T3,AA2024-T3,2422.3907624337526
26.77360490680391,0.39999999999999997,0.9000000000000001,24.999999999999996,20.0,220.00000000000003,399.99999999999994,AA2024-T3,AA2024-T3,2603.657078514036
26.77360490680391,0.39999999999999997,0.8,24.999999999999996,20.0,220.00000000000003,399.99999999999994,AA2024-T3,AA2024-T3,2603.657078514036
26.811184715128686,0.39999999999999997,0.8,20.0,20.0,160.00000000000003,549.9999999999999,AA2024-T3,AA2024-T3,3394.0296911288287
26.811184715128686,0.39999999999999997,0.8,20.0,20.0,160.00000000000003,599.9999999999999,AA2024-T3,AA2024-T3,3394.0296911288287
26.811184715128686,0.39999999999999997,0.8,24.999999999999996,20.0,200.0,549.9999999999999,AA2024-T3,AA2024-T3,2920.2360586215646
26.811184715128686,0.39999999999999997,0.8,24.999999999999996,20.0,200.0,599.9999999999999,AA2024-T3,AA2024-T3,2920.2360586215646
26.811184715128686,0.39999999999999997,0.9000000000000001,24.999999999999996,20.0,200.0,549.9999999999999,AA2024-T3,AA2024-T3,2920.2360586215646
26.811184715128686,0.39999999999999997,0.9000000000000001,24.999999999999996,20.0,200.0,599.9999999999999,AA2024-T3,AA2024-T3,2920.2360586215646
26.811184715128686,0.39999999999999997,0.9000000000000001,20.0,20.0,160.00000000000003,599.9999999999999,AA2024-T3,AA2024-T3,3394.0296911288287
26.811184715128686,0.39999999999999997,0.9000000000000001,20.0,20.0,160.00000000000003,549.9999999999999,AA2024-T3,AA2024-T3,3394.0296911288287
26.82514480369175,0.39999999999999997,0.8,14.999999999999998,20.0,160.00000000000003,300.0,AA2024-T3,AA2024-T3,2984.460070755175
26.82514480369175,0.39999999999999997,0.9000000000000001,14.999999999999998,20.0,160.00000000000003,300.0,AA2024-T3,AA2024-T3,2984.460070755174
26.86272461201652,0.39999999999999997,0.8,29.999999999999996,20.0,280.0,350.0,AA2024-T3,AA2024-T3,2217.415748523403
26.86272461201652,0.39999999999999997,0.9000000000000001,14.999999999999998,20.0,140.0,350.0,AA2024-T3,AA2024-T3,3542.0677732447375
26.86272461201652,0.39999999999999997,0.8,14.999999999999998,20.0,140.0,350.0,AA2024-T3,AA2024-T3,3542.0677732447375
26.86272461201652,0.39999999999999997,0.9000000000000001,29.999999999999996,20.0,280.0,350.0,AA2024-T3,AA2024-T3,2217.415748523403
26.87609416292827,0.3,0.9000000000000001,24.999999999999996,20.0,120.00000000000001,350.0,AA2024-T3,AA2024-T3,4001.1790339603635
26.87609416292827,0.3,0.8,24.999999999999996,20.0,120.00000000000001,350.0,AA2024-T3,AA2024-T3,4001.179033960362
26.92451467775434,0.5,0.8,10.0,20.0,280.0,700.0,AA2024-T3,AA2024-T3,1870.2570406252682
26.92451467775434,0.5,0.8,10.0,20.0,280.0,749.9999999999999,AA2024-T3,AA2024-T3,1870.2570406252682
26.92451467775434,0.5,0.8,10.0,20.0,280.0,649.9999999999999,AA2024-T3,AA2024-T3,1870.2570406252682
26.92451467775434,0.5,0.9000000000000001,10.0,20.0,280.0,649.9999999999999,AA2024-T3,AA2024-T3,1870.2570406252682
26.92451467775434,0.5,0.9000000000000001,10.0,20.0,280.0,749.9999999999999,AA2024-T3,AA2024-T3,1870.2570406252682
26.92451467775434,0.5,0.9000000000000001,10.0,20.0,280.0,700.0,AA2024-T3,AA2024-T3,1870.2570406252682
26.93788422866607,0.39999999999999997,0.8,29.999999999999996,20.0,220.00000000000003,749.9999999999999,AA2024-T3,AA2024-T3,2898.245476284813
26.93788422866607,0.39999999999999997,0.8,29.999999999999996,20.0,220.00000000000003,700.0,AA2024-T3,AA2024-T3,2898.245476284813
26.93788422866607,0.39999999999999997,0.9000000000000001,29.999999999999996,20.0,220.00000000000003,749.9999999999999,AA2024-T3,AA2024-T3,2898.245476284813
26.93788422866607,0.39999999999999997,0.8,29.999999999999996,20.0,220.00000000000003,649.9999999999999,AA2024-T3,AA2024-T3,2898.245476284813
26.93788422866607,0.39999999999999997,0.9000000000000001,29.999999999999996,20.0,220.00000000000003,649.9999999999999,AA2024-T3,AA2024-T3,2898.245476284813
26.93788422866607,0.39999999999999997,0.9000000000000001,29.999999999999996,20.0,220.00000000000003,700.0,AA2024-T3,AA2024-T3,2898.245476284813
27.002793676465657,0.3,0.9000000000000001,29.999999999999996,20.0,140.0,399.99999999999994,AA2024-T3,AA2024-T3,3844.188075521245
27.002793676465657,0.3,0.8,29.999999999999996,20.0,140.0,399.99999999999994,AA2024-T3,AA2024-T3,3844.188075521245
27.0297959515913,0.39999999999999997,0.8,29.999999999999996,20.0,240.00000000000003,449.99999999999994,AA2024-T3,AA2024-T3,2628.678230616507
27.0297959515913,0.39999999999999997,0.8,14.999999999999998,20.0,120.00000000000001,499.99999999999994,AA2024-T3,AA2024-T3,4340.087309802678
27.0297959515913,0.39999999999999997,0.9000000000000001,14.999999999999998,20.0,120.00000000000001,449.99999999999994,AA2024-T3,AA2024-T3,4340.087309802677
27.0297959515913,0.39999999999999997,0.9000000000000001,29.999999999999996,20.0,240.00000000000003,449.99999999999994,AA2024-T3,AA2024-T3,2628.678230616507
27.0297959515913,0.39999999999999997,0.8,14.999999999999998,20.0,120.00000000000001,449.99999999999994,AA2024-T3,AA2024-T3,4340.087309802678
27.0297959515913,0.39999999999999997,0.8,29.999999999999996,20.0,240.00000000000003,499.99999999999994,AA2024-T3,AA2024-T3,2628.678230616507
27.0297959515913,0.39999999999999997,0.9000000000000001,29.999999999999996,20.0,240.00000000000003,499.99999999999994,AA2024-T3,AA2024-T3,2628.678230616507
27.0297959515913,0.39999999999999997,0.9000000000000001,14.999999999999998,20.0,120.00000000000001,499.99999999999994,AA2024-T3,AA2024-T3,4340.087309802677
27.035379987016523,0.39999999999999997,0.9000000000000001,20.0,20.0,180.00000000000003,350.0,AA2024-T3,AA2024-T3,2938.3677984230444
27.035379987016523,0.39999999999999997,0.8,20.0,20.0,180.00000000000003,350.0,AA2024-T3,AA2024-T3,2938.3677984230444
27.04096402244175,0.39999999999999997,0.9000000000000001,10.0,20.0,100.0,300.0,AA2024-T3,AA2024-T3,4988.099625845244
27.04096402244175,0.39999999999999997,0.9000000000000001,24.999999999999996,20.0,260.0,300.0,AA2024-T3,AA2024-T3,2168.2174791036755
27.04096402244175,0.39999999999999997,0.8,24.999999999999996,20.0,260.0,300.0,AA2024-T3,AA2024-T3,2168.217479103675
27.04096402244175,0.39999999999999997,0.8,10.0,20.0,100.0,300.0,AA2024-T3,AA2024-T3,4988.099625845244
27.054333573353496,0.3,0.8,20.0,20.0,100.0,300.0,AA2024-T3,AA2024-T3,4295.734849801513
27.054333573353496,0.3,0.9000000000000001,20.0,20.0,100.0,300.0,AA2024-T3,AA2024-T3,4295.734849801513
27.075751813053913,0.39999999999999997,0.8,29.999999999999996,20.0,260.0,399.99999999999994,AA2024-T3,AA2024-T3,2422.3907624337526
27.075751813053913,0.39999999999999997,0.9000000000000001,29.999999999999996,20.0,260.0,399.99999999999994,AA2024-T3,AA2024-T3,2422.3907624337526
27.07854383076652,0.39999999999999997,0.8,24.999999999999996,20.0,220.00000000000003,350.0,AA2024-T3,AA2024-T3,2603.657078514036
27.07854383076652,0.39999999999999997,0.9000000000000001,24.999999999999996,20.0,220.00000000000003,350.0,AA2024-T3,AA2024-T3,2603.657078514036
27.097170052754336,0.5,0.9000000000000001,10.0,20.0,260.0,700.0,AA2024-T3,AA2024-T3,2054.967175917806
27.097170052754336,0.5,0.8,10.0,20.0,260.0,700.0,AA2024-T3,AA2024-T3,2054.967175917806
27.097170052754336,0.5,0.8,10.0,20.0,260.0,649.9999999999999,AA2024-T3,AA2024-T3,2054.967175917806
27.097170052754336,0.5,0.9000000000000001,10.0,20.0,260.0,649.9999999999999,AA2024-T3,AA2024-T3,2054.967175917806
27.097170052754336,0.5,0.9000000000000001,10.0,20.0,260.0,749.9999999999999,AA2024-T3,AA2024-T3,2054.967175917806
27.097170052754336,0.5,0.8,10.0,20.0,260.0,749.9999999999999,AA2024-T3,AA2024-T3,2054.967175917806
27.1161236390913,0.39999999999999997,0.8,24.999999999999996,20.0,200.0,449.99999999999994,AA2024-T3,AA2024-T3,2920.2360586215646
27.1161236390913,0.39999999999999997,0.9000000000000001,24.999999999999996,20.0,200.0,449.99999999999994,AA2024-T3,AA2024-T3,2920.2360586215646
27.1161236390913,0.39999999999999997,0.8,24.999999999999996,20.0,200.0,499.99999999999994,AA2024-T3,AA2024-T3,2920.2360586215646
27.1161236390913,0.39999999999999997,0.9000000000000001,24.999999999999996,20.0,200.0,499.99999999999994,AA2024-T3,AA2024-T3,2920.2360586215646
27.1161236390913,0.39999999999999997,0.9000000000000001,20.0,20.0,160.00000000000003,449.99999999999994,AA2024-T3,AA2024-T3,3394.0296911288287
27.1161236390913,0.39999999999999997,0.9000000000000001,20.0,20.0,160.00000000000003,499.99999999999994,AA2024-T3,AA2024-T3,3394.0296911288287
27.1161236390913,0.39999999999999997,0.8,20.0,20.0,160.00000000000003,499.99999999999994,AA2024-T3,AA2024-T3,3394.0296911288287
27.1161236390913,0.39999999999999997,0.8,20.0,20.0,160.00000000000003,449.99999999999994,AA2024-T3,AA2024-T3,3394.0296911288287
27.127291709941748,0.39999999999999997,0.8,20.0,20.0,200.0,300.0,AA2024-T3,AA2024-T3,2592.9248407031446
27.127291709941748,0.39999999999999997,0.9000000000000001,20.0,20.0,200.0,300.0,AA2024-T3,AA2024-T3,2592.9248407031446
27.153703447416074,0.39999999999999997,0.9000000000000001,24.999999999999996,20.0,180.00000000000003,700.0,AA2024-T3,AA2024-T3,3301.5935033849096
27.153703447416074,0.39999999999999997,0.9000000000000001,24.999999999999996,20.0,180.00000000000003,749.9999999999999,AA2024-T3,AA2024-T3,3301.5935033849096
27.153703447416074,0.39999999999999997,0.8,24.999999999999996,20.0,180.00000000000003,749.9999999999999,AA2024-T3,AA2024-T3,3301.5935033849096
27.153703447416074,0.39999999999999997,0.8,24.999999999999996,20.0,180.00000000000003,700.0,AA2024-T3,AA2024-T3,3301.5935033849096
27.153703447416074,0.39999999999999997,0.8,24.999999999999996,20.0,180.00000000000003,649.9999999999999,AA2024-T3,AA2024-T3,3301.5935033849096
27.153703447416074,0.39999999999999997,0.9000000000000001,24.999999999999996,20.0,180.00000000000003,649.9999999999999,AA2024-T3,AA2024-T3,3301.5935033849096
27.183497740254335,0.5,0.9000000000000001,10.0,20.0,240.00000000000003,649.9999999999999,AA2024-T3,AA2024-T3,2267.4254130145187
27.183497740254335,0.5,0.9000000000000001,10.0,20.0,240.00000000000003,700.0,AA2024-T3,AA2024-T3,2267.4254130145187
27.183497740254335,0.5,0.9000000000000001,10.0,20.0,240.00000000000003,749.9999999999999,AA2024-T3,AA2024-T3,2267.4254130145187
27.183497740254335,0.5,0.8,10.0,20.0,240.00000000000003,749.9999999999999,AA2024-T3,AA2024-T3,2267.4254130145187
27.183497740254335,0.5,0.8,10.0,20.0,240.00000000000003,700.0,AA2024-T3,AA2024-T3,2267.4254130145187
27.183497740254335,0.5,0.8,10.0,20.0,240.00000000000003,649.9999999999999,AA2024-T3,AA2024-T3,2267.4254130145187
27.229453601716948,0.5,0.8,10.0,20.0,280.0,549.9999999999999,AA2024-T3,AA2024-T3,1870.2570406252682
27.229453601716948,0.5,0.9000000000000001,10.0,20.0,280.0,549.9999999999999,AA2024-T3,AA2024-T3,1870.2570406252682
27.229453601716948,0.5,0.9000000000000001,10.0,20.0,280.0,599.9999999999999,AA2024-T3,AA2024-T3,1870.2570406252682
27.229453601716948,0.5,0.8,10.0,20.0,280.0,599.9999999999999,AA2024-T3,AA2024-T3,1870.2570406252682
27.242823152628688,0.39999999999999997,0.9000000000000001,29.999999999999996,20.0,220.00000000000003,549.9999999999999,AA2024-T3,AA2024-T3,2898.245476284813
27.242823152628688,0.39999999999999997,0.9000000000000001,29.999999999999996,20.0,220.00000000000003,599.9999999999999,AA2024-T3,AA2024-T3,2898.245476284813
27.242823152628688,0.39999999999999997,0.8,29.999999999999996,20.0,220.00000000000003,599.9999999999999,AA2024-T3,AA2024-T3,2898.245476284813
27.242823152628688,0.39999999999999997,0.8,29.999999999999996,20.0,220.00000000000003,549.9999999999999,AA2024-T3,AA2024-T3,2898.245476284813
27.256783241191748,0.39999999999999997,0.9000000000000001,24.999999999999996,20.0,240.00000000000003,300.0,AA2024-T3,AA2024-T3,2358.1477657776773
27.256783241191748,0.39999999999999997,0.8,24.999999999999996,20.0,240.00000000000003,300.0,AA2024-T3,AA2024-T3,2358.1477657776773
27.30773260042827,0.3,0.9000000000000001,29.999999999999996,20.0,140.0,350.0,AA2024-T3,AA2024-T3,3844.188075521245
27.30773260042827,0.3,0.8,29.999999999999996,20.0,140.0,350.0,AA2024-T3,AA2024-T3,3844.188075521245
27.334734875553913,0.39999999999999997,0.8,29.999999999999996,20.0,240.00000000000003,399.99999999999994,AA2024-T3,AA2024-T3,2628.678230616507
27.334734875553913,0.39999999999999997,0.9000000000000001,14.999999999999998,20.0,120.00000000000001,399.99999999999994,AA2024-T3,AA2024-T3,4340.087309802677
27.334734875553913,0.39999999999999997,0.9000000000000001,29.999999999999996,20.0,240.00000000000003,399.99999999999994,AA2024-T3,AA2024-T3,2628.678230616507
27.334734875553913,0.39999999999999997,0.8,14.999999999999998,20.0,120.00000000000001,399.99999999999994,AA2024-T3,AA2024-T3,4340.087309802678
27.356153115254337,0.5,0.8,10.0,20.0,220.00000000000003,700.0,AA2024-T3,AA2024-T3,2534.488122045136
27.356153115254337,0.5,0.8,10.0,20.0,220.00000000000003,749.9999999999999,AA2024-T3,AA2024-T3,2534.488122045136
27.356153115254337,0.5,0.8,10.0,20.0,220.00000000000003,649.9999999999999,AA2024-T3,AA2024-T3,2534.488122045136
27.356153115254337,0.5,0.9000000000000001,10.0,20.0,220.00000000000003,649.9999999999999,AA2024-T3,AA2024-T3,2534.488122045136
27.356153115254337,0.5,0.9000000000000001,10.0,20.0,220.00000000000003,749.9999999999999,AA2024-T3,AA2024-T3,2534.488122045136
27.356153115254337,0.5,0.9000000000000001,10.0,20.0,220.00000000000003,700.0,AA2024-T3,AA2024-T3,2534.488122045136
27.369522666166073,0.39999999999999997,0.8,20.0,20.0,140.0,649.9999999999999,AA2024-T3,AA2024-T3,4010.7879993238375
27.369522666166073,0.39999999999999997,0.8,20.0,20.0,140.0,749.9999999999999,AA2024-T3,AA2024-T3,4010.7879993238375
27.369522666166073,0.39999999999999997,0.8,20.0,20.0,140.0,700.0,AA2024-T3,AA2024-T3,4010.7879993238375
27.369522666166073,0.39999999999999997,0.9000000000000001,20.0,20.0,140.0,649.9999999999999,AA2024-T3,AA2024-T3,4010.7879993238375
27.369522666166073,0.39999999999999997,0.9000000000000001,20.0,20.0,140.0,700.0,AA2024-T3,AA2024-T3,4010.7879993238375
27.369522666166073,0.39999999999999997,0.9000000000000001,20.0,20.0,140.0,749.9999999999999,AA2024-T3,AA2024-T3,4010.7879993238375
27.380690737016522,0.39999999999999997,0.9000000000000001,29.999999999999996,20.0,260.0,350.0,AA2024-T3,AA2024-T3,2422.3907624337526
27.380690737016522,0.39999999999999997,0.8,29.999999999999996,20.0,260.0,350.0,AA2024-T3,AA2024-T3,2422.3907624337526
27.40210897671695,0.5,0.9000000000000001,10.0,20.0,260.0,549.9999999999999,AA2024-T3,AA2024-T3,2054.967175917806
27.40210897671695,0.5,0.8,10.0,20.0,260.0,599.9999999999999,AA2024-T3,AA2024-T3,2054.967175917806
27.40210897671695,0.5,0.9000000000000001,10.0,20.0,260.0,599.9999999999999,AA2024-T3,AA2024-T3,2054.967175917806
27.40210897671695,0.5,0.8,10.0,20.0,260.0,549.9999999999999,AA2024-T3,AA2024-T3,2054.967175917806
27.421062563053912,0.39999999999999997,0.8,24.999999999999996,20.0,200.0,399.99999999999994,AA2024-T3,AA2024-T3,2920.2360586215646
27.421062563053912,0.39999999999999997,0.8,20.0,20.0,160.00000000000003,399.99999999999994,AA2024-T3,AA2024-T3,3394.0296911288287
27.421062563053912,0.39999999999999997,0.9000000000000001,24.999999999999996,20.0,200.0,399.99999999999994,AA2024-T3,AA2024-T3,2920.2360586215646
27.421062563053912,0.39999999999999997,0.9000000000000001,20.0,20.0,160.00000000000003,399.99999999999994,AA2024-T3,AA2024-T3,3394.0296911288287
27.458642371378687,0.39999999999999997,0.9000000000000001,24.999999999999996,20.0,180.00000000000003,599.9999999999999,AA2024-T3,AA2024-T3,3301.5935033849096
27.458642371378687,0.39999999999999997,0.9000000000000001,24.999999999999996,20.0,180.00000000000003,549.9999999999999,AA2024-T3,AA2024-T3,3301.5935033849096
27.458642371378687,0.39999999999999997,0.8,24.999999999999996,20.0,180.00000000000003,549.9999999999999,AA2024-T3,AA2024-T3,3301.5935033849096
27.458642371378687,0.39999999999999997,0.8,24.999999999999996,20.0,180.00000000000003,599.9999999999999,AA2024-T3,AA2024-T3,3301.5935033849096
27.472602459941747,0.39999999999999997,0.9000000000000001,29.999999999999996,20.0,280.0,300.0,AA2024-T3,AA2024-T3,2217.415748523403
27.472602459941747,0.39999999999999997,0.8,14.999999999999998,20.0,140.0,300.0,AA2024-T3,AA2024-T3,3542.0677732447375
27.472602459941747,0.39999999999999997,0.9000000000000001,14.999999999999998,20.0,140.0,300.0,AA2024-T3,AA2024-T3,3542.0677732447375
27.472602459941747,0.39999999999999997,0.8,29.999999999999996,20.0,280.0,300.0,AA2024-T3,AA2024-T3,2217.415748523403
27.485972010853494,0.3,0.9000000000000001,24.999999999999996,20.0,120.00000000000001,300.0,AA2024-T3,AA2024-T3,4001.1790339603635
27.485972010853494,0.3,0.8,24.999999999999996,20.0,120.00000000000001,300.0,AA2024-T3,AA2024-T3,4001.179033960362
27.488436664216948,0.5,0.9000000000000001,10.0,20.0,240.00000000000003,599.9999999999999,AA2024-T3,AA2024-T3,2267.4254130145187
27.488436664216948,0.5,0.9000000000000001,10.0,20.0,240.00000000000003,549.9999999999999,AA2024-T3,AA2024-T3,2267.4254130145187
27.488436664216948,0.5,0.8,10.0,20.0,240.00000000000003,549.9999999999999,AA2024-T3,AA2024-T3,2267.4254130145187
27.488436664216948,0.5,0.8,10.0,20.0,240.00000000000003,599.9999999999999,AA2024-T3,AA2024-T3,2267.4254130145187
27.534392525679564,0.5,0.9000000000000001,10.0,20.0,280.0,499.99999999999994,AA2024-T3,AA2024-T3,1870.2570406252682
27.534392525679564,0.5,0.9000000000000001,10.0,20.0,280.0,449.99999999999994,AA2024-T3,AA2024-T3,1870.2570406252682
27.534392525679564,0.5,0.8,10.0,20.0,280.0,449.99999999999994,AA2024-T3,AA2024-T3,1870.2570406252682
27.534392525679564,0.5,0.8,10.0,20.0,280.0,499.99999999999994,AA2024-T3,AA2024-T3,1870.2570406252682
27.547762076591297,0.39999999999999997,0.8,29.999999999999996,20.0,220.00000000000003,449.99999999999994,AA2024-T3,AA2024-T3,2898.245476284813
27.547762076591297,0.39999999999999997,0.8,29.999999999999996,20.0,220.00000000000003,499.99999999999994,AA2024-T3,AA2024-T3,2898.245476284813
27.547762076591297,0.39999999999999997,0.9000000000000001,29.999999999999996,20.0,220.00000000000003,449.99999999999994,AA2024-T3,AA2024-T3,2898.245476284813
27.547762076591297,0.39999999999999997,0.9000000000000001,29.999999999999996,20.0,220.00000000000003,499.99999999999994,AA2024-T3,AA2024-T3,2898.245476284813
27.585341884916073,0.39999999999999997,0.9000000000000001,14.999999999999998,20.0,100.0,749.9999999999999,AA2024-T3,AA2024-T3,5636.718321787745
27.585341884916073,0.39999999999999997,0.8,14.999999999999998,20.0,100.0,649.9999999999999,AA2024-T3,AA2024-T3,5636.718321787745
27.585341884916073,0.39999999999999997,0.8,14.999999999999998,20.0,100.0,700.0,AA2024-T3,AA2024-T3,5636.718321787745
27.585341884916073,0.39999999999999997,0.8,14.999999999999998,20.0,100.0,749.9999999999999,AA2024-T3,AA2024-T3,5636.718321787745
27.585341884916073,0.39999999999999997,0.9000000000000001,14.999999999999998,20.0,100.0,700.0,AA2024-T3,AA2024-T3,4818.613328255299
27.585341884916073,0.39999999999999997,0.9000000000000001,14.999999999999998,20.0,100.0,649.9999999999999,AA2024-T3,AA2024-T3,5636.718321787745
27.598711435827816,0.3,0.8,24.999999999999996,20.0,100.0,649.9999999999999,AA2024-T3,AA2024-T3,4944.317718620561
27.598711435827816,0.3,0.9000000000000001,24.999999999999996,20.0,100.0,649.9999999999999,AA2024-T3,AA2024-T3,4944.317718620561
27.598711435827816,0.3,0.9000000000000001,24.999999999999996,20.0,100.0,749.9999999999999,AA2024-T3,AA2024-T3,4944.317718620561
27.598711435827816,0.3,0.9000000000000001,24.999999999999996,20.0,100.0,700.0,AA2024-T3,AA2024-T3,4944.317718620561
27.598711435827816,0.3,0.8,24.999999999999996,20.0,100.0,700.0,AA2024-T3,AA2024-T3,4944.317718620561
27.598711435827816,0.3,0.8,24.999999999999996,20.0,100.0,749.9999999999999,AA2024-T3,AA2024-T3,4944.317718620561
27.615136177754337,0.5,0.8,10.0,20.0,200.0,700.0,AA2024-T3,AA2024-T3,2876.3996060291634
27.615136177754337,0.5,0.9000000000000001,10.0,20.0,200.0,749.9999999999999,AA2024-T3,AA2024-T3,2876.3996060291634
27.615136177754337,0.5,0.8,10.0,20.0,200.0,749.9999999999999,AA2024-T3,AA2024-T3,2876.3996060291634
27.615136177754337,0.5,0.8,10.0,20.0,200.0,649.9999999999999,AA2024-T3,AA2024-T3,2876.3996060291634
27.615136177754337,0.5,0.9000000000000001,10.0,20.0,200.0,649.9999999999999,AA2024-T3,AA2024-T3,2876.3996060291634
27.615136177754337,0.5,0.9000000000000001,10.0,20.0,200.0,700.0,AA2024-T3,AA2024-T3,2876.3996060291634
27.639673799516522,0.39999999999999997,0.9000000000000001,29.999999999999996,20.0,240.00000000000003,350.0,AA2024-T3,AA2024-T3,2628.678230616507
27.639673799516522,0.39999999999999997,0.8,14.999999999999998,20.0,120.00000000000001,350.0,AA2024-T3,AA2024-T3,4340.087309802678
27.639673799516522,0.39999999999999997,0.9000000000000001,14.999999999999998,20.0,120.00000000000001,350.0,AA2024-T3,AA2024-T3,4340.087309802677
27.639673799516522,0.39999999999999997,0.8,29.999999999999996,20.0,240.00000000000003,350.0,AA2024-T3,AA2024-T3,2628.678230616507
27.641875279577818,0.3,0.9000000000000001,29.999999999999996,20.0,120.00000000000001,700.0,AA2024-T3,AA2024-T3,4543.178277037259
27.641875279577818,0.3,0.8,29.999999999999996,20.0,120.00000000000001,700.0,AA2024-T3,AA2024-T3,4543.178277037259
27.641875279577818,0.3,0.8,29.999999999999996,20.0,120.00000000000001,649.9999999999999,AA2024-T3,AA2024-T3,4543.178277037259
27.641875279577818,0.3,0.8,29.999999999999996,20.0,120.00000000000001,749.9999999999999,AA2024-T3,AA2024-T3,4543.178277037259
27.641875279577818,0.3,0.9000000000000001,29.999999999999996,20.0,120.00000000000001,749.9999999999999,AA2024-T3,AA2024-T3,4543.178277037259
27.641875279577818,0.3,0.9000000000000001,29.999999999999996,20.0,120.00000000000001,649.9999999999999,AA2024-T3,AA2024-T3,4543.178277037259
27.64525783494175,0.39999999999999997,0.8,20.0,20.0,180.00000000000003,300.0,AA2024-T3,AA2024-T3,2938.3677984230444
27.64525783494175,0.39999999999999997,0.9000000000000001,20.0,20.0,180.00000000000003,300.0,AA2024-T3,AA2024-T3,2938.3677984230444
27.66109203921695,0.5,0.9000000000000001,10.0,20.0,220.00000000000003,549.9999999999999,AA2024-T3,AA2024-T3,2534.488122045136
27.66109203921695,0.5,0.9000000000000001,10.0,20.0,220.00000000000003,599.9999999999999,AA2024-T3,AA2024-T3,2534.488122045136
27.66109203921695,0.5,0.8,10.0,20.0,220.00000000000003,599.9999999999999,AA2024-T3,AA2024-T3,2534.488122045136
27.66109203921695,0.5,0.8,10.0,20.0,220.00000000000003,549.9999999999999,AA2024-T3,AA2024-T3,2534.488122045136
27.674461590128686,0.39999999999999997,0.9000000000000001,20.0,20.0,140.0,599.9999999999999,AA2024-T3,AA2024-T3,4010.7879993238375
27.674461590128686,0.39999999999999997,0.9000000000000001,20.0,20.0,140.0,549.9999999999999,AA2024-T3,AA2024-T3,4010.7879993238375
27.674461590128686,0.39999999999999997,0.8,20.0,20.0,140.0,599.9999999999999,AA2024-T3,AA2024-T3,4010.7879993238375
27.674461590128686,0.39999999999999997,0.8,20.0,20.0,140.0,549.9999999999999,AA2024-T3,AA2024-T3,4010.7879993238375
27.688421678691746,0.39999999999999997,0.8,24.999999999999996,20.0,220.00000000000003,300.0,AA2024-T3,AA2024-T3,2603.657078514036
27.688421678691746,0.39999999999999997,0.9000000000000001,24.999999999999996,20.0,220.00000000000003,300.0,AA2024-T3,AA2024-T3,2603.657078514036
27.707047900679562,0.5,0.9000000000000001,10.0,20.0,260.0,499.99999999999994,AA2024-T3,AA2024-T3,2054.967175917806
27.707047900679562,0.5,0.8,10.0,20.0,260.0,499.99999999999994,AA2024-T3,AA2024-T3,2054.967175917806
27.707047900679562,0.5,0.8,10.0,20.0,260.0,449.99999999999994,AA2024-T3,AA2024-T3,2054.967175917806
27.707047900679562,0.5,0.9000000000000001,10.0,20.0,260.0,449.99999999999994,AA2024-T3,AA2024-T3,2054.967175917806
27.714833416166073,0.39999999999999997,0.8,29.999999999999996,20.0,200.0,749.9999999999999,AA2024-T3,AA2024-T3,3247.823596556303
27.714833416166073,0.39999999999999997,0.8,29.999999999999996,20.0,200.0,700.0,AA2024-T3,AA2024-T3,3247.823596556303
27.714833416166073,0.39999999999999997,0.9000000000000001,29.999999999999996,20.0,200.0,649.9999999999999,AA2024-T3,AA2024-T3,3247.823596556303
27.714833416166073,0.39999999999999997,0.9000000000000001,29.999999999999996,20.0,200.0,749.9999999999999,AA2024-T3,AA2024-T3,3247.823596556303
27.714833416166073,0.39999999999999997,0.9000000000000001,29.999999999999996,20.0,200.0,700.0,AA2024-T3,AA2024-T3,3247.823596556303
27.714833416166073,0.39999999999999997,0.8,29.999999999999996,20.0,200.0,649.9999999999999,AA2024-T3,AA2024-T3,3247.823596556303
27.72600148701652,0.39999999999999997,0.9000000000000001,20.0,20.0,160.00000000000003,350.0,AA2024-T3,AA2024-T3,3394.0296911288287
27.72600148701652,0.39999999999999997,0.9000000000000001,24.999999999999996,20.0,200.0,350.0,AA2024-T3,AA2024-T3,2920.2360586215646
27.72600148701652,0.39999999999999997,0.8,24.999999999999996,20.0,200.0,350.0,AA2024-T3,AA2024-T3,2920.2360586215646
27.72600148701652,0.39999999999999997,0.8,20.0,20.0,160.00000000000003,350.0,AA2024-T3,AA2024-T3,3394.0296911288287
27.7635812953413,0.39999999999999997,0.9000000000000001,24.999999999999996,20.0,180.00000000000003,499.99999999999994,AA2024-T3,AA2024-T3,3301.5935033849096
27.7635812953413,0.39999999999999997,0.8,24.999999999999996,20.0,180.00000000000003,449.99999999999994,AA2024-T3,AA2024-T3,3301.5935033849096
27.7635812953413,0.39999999999999997,0.8,24.999999999999996,20.0,180.00000000000003,499.99999999999994,AA2024-T3,AA2024-T3,3301.5935033849096
27.7635812953413,0.39999999999999997,0.9000000000000001,24.999999999999996,20.0,180.00000000000003,449.99999999999994,AA2024-T3,AA2024-T3,3301.5935033849096
27.787791552754335,0.5,0.9000000000000001,14.999999999999998,20.0,280.0,700.0,AA2024-T3,AA2024-T3,1588.7317688733306
27.787791552754335,0.5,0.9000000000000001,14.999999999999998,20.0,280.0,749.9999999999999,AA2024-T3,AA2024-T3,2103.0738896630724
27.787791552754335,0.5,0.8,14.999999999999998,20.0,280.0,700.0,AA2024-T3,AA2024-T3,2103.0738896630724
27.787791552754335,0.5,0.8,14.999999999999998,20.0,280.0,749.9999999999999,AA2024-T3,AA2024-T3,2103.0738896630724
27.787791552754335,0.5,0.8,14.999999999999998,20.0,280.0,649.9999999999999,AA2024-T3,AA2024-T3,2103.0738896630724
27.787791552754335,0.5,0.9000000000000001,14.999999999999998,20.0,280.0,649.9999999999999,AA2024-T3,AA2024-T3,2103.0738896630724
27.79337558817956,0.5,0.8,10.0,20.0,240.00000000000003,499.99999999999994,AA2024-T3,AA2024-T3,2267.4254130145187
27.79337558817956,0.5,0.8,10.0,20.0,240.00000000000003,449.99999999999994,AA2024-T3,AA2024-T3,2267.4254130145187
27.79337558817956,0.5,0.9000000000000001,10.0,20.0,240.00000000000003,449.99999999999994,AA2024-T3,AA2024-T3,2267.4254130145187
27.79337558817956,0.5,0.9000000000000001,10.0,20.0,240.00000000000003,499.99999999999994,AA2024-T3,AA2024-T3,2267.4254130145187
27.839331449642174,0.5,0.9000000000000001,10.0,20.0,280.0,399.99999999999994,AA2024-T3,AA2024-T3,1870.2570406252682
27.839331449642174,0.5,0.8,10.0,20.0,280.0,399.99999999999994,AA2024-T3,AA2024-T3,1870.2570406252682
27.852701000553914,0.39999999999999997,0.8,29.999999999999996,20.0,220.00000000000003,399.99999999999994,AA2024-T3,AA2024-T3,2898.245476284813
27.852701000553914,0.39999999999999997,0.9000000000000001,29.999999999999996,20.0,220.00000000000003,399.99999999999994,AA2024-T3,AA2024-T3,2898.245476284813
27.874119240254338,0.5,0.9000000000000001,10.0,20.0,180.00000000000003,749.9999999999999,AA2024-T3,AA2024-T3,3314.020684936922
27.874119240254338,0.5,0.8,10.0,20.0,180.00000000000003,700.0,AA2024-T3,AA2024-T3,3314.020684936922
27.874119240254338,0.5,0.8,10.0,20.0,180.00000000000003,649.9999999999999,AA2024-T3,AA2024-T3,3314.020684936922
27.874119240254338,0.5,0.9000000000000001,10.0,20.0,180.00000000000003,700.0,AA2024-T3,AA2024-T3,3314.020684936922
27.874119240254338,0.5,0.9000000000000001,10.0,20.0,180.00000000000003,649.9999999999999,AA2024-T3,AA2024-T3,3314.020684936922
27.874119240254338,0.5,0.8,10.0,20.0,180.00000000000003,749.9999999999999,AA2024-T3,AA2024-T3,3314.020684936922
27.890280808878686,0.39999999999999997,0.8,14.999999999999998,20.0,100.0,549.9999999999999,AA2024-T3,AA2024-T3,5636.718321787745
27.890280808878686,0.39999999999999997,0.8,14.999999999999998,20.0,100.0,599.9999999999999,AA2024-T3,AA2024-T3,5636.718321787745
27.890280808878686,0.39999999999999997,0.9000000000000001,14.999999999999998,20.0,100.0,549.9999999999999,AA2024-T3,AA2024-T3,5636.718321787745
27.890280808878686,0.39999999999999997,0.9000000000000001,14.999999999999998,20.0,100.0,599.9999999999999,AA2024-T3,AA2024-T3,5636.718321787745
27.90365035979043,0.3,0.9000000000000001,24.999999999999996,20.0,100.0,599.9999999999999,AA2024-T3,AA2024-T3,4944.317718620561
27.90365035979043,0.3,0.9000000000000001,24.999999999999996,20.0,100.0,549.9999999999999,AA2024-T3,AA2024-T3,4944.317718620561
27.90365035979043,0.3,0.8,24.999999999999996,20.0,100.0,599.9999999999999,AA2024-T3,AA2024-T3,4944.317718620561
27.90365035979043,0.3,0.8,24.999999999999996,20.0,100.0,549.9999999999999,AA2024-T3,AA2024-T3,4944.317718620561
27.917610448353496,0.3,0.8,29.999999999999996,20.0,140.0,300.0,AA2024-T3,AA2024-T3,3844.188075521245
27.917610448353496,0.3,0.9000000000000001,29.999999999999996,20.0,140.0,300.0,AA2024-T3,AA2024-T3,3844.188075521245
27.92007510171695,0.5,0.8,10.0,20.0,200.0,549.9999999999999,AA2024-T3,AA2024-T3,2876.3996060291634
27.92007510171695,0.5,0.9000000000000001,10.0,20.0,200.0,599.9999999999999,AA2024-T3,AA2024-T3,2876.3996060291634
27.92007510171695,0.5,0.9000000000000001,10.0,20.0,200.0,549.9999999999999,AA2024-T3,AA2024-T3,2876.3996060291634
27.92007510171695,0.5,0.8,10.0,20.0,200.0,599.9999999999999,AA2024-T3,AA2024-T3,2876.3996060291634
27.946814203540427,0.3,0.9000000000000001,29.999999999999996,20.0,120.00000000000001,549.9999999999999,AA2024-T3,AA2024-T3,4543.178277037259
27.946814203540427,0.3,0.9000000000000001,29.999999999999996,20.0,120.00000000000001,599.9999999999999,AA2024-T3,AA2024-T3,4543.178277037259
27.946814203540427,0.3,0.8,29.999999999999996,20.0,120.00000000000001,599.9999999999999,AA2024-T3,AA2024-T3,4543.178277037259
27.946814203540427,0.3,0.8,29.999999999999996,20.0,120.00000000000001,549.9999999999999,AA2024-T3,AA2024-T3,4543.178277037259
27.966030963179563,0.5,0.8,10.0,20.0,220.00000000000003,449.99999999999994,AA2024-T3,AA2024-T3,2534.488122045136
27.966030963179563,0.5,0.8,10.0,20.0,220.00000000000003,499.99999999999994,AA2024-T3,AA2024-T3,2534.488122045136
27.966030963179563,0.5,0.9000000000000001,10.0,20.0,220.00000000000003,499.99999999999994,AA2024-T3,AA2024-T3,2534.488122045136
27.966030963179563,0.5,0.9000000000000001,10.0,20.0,220.00000000000003,449.99999999999994,AA2024-T3,AA2024-T3,2534.488122045136
27.9794005140913,0.39999999999999997,0.8,20.0,20.0,140.0,499.99999999999994,AA2024-T3,AA2024-T3,4010.7879993238375
27.9794005140913,0.39999999999999997,0.8,20.0,20.0,140.0,449.99999999999994,AA2024-T3,AA2024-T3,4010.7879993238375
27.9794005140913,0.39999999999999997,0.9000000000000001,20.0,20.0,140.0,449.99999999999994,AA2024-T3,AA2024-T3,4010.7879993238375
27.9794005140913,0.39999999999999997,0.9000000000000001,20.0,20.0,140.0,499.99999999999994,AA2024-T3,AA2024-T3,4010.7879993238375
27.990568584941748,0.39999999999999997,0.9000000000000001,29.999999999999996,20.0,260.0,300.0,AA2024-T3,AA2024-T3,2422.3907624337526
27.990568584941748,0.39999999999999997,0.8,29.999999999999996,20.0,260.0,300.0,AA2024-T3,AA2024-T3,2422.3907624337526
28.011986824642175,0.5,0.8,10.0,20.0,260.0,399.99999999999994,AA2024-T3,AA2024-T3,2054.967175917806
28.011986824642175,0.5,0.9000000000000001,10.0,20.0,260.0,399.99999999999994,AA2024-T3,AA2024-T3,2054.967175917806
28.016980322416075,0.39999999999999997,0.8,24.999999999999996,20.0,160.00000000000003,700.0,AA2024-T3,AA2024-T3,3803.9778286090846
28.016980322416075,0.39999999999999997,0.9000000000000001,24.999999999999996,20.0,160.00000000000003,649.9999999999999,AA2024-T3,AA2024-T3,3803.977828609085
28.016980322416075,0.39999999999999997,0.8,24.999999999999996,20.0,160.00000000000003,649.9999999999999,AA2024-T3,AA2024-T3,3803.9778286090846
28.016980322416075,0.39999999999999997,0.9000000000000001,24.999999999999996,20.0,160.00000000000003,749.9999999999999,AA2024-T3,AA2024-T3,3803.977828609085
28.016980322416075,0.39999999999999997,0.9000000000000001,24.999999999999996,20.0,160.00000000000003,700.0,AA2024-T3,AA2024-T3,3803.977828609085
28.016980322416075,0.39999999999999997,0.8,24.999999999999996,20.0,160.00000000000003,749.9999999999999,AA2024-T3,AA2024-T3,3803.9778286090846
28.019772340128686,0.39999999999999997,0.9000000000000001,29.999999999999996,20.0,200.0,549.9999999999999,AA2024-T3,AA2024-T3,3247.823596556303
28.019772340128686,0.39999999999999997,0.9000000000000001,29.999999999999996,20.0,200.0,599.9999999999999,AA2024-T3,AA2024-T3,3247.823596556303
28.019772340128686,0.39999999999999997,0.8,29.999999999999996,20.0,200.0,549.9999999999999,AA2024-T3,AA2024-T3,3247.823596556303
28.019772340128686,0.39999999999999997,0.8,29.999999999999996,20.0,200.0,599.9999999999999,AA2024-T3,AA2024-T3,3247.823596556303
28.046774615254336,0.5,0.9000000000000001,14.999999999999998,20.0,260.0,749.9999999999999,AA2024-T3,AA2024-T3,2307.9016503152952
28.046774615254336,0.5,0.9000000000000001,14.999999999999998,20.0,260.0,700.0,AA2024-T3,AA2024-T3,1757.1180556223085
28.046774615254336,0.5,0.8,14.999999999999998,20.0,260.0,649.9999999999999,AA2024-T3,AA2024-T3,2307.9016503152952
28.046774615254336,0.5,0.8,14.999999999999998,20.0,260.0,749.9999999999999,AA2024-T3,AA2024-T3,2307.9016503152952
28.046774615254336,0.5,0.8,14.999999999999998,20.0,260.0,700.0,AA2024-T3,AA2024-T3,2307.9016503152952
28.046774615254336,0.5,0.9000000000000001,14.999999999999998,20.0,260.0,649.9999999999999,AA2024-T3,AA2024-T3,2307.9016503152952
28.068520219303913,0.39999999999999997,0.9000000000000001,24.999999999999996,20.0,180.00000000000003,399.99999999999994,AA2024-T3,AA2024-T3,3301.5935033849096
28.068520219303913,0.39999999999999997,0.8,24.999999999999996,20.0,180.00000000000003,399.99999999999994,AA2024-T3,AA2024-T3,3301.5935033849096
28.092730476716948,0.5,0.9000000000000001,14.999999999999998,20.0,280.0,599.9999999999999,AA2024-T3,AA2024-T3,2103.0738896630724
28.092730476716948,0.5,0.8,14.999999999999998,20.0,280.0,549.9999999999999,AA2024-T3,AA2024-T3,2103.0738896630724
28.092730476716948,0.5,0.8,14.999999999999998,20.0,280.0,599.9999999999999,AA2024-T3,AA2024-T3,2103.0738896630724
28.092730476716948,0.5,0.9000000000000001,14.999999999999998,20.0,280.0,549.9999999999999,AA2024-T3,AA2024-T3,2103.0738896630724
28.098314512142174,0.5,0.9000000000000001,10.0,20.0,240.00000000000003,399.99999999999994,AA2024-T3,AA2024-T3,2267.4254130145187
28.098314512142174,0.5,0.8,10.0,20.0,240.00000000000003,399.99999999999994,AA2024-T3,AA2024-T3,2267.4254130145187
28.14427037360479,0.5,0.8,10.0,20.0,280.0,350.0,AA2024-T3,AA2024-T3,1870.2570406252682
28.14427037360479,0.5,0.9000000000000001,10.0,20.0,280.0,350.0,AA2024-T3,AA2024-T3,1870.2570406252682
28.157639924516523,0.39999999999999997,0.9000000000000001,29.999999999999996,20.0,220.00000000000003,350.0,AA2024-T3,AA2024-T3,2898.245476284813
28.157639924516523,0.39999999999999997,0.8,29.999999999999996,20.0,220.00000000000003,350.0,AA2024-T3,AA2024-T3,2898.245476284813
28.176266146504336,0.5,0.9000000000000001,14.999999999999998,20.0,240.00000000000003,749.9999999999999,AA2024-T3,AA2024-T3,2537.757704748306
28.176266146504336,0.5,0.8,14.999999999999998,20.0,240.00000000000003,749.9999999999999,AA2024-T3,AA2024-T3,2537.7577047483064
28.176266146504336,0.5,0.9000000000000001,14.999999999999998,20.0,240.00000000000003,649.9999999999999,AA2024-T3,AA2024-T3,2537.757704748306
28.176266146504336,0.5,0.8,14.999999999999998,20.0,240.00000000000003,700.0,AA2024-T3,AA2024-T3,2537.7577047483064
28.176266146504336,0.5,0.8,14.999999999999998,20.0,240.00000000000003,649.9999999999999,AA2024-T3,AA2024-T3,2537.7577047483064
28.176266146504336,0.5,0.9000000000000001,14.999999999999998,20.0,240.00000000000003,700.0,AA2024-T3,AA2024-T3,1949.7867583326758
28.179058164216947,0.5,0.8,10.0,20.0,180.00000000000003,549.9999999999999,AA2024-T3,AA2024-T3,3314.020684936922
28.179058164216947,0.5,0.9000000000000001,10.0,20.0,180.00000000000003,549.9999999999999,AA2024-T3,AA2024-T3,3314.020684936922
28.179058164216947,0.5,0.9000000000000001,10.0,20.0,180.00000000000003,599.9999999999999,AA2024-T3,AA2024-T3,3314.020684936922
28.179058164216947,0.5,0.8,10.0,20.0,180.00000000000003,599.9999999999999,AA2024-T3,AA2024-T3,3314.020684936922
28.1952197328413,0.39999999999999997,0.9000000000000001,14.999999999999998,20.0,100.0,449.99999999999994,AA2024-T3,AA2024-T3,5636.718321787745
28.1952197328413,0.39999999999999997,0.8,14.999999999999998,20.0,100.0,449.99999999999994,AA2024-T3,AA2024-T3,5636.718321787745
28.1952197328413,0.39999999999999997,0.9000000000000001,14.999999999999998,20.0,100.0,499.99999999999994,AA2024-T3,AA2024-T3,5636.718321787745
28.1952197328413,0.39999999999999997,0.8,14.999999999999998,20.0,100.0,499.99999999999994,AA2024-T3,AA2024-T3,5636.718321787745
28.208589283753042,0.3,0.9000000000000001,24.999999999999996,20.0,100.0,499.99999999999994,AA2024-T3,AA2024-T3,4944.317718620561
28.208589283753042,0.3,0.8,24.999999999999996,20.0,100.0,499.99999999999994,AA2024-T3,AA2024-T3,4944.317718620561
28.208589283753042,0.3,0.9000000000000001,24.999999999999996,20.0,100.0,449.99999999999994,AA2024-T3,AA2024-T3,4944.317718620561
28.208589283753042,0.3,0.8,24.999999999999996,20.0,100.0,449.99999999999994,AA2024-T3,AA2024-T3,4944.317718620561
28.219429990254334,0.5,0.9000000000000001,10.0,20.0,160.00000000000003,749.9999999999999,AA2024-T3,AA2024-T3,3909.2214142827265
28.219429990254334,0.5,0.9000000000000001,10.0,20.0,160.00000000000003,700.0,AA2024-T3,AA2024-T3,3909.2214142827265
28.219429990254334,0.5,0.8,10.0,20.0,160.00000000000003,700.0,AA2024-T3,AA2024-T3,3909.2214142827265
28.219429990254334,0.5,0.8,10.0,20.0,160.00000000000003,749.9999999999999,AA2024-T3,AA2024-T3,3909.2214142827265
28.219429990254334,0.5,0.9000000000000001,10.0,20.0,160.00000000000003,649.9999999999999,AA2024-T3,AA2024-T3,3909.2214142827265
28.219429990254334,0.5,0.8,10.0,20.0,160.00000000000003,649.9999999999999,AA2024-T3,AA2024-T3,3909.2214142827265
28.225014025679563,0.5,0.9000000000000001,10.0,20.0,200.0,449.99999999999994,AA2024-T3,AA2024-T3,2876.3996060291634
28.225014025679563,0.5,0.9000000000000001,10.0,20.0,200.0,499.99999999999994,AA2024-T3,AA2024-T3,2876.3996060291634
28.225014025679563,0.5,0.8,10.0,20.0,200.0,499.99999999999994,AA2024-T3,AA2024-T3,2876.3996060291634
28.225014025679563,0.5,0.8,10.0,20.0,200.0,449.99999999999994,AA2024-T3,AA2024-T3,2876.3996060291634
28.24955164744175,0.39999999999999997,0.9000000000000001,14.999999999999998,20.0,120.00000000000001,300.0,AA2024-T3,AA2024-T3,4340.087309802677
28.24955164744175,0.39999999999999997,0.8,14.999999999999998,20.0,120.00000000000001,300.0,AA2024-T3,AA2024-T3,4340.087309802678
28.24955164744175,0.39999999999999997,0.8,29.999999999999996,20.0,240.00000000000003,300.0,AA2024-T3,AA2024-T3,2628.678230616507
28.24955164744175,0.39999999999999997,0.9000000000000001,29.999999999999996,20.0,240.00000000000003,300.0,AA2024-T3,AA2024-T3,2628.678230616507
28.251753127503044,0.3,0.9000000000000001,29.999999999999996,20.0,120.00000000000001,499.99999999999994,AA2024-T3,AA2024-T3,4543.178277037259
28.251753127503044,0.3,0.9000000000000001,29.999999999999996,20.0,120.00000000000001,449.99999999999994,AA2024-T3,AA2024-T3,4543.178277037259
28.251753127503044,0.3,0.8,29.999999999999996,20.0,120.00000000000001,499.99999999999994,AA2024-T3,AA2024-T3,4543.178277037259
28.251753127503044,0.3,0.8,29.999999999999996,20.0,120.00000000000001,449.99999999999994,AA2024-T3,AA2024-T3,4543.178277037259
28.270969887142176,0.5,0.8,10.0,20.0,220.00000000000003,399.99999999999994,AA2024-T3,AA2024-T3,2534.488122045136
28.270969887142176,0.5,0.9000000000000001,10.0,20.0,220.00000000000003,399.99999999999994,AA2024-T3,AA2024-T3,2534.488122045136
28.284339438053912,0.39999999999999997,0.8,20.0,20.0,140.0,399.99999999999994,AA2024-T3,AA2024-T3,4010.7879993238375
28.284339438053912,0.39999999999999997,0.9000000000000001,20.0,20.0,140.0,399.99999999999994,AA2024-T3,AA2024-T3,4010.7879993238375
28.31692574860479,0.5,0.8,10.0,20.0,260.0,350.0,AA2024-T3,AA2024-T3,2054.967175917806
28.31692574860479,0.5,0.9000000000000001,10.0,20.0,260.0,350.0,AA2024-T3,AA2024-T3,2054.967175917806
28.321919246378684,0.39999999999999997,0.8,24.999999999999996,20.0,160.00000000000003,549.9999999999999,AA2024-T3,AA2024-T3,3803.9778286090846
28.321919246378684,0.39999999999999997,0.8,24.999999999999996,20.0,160.00000000000003,599.9999999999999,AA2024-T3,AA2024-T3,3803.9778286090846
28.321919246378684,0.39999999999999997,0.9000000000000001,24.999999999999996,20.0,160.00000000000003,549.9999999999999,AA2024-T3,AA2024-T3,3803.977828609085
28.321919246378684,0.39999999999999997,0.9000000000000001,24.999999999999996,20.0,160.00000000000003,599.9999999999999,AA2024-T3,AA2024-T3,3803.977828609085
28.3247112640913,0.39999999999999997,0.8,29.999999999999996,20.0,200.0,449.99999999999994,AA2024-T3,AA2024-T3,3247.823596556303
28.3247112640913,0.39999999999999997,0.8,29.999999999999996,20.0,200.0,499.99999999999994,AA2024-T3,AA2024-T3,3247.823596556303
28.3247112640913,0.39999999999999997,0.9000000000000001,29.999999999999996,20.0,200.0,499.99999999999994,AA2024-T3,AA2024-T3,3247.823596556303
28.3247112640913,0.39999999999999997,0.9000000000000001,29.999999999999996,20.0,200.0,449.99999999999994,AA2024-T3,AA2024-T3,3247.823596556303
28.335879334941747,0.39999999999999997,0.9000000000000001,24.999999999999996,20.0,200.0,300.0,AA2024-T3,AA2024-T3,2920.2360586215646
28.335879334941747,0.39999999999999997,0.8,20.0,20.0,160.00000000000003,300.0,AA2024-T3,AA2024-T3,3394.0296911288287
28.335879334941747,0.39999999999999997,0.9000000000000001,20.0,20.0,160.00000000000003,300.0,AA2024-T3,AA2024-T3,3394.0296911288287
28.335879334941747,0.39999999999999997,0.8,24.999999999999996,20.0,200.0,300.0,AA2024-T3,AA2024-T3,2920.2360586215646
28.35171353921695,0.5,0.8,14.999999999999998,20.0,260.0,599.9999999999999,AA2024-T3,AA2024-T3,2307.9016503152952
28.35171353921695,0.5,0.9000000000000001,14.999999999999998,20.0,260.0,549.9999999999999,AA2024-T3,AA2024-T3,2307.9016503152952
28.35171353921695,0.5,0.8,14.999999999999998,20.0,260.0,549.9999999999999,AA2024-T3,AA2024-T3,2307.9016503152952
28.35171353921695,0.5,0.9000000000000001,14.999999999999998,20.0,260.0,599.9999999999999,AA2024-T3,AA2024-T3,2307.9016503152952
28.373459143266523,0.39999999999999997,0.9000000000000001,24.999999999999996,20.0,180.00000000000003,350.0,AA2024-T3,AA2024-T3,3301.5935033849096
28.373459143266523,0.39999999999999997,0.8,24.999999999999996,20.0,180.00000000000003,350.0,AA2024-T3,AA2024-T3,3301.5935033849096
28.39766940067956,0.5,0.8,14.999999999999998,20.0,280.0,499.99999999999994,AA2024-T3,AA2024-T3,2103.0738896630724
28.39766940067956,0.5,0.9000000000000001,14.999999999999998,20.0,280.0,499.99999999999994,AA2024-T3,AA2024-T3,2103.0738896630724
28.39766940067956,0.5,0.9000000000000001,14.999999999999998,20.0,280.0,449.99999999999994,AA2024-T3,AA2024-T3,2103.0738896630724
28.39766940067956,0.5,0.8,14.999999999999998,20.0,280.0,449.99999999999994,AA2024-T3,AA2024-T3,2103.0738896630724
28.403253436104787,0.5,0.8,10.0,20.0,240.00000000000003,350.0,AA2024-T3,AA2024-T3,2267.4254130145187
28.403253436104787,0.5,0.9000000000000001,10.0,20.0,240.00000000000003,350.0,AA2024-T3,AA2024-T3,2267.4254130145187
28.40545491616607,0.39999999999999997,0.8,20.0,20.0,120.00000000000001,649.9999999999999,AA2024-T3,AA2024-T3,4881.950532304808
28.40545491616607,0.39999999999999997,0.8,20.0,20.0,120.00000000000001,749.9999999999999,AA2024-T3,AA2024-T3,4881.950532304808
28.40545491616607,0.39999999999999997,0.9000000000000001,20.0,20.0,120.00000000000001,700.0,AA2024-T3,AA2024-T3,4881.950532304808
28.40545491616607,0.39999999999999997,0.9000000000000001,20.0,20.0,120.00000000000001,649.9999999999999,AA2024-T3,AA2024-T3,4881.950532304808
28.40545491616607,0.39999999999999997,0.8,20.0,20.0,120.00000000000001,700.0,AA2024-T3,AA2024-T3,4881.950532304808
28.40545491616607,0.39999999999999997,0.9000000000000001,20.0,20.0,120.00000000000001,749.9999999999999,AA2024-T3,AA2024-T3,4881.950532304808
28.435249209004336,0.5,0.8,14.999999999999998,20.0,220.00000000000003,649.9999999999999,AA2024-T3,AA2024-T3,2828.9859674267645
28.435249209004336,0.5,0.8,14.999999999999998,20.0,220.00000000000003,749.9999999999999,AA2024-T3,AA2024-T3,2828.9859674267645
28.435249209004336,0.5,0.9000000000000001,14.999999999999998,20.0,220.00000000000003,649.9999999999999,AA2024-T3,AA2024-T3,2828.985967426764
28.435249209004336,0.5,0.8,14.999999999999998,20.0,220.00000000000003,700.0,AA2024-T3,AA2024-T3,2828.9859674267645
28.435249209004336,0.5,0.9000000000000001,14.999999999999998,20.0,220.00000000000003,749.9999999999999,AA2024-T3,AA2024-T3,2828.985967426764
28.435249209004336,0.5,0.9000000000000001,14.999999999999998,20.0,220.00000000000003,700.0,AA2024-T3,AA2024-T3,2197.726364431466
28.48120507046695,0.5,0.8,14.999999999999998,20.0,240.00000000000003,599.9999999999999,AA2024-T3,AA2024-T3,2537.7577047483064
28.48120507046695,0.5,0.9000000000000001,14.999999999999998,20.0,240.00000000000003,549.9999999999999,AA2024-T3,AA2024-T3,2537.757704748306
28.48120507046695,0.5,0.9000000000000001,14.999999999999998,20.0,240.00000000000003,599.9999999999999,AA2024-T3,AA2024-T3,2537.757704748306
28.48120507046695,0.5,0.8,14.999999999999998,20.0,240.00000000000003,549.9999999999999,AA2024-T3,AA2024-T3,2537.7577047483064
28.483997088179564,0.5,0.9000000000000001,10.0,20.0,180.00000000000003,499.99999999999994,AA2024-T3,AA2024-T3,3314.020684936922
28.483997088179564,0.5,0.9000000000000001,10.0,20.0,180.00000000000003,449.99999999999994,AA2024-T3,AA2024-T3,3314.020684936922
28.483997088179564,0.5,0.8,10.0,20.0,180.00000000000003,499.99999999999994,AA2024-T3,AA2024-T3,3314.020684936922
28.483997088179564,0.5,0.8,10.0,20.0,180.00000000000003,449.99999999999994,AA2024-T3,AA2024-T3,3314.020684936922
28.491782603666074,0.39999999999999997,0.9000000000000001,29.999999999999996,20.0,180.00000000000003,700.0,AA2024-T3,AA2024-T3,3665.066243158061
28.491782603666074,0.39999999999999997,0.9000000000000001,29.999999999999996,20.0,180.00000000000003,749.9999999999999,AA2024-T3,AA2024-T3,3665.066243158061
28.491782603666074,0.39999999999999997,0.8,29.999999999999996,20.0,180.00000000000003,649.9999999999999,AA2024-T3,AA2024-T3,3665.066243158061
28.491782603666074,0.39999999999999997,0.9000000000000001,29.999999999999996,20.0,180.00000000000003,649.9999999999999,AA2024-T3,AA2024-T3,3665.066243158061
28.491782603666074,0.39999999999999997,0.8,29.999999999999996,20.0,180.00000000000003,700.0,AA2024-T3,AA2024-T3,3665.066243158061
28.491782603666074,0.39999999999999997,0.8,29.999999999999996,20.0,180.00000000000003,749.9999999999999,AA2024-T3,AA2024-T3,3665.066243158061
28.50015865680391,0.39999999999999997,0.9000000000000001,14.999999999999998,20.0,100.0,399.99999999999994,AA2024-T3,AA2024-T3,5636.718321787745
28.50015865680391,0.39999999999999997,0.8,14.999999999999998,20.0,100.0,399.99999999999994,AA2024-T3,AA2024-T3,5636.718321787745
28.513528207715655,0.3,0.8,24.999999999999996,20.0,100.0,399.99999999999994,AA2024-T3,AA2024-T3,4944.317718620561
28.513528207715655,0.3,0.9000000000000001,24.999999999999996,20.0,100.0,399.99999999999994,AA2024-T3,AA2024-T3,4944.317718620561
28.52436891421695,0.5,0.8,10.0,20.0,160.00000000000003,549.9999999999999,AA2024-T3,AA2024-T3,3909.2214142827265
28.52436891421695,0.5,0.8,10.0,20.0,160.00000000000003,599.9999999999999,AA2024-T3,AA2024-T3,3909.2214142827265
28.52436891421695,0.5,0.9000000000000001,10.0,20.0,160.00000000000003,599.9999999999999,AA2024-T3,AA2024-T3,3909.2214142827265
28.52436891421695,0.5,0.9000000000000001,10.0,20.0,160.00000000000003,549.9999999999999,AA2024-T3,AA2024-T3,3909.2214142827265
28.529952949642176,0.5,0.9000000000000001,10.0,20.0,200.0,399.99999999999994,AA2024-T3,AA2024-T3,2876.3996060291634
28.529952949642176,0.5,0.8,10.0,20.0,200.0,399.99999999999994,AA2024-T3,AA2024-T3,2876.3996060291634
28.556692051465653,0.3,0.9000000000000001,29.999999999999996,20.0,120.00000000000001,399.99999999999994,AA2024-T3,AA2024-T3,4543.178277037259
28.556692051465653,0.3,0.8,29.999999999999996,20.0,120.00000000000001,399.99999999999994,AA2024-T3,AA2024-T3,4543.178277037259
28.57590881110479,0.5,0.8,10.0,20.0,220.00000000000003,350.0,AA2024-T3,AA2024-T3,2534.488122045136
28.57590881110479,0.5,0.9000000000000001,10.0,20.0,220.00000000000003,350.0,AA2024-T3,AA2024-T3,2534.488122045136
28.589278362016522,0.39999999999999997,0.9000000000000001,20.0,20.0,140.0,350.0,AA2024-T3,AA2024-T3,4010.7879993238375
28.589278362016522,0.39999999999999997,0.8,20.0,20.0,140.0,350.0,AA2024-T3,AA2024-T3,4010.7879993238375
28.6268581703413,0.39999999999999997,0.9000000000000001,24.999999999999996,20.0,160.00000000000003,449.99999999999994,AA2024-T3,AA2024-T3,3803.977828609085
28.6268581703413,0.39999999999999997,0.9000000000000001,24.999999999999996,20.0,160.00000000000003,499.99999999999994,AA2024-T3,AA2024-T3,3803.977828609085
28.6268581703413,0.39999999999999997,0.8,24.999999999999996,20.0,160.00000000000003,449.99999999999994,AA2024-T3,AA2024-T3,3803.9778286090846
28.6268581703413,0.39999999999999997,0.8,24.999999999999996,20.0,160.00000000000003,499.99999999999994,AA2024-T3,AA2024-T3,3803.9778286090846
28.629650188053912,0.39999999999999997,0.8,29.999999999999996,20.0,200.0,399.99999999999994,AA2024-T3,AA2024-T3,3247.823596556303
28.629650188053912,0.39999999999999997,0.9000000000000001,29.999999999999996,20.0,200.0,399.99999999999994,AA2024-T3,AA2024-T3,3247.823596556303
28.651068427754335,0.5,0.9000000000000001,20.0,20.0,280.0,749.9999999999999,AA2024-T3,AA2024-T3,2336.0874864439575
28.651068427754335,0.5,0.9000000000000001,20.0,20.0,280.0,649.9999999999999,AA2024-T3,AA2024-T3,2336.0874864439575
28.651068427754335,0.5,0.9000000000000001,10.0,20.0,140.0,700.0,AA2024-T3,AA2024-T3,4760.42276794537
28.651068427754335,0.5,0.9000000000000001,10.0,20.0,140.0,749.9999999999999,AA2024-T3,AA2024-T3,4760.42276794537
28.651068427754335,0.5,0.9000000000000001,10.0,20.0,140.0,649.9999999999999,AA2024-T3,AA2024-T3,4760.42276794537
28.651068427754335,0.5,0.8,20.0,20.0,280.0,749.9999999999999,AA2024-T3,AA2024-T3,2336.0874864439575
28.651068427754335,0.5,0.8,10.0,20.0,140.0,700.0,AA2024-T3,AA2024-T3,4760.42276794537
28.651068427754335,0.5,0.8,10.0,20.0,140.0,649.9999999999999,AA2024-T3,AA2024-T3,4760.42276794537
28.651068427754335,0.5,0.8,10.0,20.0,140.0,749.9999999999999,AA2024-T3,AA2024-T3,4760.42276794537
28.651068427754335,0.5,0.9000000000000001,20.0,20.0,280.0,700.0,AA2024-T3,AA2024-T3,2336.0874864439575
28.651068427754335,0.5,0.8,20.0,20.0,280.0,649.9999999999999,AA2024-T3,AA2024-T3,2336.0874864439575
28.651068427754335,0.5,0.8,20.0,20.0,280.0,700.0,AA2024-T3,AA2024-T3,2336.0874864439575
28.65665246317956,0.5,0.8,14.999999999999998,20.0,260.0,449.99999999999994,AA2024-T3,AA2024-T3,2307.9016503152952
28.65665246317956,0.5,0.9000000000000001,14.999999999999998,20.0,260.0,499.99999999999994,AA2024-T3,AA2024-T3,2307.9016503152952
28.65665246317956,0.5,0.9000000000000001,14.999999999999998,20.0,260.0,449.99999999999994,AA2024-T3,AA2024-T3,2307.9016503152952
28.65665246317956,0.5,0.8,14.999999999999998,20.0,260.0,499.99999999999994,AA2024-T3,AA2024-T3,2307.9016503152952
28.702608324642174,0.5,0.8,14.999999999999998,20.0,280.0,399.99999999999994,AA2024-T3,AA2024-T3,2103.0738896630724
28.702608324642174,0.5,0.9000000000000001,14.999999999999998,20.0,280.0,399.99999999999994,AA2024-T3,AA2024-T3,2103.0738896630724
28.710393840128685,0.39999999999999997,0.8,20.0,20.0,120.00000000000001,549.9999999999999,AA2024-T3,AA2024-T3,4881.950532304808
28.710393840128685,0.39999999999999997,0.8,20.0,20.0,120.00000000000001,599.9999999999999,AA2024-T3,AA2024-T3,4881.950532304808
28.710393840128685,0.39999999999999997,0.9000000000000001,20.0,20.0,120.00000000000001,599.9999999999999,AA2024-T3,AA2024-T3,4881.950532304808
28.710393840128685,0.39999999999999997,0.9000000000000001,20.0,20.0,120.00000000000001,549.9999999999999,AA2024-T3,AA2024-T3,4881.950532304808
28.74018813296695,0.5,0.8,14.999999999999998,20.0,220.00000000000003,599.9999999999999,AA2024-T3,AA2024-T3,2828.9859674267645
28.74018813296695,0.5,0.8,14.999999999999998,20.0,220.00000000000003,549.9999999999999,AA2024-T3,AA2024-T3,2828.9859674267645
28.74018813296695,0.5,0.9000000000000001,14.999999999999998,20.0,220.00000000000003,549.9999999999999,AA2024-T3,AA2024-T3,2828.985967426764
28.74018813296695,0.5,0.9000000000000001,14.999999999999998,20.0,220.00000000000003,599.9999999999999,AA2024-T3,AA2024-T3,2828.985967426764
28.754148221530016,0.5,0.9000000000000001,10.0,20.0,280.0,300.0,AA2024-T3,AA2024-T3,1870.2570406252682
28.754148221530016,0.5,0.8,10.0,20.0,280.0,300.0,AA2024-T3,AA2024-T3,1870.2570406252682
28.76751777244175,0.39999999999999997,0.8,29.999999999999996,20.0,220.00000000000003,300.0,AA2024-T3,AA2024-T3,2898.245476284813
28.76751777244175,0.39999999999999997,0.9000000000000001,29.999999999999996,20.0,220.00000000000003,300.0,AA2024-T3,AA2024-T3,2898.245476284813
28.786143994429562,0.5,0.9000000000000001,14.999999999999998,20.0,240.00000000000003,449.99999999999994,AA2024-T3,AA2024-T3,2537.757704748306
28.786143994429562,0.5,0.8,14.999999999999998,20.0,240.00000000000003,449.99999999999994,AA2024-T3,AA2024-T3,2537.7577047483064
28.786143994429562,0.5,0.8,14.999999999999998,20.0,240.00000000000003,499.99999999999994,AA2024-T3,AA2024-T3,2537.7577047483064
28.786143994429562,0.5,0.9000000000000001,14.999999999999998,20.0,240.00000000000003,499.99999999999994,AA2024-T3,AA2024-T3,2537.757704748306
28.788936012142173,0.5,0.9000000000000001,10.0,20.0,180.00000000000003,399.99999999999994,AA2024-T3,AA2024-T3,3314.020684936922
28.788936012142173,0.5,0.8,10.0,20.0,180.00000000000003,399.99999999999994,AA2024-T3,AA2024-T3,3314.020684936922
28.796721527628684,0.39999999999999997,0.8,29.999999999999996,20.0,180.00000000000003,549.9999999999999,AA2024-T3,AA2024-T3,3665.066243158061
28.796721527628684,0.39999999999999997,0.9000000000000001,29.999999999999996,20.0,180.00000000000003,599.9999999999999,AA2024-T3,AA2024-T3,3665.066243158061
28.796721527628684,0.39999999999999997,0.8,29.999999999999996,20.0,180.00000000000003,599.9999999999999,AA2024-T3,AA2024-T3,3665.066243158061
28.796721527628684,0.39999999999999997,0.9000000000000001,29.999999999999996,20.0,180.00000000000003,549.9999999999999,AA2024-T3,AA2024-T3,3665.066243158061
28.80509758076652,0.39999999999999997,0.8,14.999999999999998,20.0,100.0,350.0,AA2024-T3,AA2024-T3,5636.718321787745
28.80509758076652,0.39999999999999997,0.9000000000000001,14.999999999999998,20.0,100.0,350.0,AA2024-T3,AA2024-T3,5636.718321787745
28.81846713167827,0.3,0.8,24.999999999999996,20.0,100.0,350.0,AA2024-T3,AA2024-T3,4944.317718620561
28.81846713167827,0.3,0.9000000000000001,24.999999999999996,20.0,100.0,350.0,AA2024-T3,AA2024-T3,4944.317718620561
28.823723802754333,0.5,0.8,14.999999999999998,20.0,200.0,749.9999999999999,AA2024-T3,AA2024-T3,3203.298736585905
28.823723802754333,0.5,0.9000000000000001,14.999999999999998,20.0,200.0,749.9999999999999,AA2024-T3,AA2024-T3,3203.2987365859044
28.823723802754333,0.5,0.9000000000000001,14.999999999999998,20.0,200.0,700.0,AA2024-T3,AA2024-T3,2523.2190156716288
28.823723802754333,0.5,0.8,14.999999999999998,20.0,200.0,700.0,AA2024-T3,AA2024-T3,3203.298736585905
28.823723802754333,0.5,0.9000000000000001,14.999999999999998,20.0,200.0,649.9999999999999,AA2024-T3,AA2024-T3,3203.2987365859044
28.823723802754333,0.5,0.8,14.999999999999998,20.0,200.0,649.9999999999999,AA2024-T3,AA2024-T3,3203.298736585905
28.82930783817956,0.5,0.8,10.0,20.0,160.00000000000003,449.99999999999994,AA2024-T3,AA2024-T3,3909.2214142827265
28.82930783817956,0.5,0.8,10.0,20.0,160.00000000000003,499.99999999999994,AA2024-T3,AA2024-T3,3909.2214142827265
28.82930783817956,0.5,0.9000000000000001,10.0,20.0,160.00000000000003,499.99999999999994,AA2024-T3,AA2024-T3,3909.2214142827265
28.82930783817956,0.5,0.9000000000000001,10.0,20.0,160.00000000000003,449.99999999999994,AA2024-T3,AA2024-T3,3909.2214142827265
28.83489187360479,0.5,0.8,10.0,20.0,200.0,350.0,AA2024-T3,AA2024-T3,2876.3996060291634
28.83489187360479,0.5,0.9000000000000001,10.0,20.0,200.0,350.0,AA2024-T3,AA2024-T3,2876.3996060291634
28.86163097542827,0.3,0.8,29.999999999999996,20.0,120.00000000000001,350.0,AA2024-T3,AA2024-T3,4543.178277037259
28.86163097542827,0.3,0.9000000000000001,29.999999999999996,20.0,120.00000000000001,350.0,AA2024-T3,AA2024-T3,4543.178277037259
28.926803596530014,0.5,0.8,10.0,20.0,260.0,300.0,AA2024-T3,AA2024-T3,2054.967175917806
28.926803596530014,0.5,0.9000000000000001,10.0,20.0,260.0,300.0,AA2024-T3,AA2024-T3,2054.967175917806
28.93179709430391,0.39999999999999997,0.8,24.999999999999996,20.0,160.00000000000003,399.99999999999994,AA2024-T3,AA2024-T3,3803.9778286090846
28.93179709430391,0.39999999999999997,0.9000000000000001,24.999999999999996,20.0,160.00000000000003,399.99999999999994,AA2024-T3,AA2024-T3,3803.977828609085
28.93458911201652,0.39999999999999997,0.9000000000000001,29.999999999999996,20.0,200.0,350.0,AA2024-T3,AA2024-T3,3247.823596556303
28.93458911201652,0.39999999999999997,0.8,29.999999999999996,20.0,200.0,350.0,AA2024-T3,AA2024-T3,3247.823596556303
28.95600735171695,0.5,0.8,10.0,20.0,140.0,549.9999999999999,AA2024-T3,AA2024-T3,4760.42276794537
28.95600735171695,0.5,0.9000000000000001,20.0,20.0,280.0,599.9999999999999,AA2024-T3,AA2024-T3,2336.0874864439575
28.95600735171695,0.5,0.9000000000000001,10.0,20.0,140.0,599.9999999999999,AA2024-T3,AA2024-T3,4760.42276794537
28.95600735171695,0.5,0.9000000000000001,10.0,20.0,140.0,549.9999999999999,AA2024-T3,AA2024-T3,4760.42276794537
28.95600735171695,0.5,0.9000000000000001,20.0,20.0,280.0,549.9999999999999,AA2024-T3,AA2024-T3,2336.0874864439575
28.95600735171695,0.5,0.8,20.0,20.0,280.0,549.9999999999999,AA2024-T3,AA2024-T3,2336.0874864439575
28.95600735171695,0.5,0.8,20.0,20.0,280.0,599.9999999999999,AA2024-T3,AA2024-T3,2336.0874864439575
28.95600735171695,0.5,0.8,10.0,20.0,140.0,599.9999999999999,AA2024-T3,AA2024-T3,4760.42276794537
28.961591387142175,0.5,0.8,14.999999999999998,20.0,260.0,399.99999999999994,AA2024-T3,AA2024-T3,2307.9016503152952
28.961591387142175,0.5,0.9000000000000001,14.999999999999998,20.0,260.0,399.99999999999994,AA2024-T3,AA2024-T3,2307.9016503152952
28.98333699119175,0.39999999999999997,0.9000000000000001,24.999999999999996,20.0,180.00000000000003,300.0,AA2024-T3,AA2024-T3,3301.5935033849096
28.98333699119175,0.39999999999999997,0.8,24.999999999999996,20.0,180.00000000000003,300.0,AA2024-T3,AA2024-T3,3301.5935033849096
28.996379177754335,0.5,0.8,20.0,20.0,260.0,700.0,AA2024-T3,AA2024-T3,2561.2779127009394
28.996379177754335,0.5,0.8,20.0,20.0,260.0,749.9999999999999,AA2024-T3,AA2024-T3,2561.2779127009394
28.996379177754335,0.5,0.9000000000000001,20.0,20.0,260.0,649.9999999999999,AA2024-T3,AA2024-T3,2561.2779127009394
28.996379177754335,0.5,0.9000000000000001,20.0,20.0,260.0,700.0,AA2024-T3,AA2024-T3,2561.2779127009394
28.996379177754335,0.5,0.8,20.0,20.0,260.0,649.9999999999999,AA2024-T3,AA2024-T3,2561.2779127009394
28.996379177754335,0.5,0.9000000000000001,20.0,20.0,260.0,749.9999999999999,AA2024-T3,AA2024-T3,2561.2779127009394
29.007547248604787,0.5,0.9000000000000001,14.999999999999998,20.0,280.0,350.0,AA2024-T3,AA2024-T3,2103.0738896630724
29.007547248604787,0.5,0.8,14.999999999999998,20.0,280.0,350.0,AA2024-T3,AA2024-T3,2103.0738896630724
29.013131284030013,0.5,0.8,10.0,20.0,240.00000000000003,300.0,AA2024-T3,AA2024-T3,2267.4254130145187
29.013131284030013,0.5,0.9000000000000001,10.0,20.0,240.00000000000003,300.0,AA2024-T3,AA2024-T3,2267.4254130145187
29.015332764091298,0.39999999999999997,0.9000000000000001,20.0,20.0,120.00000000000001,499.99999999999994,AA2024-T3,AA2024-T3,4881.950532304808
29.015332764091298,0.39999999999999997,0.8,20.0,20.0,120.00000000000001,499.99999999999994,AA2024-T3,AA2024-T3,4881.950532304808
29.015332764091298,0.39999999999999997,0.9000000000000001,20.0,20.0,120.00000000000001,449.99999999999994,AA2024-T3,AA2024-T3,4881.950532304808
29.015332764091298,0.39999999999999997,0.8,20.0,20.0,120.00000000000001,449.99999999999994,AA2024-T3,AA2024-T3,4881.950532304808
29.045127056929562,0.5,0.8,14.999999999999998,20.0,220.00000000000003,499.99999999999994,AA2024-T3,AA2024-T3,2828.9859674267645
29.045127056929562,0.5,0.9000000000000001,14.999999999999998,20.0,220.00000000000003,499.99999999999994,AA2024-T3,AA2024-T3,2828.985967426764
29.045127056929562,0.5,0.8,14.999999999999998,20.0,220.00000000000003,449.99999999999994,AA2024-T3,AA2024-T3,2828.9859674267645
29.045127056929562,0.5,0.9000000000000001,14.999999999999998,20.0,220.00000000000003,449.99999999999994,AA2024-T3,AA2024-T3,2828.985967426764
29.091082918392175,0.5,0.8,14.999999999999998,20.0,240.00000000000003,399.99999999999994,AA2024-T3,AA2024-T3,2537.7577047483064
29.091082918392175,0.5,0.9000000000000001,14.999999999999998,20.0,240.00000000000003,399.99999999999994,AA2024-T3,AA2024-T3,2537.757704748306
29.09387493610479,0.5,0.8,10.0,20.0,180.00000000000003,350.0,AA2024-T3,AA2024-T3,3314.020684936922
29.09387493610479,0.5,0.9000000000000001,10.0,20.0,180.00000000000003,350.0,AA2024-T3,AA2024-T3,3314.020684936922
29.09607641616607,0.39999999999999997,0.9000000000000001,24.999999999999996,20.0,140.0,700.0,AA2024-T3,AA2024-T3,4479.904447597397
29.09607641616607,0.39999999999999997,0.9000000000000001,24.999999999999996,20.0,140.0,649.9999999999999,AA2024-T3,AA2024-T3,4479.904447597397
29.09607641616607,0.39999999999999997,0.8,24.999999999999996,20.0,140.0,749.9999999999999,AA2024-T3,AA2024-T3,4479.904447597397
29.09607641616607,0.39999999999999997,0.8,24.999999999999996,20.0,140.0,700.0,AA2024-T3,AA2024-T3,4479.904447597397
29.09607641616607,0.39999999999999997,0.8,24.999999999999996,20.0,140.0,649.9999999999999,AA2024-T3,AA2024-T3,4479.904447597397
29.09607641616607,0.39999999999999997,0.9000000000000001,24.999999999999996,20.0,140.0,749.9999999999999,AA2024-T3,AA2024-T3,4479.904447597397
29.1016604515913,0.39999999999999997,0.9000000000000001,29.999999999999996,20.0,180.00000000000003,449.99999999999994,AA2024-T3,AA2024-T3,3665.066243158061
29.1016604515913,0.39999999999999997,0.9000000000000001,29.999999999999996,20.0,180.00000000000003,499.99999999999994,AA2024-T3,AA2024-T3,3665.066243158061
29.1016604515913,0.39999999999999997,0.8,29.999999999999996,20.0,180.00000000000003,499.99999999999994,AA2024-T3,AA2024-T3,3665.066243158061
29.1016604515913,0.39999999999999997,0.8,29.999999999999996,20.0,180.00000000000003,449.99999999999994,AA2024-T3,AA2024-T3,3665.066243158061
29.128662726716946,0.5,0.9000000000000001,14.999999999999998,20.0,200.0,549.9999999999999,AA2024-T3,AA2024-T3,3203.2987365859044
29.128662726716946,0.5,0.9000000000000001,14.999999999999998,20.0,200.0,599.9999999999999,AA2024-T3,AA2024-T3,3203.2987365859044
29.128662726716946,0.5,0.8,14.999999999999998,20.0,200.0,599.9999999999999,AA2024-T3,AA2024-T3,3203.298736585905
29.128662726716946,0.5,0.8,14.999999999999998,20.0,200.0,549.9999999999999,AA2024-T3,AA2024-T3,3203.298736585905
29.134246762142176,0.5,0.8,10.0,20.0,160.00000000000003,399.99999999999994,AA2024-T3,AA2024-T3,3909.2214142827265
29.134246762142176,0.5,0.9000000000000001,10.0,20.0,160.00000000000003,399.99999999999994,AA2024-T3,AA2024-T3,3909.2214142827265
29.169034552754336,0.5,0.8,10.0,20.0,120.00000000000001,649.9999999999999,AA2024-T3,AA2024-T3,6075.829299293033
29.169034552754336,0.5,0.8,10.0,20.0,120.00000000000001,749.9999999999999,AA2024-T3,AA2024-T3,6075.829299293033
29.169034552754336,0.5,0.9000000000000001,20.0,20.0,240.00000000000003,749.9999999999999,AA2024-T3,AA2024-T3,2808.1633709915495
29.169034552754336,0.5,0.9000000000000001,20.0,20.0,240.00000000000003,649.9999999999999,AA2024-T3,AA2024-T3,2808.1633709915495
29.169034552754336,0.5,0.8,10.0,20.0,120.00000000000001,700.0,AA2024-T3,AA2024-T3,6075.829299293033
29.169034552754336,0.5,0.9000000000000001,20.0,20.0,240.00000000000003,700.0,AA2024-T3,AA2024-T3,2808.1633709915495
29.169034552754336,0.5,0.9000000000000001,10.0,20.0,120.00000000000001,700.0,AA2024-T3,AA2024-T3,6075.829299293033
29.169034552754336,0.5,0.9000000000000001,10.0,20.0,120.00000000000001,749.9999999999999,AA2024-T3,AA2024-T3,6075.829299293033
29.169034552754336,0.5,0.9000000000000001,10.0,20.0,120.00000000000001,649.9999999999999,AA2024-T3,AA2024-T3,6075.829299293033
29.169034552754336,0.5,0.8,20.0,20.0,240.00000000000003,649.9999999999999,AA2024-T3,AA2024-T3,2808.1633709915495
29.169034552754336,0.5,0.8,20.0,20.0,240.00000000000003,700.0,AA2024-T3,AA2024-T3,2808.1633709915495
29.169034552754336,0.5,0.8,20.0,20.0,240.00000000000003,749.9999999999999,AA2024-T3,AA2024-T3,2808.1633709915495
29.185786659030015,0.5,0.9000000000000001,10.0,20.0,220.00000000000003,300.0,AA2024-T3,AA2024-T3,2534.488122045136
29.185786659030015,0.5,0.8,10.0,20.0,220.00000000000003,300.0,AA2024-T3,AA2024-T3,2534.488122045136
29.199156209941748,0.39999999999999997,0.8,20.0,20.0,140.0,300.0,AA2024-T3,AA2024-T3,4010.7879993238375
29.199156209941748,0.39999999999999997,0.9000000000000001,20.0,20.0,140.0,300.0,AA2024-T3,AA2024-T3,4010.7879993238375
29.212198396504334,0.5,0.8,14.999999999999998,20.0,180.00000000000003,700.0,AA2024-T3,AA2024-T3,3676.9444487844025
29.212198396504334,0.5,0.8,14.999999999999998,20.0,180.00000000000003,749.9999999999999,AA2024-T3,AA2024-T3,3676.9444487844025
29.212198396504334,0.5,0.9000000000000001,14.999999999999998,20.0,180.00000000000003,649.9999999999999,AA2024-T3,AA2024-T3,3676.9444487844025
29.212198396504334,0.5,0.8,14.999999999999998,20.0,180.00000000000003,649.9999999999999,AA2024-T3,AA2024-T3,3676.9444487844025
29.212198396504334,0.5,0.9000000000000001,14.999999999999998,20.0,180.00000000000003,700.0,AA2024-T3,AA2024-T3,2948.8989809157197
29.212198396504334,0.5,0.9000000000000001,14.999999999999998,20.0,180.00000000000003,749.9999999999999,AA2024-T3,AA2024-T3,3676.9444487844025
29.23673601826652,0.39999999999999997,0.8,24.999999999999996,20.0,160.00000000000003,350.0,AA2024-T3,AA2024-T3,3803.9778286090846
29.23673601826652,0.39999999999999997,0.9000000000000001,24.999999999999996,20.0,160.00000000000003,350.0,AA2024-T3,AA2024-T3,3803.977828609085
29.26094627567956,0.5,0.8,10.0,20.0,140.0,449.99999999999994,AA2024-T3,AA2024-T3,4760.42276794537
29.26094627567956,0.5,0.8,10.0,20.0,140.0,499.99999999999994,AA2024-T3,AA2024-T3,4760.42276794537
29.26094627567956,0.5,0.9000000000000001,20.0,20.0,280.0,499.99999999999994,AA2024-T3,AA2024-T3,2336.0874864439575
29.26094627567956,0.5,0.8,20.0,20.0,280.0,449.99999999999994,AA2024-T3,AA2024-T3,2336.0874864439575
29.26094627567956,0.5,0.9000000000000001,10.0,20.0,140.0,499.99999999999994,AA2024-T3,AA2024-T3,4760.42276794537
29.26094627567956,0.5,0.8,20.0,20.0,280.0,499.99999999999994,AA2024-T3,AA2024-T3,2336.0874864439575
29.26094627567956,0.5,0.9000000000000001,10.0,20.0,140.0,449.99999999999994,AA2024-T3,AA2024-T3,4760.42276794537
29.26094627567956,0.5,0.9000000000000001,20.0,20.0,280.0,449.99999999999994,AA2024-T3,AA2024-T3,2336.0874864439575
29.266530311104788,0.5,0.9000000000000001,14.999999999999998,20.0,260.0,350.0,AA2024-T3,AA2024-T3,2307.9016503152952
29.266530311104788,0.5,0.8,14.999999999999998,20.0,260.0,350.0,AA2024-T3,AA2024-T3,2307.9016503152952
29.301318101716948,0.5,0.9000000000000001,20.0,20.0,260.0,549.9999999999999,AA2024-T3,AA2024-T3,2561.2779127009394
29.301318101716948,0.5,0.8,20.0,20.0,260.0,549.9999999999999,AA2024-T3,AA2024-T3,2561.2779127009394
29.301318101716948,0.5,0.9000000000000001,20.0,20.0,260.0,599.9999999999999,AA2024-T3,AA2024-T3,2561.2779127009394
29.301318101716948,0.5,0.8,20.0,20.0,260.0,599.9999999999999,AA2024-T3,AA2024-T3,2561.2779127009394
29.32027168805391,0.39999999999999997,0.8,20.0,20.0,120.00000000000001,399.99999999999994,AA2024-T3,AA2024-T3,4881.950532304808
29.32027168805391,0.39999999999999997,0.9000000000000001,20.0,20.0,120.00000000000001,399.99999999999994,AA2024-T3,AA2024-T3,4881.950532304808
29.350065980892175,0.5,0.9000000000000001,14.999999999999998,20.0,220.00000000000003,399.99999999999994,AA2024-T3,AA2024-T3,2828.985967426764
29.350065980892175,0.5,0.8,14.999999999999998,20.0,220.00000000000003,399.99999999999994,AA2024-T3,AA2024-T3,2828.9859674267645
29.396021842354788,0.5,0.8,14.999999999999998,20.0,240.00000000000003,350.0,AA2024-T3,AA2024-T3,2537.7577047483064
29.396021842354788,0.5,0.9000000000000001,14.999999999999998,20.0,240.00000000000003,350.0,AA2024-T3,AA2024-T3,2537.757704748306
29.401015340128687,0.39999999999999997,0.8,24.999999999999996,20.0,140.0,599.9999999999999,AA2024-T3,AA2024-T3,4479.904447597397
29.401015340128687,0.39999999999999997,0.8,24.999999999999996,20.0,140.0,549.9999999999999,AA2024-T3,AA2024-T3,4479.904447597397
29.401015340128687,0.39999999999999997,0.9000000000000001,24.999999999999996,20.0,140.0,599.9999999999999,AA2024-T3,AA2024-T3,4479.904447597397
29.401015340128687,0.39999999999999997,0.9000000000000001,24.999999999999996,20.0,140.0,549.9999999999999,AA2024-T3,AA2024-T3,4479.904447597397
29.40659937555391,0.39999999999999997,0.9000000000000001,29.999999999999996,20.0,180.00000000000003,399.99999999999994,AA2024-T3,AA2024-T3,3665.066243158061
29.40659937555391,0.39999999999999997,0.8,29.999999999999996,20.0,180.00000000000003,399.99999999999994,AA2024-T3,AA2024-T3,3665.066243158061
29.414975428691747,0.39999999999999997,0.9000000000000001,14.999999999999998,20.0,100.0,300.0,AA2024-T3,AA2024-T3,5636.718321787745
29.414975428691747,0.39999999999999997,0.8,14.999999999999998,20.0,100.0,300.0,AA2024-T3,AA2024-T3,5636.718321787745
29.428344979603494,0.3,0.9000000000000001,24.999999999999996,20.0,100.0,300.0,AA2024-T3,AA2024-T3,4944.317718620561
29.428344979603494,0.3,0.8,24.999999999999996,20.0,100.0,300.0,AA2024-T3,AA2024-T3,4944.317718620561
29.43360165067956,0.5,0.8,14.999999999999998,20.0,200.0,449.99999999999994,AA2024-T3,AA2024-T3,3203.298736585905
29.43360165067956,0.5,0.8,14.999999999999998,20.0,200.0,499.99999999999994,AA2024-T3,AA2024-T3,3203.298736585905
29.43360165067956,0.5,0.9000000000000001,14.999999999999998,20.0,200.0,499.99999999999994,AA2024-T3,AA2024-T3,3203.2987365859044
29.43360165067956,0.5,0.9000000000000001,14.999999999999998,20.0,200.0,449.99999999999994,AA2024-T3,AA2024-T3,3203.2987365859044
29.439185686104786,0.5,0.8,10.0,20.0,160.00000000000003,350.0,AA2024-T3,AA2024-T3,3909.2214142827265
29.439185686104786,0.5,0.9000000000000001,10.0,20.0,160.00000000000003,350.0,AA2024-T3,AA2024-T3,3909.2214142827265
29.444769721530015,0.5,0.9000000000000001,10.0,20.0,200.0,300.0,AA2024-T3,AA2024-T3,2876.3996060291634
29.444769721530015,0.5,0.8,10.0,20.0,200.0,300.0,AA2024-T3,AA2024-T3,2876.3996060291634
29.471508823353496,0.3,0.8,29.999999999999996,20.0,120.00000000000001,300.0,AA2024-T3,AA2024-T3,4543.178277037259
29.471508823353496,0.3,0.9000000000000001,29.999999999999996,20.0,120.00000000000001,300.0,AA2024-T3,AA2024-T3,4543.178277037259
29.47397347671695,0.5,0.8,20.0,20.0,240.00000000000003,599.9999999999999,AA2024-T3,AA2024-T3,2808.1633709915495
29.47397347671695,0.5,0.9000000000000001,10.0,20.0,120.00000000000001,599.9999999999999,AA2024-T3,AA2024-T3,6075.829299293033
29.47397347671695,0.5,0.8,20.0,20.0,240.00000000000003,549.9999999999999,AA2024-T3,AA2024-T3,2808.1633709915495
29.47397347671695,0.5,0.8,10.0,20.0,120.00000000000001,599.9999999999999,AA2024-T3,AA2024-T3,6075.829299293033
29.47397347671695,0.5,0.8,10.0,20.0,120.00000000000001,549.9999999999999,AA2024-T3,AA2024-T3,6075.829299293033
29.47397347671695,0.5,0.9000000000000001,20.0,20.0,240.00000000000003,599.9999999999999,AA2024-T3,AA2024-T3,2808.1633709915495
29.47397347671695,0.5,0.9000000000000001,10.0,20.0,120.00000000000001,549.9999999999999,AA2024-T3,AA2024-T3,6075.829299293033
29.47397347671695,0.5,0.9000000000000001,20.0,20.0,240.00000000000003,549.9999999999999,AA2024-T3,AA2024-T3,2808.1633709915495
29.514345302754336,0.5,0.8,20.0,20.0,220.00000000000003,700.0,AA2024-T3,AA2024-T3,3123.5190567143322
29.514345302754336,0.5,0.8,24.999999999999996,20.0,280.0,649.9999999999999,AA2024-T3,AA2024-T3,2569.2799448094615
29.514345302754336,0.5,0.8,24.999999999999996,20.0,280.0,749.9999999999999,AA2024-T3,AA2024-T3,2569.2799448094615
29.514345302754336,0.5,0.8,20.0,20.0,220.00000000000003,749.9999999999999,AA2024-T3,AA2024-T3,3123.5190567143322
29.514345302754336,0.5,0.8,24.999999999999996,20.0,280.0,700.0,AA2024-T3,AA2024-T3,2569.2799448094615
29.514345302754336,0.5,0.9000000000000001,24.999999999999996,20.0,280.0,649.9999999999999,AA2024-T3,AA2024-T3,2569.2799448094615
29.514345302754336,0.5,0.9000000000000001,24.999999999999996,20.0,280.0,700.0,AA2024-T3,AA2024-T3,2569.2799448094615
29.514345302754336,0.5,0.9000000000000001,24.999999999999996,20.0,280.0,749.9999999999999,AA2024-T3,AA2024-T3,2569.2799448094615
29.514345302754336,0.5,0.9000000000000001,20.0,20.0,220.00000000000003,749.9999999999999,AA2024-T3,AA2024-T3,3123.5190567143322
29.514345302754336,0.5,0.9000000000000001,20.0,20.0,220.00000000000003,700.0,AA2024-T3,AA2024-T3,3123.5190567143322
29.514345302754336,0.5,0.8,20.0,20.0,220.00000000000003,649.9999999999999,AA2024-T3,AA2024-T3,3123.5190567143322
29.514345302754336,0.5,0.9000000000000001,20.0,20.0,220.00000000000003,649.9999999999999,AA2024-T3,AA2024-T3,3123.5190567143322
29.517137320466947,0.5,0.8,14.999999999999998,20.0,180.00000000000003,549.9999999999999,AA2024-T3,AA2024-T3,3676.9444487844025
29.517137320466947,0.5,0.8,14.999999999999998,20.0,180.00000000000003,599.9999999999999,AA2024-T3,AA2024-T3,3676.9444487844025
29.517137320466947,0.5,0.9000000000000001,14.999999999999998,20.0,180.00000000000003,549.9999999999999,AA2024-T3,AA2024-T3,3676.9444487844025
29.517137320466947,0.5,0.9000000000000001,14.999999999999998,20.0,180.00000000000003,599.9999999999999,AA2024-T3,AA2024-T3,3676.9444487844025
29.527714853666073,0.39999999999999997,0.9000000000000001,29.999999999999996,20.0,160.00000000000003,749.9999999999999,AA2024-T3,AA2024-T3,4214.244081529996
29.527714853666073,0.39999999999999997,0.8,29.999999999999996,20.0,160.00000000000003,700.0,AA2024-T3,AA2024-T3,4214.244081529996
29.527714853666073,0.39999999999999997,0.9000000000000001,29.999999999999996,20.0,160.00000000000003,649.9999999999999,AA2024-T3,AA2024-T3,4214.244081529996
29.527714853666073,0.39999999999999997,0.9000000000000001,29.999999999999996,20.0,160.00000000000003,700.0,AA2024-T3,AA2024-T3,4214.244081529996
29.527714853666073,0.39999999999999997,0.8,29.999999999999996,20.0,160.00000000000003,749.9999999999999,AA2024-T3,AA2024-T3,4214.244081529996
29.527714853666073,0.39999999999999997,0.8,29.999999999999996,20.0,160.00000000000003,649.9999999999999,AA2024-T3,AA2024-T3,4214.244081529996
29.544466959941747,0.39999999999999997,0.8,29.999999999999996,20.0,200.0,300.0,AA2024-T3,AA2024-T3,3247.823596556303
29.544466959941747,0.39999999999999997,0.9000000000000001,29.999999999999996,20.0,200.0,300.0,AA2024-T3,AA2024-T3,3247.823596556303
29.565885199642175,0.5,0.8,10.0,20.0,140.0,399.99999999999994,AA2024-T3,AA2024-T3,4760.42276794537
29.565885199642175,0.5,0.8,20.0,20.0,280.0,399.99999999999994,AA2024-T3,AA2024-T3,2336.0874864439575
29.565885199642175,0.5,0.9000000000000001,20.0,20.0,280.0,399.99999999999994,AA2024-T3,AA2024-T3,2336.0874864439575
29.565885199642175,0.5,0.9000000000000001,10.0,20.0,140.0,399.99999999999994,AA2024-T3,AA2024-T3,4760.42276794537
29.60625702567956,0.5,0.9000000000000001,20.0,20.0,260.0,449.99999999999994,AA2024-T3,AA2024-T3,2561.2779127009394
29.60625702567956,0.5,0.8,20.0,20.0,260.0,499.99999999999994,AA2024-T3,AA2024-T3,2561.2779127009394
29.60625702567956,0.5,0.9000000000000001,20.0,20.0,260.0,499.99999999999994,AA2024-T3,AA2024-T3,2561.2779127009394
29.60625702567956,0.5,0.8,20.0,20.0,260.0,449.99999999999994,AA2024-T3,AA2024-T3,2561.2779127009394
29.617425096530013,0.5,0.8,14.999999999999998,20.0,280.0,300.0,AA2024-T3,AA2024-T3,2103.0738896630724
29.617425096530013,0.5,0.9000000000000001,14.999999999999998,20.0,280.0,300.0,AA2024-T3,AA2024-T3,2103.0738896630724
29.62521061201652,0.39999999999999997,0.9000000000000001,20.0,20.0,120.00000000000001,350.0,AA2024-T3,AA2024-T3,4881.950532304808
29.62521061201652,0.39999999999999997,0.8,20.0,20.0,120.00000000000001,350.0,AA2024-T3,AA2024-T3,4881.950532304808
29.65500490485479,0.5,0.8,14.999999999999998,20.0,220.00000000000003,350.0,AA2024-T3,AA2024-T3,2828.9859674267645
29.65500490485479,0.5,0.9000000000000001,14.999999999999998,20.0,220.00000000000003,350.0,AA2024-T3,AA2024-T3,2828.985967426764
29.703752784030016,0.5,0.8,10.0,20.0,180.00000000000003,300.0,AA2024-T3,AA2024-T3,3314.020684936922
29.703752784030016,0.5,0.9000000000000001,10.0,20.0,180.00000000000003,300.0,AA2024-T3,AA2024-T3,3314.020684936922
29.705954264091297,0.39999999999999997,0.8,24.999999999999996,20.0,140.0,499.99999999999994,AA2024-T3,AA2024-T3,4479.904447597397
29.705954264091297,0.39999999999999997,0.8,24.999999999999996,20.0,140.0,449.99999999999994,AA2024-T3,AA2024-T3,4479.904447597397
29.705954264091297,0.39999999999999997,0.9000000000000001,24.999999999999996,20.0,140.0,499.99999999999994,AA2024-T3,AA2024-T3,4479.904447597397
29.705954264091297,0.39999999999999997,0.9000000000000001,24.999999999999996,20.0,140.0,449.99999999999994,AA2024-T3,AA2024-T3,4479.904447597397
29.71153829951652,0.39999999999999997,0.9000000000000001,29.999999999999996,20.0,180.00000000000003,350.0,AA2024-T3,AA2024-T3,3665.066243158061
29.71153829951652,0.39999999999999997,0.8,29.999999999999996,20.0,180.00000000000003,350.0,AA2024-T3,AA2024-T3,3665.066243158061
29.730164521504335,0.5,0.9000000000000001,14.999999999999998,20.0,160.00000000000003,749.9999999999999,AA2024-T3,AA2024-T3,4318.928899381481
29.730164521504335,0.5,0.8,14.999999999999998,20.0,160.00000000000003,700.0,AA2024-T3,AA2024-T3,4318.928899381481
29.730164521504335,0.5,0.8,14.999999999999998,20.0,160.00000000000003,649.9999999999999,AA2024-T3,AA2024-T3,4318.928899381481
29.730164521504335,0.5,0.8,14.999999999999998,20.0,160.00000000000003,749.9999999999999,AA2024-T3,AA2024-T3,4318.928899381481
29.730164521504335,0.5,0.9000000000000001,14.999999999999998,20.0,160.00000000000003,700.0,AA2024-T3,AA2024-T3,3550.5348151720705
29.730164521504335,0.5,0.9000000000000001,14.999999999999998,20.0,160.00000000000003,649.9999999999999,AA2024-T3,AA2024-T3,4318.928899381481
29.738540574642172,0.5,0.8,14.999999999999998,20.0,200.0,399.99999999999994,AA2024-T3,AA2024-T3,3203.298736585905
29.738540574642172,0.5,0.9000000000000001,14.999999999999998,20.0,200.0,399.99999999999994,AA2024-T3,AA2024-T3,3203.2987365859044
29.778912400679562,0.5,0.9000000000000001,10.0,20.0,120.00000000000001,449.99999999999994,AA2024-T3,AA2024-T3,6075.829299293033
29.778912400679562,0.5,0.8,20.0,20.0,240.00000000000003,449.99999999999994,AA2024-T3,AA2024-T3,2808.1633709915495
29.778912400679562,0.5,0.9000000000000001,20.0,20.0,240.00000000000003,499.99999999999994,AA2024-T3,AA2024-T3,2808.1633709915495
29.778912400679562,0.5,0.8,20.0,20.0,240.00000000000003,499.99999999999994,AA2024-T3,AA2024-T3,2808.1633709915495
29.778912400679562,0.5,0.9000000000000001,10.0,20.0,120.00000000000001,499.99999999999994,AA2024-T3,AA2024-T3,6075.829299293033
29.778912400679562,0.5,0.8,10.0,20.0,120.00000000000001,499.99999999999994,AA2024-T3,AA2024-T3,6075.829299293033
29.778912400679562,0.5,0.8,10.0,20.0,120.00000000000001,449.99999999999994,AA2024-T3,AA2024-T3,6075.829299293033
29.778912400679562,0.5,0.9000000000000001,20.0,20.0,240.00000000000003,449.99999999999994,AA2024-T3,AA2024-T3,2808.1633709915495
29.81928422671695,0.5,0.8,24.999999999999996,20.0,280.0,599.9999999999999,AA2024-T3,AA2024-T3,2569.2799448094615
29.81928422671695,0.5,0.8,24.999999999999996,20.0,280.0,549.9999999999999,AA2024-T3,AA2024-T3,2569.2799448094615
29.81928422671695,0.5,0.8,20.0,20.0,220.00000000000003,599.9999999999999,AA2024-T3,AA2024-T3,3123.5190567143322
29.81928422671695,0.5,0.9000000000000001,24.999999999999996,20.0,280.0,599.9999999999999,AA2024-T3,AA2024-T3,2569.2799448094615
29.81928422671695,0.5,0.9000000000000001,24.999999999999996,20.0,280.0,549.9999999999999,AA2024-T3,AA2024-T3,2569.2799448094615
29.81928422671695,0.5,0.9000000000000001,20.0,20.0,220.00000000000003,599.9999999999999,AA2024-T3,AA2024-T3,3123.5190567143322
29.81928422671695,0.5,0.8,20.0,20.0,220.00000000000003,549.9999999999999,AA2024-T3,AA2024-T3,3123.5190567143322
29.81928422671695,0.5,0.9000000000000001,20.0,20.0,220.00000000000003,549.9999999999999,AA2024-T3,AA2024-T3,3123.5190567143322
29.82207624442956,0.5,0.9000000000000001,14.999999999999998,20.0,180.00000000000003,499.99999999999994,AA2024-T3,AA2024-T3,3676.9444487844025
29.82207624442956,0.5,0.8,14.999999999999998,20.0,180.00000000000003,499.99999999999994,AA2024-T3,AA2024-T3,3676.9444487844025
29.82207624442956,0.5,0.8,14.999999999999998,20.0,180.00000000000003,449.99999999999994,AA2024-T3,AA2024-T3,3676.9444487844025
29.82207624442956,0.5,0.9000000000000001,14.999999999999998,20.0,180.00000000000003,449.99999999999994,AA2024-T3,AA2024-T3,3676.9444487844025
29.832653777628686,0.39999999999999997,0.8,29.999999999999996,20.0,160.00000000000003,599.9999999999999,AA2024-T3,AA2024-T3,4214.244081529996
29.832653777628686,0.39999999999999997,0.9000000000000001,29.999999999999996,20.0,160.00000000000003,599.9999999999999,AA2024-T3,AA2024-T3,4214.244081529996
29.832653777628686,0.39999999999999997,0.9000000000000001,29.999999999999996,20.0,160.00000000000003,549.9999999999999,AA2024-T3,AA2024-T3,4214.244081529996
29.832653777628686,0.39999999999999997,0.8,29.999999999999996,20.0,160.00000000000003,549.9999999999999,AA2024-T3,AA2024-T3,4214.244081529996
29.846613866191746,0.39999999999999997,0.9000000000000001,24.999999999999996,20.0,160.00000000000003,300.0,AA2024-T3,AA2024-T3,3803.977828609085
29.846613866191746,0.39999999999999997,0.8,24.999999999999996,20.0,160.00000000000003,300.0,AA2024-T3,AA2024-T3,3803.9778286090846
29.870824123604788,0.5,0.8,20.0,20.0,280.0,350.0,AA2024-T3,AA2024-T3,2336.0874864439575
29.870824123604788,0.5,0.8,10.0,20.0,140.0,350.0,AA2024-T3,AA2024-T3,4760.42276794537
29.870824123604788,0.5,0.9000000000000001,20.0,20.0,280.0,350.0,AA2024-T3,AA2024-T3,2336.0874864439575
29.870824123604788,0.5,0.9000000000000001,10.0,20.0,140.0,350.0,AA2024-T3,AA2024-T3,4760.42276794537
29.876408159030014,0.5,0.9000000000000001,14.999999999999998,20.0,260.0,300.0,AA2024-T3,AA2024-T3,2307.9016503152952
29.876408159030014,0.5,0.8,14.999999999999998,20.0,260.0,300.0,AA2024-T3,AA2024-T3,2307.9016503152952
29.911195949642174,0.5,0.8,20.0,20.0,260.0,399.99999999999994,AA2024-T3,AA2024-T3,2561.2779127009394
29.911195949642174,0.5,0.9000000000000001,20.0,20.0,260.0,399.99999999999994,AA2024-T3,AA2024-T3,2561.2779127009394
29.945983740254334,0.5,0.9000000000000001,24.999999999999996,20.0,260.0,649.9999999999999,AA2024-T3,AA2024-T3,2815.053209398464
29.945983740254334,0.5,0.8,10.0,20.0,100.0,649.9999999999999,AA2024-T3,AA2024-T3,707512.594799776
29.945983740254334,0.5,0.8,10.0,20.0,100.0,749.9999999999999,AA2024-T3,AA2024-T3,707512.594799776
29.945983740254334,0.5,0.9000000000000001,24.999999999999996,20.0,260.0,749.9999999999999,AA2024-T3,AA2024-T3,2815.053209398464
29.945983740254334,0.5,0.8,10.0,20.0,100.0,700.0,AA2024-T3,AA2024-T3,707512.594799776
29.945983740254334,0.5,0.9000000000000001,24.999999999999996,20.0,260.0,700.0,AA2024-T3,AA2024-T3,2815.053209398464
29.945983740254334,0.5,0.9000000000000001,10.0,20.0,100.0,700.0,AA2024-T3,AA2024-T3,707512.594799776
29.945983740254334,0.5,0.8,24.999999999999996,20.0,260.0,649.9999999999999,AA2024-T3,AA2024-T3,2815.053209398464
29.945983740254334,0.5,0.9000000000000001,10.0,20.0,100.0,749.9999999999999,AA2024-T3,AA2024-T3,707512.594799776
29.945983740254334,0.5,0.9000000000000001,10.0,20.0,100.0,649.9999999999999,AA2024-T3,AA2024-T3,707512.594799776
29.945983740254334,0.5,0.8,24.999999999999996,20.0,260.0,700.0,AA2024-T3,AA2024-T3,2815.053209398464
29.945983740254334,0.5,0.8,24.999999999999996,20.0,260.0,749.9999999999999,AA2024-T3,AA2024-T3,2815.053209398464
29.95935329116607,0.39999999999999997,0.9000000000000001,20.0,20.0,100.0,749.9999999999999,AA2024-T3,AA2024-T3,6285.384440998082
29.95935329116607,0.39999999999999997,0.9000000000000001,20.0,20.0,100.0,700.0,AA2024-T3,AA2024-T3,6285.384440998082
29.95935329116607,0.39999999999999997,0.8,20.0,20.0,100.0,649.9999999999999,AA2024-T3,AA2024-T3,6285.384440998082
29.95935329116607,0.39999999999999997,0.8,20.0,20.0,100.0,749.9999999999999,AA2024-T3,AA2024-T3,6285.384440998082
29.95935329116607,0.39999999999999997,0.8,20.0,20.0,100.0,700.0,AA2024-T3,AA2024-T3,6285.384440998082
29.95935329116607,0.39999999999999997,0.9000000000000001,20.0,20.0,100.0,649.9999999999999,AA2024-T3,AA2024-T3,6285.384440998082
29.972722842077815,0.3,0.8,29.999999999999996,20.0,100.0,749.9999999999999,AA2024-T3,AA2024-T3,5592.953981894688
29.972722842077815,0.3,0.8,29.999999999999996,20.0,100.0,649.9999999999999,AA2024-T3,AA2024-T3,5592.953981894688
29.972722842077815,0.3,0.8,29.999999999999996,20.0,100.0,700.0,AA2024-T3,AA2024-T3,5592.953981894688
29.972722842077815,0.3,0.9000000000000001,29.999999999999996,20.0,100.0,649.9999999999999,AA2024-T3,AA2024-T3,5592.953981894688
29.972722842077815,0.3,0.9000000000000001,29.999999999999996,20.0,100.0,749.9999999999999,AA2024-T3,AA2024-T3,5592.953981894688
29.972722842077815,0.3,0.9000000000000001,29.999999999999996,20.0,100.0,700.0,AA2024-T3,AA2024-T3,5592.953981894688
30.005899690280014,0.5,0.8,14.999999999999998,20.0,240.00000000000003,300.0,AA2024-T3,AA2024-T3,2537.7577047483064
30.005899690280014,0.5,0.9000000000000001,14.999999999999998,20.0,240.00000000000003,300.0,AA2024-T3,AA2024-T3,2537.757704748306
30.010893188053913,0.39999999999999997,0.9000000000000001,24.999999999999996,20.0,140.0,399.99999999999994,AA2024-T3,AA2024-T3,4479.904447597397
30.010893188053913,0.39999999999999997,0.8,24.999999999999996,20.0,140.0,399.99999999999994,AA2024-T3,AA2024-T3,4479.904447597397
30.032311427754333,0.5,0.8,20.0,20.0,200.0,700.0,AA2024-T3,AA2024-T3,3530.4855011044124
30.032311427754333,0.5,0.8,20.0,20.0,200.0,749.9999999999999,AA2024-T3,AA2024-T3,3530.4855011044124
30.032311427754333,0.5,0.9000000000000001,20.0,20.0,200.0,700.0,AA2024-T3,AA2024-T3,3530.4855011044124
30.032311427754333,0.5,0.9000000000000001,20.0,20.0,200.0,649.9999999999999,AA2024-T3,AA2024-T3,3530.4855011044124
30.032311427754333,0.5,0.8,20.0,20.0,200.0,649.9999999999999,AA2024-T3,AA2024-T3,3530.4855011044124
30.032311427754333,0.5,0.9000000000000001,20.0,20.0,200.0,749.9999999999999,AA2024-T3,AA2024-T3,3530.4855011044124
30.035103445466948,0.5,0.8,14.999999999999998,20.0,160.00000000000003,599.9999999999999,AA2024-T3,AA2024-T3,4318.928899381481
30.035103445466948,0.5,0.9000000000000001,14.999999999999998,20.0,160.00000000000003,599.9999999999999,AA2024-T3,AA2024-T3,4318.928899381481
30.035103445466948,0.5,0.9000000000000001,14.999999999999998,20.0,160.00000000000003,549.9999999999999,AA2024-T3,AA2024-T3,4318.928899381481
30.035103445466948,0.5,0.8,14.999999999999998,20.0,160.00000000000003,549.9999999999999,AA2024-T3,AA2024-T3,4318.928899381481
30.043479498604786,0.5,0.9000000000000001,14.999999999999998,20.0,200.0,350.0,AA2024-T3,AA2024-T3,3203.2987365859044
30.043479498604786,0.5,0.8,14.999999999999998,20.0,200.0,350.0,AA2024-T3,AA2024-T3,3203.298736585905
30.04906353403001,0.5,0.9000000000000001,10.0,20.0,160.00000000000003,300.0,AA2024-T3,AA2024-T3,3909.2214142827265
30.04906353403001,0.5,0.8,10.0,20.0,160.00000000000003,300.0,AA2024-T3,AA2024-T3,3909.2214142827265
30.083851324642175,0.5,0.9000000000000001,10.0,20.0,120.00000000000001,399.99999999999994,AA2024-T3,AA2024-T3,6075.829299293033
30.083851324642175,0.5,0.8,20.0,20.0,240.00000000000003,399.99999999999994,AA2024-T3,AA2024-T3,2808.1633709915495
30.083851324642175,0.5,0.9000000000000001,20.0,20.0,240.00000000000003,399.99999999999994,AA2024-T3,AA2024-T3,2808.1633709915495
30.083851324642175,0.5,0.8,10.0,20.0,120.00000000000001,399.99999999999994,AA2024-T3,AA2024-T3,6075.829299293033
30.124223150679562,0.5,0.8,20.0,20.0,220.00000000000003,499.99999999999994,AA2024-T3,AA2024-T3,3123.5190567143322
30.124223150679562,0.5,0.8,24.999999999999996,20.0,280.0,499.99999999999994,AA2024-T3,AA2024-T3,2569.2799448094615
30.124223150679562,0.5,0.8,20.0,20.0,220.00000000000003,449.99999999999994,AA2024-T3,AA2024-T3,3123.5190567143322
30.124223150679562,0.5,0.8,24.999999999999996,20.0,280.0,449.99999999999994,AA2024-T3,AA2024-T3,2569.2799448094615
30.124223150679562,0.5,0.9000000000000001,20.0,20.0,220.00000000000003,449.99999999999994,AA2024-T3,AA2024-T3,3123.5190567143322
30.124223150679562,0.5,0.9000000000000001,24.999999999999996,20.0,280.0,499.99999999999994,AA2024-T3,AA2024-T3,2569.2799448094615
30.124223150679562,0.5,0.9000000000000001,24.999999999999996,20.0,280.0,449.99999999999994,AA2024-T3,AA2024-T3,2569.2799448094615
30.124223150679562,0.5,0.9000000000000001,20.0,20.0,220.00000000000003,499.99999999999994,AA2024-T3,AA2024-T3,3123.5190567143322
30.127015168392173,0.5,0.8,14.999999999999998,20.0,180.00000000000003,399.99999999999994,AA2024-T3,AA2024-T3,3676.9444487844025
30.127015168392173,0.5,0.9000000000000001,14.999999999999998,20.0,180.00000000000003,399.99999999999994,AA2024-T3,AA2024-T3,3676.9444487844025
30.1375927015913,0.39999999999999997,0.8,29.999999999999996,20.0,160.00000000000003,499.99999999999994,AA2024-T3,AA2024-T3,4214.244081529996
30.1375927015913,0.39999999999999997,0.9000000000000001,29.999999999999996,20.0,160.00000000000003,449.99999999999994,AA2024-T3,AA2024-T3,4214.244081529996
30.1375927015913,0.39999999999999997,0.9000000000000001,29.999999999999996,20.0,160.00000000000003,499.99999999999994,AA2024-T3,AA2024-T3,4214.244081529996
30.1375927015913,0.39999999999999997,0.8,29.999999999999996,20.0,160.00000000000003,449.99999999999994,AA2024-T3,AA2024-T3,4214.244081529996
30.161802959004334,0.5,0.9000000000000001,24.999999999999996,20.0,240.00000000000003,749.9999999999999,AA2024-T3,AA2024-T3,3078.634821277752
30.161802959004334,0.5,0.9000000000000001,24.999999999999996,20.0,240.00000000000003,649.9999999999999,AA2024-T3,AA2024-T3,3078.634821277752
30.161802959004334,0.5,0.8,24.999999999999996,20.0,240.00000000000003,700.0,AA2024-T3,AA2024-T3,3078.634821277752
30.161802959004334,0.5,0.8,24.999999999999996,20.0,240.00000000000003,749.9999999999999,AA2024-T3,AA2024-T3,3078.634821277752
30.161802959004334,0.5,0.8,24.999999999999996,20.0,240.00000000000003,649.9999999999999,AA2024-T3,AA2024-T3,3078.634821277752
30.161802959004334,0.5,0.9000000000000001,24.999999999999996,20.0,240.00000000000003,700.0,AA2024-T3,AA2024-T3,3078.634821277752
30.216134873604787,0.5,0.8,20.0,20.0,260.0,350.0,AA2024-T3,AA2024-T3,2561.2779127009394
30.216134873604787,0.5,0.9000000000000001,20.0,20.0,260.0,350.0,AA2024-T3,AA2024-T3,2561.2779127009394
30.235088459941746,0.39999999999999997,0.9000000000000001,20.0,20.0,120.00000000000001,300.0,AA2024-T3,AA2024-T3,4881.950532304808
30.235088459941746,0.39999999999999997,0.8,20.0,20.0,120.00000000000001,300.0,AA2024-T3,AA2024-T3,4881.950532304808
30.250922664216947,0.5,0.8,24.999999999999996,20.0,260.0,549.9999999999999,AA2024-T3,AA2024-T3,2815.053209398464
30.250922664216947,0.5,0.8,24.999999999999996,20.0,260.0,599.9999999999999,AA2024-T3,AA2024-T3,2815.053209398464
30.250922664216947,0.5,0.9000000000000001,24.999999999999996,20.0,260.0,599.9999999999999,AA2024-T3,AA2024-T3,2815.053209398464
30.250922664216947,0.5,0.9000000000000001,24.999999999999996,20.0,260.0,549.9999999999999,AA2024-T3,AA2024-T3,2815.053209398464
30.250922664216947,0.5,0.8,10.0,20.0,100.0,549.9999999999999,AA2024-T3,AA2024-T3,707512.594799776
30.250922664216947,0.5,0.8,10.0,20.0,100.0,599.9999999999999,AA2024-T3,AA2024-T3,707512.594799776
30.250922664216947,0.5,0.9000000000000001,10.0,20.0,100.0,599.9999999999999,AA2024-T3,AA2024-T3,707512.594799776
30.250922664216947,0.5,0.9000000000000001,10.0,20.0,100.0,549.9999999999999,AA2024-T3,AA2024-T3,707512.594799776
30.264292215128684,0.39999999999999997,0.9000000000000001,20.0,20.0,100.0,599.9999999999999,AA2024-T3,AA2024-T3,6285.384440998082
30.264292215128684,0.39999999999999997,0.9000000000000001,20.0,20.0,100.0,549.9999999999999,AA2024-T3,AA2024-T3,6285.384440998082
30.264292215128684,0.39999999999999997,0.8,20.0,20.0,100.0,599.9999999999999,AA2024-T3,AA2024-T3,6285.384440998082
30.264292215128684,0.39999999999999997,0.8,20.0,20.0,100.0,549.9999999999999,AA2024-T3,AA2024-T3,6285.384440998082
30.264882752780014,0.5,0.9000000000000001,14.999999999999998,20.0,220.00000000000003,300.0,AA2024-T3,AA2024-T3,2828.985967426764
30.264882752780014,0.5,0.8,14.999999999999998,20.0,220.00000000000003,300.0,AA2024-T3,AA2024-T3,2828.9859674267645
30.277661766040428,0.3,0.8,29.999999999999996,20.0,100.0,549.9999999999999,AA2024-T3,AA2024-T3,5592.953981894688
30.277661766040428,0.3,0.8,29.999999999999996,20.0,100.0,599.9999999999999,AA2024-T3,AA2024-T3,5592.953981894688
30.277661766040428,0.3,0.9000000000000001,29.999999999999996,20.0,100.0,599.9999999999999,AA2024-T3,AA2024-T3,5592.953981894688
30.277661766040428,0.3,0.9000000000000001,29.999999999999996,20.0,100.0,549.9999999999999,AA2024-T3,AA2024-T3,5592.953981894688
30.315832112016523,0.39999999999999997,0.9000000000000001,24.999999999999996,20.0,140.0,350.0,AA2024-T3,AA2024-T3,4479.904447597397
30.315832112016523,0.39999999999999997,0.8,24.999999999999996,20.0,140.0,350.0,AA2024-T3,AA2024-T3,4479.904447597397
30.321416147441745,0.39999999999999997,0.9000000000000001,29.999999999999996,20.0,180.00000000000003,300.0,AA2024-T3,AA2024-T3,3665.066243158061
30.321416147441745,0.39999999999999997,0.8,29.999999999999996,20.0,180.00000000000003,300.0,AA2024-T3,AA2024-T3,3665.066243158061
30.337250351716946,0.5,0.8,20.0,20.0,200.0,549.9999999999999,AA2024-T3,AA2024-T3,3530.4855011044124
30.337250351716946,0.5,0.8,20.0,20.0,200.0,599.9999999999999,AA2024-T3,AA2024-T3,3530.4855011044124
30.337250351716946,0.5,0.9000000000000001,20.0,20.0,200.0,549.9999999999999,AA2024-T3,AA2024-T3,3530.4855011044124
30.337250351716946,0.5,0.9000000000000001,20.0,20.0,200.0,599.9999999999999,AA2024-T3,AA2024-T3,3530.4855011044124
30.34004236942956,0.5,0.9000000000000001,14.999999999999998,20.0,160.00000000000003,499.99999999999994,AA2024-T3,AA2024-T3,4318.928899381481
30.34004236942956,0.5,0.9000000000000001,14.999999999999998,20.0,160.00000000000003,449.99999999999994,AA2024-T3,AA2024-T3,4318.928899381481
30.34004236942956,0.5,0.8,14.999999999999998,20.0,160.00000000000003,449.99999999999994,AA2024-T3,AA2024-T3,4318.928899381481
30.34004236942956,0.5,0.8,14.999999999999998,20.0,160.00000000000003,499.99999999999994,AA2024-T3,AA2024-T3,4318.928899381481
30.377622177754333,0.5,0.9000000000000001,14.999999999999998,20.0,140.0,749.9999999999999,AA2024-T3,AA2024-T3,5229.591390995037
30.377622177754333,0.5,0.8,29.999999999999996,20.0,280.0,749.9999999999999,AA2024-T3,AA2024-T3,2802.6354828550593
30.377622177754333,0.5,0.9000000000000001,14.999999999999998,20.0,140.0,700.0,AA2024-T3,AA2024-T3,4459.761236427606
30.377622177754333,0.5,0.8,29.999999999999996,20.0,280.0,700.0,AA2024-T3,AA2024-T3,2802.6354828550593
30.377622177754333,0.5,0.9000000000000001,14.999999999999998,20.0,140.0,649.9999999999999,AA2024-T3,AA2024-T3,5229.591390995037
30.377622177754333,0.5,0.8,29.999999999999996,20.0,280.0,649.9999999999999,AA2024-T3,AA2024-T3,2802.6354828550593
30.377622177754333,0.5,0.9000000000000001,29.999999999999996,20.0,280.0,749.9999999999999,AA2024-T3,AA2024-T3,2802.6354828550593
30.377622177754333,0.5,0.9000000000000001,29.999999999999996,20.0,280.0,700.0,AA2024-T3,AA2024-T3,2802.6354828550593
30.377622177754333,0.5,0.9000000000000001,29.999999999999996,20.0,280.0,649.9999999999999,AA2024-T3,AA2024-T3,2802.6354828550593
30.377622177754333,0.5,0.8,14.999999999999998,20.0,140.0,700.0,AA2024-T3,AA2024-T3,5229.591390995037
30.377622177754333,0.5,0.8,14.999999999999998,20.0,140.0,749.9999999999999,AA2024-T3,AA2024-T3,5229.591390995037
30.377622177754333,0.5,0.8,14.999999999999998,20.0,140.0,649.9999999999999,AA2024-T3,AA2024-T3,5229.591390995037
30.38879024860479,0.5,0.8,20.0,20.0,240.00000000000003,350.0,AA2024-T3,AA2024-T3,2808.1633709915495
30.38879024860479,0.5,0.9000000000000001,20.0,20.0,240.00000000000003,350.0,AA2024-T3,AA2024-T3,2808.1633709915495
30.38879024860479,0.5,0.9000000000000001,10.0,20.0,120.00000000000001,350.0,AA2024-T3,AA2024-T3,6075.829299293033
30.38879024860479,0.5,0.8,10.0,20.0,120.00000000000001,350.0,AA2024-T3,AA2024-T3,6075.829299293033
30.390991728666073,0.39999999999999997,0.9000000000000001,24.999999999999996,20.0,120.00000000000001,749.9999999999999,AA2024-T3,AA2024-T3,5423.930994153541
30.390991728666073,0.39999999999999997,0.9000000000000001,24.999999999999996,20.0,120.00000000000001,649.9999999999999,AA2024-T3,AA2024-T3,5423.930994153541
30.390991728666073,0.39999999999999997,0.9000000000000001,24.999999999999996,20.0,120.00000000000001,700.0,AA2024-T3,AA2024-T3,5423.930994153541
30.390991728666073,0.39999999999999997,0.8,24.999999999999996,20.0,120.00000000000001,700.0,AA2024-T3,AA2024-T3,5423.930994153541
30.390991728666073,0.39999999999999997,0.8,24.999999999999996,20.0,120.00000000000001,649.9999999999999,AA2024-T3,AA2024-T3,5423.930994153541
30.390991728666073,0.39999999999999997,0.8,24.999999999999996,20.0,120.00000000000001,749.9999999999999,AA2024-T3,AA2024-T3,5423.930994153541
30.429162074642175,0.5,0.9000000000000001,20.0,20.0,220.00000000000003,399.99999999999994,AA2024-T3,AA2024-T3,3123.5190567143322
30.429162074642175,0.5,0.8,24.999999999999996,20.0,280.0,399.99999999999994,AA2024-T3,AA2024-T3,2569.2799448094615
30.429162074642175,0.5,0.9000000000000001,24.999999999999996,20.0,280.0,399.99999999999994,AA2024-T3,AA2024-T3,2569.2799448094615
30.429162074642175,0.5,0.8,20.0,20.0,220.00000000000003,399.99999999999994,AA2024-T3,AA2024-T3,3123.5190567143322
30.431954092354786,0.5,0.8,14.999999999999998,20.0,180.00000000000003,350.0,AA2024-T3,AA2024-T3,3676.9444487844025
30.431954092354786,0.5,0.9000000000000001,14.999999999999998,20.0,180.00000000000003,350.0,AA2024-T3,AA2024-T3,3676.9444487844025
30.44253162555391,0.39999999999999997,0.9000000000000001,29.999999999999996,20.0,160.00000000000003,399.99999999999994,AA2024-T3,AA2024-T3,4214.244081529996
30.44253162555391,0.39999999999999997,0.8,29.999999999999996,20.0,160.00000000000003,399.99999999999994,AA2024-T3,AA2024-T3,4214.244081529996
30.466741882966947,0.5,0.8,24.999999999999996,20.0,240.00000000000003,549.9999999999999,AA2024-T3,AA2024-T3,3078.634821277752
30.466741882966947,0.5,0.8,24.999999999999996,20.0,240.00000000000003,599.9999999999999,AA2024-T3,AA2024-T3,3078.634821277752
30.466741882966947,0.5,0.9000000000000001,24.999999999999996,20.0,240.00000000000003,599.9999999999999,AA2024-T3,AA2024-T3,3078.634821277752
30.466741882966947,0.5,0.9000000000000001,24.999999999999996,20.0,240.00000000000003,549.9999999999999,AA2024-T3,AA2024-T3,3078.634821277752
30.480701971530014,0.5,0.8,20.0,20.0,280.0,300.0,AA2024-T3,AA2024-T3,2336.0874864439575
30.480701971530014,0.5,0.9000000000000001,10.0,20.0,140.0,300.0,AA2024-T3,AA2024-T3,4760.42276794537
30.480701971530014,0.5,0.8,10.0,20.0,140.0,300.0,AA2024-T3,AA2024-T3,4760.42276794537
30.480701971530014,0.5,0.9000000000000001,20.0,20.0,280.0,300.0,AA2024-T3,AA2024-T3,2336.0874864439575
30.550277552754334,0.5,0.8,20.0,20.0,180.00000000000003,700.0,AA2024-T3,AA2024-T3,4040.124730467293
30.550277552754334,0.5,0.9000000000000001,20.0,20.0,180.00000000000003,749.9999999999999,AA2024-T3,AA2024-T3,4040.124730467293
30.550277552754334,0.5,0.8,20.0,20.0,180.00000000000003,749.9999999999999,AA2024-T3,AA2024-T3,4040.124730467293
30.550277552754334,0.5,0.8,20.0,20.0,180.00000000000003,649.9999999999999,AA2024-T3,AA2024-T3,4040.124730467293
30.550277552754334,0.5,0.9000000000000001,20.0,20.0,180.00000000000003,649.9999999999999,AA2024-T3,AA2024-T3,4040.124730467293
30.550277552754334,0.5,0.9000000000000001,20.0,20.0,180.00000000000003,700.0,AA2024-T3,AA2024-T3,4040.124730467293
30.55586158817956,0.5,0.9000000000000001,24.999999999999996,20.0,260.0,499.99999999999994,AA2024-T3,AA2024-T3,2815.053209398464
30.55586158817956,0.5,0.9000000000000001,24.999999999999996,20.0,260.0,449.99999999999994,AA2024-T3,AA2024-T3,2815.053209398464
30.55586158817956,0.5,0.9000000000000001,10.0,20.0,100.0,449.99999999999994,AA2024-T3,AA2024-T3,707512.594799776
30.55586158817956,0.5,0.9000000000000001,10.0,20.0,100.0,499.99999999999994,AA2024-T3,AA2024-T3,707512.594799776
30.55586158817956,0.5,0.8,24.999999999999996,20.0,260.0,499.99999999999994,AA2024-T3,AA2024-T3,2815.053209398464
30.55586158817956,0.5,0.8,24.999999999999996,20.0,260.0,449.99999999999994,AA2024-T3,AA2024-T3,2815.053209398464
30.55586158817956,0.5,0.8,10.0,20.0,100.0,499.99999999999994,AA2024-T3,AA2024-T3,707512.594799776
30.55586158817956,0.5,0.8,10.0,20.0,100.0,449.99999999999994,AA2024-T3,AA2024-T3,707512.594799776
30.569231139091297,0.39999999999999997,0.8,20.0,20.0,100.0,449.99999999999994,AA2024-T3,AA2024-T3,6285.384440998082
30.569231139091297,0.39999999999999997,0.8,20.0,20.0,100.0,499.99999999999994,AA2024-T3,AA2024-T3,6285.384440998082
30.569231139091297,0.39999999999999997,0.9000000000000001,20.0,20.0,100.0,499.99999999999994,AA2024-T3,AA2024-T3,6285.384440998082
30.569231139091297,0.39999999999999997,0.9000000000000001,20.0,20.0,100.0,449.99999999999994,AA2024-T3,AA2024-T3,6285.384440998082
30.58260069000304,0.3,0.8,29.999999999999996,20.0,100.0,449.99999999999994,AA2024-T3,AA2024-T3,5592.953981894688
30.58260069000304,0.3,0.8,29.999999999999996,20.0,100.0,499.99999999999994,AA2024-T3,AA2024-T3,5592.953981894688
30.58260069000304,0.3,0.9000000000000001,29.999999999999996,20.0,100.0,499.99999999999994,AA2024-T3,AA2024-T3,5592.953981894688
30.58260069000304,0.3,0.9000000000000001,29.999999999999996,20.0,100.0,449.99999999999994,AA2024-T3,AA2024-T3,5592.953981894688
30.593441396504332,0.5,0.8,24.999999999999996,20.0,220.00000000000003,700.0,AA2024-T3,AA2024-T3,3418.0834739182933
30.593441396504332,0.5,0.8,24.999999999999996,20.0,220.00000000000003,649.9999999999999,AA2024-T3,AA2024-T3,3418.0834739182933
30.593441396504332,0.5,0.8,24.999999999999996,20.0,220.00000000000003,749.9999999999999,AA2024-T3,AA2024-T3,3418.0834739182933
30.593441396504332,0.5,0.9000000000000001,24.999999999999996,20.0,220.00000000000003,700.0,AA2024-T3,AA2024-T3,3418.0834739182933
30.593441396504332,0.5,0.9000000000000001,24.999999999999996,20.0,220.00000000000003,749.9999999999999,AA2024-T3,AA2024-T3,3418.0834739182933
30.593441396504332,0.5,0.9000000000000001,24.999999999999996,20.0,220.00000000000003,649.9999999999999,AA2024-T3,AA2024-T3,3418.0834739182933
30.64218927567956,0.5,0.8,20.0,20.0,200.0,499.99999999999994,AA2024-T3,AA2024-T3,3530.4855011044124
30.64218927567956,0.5,0.9000000000000001,20.0,20.0,200.0,499.99999999999994,AA2024-T3,AA2024-T3,3530.4855011044124
30.64218927567956,0.5,0.9000000000000001,20.0,20.0,200.0,449.99999999999994,AA2024-T3,AA2024-T3,3530.4855011044124
30.64218927567956,0.5,0.8,20.0,20.0,200.0,449.99999999999994,AA2024-T3,AA2024-T3,3530.4855011044124
30.644981293392174,0.5,0.9000000000000001,14.999999999999998,20.0,160.00000000000003,399.99999999999994,AA2024-T3,AA2024-T3,4318.928899381481
30.644981293392174,0.5,0.8,14.999999999999998,20.0,160.00000000000003,399.99999999999994,AA2024-T3,AA2024-T3,4318.928899381481
30.65335734653001,0.5,0.8,14.999999999999998,20.0,200.0,300.0,AA2024-T3,AA2024-T3,3203.298736585905
30.65335734653001,0.5,0.9000000000000001,14.999999999999998,20.0,200.0,300.0,AA2024-T3,AA2024-T3,3203.2987365859044
30.68256110171695,0.5,0.9000000000000001,14.999999999999998,20.0,140.0,549.9999999999999,AA2024-T3,AA2024-T3,5229.591390995037
30.68256110171695,0.5,0.8,29.999999999999996,20.0,280.0,599.9999999999999,AA2024-T3,AA2024-T3,2802.6354828550593
30.68256110171695,0.5,0.8,14.999999999999998,20.0,140.0,599.9999999999999,AA2024-T3,AA2024-T3,5229.591390995037
30.68256110171695,0.5,0.8,14.999999999999998,20.0,140.0,549.9999999999999,AA2024-T3,AA2024-T3,5229.591390995037
30.68256110171695,0.5,0.9000000000000001,29.999999999999996,20.0,280.0,599.9999999999999,AA2024-T3,AA2024-T3,2802.6354828550593
30.68256110171695,0.5,0.9000000000000001,29.999999999999996,20.0,280.0,549.9999999999999,AA2024-T3,AA2024-T3,2802.6354828550593
30.68256110171695,0.5,0.8,29.999999999999996,20.0,280.0,549.9999999999999,AA2024-T3,AA2024-T3,2802.6354828550593
30.68256110171695,0.5,0.9000000000000001,14.999999999999998,20.0,140.0,599.9999999999999,AA2024-T3,AA2024-T3,5229.591390995037
30.695930652628682,0.39999999999999997,0.9000000000000001,24.999999999999996,20.0,120.00000000000001,599.9999999999999,AA2024-T3,AA2024-T3,5423.930994153541
30.695930652628682,0.39999999999999997,0.9000000000000001,24.999999999999996,20.0,120.00000000000001,549.9999999999999,AA2024-T3,AA2024-T3,5423.930994153541
30.695930652628682,0.39999999999999997,0.8,24.999999999999996,20.0,120.00000000000001,549.9999999999999,AA2024-T3,AA2024-T3,5423.930994153541
30.695930652628682,0.39999999999999997,0.8,24.999999999999996,20.0,120.00000000000001,599.9999999999999,AA2024-T3,AA2024-T3,5423.930994153541
30.734100998604788,0.5,0.9000000000000001,20.0,20.0,220.00000000000003,350.0,AA2024-T3,AA2024-T3,3123.5190567143322
30.734100998604788,0.5,0.8,20.0,20.0,220.00000000000003,350.0,AA2024-T3,AA2024-T3,3123.5190567143322
30.734100998604788,0.5,0.9000000000000001,24.999999999999996,20.0,280.0,350.0,AA2024-T3,AA2024-T3,2569.2799448094615
30.734100998604788,0.5,0.8,24.999999999999996,20.0,280.0,350.0,AA2024-T3,AA2024-T3,2569.2799448094615
30.74747054951652,0.39999999999999997,0.8,29.999999999999996,20.0,160.00000000000003,350.0,AA2024-T3,AA2024-T3,4214.244081529996
30.74747054951652,0.39999999999999997,0.9000000000000001,29.999999999999996,20.0,160.00000000000003,350.0,AA2024-T3,AA2024-T3,4214.244081529996
30.77168080692956,0.5,0.9000000000000001,24.999999999999996,20.0,240.00000000000003,499.99999999999994,AA2024-T3,AA2024-T3,3078.634821277752
30.77168080692956,0.5,0.9000000000000001,24.999999999999996,20.0,240.00000000000003,449.99999999999994,AA2024-T3,AA2024-T3,3078.634821277752
30.77168080692956,0.5,0.8,24.999999999999996,20.0,240.00000000000003,449.99999999999994,AA2024-T3,AA2024-T3,3078.634821277752
30.77168080692956,0.5,0.8,24.999999999999996,20.0,240.00000000000003,499.99999999999994,AA2024-T3,AA2024-T3,3078.634821277752
30.82263016616607,0.39999999999999997,0.9000000000000001,29.999999999999996,20.0,140.0,649.9999999999999,AA2024-T3,AA2024-T3,4949.3480095431205
30.82263016616607,0.39999999999999997,0.9000000000000001,29.999999999999996,20.0,140.0,749.9999999999999,AA2024-T3,AA2024-T3,4949.3480095431205
30.82263016616607,0.39999999999999997,0.9000000000000001,29.999999999999996,20.0,140.0,700.0,AA2024-T3,AA2024-T3,4949.3480095431205
30.82263016616607,0.39999999999999997,0.8,29.999999999999996,20.0,140.0,749.9999999999999,AA2024-T3,AA2024-T3,4949.3480095431205
30.82263016616607,0.39999999999999997,0.8,29.999999999999996,20.0,140.0,700.0,AA2024-T3,AA2024-T3,4949.3480095431205
30.82263016616607,0.39999999999999997,0.8,29.999999999999996,20.0,140.0,649.9999999999999,AA2024-T3,AA2024-T3,4949.3480095431205
30.826012721530013,0.5,0.9000000000000001,20.0,20.0,260.0,300.0,AA2024-T3,AA2024-T3,2561.2779127009394
30.826012721530013,0.5,0.8,20.0,20.0,260.0,300.0,AA2024-T3,AA2024-T3,2561.2779127009394
30.855216476716947,0.5,0.9000000000000001,20.0,20.0,180.00000000000003,549.9999999999999,AA2024-T3,AA2024-T3,4040.124730467293
30.855216476716947,0.5,0.9000000000000001,20.0,20.0,180.00000000000003,599.9999999999999,AA2024-T3,AA2024-T3,4040.124730467293
30.855216476716947,0.5,0.8,20.0,20.0,180.00000000000003,549.9999999999999,AA2024-T3,AA2024-T3,4040.124730467293
30.855216476716947,0.5,0.8,20.0,20.0,180.00000000000003,599.9999999999999,AA2024-T3,AA2024-T3,4040.124730467293
30.860800512142173,0.5,0.8,24.999999999999996,20.0,260.0,399.99999999999994,AA2024-T3,AA2024-T3,2815.053209398464
30.860800512142173,0.5,0.9000000000000001,24.999999999999996,20.0,260.0,399.99999999999994,AA2024-T3,AA2024-T3,2815.053209398464
30.860800512142173,0.5,0.9000000000000001,10.0,20.0,100.0,399.99999999999994,AA2024-T3,AA2024-T3,707512.594799776
30.860800512142173,0.5,0.8,10.0,20.0,100.0,399.99999999999994,AA2024-T3,AA2024-T3,707512.594799776
30.87417006305391,0.39999999999999997,0.8,20.0,20.0,100.0,399.99999999999994,AA2024-T3,AA2024-T3,6285.384440998082
30.87417006305391,0.39999999999999997,0.9000000000000001,20.0,20.0,100.0,399.99999999999994,AA2024-T3,AA2024-T3,6285.384440998082
30.887539613965654,0.3,0.8,29.999999999999996,20.0,100.0,399.99999999999994,AA2024-T3,AA2024-T3,5592.953981894688
30.887539613965654,0.3,0.9000000000000001,29.999999999999996,20.0,100.0,399.99999999999994,AA2024-T3,AA2024-T3,5592.953981894688
30.895588302754334,0.5,0.9000000000000001,29.999999999999996,20.0,260.0,700.0,AA2024-T3,AA2024-T3,3069.1901309411323
30.895588302754334,0.5,0.9000000000000001,29.999999999999996,20.0,260.0,749.9999999999999,AA2024-T3,AA2024-T3,3069.1901309411323
30.895588302754334,0.5,0.8,29.999999999999996,20.0,260.0,749.9999999999999,AA2024-T3,AA2024-T3,3069.1901309411323
30.895588302754334,0.5,0.9000000000000001,29.999999999999996,20.0,260.0,649.9999999999999,AA2024-T3,AA2024-T3,3069.1901309411323
30.895588302754334,0.5,0.8,29.999999999999996,20.0,260.0,649.9999999999999,AA2024-T3,AA2024-T3,3069.1901309411323
30.895588302754334,0.5,0.8,29.999999999999996,20.0,260.0,700.0,AA2024-T3,AA2024-T3,3069.1901309411323
30.89838032046695,0.5,0.8,24.999999999999996,20.0,220.00000000000003,599.9999999999999,AA2024-T3,AA2024-T3,3418.0834739182933
30.89838032046695,0.5,0.9000000000000001,24.999999999999996,20.0,220.00000000000003,549.9999999999999,AA2024-T3,AA2024-T3,3418.0834739182933
30.89838032046695,0.5,0.9000000000000001,24.999999999999996,20.0,220.00000000000003,599.9999999999999,AA2024-T3,AA2024-T3,3418.0834739182933
30.89838032046695,0.5,0.8,24.999999999999996,20.0,220.00000000000003,549.9999999999999,AA2024-T3,AA2024-T3,3418.0834739182933
30.92570995994175,0.39999999999999997,0.9000000000000001,24.999999999999996,20.0,140.0,300.0,AA2024-T3,AA2024-T3,4479.904447597397
30.92570995994175,0.39999999999999997,0.8,24.999999999999996,20.0,140.0,300.0,AA2024-T3,AA2024-T3,4479.904447597397
30.947128199642172,0.5,0.9000000000000001,20.0,20.0,200.0,399.99999999999994,AA2024-T3,AA2024-T3,3530.4855011044124
30.947128199642172,0.5,0.8,20.0,20.0,200.0,399.99999999999994,AA2024-T3,AA2024-T3,3530.4855011044124
30.949920217354787,0.5,0.8,14.999999999999998,20.0,160.00000000000003,350.0,AA2024-T3,AA2024-T3,4318.928899381481
30.949920217354787,0.5,0.9000000000000001,14.999999999999998,20.0,160.00000000000003,350.0,AA2024-T3,AA2024-T3,4318.928899381481
30.98750002567956,0.5,0.8,14.999999999999998,20.0,140.0,449.99999999999994,AA2024-T3,AA2024-T3,5229.591390995037
30.98750002567956,0.5,0.8,29.999999999999996,20.0,280.0,499.99999999999994,AA2024-T3,AA2024-T3,2802.6354828550593
30.98750002567956,0.5,0.9000000000000001,14.999999999999998,20.0,140.0,499.99999999999994,AA2024-T3,AA2024-T3,5229.591390995037
30.98750002567956,0.5,0.9000000000000001,14.999999999999998,20.0,140.0,449.99999999999994,AA2024-T3,AA2024-T3,5229.591390995037
30.98750002567956,0.5,0.8,29.999999999999996,20.0,280.0,449.99999999999994,AA2024-T3,AA2024-T3,2802.6354828550593
30.98750002567956,0.5,0.8,14.999999999999998,20.0,140.0,499.99999999999994,AA2024-T3,AA2024-T3,5229.591390995037
30.98750002567956,0.5,0.9000000000000001,29.999999999999996,20.0,280.0,449.99999999999994,AA2024-T3,AA2024-T3,2802.6354828550593
30.98750002567956,0.5,0.9000000000000001,29.999999999999996,20.0,280.0,499.99999999999994,AA2024-T3,AA2024-T3,2802.6354828550593
30.998668096530015,0.5,0.9000000000000001,10.0,20.0,120.00000000000001,300.0,AA2024-T3,AA2024-T3,6075.829299293033
30.998668096530015,0.5,0.8,10.0,20.0,120.00000000000001,300.0,AA2024-T3,AA2024-T3,6075.829299293033
30.998668096530015,0.5,0.9000000000000001,20.0,20.0,240.00000000000003,300.0,AA2024-T3,AA2024-T3,2808.1633709915495
30.998668096530015,0.5,0.8,20.0,20.0,240.00000000000003,300.0,AA2024-T3,AA2024-T3,2808.1633709915495
31.0008695765913,0.39999999999999997,0.9000000000000001,24.999999999999996,20.0,120.00000000000001,499.99999999999994,AA2024-T3,AA2024-T3,5423.930994153541
31.0008695765913,0.39999999999999997,0.8,24.999999999999996,20.0,120.00000000000001,449.99999999999994,AA2024-T3,AA2024-T3,5423.930994153541
31.0008695765913,0.39999999999999997,0.8,24.999999999999996,20.0,120.00000000000001,499.99999999999994,AA2024-T3,AA2024-T3,5423.930994153541
31.0008695765913,0.39999999999999997,0.9000000000000001,24.999999999999996,20.0,120.00000000000001,449.99999999999994,AA2024-T3,AA2024-T3,5423.930994153541
31.041831940280012,0.5,0.9000000000000001,14.999999999999998,20.0,180.00000000000003,300.0,AA2024-T3,AA2024-T3,3676.9444487844025
31.041831940280012,0.5,0.8,14.999999999999998,20.0,180.00000000000003,300.0,AA2024-T3,AA2024-T3,3676.9444487844025
31.076619730892173,0.5,0.9000000000000001,24.999999999999996,20.0,240.00000000000003,399.99999999999994,AA2024-T3,AA2024-T3,3078.634821277752
31.076619730892173,0.5,0.8,24.999999999999996,20.0,240.00000000000003,399.99999999999994,AA2024-T3,AA2024-T3,3078.634821277752
31.127569090128684,0.39999999999999997,0.9000000000000001,29.999999999999996,20.0,140.0,549.9999999999999,AA2024-T3,AA2024-T3,4949.3480095431205
31.127569090128684,0.39999999999999997,0.9000000000000001,29.999999999999996,20.0,140.0,599.9999999999999,AA2024-T3,AA2024-T3,4949.3480095431205
31.127569090128684,0.39999999999999997,0.8,29.999999999999996,20.0,140.0,549.9999999999999,AA2024-T3,AA2024-T3,4949.3480095431205
31.127569090128684,0.39999999999999997,0.8,29.999999999999996,20.0,140.0,599.9999999999999,AA2024-T3,AA2024-T3,4949.3480095431205
31.154571365254334,0.5,0.9000000000000001,29.999999999999996,20.0,240.00000000000003,649.9999999999999,AA2024-T3,AA2024-T3,3349.165477202618
31.154571365254334,0.5,0.9000000000000001,29.999999999999996,20.0,240.00000000000003,700.0,AA2024-T3,AA2024-T3,3349.165477202618
31.154571365254334,0.5,0.9000000000000001,14.999999999999998,20.0,120.00000000000001,649.9999999999999,AA2024-T3,AA2024-T3,6618.0384667549315
31.154571365254334,0.5,0.8,29.999999999999996,20.0,240.00000000000003,700.0,AA2024-T3,AA2024-T3,3349.165477202618
31.154571365254334,0.5,0.9000000000000001,29.999999999999996,20.0,240.00000000000003,749.9999999999999,AA2024-T3,AA2024-T3,3349.165477202618
31.154571365254334,0.5,0.8,14.999999999999998,20.0,120.00000000000001,749.9999999999999,AA2024-T3,AA2024-T3,6618.0384667549315
31.154571365254334,0.5,0.8,14.999999999999998,20.0,120.00000000000001,649.9999999999999,AA2024-T3,AA2024-T3,6618.0384667549315
31.154571365254334,0.5,0.8,14.999999999999998,20.0,120.00000000000001,700.0,AA2024-T3,AA2024-T3,6618.0384667549315
31.154571365254334,0.5,0.8,29.999999999999996,20.0,240.00000000000003,649.9999999999999,AA2024-T3,AA2024-T3,3349.165477202618
31.154571365254334,0.5,0.8,29.999999999999996,20.0,240.00000000000003,749.9999999999999,AA2024-T3,AA2024-T3,3349.165477202618
31.154571365254334,0.5,0.9000000000000001,14.999999999999998,20.0,120.00000000000001,749.9999999999999,AA2024-T3,AA2024-T3,6618.0384667549315
31.154571365254334,0.5,0.9000000000000001,14.999999999999998,20.0,120.00000000000001,700.0,AA2024-T3,AA2024-T3,633168.5207474969
31.16015540067956,0.5,0.8,20.0,20.0,180.00000000000003,499.99999999999994,AA2024-T3,AA2024-T3,4040.124730467293
31.16015540067956,0.5,0.8,20.0,20.0,180.00000000000003,449.99999999999994,AA2024-T3,AA2024-T3,4040.124730467293
31.16015540067956,0.5,0.9000000000000001,20.0,20.0,180.00000000000003,449.99999999999994,AA2024-T3,AA2024-T3,4040.124730467293
31.16015540067956,0.5,0.9000000000000001,20.0,20.0,180.00000000000003,499.99999999999994,AA2024-T3,AA2024-T3,4040.124730467293
31.165739436104786,0.5,0.9000000000000001,24.999999999999996,20.0,260.0,350.0,AA2024-T3,AA2024-T3,2815.053209398464
31.165739436104786,0.5,0.8,24.999999999999996,20.0,260.0,350.0,AA2024-T3,AA2024-T3,2815.053209398464
31.165739436104786,0.5,0.9000000000000001,10.0,20.0,100.0,350.0,AA2024-T3,AA2024-T3,707512.594799776
31.165739436104786,0.5,0.8,10.0,20.0,100.0,350.0,AA2024-T3,AA2024-T3,707512.594799776
31.17910898701652,0.39999999999999997,0.9000000000000001,20.0,20.0,100.0,350.0,AA2024-T3,AA2024-T3,6285.384440998082
31.17910898701652,0.39999999999999997,0.8,20.0,20.0,100.0,350.0,AA2024-T3,AA2024-T3,6285.384440998082
31.192478537928267,0.3,0.8,29.999999999999996,20.0,100.0,350.0,AA2024-T3,AA2024-T3,5592.953981894688
31.192478537928267,0.3,0.9000000000000001,29.999999999999996,20.0,100.0,350.0,AA2024-T3,AA2024-T3,5592.953981894688
31.200527226716947,0.5,0.9000000000000001,29.999999999999996,20.0,260.0,599.9999999999999,AA2024-T3,AA2024-T3,3069.1901309411323
31.200527226716947,0.5,0.9000000000000001,29.999999999999996,20.0,260.0,549.9999999999999,AA2024-T3,AA2024-T3,3069.1901309411323
31.200527226716947,0.5,0.8,29.999999999999996,20.0,260.0,549.9999999999999,AA2024-T3,AA2024-T3,3069.1901309411323
31.200527226716947,0.5,0.8,29.999999999999996,20.0,260.0,599.9999999999999,AA2024-T3,AA2024-T3,3069.1901309411323
31.203319244429558,0.5,0.9000000000000001,24.999999999999996,20.0,220.00000000000003,449.99999999999994,AA2024-T3,AA2024-T3,3418.0834739182933
31.203319244429558,0.5,0.9000000000000001,24.999999999999996,20.0,220.00000000000003,499.99999999999994,AA2024-T3,AA2024-T3,3418.0834739182933
31.203319244429558,0.5,0.8,24.999999999999996,20.0,220.00000000000003,499.99999999999994,AA2024-T3,AA2024-T3,3418.0834739182933
31.203319244429558,0.5,0.8,24.999999999999996,20.0,220.00000000000003,449.99999999999994,AA2024-T3,AA2024-T3,3418.0834739182933
31.240899052754333,0.5,0.9000000000000001,24.999999999999996,20.0,200.0,700.0,AA2024-T3,AA2024-T3,3857.9253835092727
31.240899052754333,0.5,0.9000000000000001,24.999999999999996,20.0,200.0,749.9999999999999,AA2024-T3,AA2024-T3,3857.9253835092727
31.240899052754333,0.5,0.9000000000000001,20.0,20.0,160.00000000000003,700.0,AA2024-T3,AA2024-T3,4728.959478232601
31.240899052754333,0.5,0.9000000000000001,20.0,20.0,160.00000000000003,749.9999999999999,AA2024-T3,AA2024-T3,4728.959478232601
31.240899052754333,0.5,0.8,24.999999999999996,20.0,200.0,700.0,AA2024-T3,AA2024-T3,3857.9253835092727
31.240899052754333,0.5,0.8,24.999999999999996,20.0,200.0,749.9999999999999,AA2024-T3,AA2024-T3,3857.9253835092727
31.240899052754333,0.5,0.9000000000000001,24.999999999999996,20.0,200.0,649.9999999999999,AA2024-T3,AA2024-T3,3857.9253835092727
31.240899052754333,0.5,0.8,20.0,20.0,160.00000000000003,649.9999999999999,AA2024-T3,AA2024-T3,4728.959478232601
31.240899052754333,0.5,0.9000000000000001,20.0,20.0,160.00000000000003,649.9999999999999,AA2024-T3,AA2024-T3,4728.959478232601
31.240899052754333,0.5,0.8,20.0,20.0,160.00000000000003,700.0,AA2024-T3,AA2024-T3,4728.959478232601
31.240899052754333,0.5,0.8,20.0,20.0,160.00000000000003,749.9999999999999,AA2024-T3,AA2024-T3,4728.959478232601
31.240899052754333,0.5,0.8,24.999999999999996,20.0,200.0,649.9999999999999,AA2024-T3,AA2024-T3,3857.9253835092727
31.252067123604785,0.5,0.9000000000000001,20.0,20.0,200.0,350.0,AA2024-T3,AA2024-T3,3530.4855011044124
31.252067123604785,0.5,0.8,20.0,20.0,200.0,350.0,AA2024-T3,AA2024-T3,3530.4855011044124
31.292438949642175,0.5,0.8,14.999999999999998,20.0,140.0,399.99999999999994,AA2024-T3,AA2024-T3,5229.591390995037
31.292438949642175,0.5,0.9000000000000001,29.999999999999996,20.0,280.0,399.99999999999994,AA2024-T3,AA2024-T3,2802.6354828550593
31.292438949642175,0.5,0.8,29.999999999999996,20.0,280.0,399.99999999999994,AA2024-T3,AA2024-T3,2802.6354828550593
31.292438949642175,0.5,0.9000000000000001,14.999999999999998,20.0,140.0,399.99999999999994,AA2024-T3,AA2024-T3,5229.591390995037
31.30580850055391,0.39999999999999997,0.9000000000000001,24.999999999999996,20.0,120.00000000000001,399.99999999999994,AA2024-T3,AA2024-T3,5423.930994153541
31.30580850055391,0.39999999999999997,0.8,24.999999999999996,20.0,120.00000000000001,399.99999999999994,AA2024-T3,AA2024-T3,5423.930994153541
31.343978846530014,0.5,0.9000000000000001,20.0,20.0,220.00000000000003,300.0,AA2024-T3,AA2024-T3,3123.5190567143322
31.343978846530014,0.5,0.8,20.0,20.0,220.00000000000003,300.0,AA2024-T3,AA2024-T3,3123.5190567143322
31.343978846530014,0.5,0.9000000000000001,24.999999999999996,20.0,280.0,300.0,AA2024-T3,AA2024-T3,2569.2799448094615
31.343978846530014,0.5,0.8,24.999999999999996,20.0,280.0,300.0,AA2024-T3,AA2024-T3,2569.2799448094615
31.357348397441747,0.39999999999999997,0.9000000000000001,29.999999999999996,20.0,160.00000000000003,300.0,AA2024-T3,AA2024-T3,4214.244081529996
31.357348397441747,0.39999999999999997,0.8,29.999999999999996,20.0,160.00000000000003,300.0,AA2024-T3,AA2024-T3,4214.244081529996
31.381558654854786,0.5,0.8,24.999999999999996,20.0,240.00000000000003,350.0,AA2024-T3,AA2024-T3,3078.634821277752
31.381558654854786,0.5,0.9000000000000001,24.999999999999996,20.0,240.00000000000003,350.0,AA2024-T3,AA2024-T3,3078.634821277752
31.432508014091297,0.39999999999999997,0.8,29.999999999999996,20.0,140.0,499.99999999999994,AA2024-T3,AA2024-T3,4949.3480095431205
31.432508014091297,0.39999999999999997,0.8,29.999999999999996,20.0,140.0,449.99999999999994,AA2024-T3,AA2024-T3,4949.3480095431205
31.432508014091297,0.39999999999999997,0.9000000000000001,29.999999999999996,20.0,140.0,449.99999999999994,AA2024-T3,AA2024-T3,4949.3480095431205
31.432508014091297,0.39999999999999997,0.9000000000000001,29.999999999999996,20.0,140.0,499.99999999999994,AA2024-T3,AA2024-T3,4949.3480095431205
31.459510289216947,0.5,0.8,14.999999999999998,20.0,120.00000000000001,599.9999999999999,AA2024-T3,AA2024-T3,6618.0384667549315
31.459510289216947,0.5,0.8,14.999999999999998,20.0,120.00000000000001,549.9999999999999,AA2024-T3,AA2024-T3,6618.0384667549315
31.459510289216947,0.5,0.9000000000000001,29.999999999999996,20.0,240.00000000000003,549.9999999999999,AA2024-T3,AA2024-T3,3349.165477202618
31.459510289216947,0.5,0.8,29.999999999999996,20.0,240.00000000000003,599.9999999999999,AA2024-T3,AA2024-T3,3349.165477202618
31.459510289216947,0.5,0.8,29.999999999999996,20.0,240.00000000000003,549.9999999999999,AA2024-T3,AA2024-T3,3349.165477202618
31.459510289216947,0.5,0.9000000000000001,29.999999999999996,20.0,240.00000000000003,599.9999999999999,AA2024-T3,AA2024-T3,3349.165477202618
31.459510289216947,0.5,0.9000000000000001,14.999999999999998,20.0,120.00000000000001,599.9999999999999,AA2024-T3,AA2024-T3,6618.0384667549315
31.459510289216947,0.5,0.9000000000000001,14.999999999999998,20.0,120.00000000000001,549.9999999999999,AA2024-T3,AA2024-T3,6618.0384667549315
31.465094324642173,0.5,0.9000000000000001,20.0,20.0,180.00000000000003,399.99999999999994,AA2024-T3,AA2024-T3,4040.124730467293
31.465094324642173,0.5,0.8,20.0,20.0,180.00000000000003,399.99999999999994,AA2024-T3,AA2024-T3,4040.124730467293
31.50546615067956,0.5,0.9000000000000001,29.999999999999996,20.0,260.0,449.99999999999994,AA2024-T3,AA2024-T3,3069.1901309411323
31.50546615067956,0.5,0.8,29.999999999999996,20.0,260.0,449.99999999999994,AA2024-T3,AA2024-T3,3069.1901309411323
31.50546615067956,0.5,0.8,29.999999999999996,20.0,260.0,499.99999999999994,AA2024-T3,AA2024-T3,3069.1901309411323
31.50546615067956,0.5,0.9000000000000001,29.999999999999996,20.0,260.0,499.99999999999994,AA2024-T3,AA2024-T3,3069.1901309411323
31.508258168392175,0.5,0.8,24.999999999999996,20.0,220.00000000000003,399.99999999999994,AA2024-T3,AA2024-T3,3418.0834739182933
31.508258168392175,0.5,0.9000000000000001,24.999999999999996,20.0,220.00000000000003,399.99999999999994,AA2024-T3,AA2024-T3,3418.0834739182933
31.545837976716946,0.5,0.8,24.999999999999996,20.0,200.0,599.9999999999999,AA2024-T3,AA2024-T3,3857.9253835092727
31.545837976716946,0.5,0.8,20.0,20.0,160.00000000000003,549.9999999999999,AA2024-T3,AA2024-T3,4728.959478232601
31.545837976716946,0.5,0.8,24.999999999999996,20.0,200.0,549.9999999999999,AA2024-T3,AA2024-T3,3857.9253835092727
31.545837976716946,0.5,0.8,20.0,20.0,160.00000000000003,599.9999999999999,AA2024-T3,AA2024-T3,4728.959478232601
31.545837976716946,0.5,0.9000000000000001,24.999999999999996,20.0,200.0,599.9999999999999,AA2024-T3,AA2024-T3,3857.9253835092727
31.545837976716946,0.5,0.9000000000000001,24.999999999999996,20.0,200.0,549.9999999999999,AA2024-T3,AA2024-T3,3857.9253835092727
31.545837976716946,0.5,0.9000000000000001,20.0,20.0,160.00000000000003,549.9999999999999,AA2024-T3,AA2024-T3,4728.959478232601
31.545837976716946,0.5,0.9000000000000001,20.0,20.0,160.00000000000003,599.9999999999999,AA2024-T3,AA2024-T3,4728.959478232601
31.559798065280013,0.5,0.9000000000000001,14.999999999999998,20.0,160.00000000000003,300.0,AA2024-T3,AA2024-T3,4318.928899381481
31.559798065280013,0.5,0.8,14.999999999999998,20.0,160.00000000000003,300.0,AA2024-T3,AA2024-T3,4318.928899381481
31.597377873604785,0.5,0.9000000000000001,14.999999999999998,20.0,140.0,350.0,AA2024-T3,AA2024-T3,5229.591390995037
31.597377873604785,0.5,0.9000000000000001,29.999999999999996,20.0,280.0,350.0,AA2024-T3,AA2024-T3,2802.6354828550593
31.597377873604785,0.5,0.8,14.999999999999998,20.0,140.0,350.0,AA2024-T3,AA2024-T3,5229.591390995037
31.597377873604785,0.5,0.8,29.999999999999996,20.0,280.0,350.0,AA2024-T3,AA2024-T3,2802.6354828550593
31.610747424516518,0.39999999999999997,0.9000000000000001,24.999999999999996,20.0,120.00000000000001,350.0,AA2024-T3,AA2024-T3,5423.930994153541
31.610747424516518,0.39999999999999997,0.8,24.999999999999996,20.0,120.00000000000001,350.0,AA2024-T3,AA2024-T3,5423.930994153541
31.659167939342588,0.6,0.9000000000000001,10.0,20.0,280.0,749.9999999999999,AA2024-T3,AA2024-T3,2638.8349280107323
31.659167939342588,0.6,0.9000000000000001,10.0,20.0,280.0,700.0,AA2024-T3,AA2024-T3,2638.8349280107323
31.659167939342588,0.6,0.9000000000000001,10.0,20.0,280.0,649.9999999999999,AA2024-T3,AA2024-T3,2638.8349280107323
31.659167939342588,0.6,0.8,10.0,20.0,280.0,700.0,AA2024-T3,AA2024-T3,2638.8349280107323
31.659167939342588,0.6,0.8,10.0,20.0,280.0,649.9999999999999,AA2024-T3,AA2024-T3,2638.8349280107323
31.659167939342588,0.6,0.8,10.0,20.0,280.0,749.9999999999999,AA2024-T3,AA2024-T3,2638.8349280107323
31.672537490254335,0.5,0.9000000000000001,29.999999999999996,20.0,220.00000000000003,749.9999999999999,AA2024-T3,AA2024-T3,3712.675862476178
31.672537490254335,0.5,0.9000000000000001,29.999999999999996,20.0,220.00000000000003,700.0,AA2024-T3,AA2024-T3,3712.675862476178
31.672537490254335,0.5,0.8,29.999999999999996,20.0,220.00000000000003,749.9999999999999,AA2024-T3,AA2024-T3,3712.675862476178
31.672537490254335,0.5,0.8,29.999999999999996,20.0,220.00000000000003,649.9999999999999,AA2024-T3,AA2024-T3,3712.675862476178
31.672537490254335,0.5,0.8,29.999999999999996,20.0,220.00000000000003,700.0,AA2024-T3,AA2024-T3,3712.675862476178
31.672537490254335,0.5,0.9000000000000001,29.999999999999996,20.0,220.00000000000003,649.9999999999999,AA2024-T3,AA2024-T3,3712.675862476178
31.73744693805391,0.39999999999999997,0.8,29.999999999999996,20.0,140.0,399.99999999999994,AA2024-T3,AA2024-T3,4949.3480095431205
31.73744693805391,0.39999999999999997,0.9000000000000001,29.999999999999996,20.0,140.0,399.99999999999994,AA2024-T3,AA2024-T3,4949.3480095431205
31.76444921317956,0.5,0.8,14.999999999999998,20.0,120.00000000000001,499.99999999999994,AA2024-T3,AA2024-T3,6618.0384667549315
31.76444921317956,0.5,0.9000000000000001,14.999999999999998,20.0,120.00000000000001,499.99999999999994,AA2024-T3,AA2024-T3,6618.0384667549315
31.76444921317956,0.5,0.8,29.999999999999996,20.0,240.00000000000003,449.99999999999994,AA2024-T3,AA2024-T3,3349.165477202618
31.76444921317956,0.5,0.8,29.999999999999996,20.0,240.00000000000003,499.99999999999994,AA2024-T3,AA2024-T3,3349.165477202618
31.76444921317956,0.5,0.9000000000000001,14.999999999999998,20.0,120.00000000000001,449.99999999999994,AA2024-T3,AA2024-T3,6618.0384667549315
31.76444921317956,0.5,0.8,14.999999999999998,20.0,120.00000000000001,449.99999999999994,AA2024-T3,AA2024-T3,6618.0384667549315
31.76444921317956,0.5,0.9000000000000001,29.999999999999996,20.0,240.00000000000003,449.99999999999994,AA2024-T3,AA2024-T3,3349.165477202618
31.76444921317956,0.5,0.9000000000000001,29.999999999999996,20.0,240.00000000000003,499.99999999999994,AA2024-T3,AA2024-T3,3349.165477202618
31.770033248604786,0.5,0.8,20.0,20.0,180.00000000000003,350.0,AA2024-T3,AA2024-T3,4040.124730467293
31.770033248604786,0.5,0.9000000000000001,20.0,20.0,180.00000000000003,350.0,AA2024-T3,AA2024-T3,4040.124730467293
31.775617284030012,0.5,0.8,10.0,20.0,100.0,300.0,AA2024-T3,AA2024-T3,707512.594799776
31.775617284030012,0.5,0.8,24.999999999999996,20.0,260.0,300.0,AA2024-T3,AA2024-T3,2815.053209398464
31.775617284030012,0.5,0.9000000000000001,10.0,20.0,100.0,300.0,AA2024-T3,AA2024-T3,707512.594799776
31.775617284030012,0.5,0.9000000000000001,24.999999999999996,20.0,260.0,300.0,AA2024-T3,AA2024-T3,2815.053209398464
31.788986834941745,0.39999999999999997,0.9000000000000001,20.0,20.0,100.0,300.0,AA2024-T3,AA2024-T3,6285.384440998082
31.788986834941745,0.39999999999999997,0.8,20.0,20.0,100.0,300.0,AA2024-T3,AA2024-T3,6285.384440998082
31.802356385853493,0.3,0.9000000000000001,29.999999999999996,20.0,100.0,300.0,AA2024-T3,AA2024-T3,5592.953981894688
31.802356385853493,0.3,0.8,29.999999999999996,20.0,100.0,300.0,AA2024-T3,AA2024-T3,5592.953981894688
31.810405074642173,0.5,0.8,29.999999999999996,20.0,260.0,399.99999999999994,AA2024-T3,AA2024-T3,3069.1901309411323
31.810405074642173,0.5,0.9000000000000001,29.999999999999996,20.0,260.0,399.99999999999994,AA2024-T3,AA2024-T3,3069.1901309411323
31.813197092354784,0.5,0.9000000000000001,24.999999999999996,20.0,220.00000000000003,350.0,AA2024-T3,AA2024-T3,3418.0834739182933
31.813197092354784,0.5,0.8,24.999999999999996,20.0,220.00000000000003,350.0,AA2024-T3,AA2024-T3,3418.0834739182933
31.831823314342586,0.6,0.9000000000000001,10.0,20.0,260.0,700.0,AA2024-T3,AA2024-T3,2910.204607354233
31.831823314342586,0.6,0.8,10.0,20.0,260.0,649.9999999999999,AA2024-T3,AA2024-T3,2910.204607354233
31.831823314342586,0.6,0.8,10.0,20.0,260.0,700.0,AA2024-T3,AA2024-T3,2910.204607354233
31.831823314342586,0.6,0.9000000000000001,10.0,20.0,260.0,649.9999999999999,AA2024-T3,AA2024-T3,2910.204607354233
31.831823314342586,0.6,0.8,10.0,20.0,260.0,749.9999999999999,AA2024-T3,AA2024-T3,2910.204607354233
31.831823314342586,0.6,0.9000000000000001,10.0,20.0,260.0,749.9999999999999,AA2024-T3,AA2024-T3,2910.204607354233
31.85077690067956,0.5,0.9000000000000001,20.0,20.0,160.00000000000003,499.99999999999994,AA2024-T3,AA2024-T3,4728.959478232601
31.85077690067956,0.5,0.8,20.0,20.0,160.00000000000003,499.99999999999994,AA2024-T3,AA2024-T3,4728.959478232601
31.85077690067956,0.5,0.8,24.999999999999996,20.0,200.0,499.99999999999994,AA2024-T3,AA2024-T3,3857.9253835092727
31.85077690067956,0.5,0.8,20.0,20.0,160.00000000000003,449.99999999999994,AA2024-T3,AA2024-T3,4728.959478232601
31.85077690067956,0.5,0.9000000000000001,24.999999999999996,20.0,200.0,499.99999999999994,AA2024-T3,AA2024-T3,3857.9253835092727
31.85077690067956,0.5,0.9000000000000001,24.999999999999996,20.0,200.0,449.99999999999994,AA2024-T3,AA2024-T3,3857.9253835092727
31.85077690067956,0.5,0.8,24.999999999999996,20.0,200.0,449.99999999999994,AA2024-T3,AA2024-T3,3857.9253835092727
31.85077690067956,0.5,0.9000000000000001,20.0,20.0,160.00000000000003,449.99999999999994,AA2024-T3,AA2024-T3,4728.959478232601
31.86194497153001,0.5,0.8,20.0,20.0,200.0,300.0,AA2024-T3,AA2024-T3,3530.4855011044124
31.86194497153001,0.5,0.9000000000000001,20.0,20.0,200.0,300.0,AA2024-T3,AA2024-T3,3530.4855011044124
31.888356709004334,0.5,0.9000000000000001,24.999999999999996,20.0,180.00000000000003,749.9999999999999,AA2024-T3,AA2024-T3,4403.528071137497
31.888356709004334,0.5,0.9000000000000001,24.999999999999996,20.0,180.00000000000003,649.9999999999999,AA2024-T3,AA2024-T3,4403.528071137497
31.888356709004334,0.5,0.8,24.999999999999996,20.0,180.00000000000003,700.0,AA2024-T3,AA2024-T3,4403.528071137497
31.888356709004334,0.5,0.8,24.999999999999996,20.0,180.00000000000003,649.9999999999999,AA2024-T3,AA2024-T3,4403.528071137497
31.888356709004334,0.5,0.9000000000000001,24.999999999999996,20.0,180.00000000000003,700.0,AA2024-T3,AA2024-T3,4403.528071137497
31.888356709004334,0.5,0.8,24.999999999999996,20.0,180.00000000000003,749.9999999999999,AA2024-T3,AA2024-T3,4403.528071137497
31.918151001842585,0.6,0.9000000000000001,10.0,20.0,240.00000000000003,749.9999999999999,AA2024-T3,AA2024-T3,3228.9923372992553
31.918151001842585,0.6,0.8,10.0,20.0,240.00000000000003,649.9999999999999,AA2024-T3,AA2024-T3,3228.9923372992553
31.918151001842585,0.6,0.9000000000000001,10.0,20.0,240.00000000000003,700.0,AA2024-T3,AA2024-T3,3228.9923372992553
31.918151001842585,0.6,0.8,10.0,20.0,240.00000000000003,700.0,AA2024-T3,AA2024-T3,3228.9923372992553
31.918151001842585,0.6,0.8,10.0,20.0,240.00000000000003,749.9999999999999,AA2024-T3,AA2024-T3,3228.9923372992553
31.918151001842585,0.6,0.9000000000000001,10.0,20.0,240.00000000000003,649.9999999999999,AA2024-T3,AA2024-T3,3228.9923372992553
31.964106863305197,0.6,0.9000000000000001,10.0,20.0,280.0,549.9999999999999,AA2024-T3,AA2024-T3,2638.8349280107323
31.964106863305197,0.6,0.9000000000000001,10.0,20.0,280.0,599.9999999999999,AA2024-T3,AA2024-T3,2638.8349280107323
31.964106863305197,0.6,0.8,10.0,20.0,280.0,599.9999999999999,AA2024-T3,AA2024-T3,2638.8349280107323
31.964106863305197,0.6,0.8,10.0,20.0,280.0,549.9999999999999,AA2024-T3,AA2024-T3,2638.8349280107323
31.977476414216945,0.5,0.9000000000000001,29.999999999999996,20.0,220.00000000000003,599.9999999999999,AA2024-T3,AA2024-T3,3712.675862476178
31.977476414216945,0.5,0.8,29.999999999999996,20.0,220.00000000000003,549.9999999999999,AA2024-T3,AA2024-T3,3712.675862476178
31.977476414216945,0.5,0.9000000000000001,29.999999999999996,20.0,220.00000000000003,549.9999999999999,AA2024-T3,AA2024-T3,3712.675862476178
31.977476414216945,0.5,0.8,29.999999999999996,20.0,220.00000000000003,599.9999999999999,AA2024-T3,AA2024-T3,3712.675862476178
31.99143650278001,0.5,0.9000000000000001,24.999999999999996,20.0,240.00000000000003,300.0,AA2024-T3,AA2024-T3,3078.634821277752
31.99143650278001,0.5,0.8,24.999999999999996,20.0,240.00000000000003,300.0,AA2024-T3,AA2024-T3,3078.634821277752
32.042385862016516,0.39999999999999997,0.8,29.999999999999996,20.0,140.0,350.0,AA2024-T3,AA2024-T3,4949.3480095431205
32.042385862016516,0.39999999999999997,0.9000000000000001,29.999999999999996,20.0,140.0,350.0,AA2024-T3,AA2024-T3,4949.3480095431205
32.06938813714217,0.5,0.8,14.999999999999998,20.0,120.00000000000001,399.99999999999994,AA2024-T3,AA2024-T3,6618.0384667549315
32.06938813714217,0.5,0.8,29.999999999999996,20.0,240.00000000000003,399.99999999999994,AA2024-T3,AA2024-T3,3349.165477202618
32.06938813714217,0.5,0.9000000000000001,29.999999999999996,20.0,240.00000000000003,399.99999999999994,AA2024-T3,AA2024-T3,3349.165477202618
32.06938813714217,0.5,0.9000000000000001,14.999999999999998,20.0,120.00000000000001,399.99999999999994,AA2024-T3,AA2024-T3,6618.0384667549315
32.090806376842586,0.6,0.8,10.0,20.0,220.00000000000003,700.0,AA2024-T3,AA2024-T3,3633.498291329137
32.090806376842586,0.6,0.9000000000000001,10.0,20.0,220.00000000000003,749.9999999999999,AA2024-T3,AA2024-T3,3633.498291329137
32.090806376842586,0.6,0.8,10.0,20.0,220.00000000000003,649.9999999999999,AA2024-T3,AA2024-T3,3633.498291329137
32.090806376842586,0.6,0.9000000000000001,10.0,20.0,220.00000000000003,649.9999999999999,AA2024-T3,AA2024-T3,3633.498291329137
32.090806376842586,0.6,0.9000000000000001,10.0,20.0,220.00000000000003,700.0,AA2024-T3,AA2024-T3,3633.498291329137
32.090806376842586,0.6,0.8,10.0,20.0,220.00000000000003,749.9999999999999,AA2024-T3,AA2024-T3,3633.498291329137
32.10417592775433,0.5,0.8,20.0,20.0,140.0,749.9999999999999,AA2024-T3,AA2024-T3,5699.0667921340955
32.10417592775433,0.5,0.9000000000000001,20.0,20.0,140.0,700.0,AA2024-T3,AA2024-T3,5699.0667921340955
32.10417592775433,0.5,0.8,20.0,20.0,140.0,649.9999999999999,AA2024-T3,AA2024-T3,5699.0667921340955
32.10417592775433,0.5,0.8,20.0,20.0,140.0,700.0,AA2024-T3,AA2024-T3,5699.0667921340955
32.10417592775433,0.5,0.9000000000000001,20.0,20.0,140.0,649.9999999999999,AA2024-T3,AA2024-T3,5699.0667921340955
32.10417592775433,0.5,0.9000000000000001,20.0,20.0,140.0,749.9999999999999,AA2024-T3,AA2024-T3,5699.0667921340955
32.115343998604786,0.5,0.8,29.999999999999996,20.0,260.0,350.0,AA2024-T3,AA2024-T3,3069.1901309411323
32.115343998604786,0.5,0.9000000000000001,29.999999999999996,20.0,260.0,350.0,AA2024-T3,AA2024-T3,3069.1901309411323
32.136762238305195,0.6,0.8,10.0,20.0,260.0,599.9999999999999,AA2024-T3,AA2024-T3,2910.204607354233
32.136762238305195,0.6,0.8,10.0,20.0,260.0,549.9999999999999,AA2024-T3,AA2024-T3,2910.204607354233
32.136762238305195,0.6,0.9000000000000001,10.0,20.0,260.0,599.9999999999999,AA2024-T3,AA2024-T3,2910.204607354233
32.136762238305195,0.6,0.9000000000000001,10.0,20.0,260.0,549.9999999999999,AA2024-T3,AA2024-T3,2910.204607354233
32.15571582464217,0.5,0.8,20.0,20.0,160.00000000000003,399.99999999999994,AA2024-T3,AA2024-T3,4728.959478232601
32.15571582464217,0.5,0.8,24.999999999999996,20.0,200.0,399.99999999999994,AA2024-T3,AA2024-T3,3857.9253835092727
32.15571582464217,0.5,0.9000000000000001,24.999999999999996,20.0,200.0,399.99999999999994,AA2024-T3,AA2024-T3,3857.9253835092727
32.15571582464217,0.5,0.9000000000000001,20.0,20.0,160.00000000000003,399.99999999999994,AA2024-T3,AA2024-T3,4728.959478232601
32.19329563296695,0.5,0.8,24.999999999999996,20.0,180.00000000000003,549.9999999999999,AA2024-T3,AA2024-T3,4403.528071137497
32.19329563296695,0.5,0.8,24.999999999999996,20.0,180.00000000000003,599.9999999999999,AA2024-T3,AA2024-T3,4403.528071137497
32.19329563296695,0.5,0.9000000000000001,24.999999999999996,20.0,180.00000000000003,549.9999999999999,AA2024-T3,AA2024-T3,4403.528071137497
32.19329563296695,0.5,0.9000000000000001,24.999999999999996,20.0,180.00000000000003,599.9999999999999,AA2024-T3,AA2024-T3,4403.528071137497
32.20725572153001,0.5,0.9000000000000001,29.999999999999996,20.0,280.0,300.0,AA2024-T3,AA2024-T3,2802.6354828550593
32.20725572153001,0.5,0.8,29.999999999999996,20.0,280.0,300.0,AA2024-T3,AA2024-T3,2802.6354828550593
32.20725572153001,0.5,0.9000000000000001,14.999999999999998,20.0,140.0,300.0,AA2024-T3,AA2024-T3,5229.591390995037
32.20725572153001,0.5,0.8,14.999999999999998,20.0,140.0,300.0,AA2024-T3,AA2024-T3,5229.591390995037
32.220625272441744,0.39999999999999997,0.9000000000000001,24.999999999999996,20.0,120.00000000000001,300.0,AA2024-T3,AA2024-T3,5423.930994153541
32.220625272441744,0.39999999999999997,0.8,24.999999999999996,20.0,120.00000000000001,300.0,AA2024-T3,AA2024-T3,5423.930994153541
32.2230899258052,0.6,0.9000000000000001,10.0,20.0,240.00000000000003,599.9999999999999,AA2024-T3,AA2024-T3,3228.9923372992553
32.2230899258052,0.6,0.9000000000000001,10.0,20.0,240.00000000000003,549.9999999999999,AA2024-T3,AA2024-T3,3228.9923372992553
32.2230899258052,0.6,0.8,10.0,20.0,240.00000000000003,549.9999999999999,AA2024-T3,AA2024-T3,3228.9923372992553
32.2230899258052,0.6,0.8,10.0,20.0,240.00000000000003,599.9999999999999,AA2024-T3,AA2024-T3,3228.9923372992553
32.269045787267814,0.6,0.8,10.0,20.0,280.0,449.99999999999994,AA2024-T3,AA2024-T3,2638.8349280107323
32.269045787267814,0.6,0.8,10.0,20.0,280.0,499.99999999999994,AA2024-T3,AA2024-T3,2638.8349280107323
32.269045787267814,0.6,0.9000000000000001,10.0,20.0,280.0,499.99999999999994,AA2024-T3,AA2024-T3,2638.8349280107323
32.269045787267814,0.6,0.9000000000000001,10.0,20.0,280.0,449.99999999999994,AA2024-T3,AA2024-T3,2638.8349280107323
32.28241533817956,0.5,0.8,29.999999999999996,20.0,220.00000000000003,449.99999999999994,AA2024-T3,AA2024-T3,3712.675862476178
32.28241533817956,0.5,0.8,29.999999999999996,20.0,220.00000000000003,499.99999999999994,AA2024-T3,AA2024-T3,3712.675862476178
32.28241533817956,0.5,0.9000000000000001,29.999999999999996,20.0,220.00000000000003,449.99999999999994,AA2024-T3,AA2024-T3,3712.675862476178
32.28241533817956,0.5,0.9000000000000001,29.999999999999996,20.0,220.00000000000003,499.99999999999994,AA2024-T3,AA2024-T3,3712.675862476178
32.31999514650433,0.5,0.8,14.999999999999998,20.0,100.0,749.9999999999999,AA2024-T3,AA2024-T3,708288.117641893
32.31999514650433,0.5,0.9000000000000001,14.999999999999998,20.0,100.0,700.0,AA2024-T3,AA2024-T3,475621.4577290306
32.31999514650433,0.5,0.9000000000000001,14.999999999999998,20.0,100.0,749.9999999999999,AA2024-T3,AA2024-T3,708288.1176418929
32.31999514650433,0.5,0.9000000000000001,14.999999999999998,20.0,100.0,649.9999999999999,AA2024-T3,AA2024-T3,708288.1176418929
32.31999514650433,0.5,0.8,14.999999999999998,20.0,100.0,649.9999999999999,AA2024-T3,AA2024-T3,708288.117641893
32.31999514650433,0.5,0.8,14.999999999999998,20.0,100.0,700.0,AA2024-T3,AA2024-T3,708288.117641893
32.33336469741607,0.39999999999999997,0.9000000000000001,24.999999999999996,20.0,100.0,700.0,AA2024-T3,AA2024-T3,6934.087039645217
32.33336469741607,0.39999999999999997,0.9000000000000001,24.999999999999996,20.0,100.0,749.9999999999999,AA2024-T3,AA2024-T3,6934.087039645217
32.33336469741607,0.39999999999999997,0.8,24.999999999999996,20.0,100.0,649.9999999999999,AA2024-T3,AA2024-T3,6934.087039645215
32.33336469741607,0.39999999999999997,0.9000000000000001,24.999999999999996,20.0,100.0,649.9999999999999,AA2024-T3,AA2024-T3,6934.087039645217
32.33336469741607,0.39999999999999997,0.8,24.999999999999996,20.0,100.0,749.9999999999999,AA2024-T3,AA2024-T3,6934.087039645215
32.33336469741607,0.39999999999999997,0.8,24.999999999999996,20.0,100.0,700.0,AA2024-T3,AA2024-T3,6934.087039645215
32.34978943934259,0.6,0.9000000000000001,10.0,20.0,200.0,700.0,AA2024-T3,AA2024-T3,4158.905836046597
32.34978943934259,0.6,0.9000000000000001,10.0,20.0,200.0,649.9999999999999,AA2024-T3,AA2024-T3,4158.905836046597
32.34978943934259,0.6,0.9000000000000001,10.0,20.0,200.0,749.9999999999999,AA2024-T3,AA2024-T3,4158.905836046597
32.34978943934259,0.6,0.8,10.0,20.0,200.0,749.9999999999999,AA2024-T3,AA2024-T3,4158.905836046597
32.34978943934259,0.6,0.8,10.0,20.0,200.0,700.0,AA2024-T3,AA2024-T3,4158.905836046597
32.34978943934259,0.6,0.8,10.0,20.0,200.0,649.9999999999999,AA2024-T3,AA2024-T3,4158.905836046597
32.374327061104786,0.5,0.8,29.999999999999996,20.0,240.00000000000003,350.0,AA2024-T3,AA2024-T3,3349.165477202618
32.374327061104786,0.5,0.9000000000000001,14.999999999999998,20.0,120.00000000000001,350.0,AA2024-T3,AA2024-T3,6618.0384667549315
32.374327061104786,0.5,0.8,14.999999999999998,20.0,120.00000000000001,350.0,AA2024-T3,AA2024-T3,6618.0384667549315
32.374327061104786,0.5,0.9000000000000001,29.999999999999996,20.0,240.00000000000003,350.0,AA2024-T3,AA2024-T3,3349.165477202618
32.37652854116607,0.39999999999999997,0.9000000000000001,29.999999999999996,20.0,120.00000000000001,649.9999999999999,AA2024-T3,AA2024-T3,5966.006149320682
32.37652854116607,0.39999999999999997,0.9000000000000001,29.999999999999996,20.0,120.00000000000001,700.0,AA2024-T3,AA2024-T3,5966.006149320682
32.37652854116607,0.39999999999999997,0.8,29.999999999999996,20.0,120.00000000000001,749.9999999999999,AA2024-T3,AA2024-T3,5966.006149320682
32.37652854116607,0.39999999999999997,0.8,29.999999999999996,20.0,120.00000000000001,649.9999999999999,AA2024-T3,AA2024-T3,5966.006149320682
32.37652854116607,0.39999999999999997,0.8,29.999999999999996,20.0,120.00000000000001,700.0,AA2024-T3,AA2024-T3,5966.006149320682
32.37652854116607,0.39999999999999997,0.9000000000000001,29.999999999999996,20.0,120.00000000000001,749.9999999999999,AA2024-T3,AA2024-T3,5966.006149320682
32.37991109653001,0.5,0.9000000000000001,20.0,20.0,180.00000000000003,300.0,AA2024-T3,AA2024-T3,4040.124730467293
32.37991109653001,0.5,0.8,20.0,20.0,180.00000000000003,300.0,AA2024-T3,AA2024-T3,4040.124730467293
32.395745300805196,0.6,0.8,10.0,20.0,220.00000000000003,549.9999999999999,AA2024-T3,AA2024-T3,3633.498291329137
32.395745300805196,0.6,0.8,10.0,20.0,220.00000000000003,599.9999999999999,AA2024-T3,AA2024-T3,3633.498291329137
32.395745300805196,0.6,0.9000000000000001,10.0,20.0,220.00000000000003,599.9999999999999,AA2024-T3,AA2024-T3,3633.498291329137
32.395745300805196,0.6,0.9000000000000001,10.0,20.0,220.00000000000003,549.9999999999999,AA2024-T3,AA2024-T3,3633.498291329137
32.40911485171695,0.5,0.9000000000000001,20.0,20.0,140.0,549.9999999999999,AA2024-T3,AA2024-T3,5699.0667921340955
32.40911485171695,0.5,0.8,20.0,20.0,140.0,549.9999999999999,AA2024-T3,AA2024-T3,5699.0667921340955
32.40911485171695,0.5,0.9000000000000001,20.0,20.0,140.0,599.9999999999999,AA2024-T3,AA2024-T3,5699.0667921340955
32.40911485171695,0.5,0.8,20.0,20.0,140.0,599.9999999999999,AA2024-T3,AA2024-T3,5699.0667921340955
32.42307494028001,0.5,0.8,24.999999999999996,20.0,220.00000000000003,300.0,AA2024-T3,AA2024-T3,3418.0834739182933
32.42307494028001,0.5,0.9000000000000001,24.999999999999996,20.0,220.00000000000003,300.0,AA2024-T3,AA2024-T3,3418.0834739182933
32.44170116226781,0.6,0.8,10.0,20.0,260.0,499.99999999999994,AA2024-T3,AA2024-T3,2910.204607354233
32.44170116226781,0.6,0.8,10.0,20.0,260.0,449.99999999999994,AA2024-T3,AA2024-T3,2910.204607354233
32.44170116226781,0.6,0.9000000000000001,10.0,20.0,260.0,499.99999999999994,AA2024-T3,AA2024-T3,2910.204607354233
32.44170116226781,0.6,0.9000000000000001,10.0,20.0,260.0,449.99999999999994,AA2024-T3,AA2024-T3,2910.204607354233
32.44948667775433,0.5,0.9000000000000001,29.999999999999996,20.0,200.0,649.9999999999999,AA2024-T3,AA2024-T3,4185.589177890525
32.44948667775433,0.5,0.9000000000000001,29.999999999999996,20.0,200.0,700.0,AA2024-T3,AA2024-T3,4185.589177890525
32.44948667775433,0.5,0.8,29.999999999999996,20.0,200.0,700.0,AA2024-T3,AA2024-T3,4185.589177890525
32.44948667775433,0.5,0.9000000000000001,29.999999999999996,20.0,200.0,749.9999999999999,AA2024-T3,AA2024-T3,4185.589177890525
32.44948667775433,0.5,0.8,29.999999999999996,20.0,200.0,749.9999999999999,AA2024-T3,AA2024-T3,4185.589177890525
32.44948667775433,0.5,0.8,29.999999999999996,20.0,200.0,649.9999999999999,AA2024-T3,AA2024-T3,4185.589177890525
32.46065474860478,0.5,0.9000000000000001,24.999999999999996,20.0,200.0,350.0,AA2024-T3,AA2024-T3,3857.9253835092727
32.46065474860478,0.5,0.8,20.0,20.0,160.00000000000003,350.0,AA2024-T3,AA2024-T3,4728.959478232601
32.46065474860478,0.5,0.9000000000000001,20.0,20.0,160.00000000000003,350.0,AA2024-T3,AA2024-T3,4728.959478232601
32.46065474860478,0.5,0.8,24.999999999999996,20.0,200.0,350.0,AA2024-T3,AA2024-T3,3857.9253835092727
32.49823455692956,0.5,0.8,24.999999999999996,20.0,180.00000000000003,449.99999999999994,AA2024-T3,AA2024-T3,4403.528071137497
32.49823455692956,0.5,0.8,24.999999999999996,20.0,180.00000000000003,499.99999999999994,AA2024-T3,AA2024-T3,4403.528071137497
32.49823455692956,0.5,0.9000000000000001,24.999999999999996,20.0,180.00000000000003,499.99999999999994,AA2024-T3,AA2024-T3,4403.528071137497
32.49823455692956,0.5,0.9000000000000001,24.999999999999996,20.0,180.00000000000003,449.99999999999994,AA2024-T3,AA2024-T3,4403.528071137497
32.522444814342585,0.6,0.9000000000000001,14.999999999999998,20.0,280.0,749.9999999999999,AA2024-T3,AA2024-T3,2871.8178277552815
32.522444814342585,0.6,0.8,14.999999999999998,20.0,280.0,649.9999999999999,AA2024-T3,AA2024-T3,2871.817827755281
32.522444814342585,0.6,0.9000000000000001,14.999999999999998,20.0,280.0,649.9999999999999,AA2024-T3,AA2024-T3,2871.8178277552815
32.522444814342585,0.6,0.8,14.999999999999998,20.0,280.0,700.0,AA2024-T3,AA2024-T3,2871.817827755281
32.522444814342585,0.6,0.9000000000000001,14.999999999999998,20.0,280.0,700.0,AA2024-T3,AA2024-T3,2266.82874149308
32.522444814342585,0.6,0.8,14.999999999999998,20.0,280.0,749.9999999999999,AA2024-T3,AA2024-T3,2871.817827755281
32.528028849767814,0.6,0.9000000000000001,10.0,20.0,240.00000000000003,499.99999999999994,AA2024-T3,AA2024-T3,3228.9923372992553
32.528028849767814,0.6,0.8,10.0,20.0,240.00000000000003,499.99999999999994,AA2024-T3,AA2024-T3,3228.9923372992553
32.528028849767814,0.6,0.8,10.0,20.0,240.00000000000003,449.99999999999994,AA2024-T3,AA2024-T3,3228.9923372992553
32.528028849767814,0.6,0.9000000000000001,10.0,20.0,240.00000000000003,449.99999999999994,AA2024-T3,AA2024-T3,3228.9923372992553
32.57398471123042,0.6,0.8,10.0,20.0,280.0,399.99999999999994,AA2024-T3,AA2024-T3,2638.8349280107323
32.57398471123042,0.6,0.9000000000000001,10.0,20.0,280.0,399.99999999999994,AA2024-T3,AA2024-T3,2638.8349280107323
32.58735426214217,0.5,0.9000000000000001,29.999999999999996,20.0,220.00000000000003,399.99999999999994,AA2024-T3,AA2024-T3,3712.675862476178
32.58735426214217,0.5,0.8,29.999999999999996,20.0,220.00000000000003,399.99999999999994,AA2024-T3,AA2024-T3,3712.675862476178
32.60877250184259,0.6,0.9000000000000001,10.0,20.0,180.00000000000003,700.0,AA2024-T3,AA2024-T3,4849.616705449599
32.60877250184259,0.6,0.9000000000000001,10.0,20.0,180.00000000000003,749.9999999999999,AA2024-T3,AA2024-T3,4849.616705449599
32.60877250184259,0.6,0.8,10.0,20.0,180.00000000000003,700.0,AA2024-T3,AA2024-T3,4849.616705449599
32.60877250184259,0.6,0.8,10.0,20.0,180.00000000000003,649.9999999999999,AA2024-T3,AA2024-T3,4849.616705449599
32.60877250184259,0.6,0.8,10.0,20.0,180.00000000000003,749.9999999999999,AA2024-T3,AA2024-T3,4849.616705449599
32.60877250184259,0.6,0.9000000000000001,10.0,20.0,180.00000000000003,649.9999999999999,AA2024-T3,AA2024-T3,4849.616705449599
32.62493407046695,0.5,0.9000000000000001,14.999999999999998,20.0,100.0,549.9999999999999,AA2024-T3,AA2024-T3,708288.1176418929
32.62493407046695,0.5,0.8,14.999999999999998,20.0,100.0,599.9999999999999,AA2024-T3,AA2024-T3,708288.117641893
32.62493407046695,0.5,0.8,14.999999999999998,20.0,100.0,549.9999999999999,AA2024-T3,AA2024-T3,708288.117641893
32.62493407046695,0.5,0.9000000000000001,14.999999999999998,20.0,100.0,599.9999999999999,AA2024-T3,AA2024-T3,708288.1176418929
32.63830362137868,0.39999999999999997,0.8,24.999999999999996,20.0,100.0,549.9999999999999,AA2024-T3,AA2024-T3,6934.087039645215
32.63830362137868,0.39999999999999997,0.8,24.999999999999996,20.0,100.0,599.9999999999999,AA2024-T3,AA2024-T3,6934.087039645215
32.63830362137868,0.39999999999999997,0.9000000000000001,24.999999999999996,20.0,100.0,549.9999999999999,AA2024-T3,AA2024-T3,6934.087039645217
32.63830362137868,0.39999999999999997,0.9000000000000001,24.999999999999996,20.0,100.0,599.9999999999999,AA2024-T3,AA2024-T3,6934.087039645217
32.65226370994175,0.39999999999999997,0.8,29.999999999999996,20.0,140.0,300.0,AA2024-T3,AA2024-T3,4949.3480095431205
32.65226370994175,0.39999999999999997,0.9000000000000001,29.999999999999996,20.0,140.0,300.0,AA2024-T3,AA2024-T3,4949.3480095431205
32.654728363305196,0.6,0.8,10.0,20.0,200.0,549.9999999999999,AA2024-T3,AA2024-T3,4158.905836046597
32.654728363305196,0.6,0.8,10.0,20.0,200.0,599.9999999999999,AA2024-T3,AA2024-T3,4158.905836046597
32.654728363305196,0.6,0.9000000000000001,10.0,20.0,200.0,549.9999999999999,AA2024-T3,AA2024-T3,4158.905836046597
32.654728363305196,0.6,0.9000000000000001,10.0,20.0,200.0,599.9999999999999,AA2024-T3,AA2024-T3,4158.905836046597
32.681467465128684,0.39999999999999997,0.9000000000000001,29.999999999999996,20.0,120.00000000000001,599.9999999999999,AA2024-T3,AA2024-T3,5966.006149320682
32.681467465128684,0.39999999999999997,0.9000000000000001,29.999999999999996,20.0,120.00000000000001,549.9999999999999,AA2024-T3,AA2024-T3,5966.006149320682
32.681467465128684,0.39999999999999997,0.8,29.999999999999996,20.0,120.00000000000001,599.9999999999999,AA2024-T3,AA2024-T3,5966.006149320682
32.681467465128684,0.39999999999999997,0.8,29.999999999999996,20.0,120.00000000000001,549.9999999999999,AA2024-T3,AA2024-T3,5966.006149320682
32.70068422476781,0.6,0.9000000000000001,10.0,20.0,220.00000000000003,449.99999999999994,AA2024-T3,AA2024-T3,3633.498291329137
32.70068422476781,0.6,0.9000000000000001,10.0,20.0,220.00000000000003,499.99999999999994,AA2024-T3,AA2024-T3,3633.498291329137
32.70068422476781,0.6,0.8,10.0,20.0,220.00000000000003,449.99999999999994,AA2024-T3,AA2024-T3,3633.498291329137
32.70068422476781,0.6,0.8,10.0,20.0,220.00000000000003,499.99999999999994,AA2024-T3,AA2024-T3,3633.498291329137
32.71405377567956,0.5,0.9000000000000001,20.0,20.0,140.0,449.99999999999994,AA2024-T3,AA2024-T3,5699.0667921340955
32.71405377567956,0.5,0.9000000000000001,20.0,20.0,140.0,499.99999999999994,AA2024-T3,AA2024-T3,5699.0667921340955
32.71405377567956,0.5,0.8,20.0,20.0,140.0,499.99999999999994,AA2024-T3,AA2024-T3,5699.0667921340955
32.71405377567956,0.5,0.8,20.0,20.0,140.0,449.99999999999994,AA2024-T3,AA2024-T3,5699.0667921340955
32.72522184653001,0.5,0.9000000000000001,29.999999999999996,20.0,260.0,300.0,AA2024-T3,AA2024-T3,3069.1901309411323
32.72522184653001,0.5,0.8,29.999999999999996,20.0,260.0,300.0,AA2024-T3,AA2024-T3,3069.1901309411323
32.74664008623043,0.6,0.8,10.0,20.0,260.0,399.99999999999994,AA2024-T3,AA2024-T3,2910.204607354233
32.74664008623043,0.6,0.9000000000000001,10.0,20.0,260.0,399.99999999999994,AA2024-T3,AA2024-T3,2910.204607354233
32.75163358400433,0.5,0.9000000000000001,24.999999999999996,20.0,160.00000000000003,649.9999999999999,AA2024-T3,AA2024-T3,5139.26699458575
32.75163358400433,0.5,0.9000000000000001,24.999999999999996,20.0,160.00000000000003,700.0,AA2024-T3,AA2024-T3,5139.26699458575
32.75163358400433,0.5,0.9000000000000001,24.999999999999996,20.0,160.00000000000003,749.9999999999999,AA2024-T3,AA2024-T3,5139.26699458575
32.75163358400433,0.5,0.8,24.999999999999996,20.0,160.00000000000003,700.0,AA2024-T3,AA2024-T3,5139.26699458575
32.75163358400433,0.5,0.8,24.999999999999996,20.0,160.00000000000003,649.9999999999999,AA2024-T3,AA2024-T3,5139.26699458575
32.75163358400433,0.5,0.8,24.999999999999996,20.0,160.00000000000003,749.9999999999999,AA2024-T3,AA2024-T3,5139.26699458575
32.754425601716946,0.5,0.8,29.999999999999996,20.0,200.0,549.9999999999999,AA2024-T3,AA2024-T3,4185.589177890525
32.754425601716946,0.5,0.8,29.999999999999996,20.0,200.0,599.9999999999999,AA2024-T3,AA2024-T3,4185.589177890525
32.754425601716946,0.5,0.9000000000000001,29.999999999999996,20.0,200.0,549.9999999999999,AA2024-T3,AA2024-T3,4185.589177890525
32.754425601716946,0.5,0.9000000000000001,29.999999999999996,20.0,200.0,599.9999999999999,AA2024-T3,AA2024-T3,4185.589177890525
32.781427876842585,0.6,0.8,14.999999999999998,20.0,260.0,749.9999999999999,AA2024-T3,AA2024-T3,3163.5597336008746
32.781427876842585,0.6,0.9000000000000001,14.999999999999998,20.0,260.0,749.9999999999999,AA2024-T3,AA2024-T3,3163.5597336008746
32.781427876842585,0.6,0.9000000000000001,14.999999999999998,20.0,260.0,649.9999999999999,AA2024-T3,AA2024-T3,3163.5597336008746
32.781427876842585,0.6,0.9000000000000001,14.999999999999998,20.0,260.0,700.0,AA2024-T3,AA2024-T3,2521.7427977937446
32.781427876842585,0.6,0.8,14.999999999999998,20.0,260.0,649.9999999999999,AA2024-T3,AA2024-T3,3163.5597336008746
32.781427876842585,0.6,0.8,14.999999999999998,20.0,260.0,700.0,AA2024-T3,AA2024-T3,3163.5597336008746
32.80317348089217,0.5,0.9000000000000001,24.999999999999996,20.0,180.00000000000003,399.99999999999994,AA2024-T3,AA2024-T3,4403.528071137497
32.80317348089217,0.5,0.8,24.999999999999996,20.0,180.00000000000003,399.99999999999994,AA2024-T3,AA2024-T3,4403.528071137497
32.8273837383052,0.6,0.9000000000000001,14.999999999999998,20.0,280.0,549.9999999999999,AA2024-T3,AA2024-T3,2871.8178277552815
32.8273837383052,0.6,0.8,14.999999999999998,20.0,280.0,549.9999999999999,AA2024-T3,AA2024-T3,2871.817827755281
32.8273837383052,0.6,0.9000000000000001,14.999999999999998,20.0,280.0,599.9999999999999,AA2024-T3,AA2024-T3,2871.8178277552815
32.8273837383052,0.6,0.8,14.999999999999998,20.0,280.0,599.9999999999999,AA2024-T3,AA2024-T3,2871.817827755281
32.832967773730424,0.6,0.8,10.0,20.0,240.00000000000003,399.99999999999994,AA2024-T3,AA2024-T3,3228.9923372992553
32.832967773730424,0.6,0.9000000000000001,10.0,20.0,240.00000000000003,399.99999999999994,AA2024-T3,AA2024-T3,3228.9923372992553
32.87892363519304,0.6,0.9000000000000001,10.0,20.0,280.0,350.0,AA2024-T3,AA2024-T3,2638.8349280107323
32.87892363519304,0.6,0.8,10.0,20.0,280.0,350.0,AA2024-T3,AA2024-T3,2638.8349280107323
32.89229318610479,0.5,0.8,29.999999999999996,20.0,220.00000000000003,350.0,AA2024-T3,AA2024-T3,3712.675862476178
32.89229318610479,0.5,0.9000000000000001,29.999999999999996,20.0,220.00000000000003,350.0,AA2024-T3,AA2024-T3,3712.675862476178
32.91091940809258,0.6,0.9000000000000001,14.999999999999998,20.0,240.00000000000003,749.9999999999999,AA2024-T3,AA2024-T3,3499.405038181999
32.91091940809258,0.6,0.9000000000000001,14.999999999999998,20.0,240.00000000000003,700.0,AA2024-T3,AA2024-T3,2822.7354545363396
32.91091940809258,0.6,0.8,14.999999999999998,20.0,240.00000000000003,749.9999999999999,AA2024-T3,AA2024-T3,3499.405038181999
32.91091940809258,0.6,0.8,14.999999999999998,20.0,240.00000000000003,649.9999999999999,AA2024-T3,AA2024-T3,3499.405038181999
32.91091940809258,0.6,0.9000000000000001,14.999999999999998,20.0,240.00000000000003,649.9999999999999,AA2024-T3,AA2024-T3,3499.405038181999
32.91091940809258,0.6,0.8,14.999999999999998,20.0,240.00000000000003,700.0,AA2024-T3,AA2024-T3,3499.405038181999
32.9137114258052,0.6,0.8,10.0,20.0,180.00000000000003,549.9999999999999,AA2024-T3,AA2024-T3,4849.616705449599
32.9137114258052,0.6,0.8,10.0,20.0,180.00000000000003,599.9999999999999,AA2024-T3,AA2024-T3,4849.616705449599
32.9137114258052,0.6,0.9000000000000001,10.0,20.0,180.00000000000003,599.9999999999999,AA2024-T3,AA2024-T3,4849.616705449599
32.9137114258052,0.6,0.9000000000000001,10.0,20.0,180.00000000000003,549.9999999999999,AA2024-T3,AA2024-T3,4849.616705449599
32.92987299442956,0.5,0.9000000000000001,14.999999999999998,20.0,100.0,449.99999999999994,AA2024-T3,AA2024-T3,708288.1176418929
32.92987299442956,0.5,0.8,14.999999999999998,20.0,100.0,499.99999999999994,AA2024-T3,AA2024-T3,708288.117641893
32.92987299442956,0.5,0.8,14.999999999999998,20.0,100.0,449.99999999999994,AA2024-T3,AA2024-T3,708288.117641893
32.92987299442956,0.5,0.9000000000000001,14.999999999999998,20.0,100.0,499.99999999999994,AA2024-T3,AA2024-T3,708288.1176418929
32.94324254534129,0.39999999999999997,0.9000000000000001,24.999999999999996,20.0,100.0,499.99999999999994,AA2024-T3,AA2024-T3,6934.087039645217
32.94324254534129,0.39999999999999997,0.8,24.999999999999996,20.0,100.0,499.99999999999994,AA2024-T3,AA2024-T3,6934.087039645215
32.94324254534129,0.39999999999999997,0.9000000000000001,24.999999999999996,20.0,100.0,449.99999999999994,AA2024-T3,AA2024-T3,6934.087039645217
32.94324254534129,0.39999999999999997,0.8,24.999999999999996,20.0,100.0,449.99999999999994,AA2024-T3,AA2024-T3,6934.087039645215
32.95408325184258,0.6,0.8,10.0,20.0,160.00000000000003,749.9999999999999,AA2024-T3,AA2024-T3,5818.440977812785
32.95408325184258,0.6,0.8,10.0,20.0,160.00000000000003,649.9999999999999,AA2024-T3,AA2024-T3,5818.440977812785
32.95408325184258,0.6,0.8,10.0,20.0,160.00000000000003,700.0,AA2024-T3,AA2024-T3,5818.440977812785
32.95408325184258,0.6,0.9000000000000001,10.0,20.0,160.00000000000003,749.9999999999999,AA2024-T3,AA2024-T3,5818.440977812785
32.95408325184258,0.6,0.9000000000000001,10.0,20.0,160.00000000000003,649.9999999999999,AA2024-T3,AA2024-T3,5818.440977812785
32.95408325184258,0.6,0.9000000000000001,10.0,20.0,160.00000000000003,700.0,AA2024-T3,AA2024-T3,5818.440977812785
32.95966728726781,0.6,0.8,10.0,20.0,200.0,449.99999999999994,AA2024-T3,AA2024-T3,4158.905836046597
32.95966728726781,0.6,0.8,10.0,20.0,200.0,499.99999999999994,AA2024-T3,AA2024-T3,4158.905836046597
32.95966728726781,0.6,0.9000000000000001,10.0,20.0,200.0,499.99999999999994,AA2024-T3,AA2024-T3,4158.905836046597
32.95966728726781,0.6,0.9000000000000001,10.0,20.0,200.0,449.99999999999994,AA2024-T3,AA2024-T3,4158.905836046597
32.98420490903001,0.5,0.8,14.999999999999998,20.0,120.00000000000001,300.0,AA2024-T3,AA2024-T3,6618.0384667549315
32.98420490903001,0.5,0.8,29.999999999999996,20.0,240.00000000000003,300.0,AA2024-T3,AA2024-T3,3349.165477202618
32.98420490903001,0.5,0.9000000000000001,29.999999999999996,20.0,240.00000000000003,300.0,AA2024-T3,AA2024-T3,3349.165477202618
32.98420490903001,0.5,0.9000000000000001,14.999999999999998,20.0,120.00000000000001,300.0,AA2024-T3,AA2024-T3,6618.0384667549315
32.98640638909129,0.39999999999999997,0.9000000000000001,29.999999999999996,20.0,120.00000000000001,499.99999999999994,AA2024-T3,AA2024-T3,5966.006149320682
32.98640638909129,0.39999999999999997,0.9000000000000001,29.999999999999996,20.0,120.00000000000001,449.99999999999994,AA2024-T3,AA2024-T3,5966.006149320682
32.98640638909129,0.39999999999999997,0.8,29.999999999999996,20.0,120.00000000000001,499.99999999999994,AA2024-T3,AA2024-T3,5966.006149320682
32.98640638909129,0.39999999999999997,0.8,29.999999999999996,20.0,120.00000000000001,449.99999999999994,AA2024-T3,AA2024-T3,5966.006149320682
33.00562314873042,0.6,0.8,10.0,20.0,220.00000000000003,399.99999999999994,AA2024-T3,AA2024-T3,3633.498291329137
33.00562314873042,0.6,0.9000000000000001,10.0,20.0,220.00000000000003,399.99999999999994,AA2024-T3,AA2024-T3,3633.498291329137
33.01899269964217,0.5,0.9000000000000001,20.0,20.0,140.0,399.99999999999994,AA2024-T3,AA2024-T3,5699.0667921340955
33.01899269964217,0.5,0.8,20.0,20.0,140.0,399.99999999999994,AA2024-T3,AA2024-T3,5699.0667921340955
33.05157901019304,0.6,0.9000000000000001,10.0,20.0,260.0,350.0,AA2024-T3,AA2024-T3,2910.204607354233
33.05157901019304,0.6,0.8,10.0,20.0,260.0,350.0,AA2024-T3,AA2024-T3,2910.204607354233
33.05657250796695,0.5,0.8,24.999999999999996,20.0,160.00000000000003,599.9999999999999,AA2024-T3,AA2024-T3,5139.26699458575
33.05657250796695,0.5,0.8,24.999999999999996,20.0,160.00000000000003,549.9999999999999,AA2024-T3,AA2024-T3,5139.26699458575
33.05657250796695,0.5,0.9000000000000001,24.999999999999996,20.0,160.00000000000003,549.9999999999999,AA2024-T3,AA2024-T3,5139.26699458575
33.05657250796695,0.5,0.9000000000000001,24.999999999999996,20.0,160.00000000000003,599.9999999999999,AA2024-T3,AA2024-T3,5139.26699458575
33.059364525679555,0.5,0.8,29.999999999999996,20.0,200.0,449.99999999999994,AA2024-T3,AA2024-T3,4185.589177890525
33.059364525679555,0.5,0.8,29.999999999999996,20.0,200.0,499.99999999999994,AA2024-T3,AA2024-T3,4185.589177890525
33.059364525679555,0.5,0.9000000000000001,29.999999999999996,20.0,200.0,499.99999999999994,AA2024-T3,AA2024-T3,4185.589177890525
33.059364525679555,0.5,0.9000000000000001,29.999999999999996,20.0,200.0,449.99999999999994,AA2024-T3,AA2024-T3,4185.589177890525
33.070532596530015,0.5,0.9000000000000001,20.0,20.0,160.00000000000003,300.0,AA2024-T3,AA2024-T3,4728.959478232601
33.070532596530015,0.5,0.9000000000000001,24.999999999999996,20.0,200.0,300.0,AA2024-T3,AA2024-T3,3857.9253835092727
33.070532596530015,0.5,0.8,24.999999999999996,20.0,200.0,300.0,AA2024-T3,AA2024-T3,3857.9253835092727
33.070532596530015,0.5,0.8,20.0,20.0,160.00000000000003,300.0,AA2024-T3,AA2024-T3,4728.959478232601
33.0863668008052,0.6,0.9000000000000001,14.999999999999998,20.0,260.0,599.9999999999999,AA2024-T3,AA2024-T3,3163.5597336008746
33.0863668008052,0.6,0.8,14.999999999999998,20.0,260.0,599.9999999999999,AA2024-T3,AA2024-T3,3163.5597336008746
33.0863668008052,0.6,0.8,14.999999999999998,20.0,260.0,549.9999999999999,AA2024-T3,AA2024-T3,3163.5597336008746
33.0863668008052,0.6,0.9000000000000001,14.999999999999998,20.0,260.0,549.9999999999999,AA2024-T3,AA2024-T3,3163.5597336008746
33.108112404854786,0.5,0.9000000000000001,24.999999999999996,20.0,180.00000000000003,350.0,AA2024-T3,AA2024-T3,4403.528071137497
33.108112404854786,0.5,0.8,24.999999999999996,20.0,180.00000000000003,350.0,AA2024-T3,AA2024-T3,4403.528071137497
33.13232266226781,0.6,0.9000000000000001,14.999999999999998,20.0,280.0,499.99999999999994,AA2024-T3,AA2024-T3,2871.8178277552815
33.13232266226781,0.6,0.8,14.999999999999998,20.0,280.0,449.99999999999994,AA2024-T3,AA2024-T3,2871.817827755281
33.13232266226781,0.6,0.9000000000000001,14.999999999999998,20.0,280.0,449.99999999999994,AA2024-T3,AA2024-T3,2871.8178277552815
33.13232266226781,0.6,0.8,14.999999999999998,20.0,280.0,499.99999999999994,AA2024-T3,AA2024-T3,2871.817827755281
33.13790669769304,0.6,0.9000000000000001,10.0,20.0,240.00000000000003,350.0,AA2024-T3,AA2024-T3,3228.9923372992553
33.13790669769304,0.6,0.8,10.0,20.0,240.00000000000003,350.0,AA2024-T3,AA2024-T3,3228.9923372992553
33.140108177754335,0.5,0.8,20.0,20.0,120.00000000000001,700.0,AA2024-T3,AA2024-T3,7160.311372000635
33.140108177754335,0.5,0.8,20.0,20.0,120.00000000000001,649.9999999999999,AA2024-T3,AA2024-T3,7160.311372000635
33.140108177754335,0.5,0.9000000000000001,20.0,20.0,120.00000000000001,649.9999999999999,AA2024-T3,AA2024-T3,7160.311372000635
33.140108177754335,0.5,0.9000000000000001,20.0,20.0,120.00000000000001,700.0,AA2024-T3,AA2024-T3,7160.311372000635
33.140108177754335,0.5,0.8,20.0,20.0,120.00000000000001,749.9999999999999,AA2024-T3,AA2024-T3,7160.311372000635
33.140108177754335,0.5,0.9000000000000001,20.0,20.0,120.00000000000001,749.9999999999999,AA2024-T3,AA2024-T3,7160.311372000635
33.16990247059258,0.6,0.9000000000000001,14.999999999999998,20.0,220.00000000000003,649.9999999999999,AA2024-T3,AA2024-T3,3928.041785431285
33.16990247059258,0.6,0.8,14.999999999999998,20.0,220.00000000000003,649.9999999999999,AA2024-T3,AA2024-T3,3928.041785431285
33.16990247059258,0.6,0.9000000000000001,14.999999999999998,20.0,220.00000000000003,749.9999999999999,AA2024-T3,AA2024-T3,3928.041785431285
33.16990247059258,0.6,0.9000000000000001,14.999999999999998,20.0,220.00000000000003,700.0,AA2024-T3,AA2024-T3,3215.8282118566235
33.16990247059258,0.6,0.8,14.999999999999998,20.0,220.00000000000003,700.0,AA2024-T3,AA2024-T3,3928.041785431285
33.16990247059258,0.6,0.8,14.999999999999998,20.0,220.00000000000003,749.9999999999999,AA2024-T3,AA2024-T3,3928.041785431285
33.2158583320552,0.6,0.9000000000000001,14.999999999999998,20.0,240.00000000000003,599.9999999999999,AA2024-T3,AA2024-T3,3499.405038181999
33.2158583320552,0.6,0.9000000000000001,14.999999999999998,20.0,240.00000000000003,549.9999999999999,AA2024-T3,AA2024-T3,3499.405038181999
33.2158583320552,0.6,0.8,14.999999999999998,20.0,240.00000000000003,549.9999999999999,AA2024-T3,AA2024-T3,3499.405038181999
33.2158583320552,0.6,0.8,14.999999999999998,20.0,240.00000000000003,599.9999999999999,AA2024-T3,AA2024-T3,3499.405038181999
33.21865034976781,0.6,0.8,10.0,20.0,180.00000000000003,499.99999999999994,AA2024-T3,AA2024-T3,4849.616705449599
33.21865034976781,0.6,0.8,10.0,20.0,180.00000000000003,449.99999999999994,AA2024-T3,AA2024-T3,4849.616705449599
33.21865034976781,0.6,0.9000000000000001,10.0,20.0,180.00000000000003,499.99999999999994,AA2024-T3,AA2024-T3,4849.616705449599
33.21865034976781,0.6,0.9000000000000001,10.0,20.0,180.00000000000003,449.99999999999994,AA2024-T3,AA2024-T3,4849.616705449599
33.22643586525433,0.5,0.8,29.999999999999996,20.0,180.00000000000003,649.9999999999999,AA2024-T3,AA2024-T3,4767.126588421601
33.22643586525433,0.5,0.8,29.999999999999996,20.0,180.00000000000003,700.0,AA2024-T3,AA2024-T3,4767.126588421601
33.22643586525433,0.5,0.8,29.999999999999996,20.0,180.00000000000003,749.9999999999999,AA2024-T3,AA2024-T3,4767.126588421601
33.22643586525433,0.5,0.9000000000000001,29.999999999999996,20.0,180.00000000000003,649.9999999999999,AA2024-T3,AA2024-T3,4767.126588421601
33.22643586525433,0.5,0.9000000000000001,29.999999999999996,20.0,180.00000000000003,700.0,AA2024-T3,AA2024-T3,4767.126588421601
33.22643586525433,0.5,0.9000000000000001,29.999999999999996,20.0,180.00000000000003,749.9999999999999,AA2024-T3,AA2024-T3,4767.126588421601
33.23481191839217,0.5,0.9000000000000001,14.999999999999998,20.0,100.0,399.99999999999994,AA2024-T3,AA2024-T3,708288.1176418929
33.23481191839217,0.5,0.8,14.999999999999998,20.0,100.0,399.99999999999994,AA2024-T3,AA2024-T3,708288.117641893
33.24818146930391,0.39999999999999997,0.8,24.999999999999996,20.0,100.0,399.99999999999994,AA2024-T3,AA2024-T3,6934.087039645215
33.24818146930391,0.39999999999999997,0.9000000000000001,24.999999999999996,20.0,100.0,399.99999999999994,AA2024-T3,AA2024-T3,6934.087039645217
33.2590221758052,0.6,0.9000000000000001,10.0,20.0,160.00000000000003,549.9999999999999,AA2024-T3,AA2024-T3,5818.440977812785
33.2590221758052,0.6,0.9000000000000001,10.0,20.0,160.00000000000003,599.9999999999999,AA2024-T3,AA2024-T3,5818.440977812785
33.2590221758052,0.6,0.8,10.0,20.0,160.00000000000003,549.9999999999999,AA2024-T3,AA2024-T3,5818.440977812785
33.2590221758052,0.6,0.8,10.0,20.0,160.00000000000003,599.9999999999999,AA2024-T3,AA2024-T3,5818.440977812785
33.26460621123042,0.6,0.8,10.0,20.0,200.0,399.99999999999994,AA2024-T3,AA2024-T3,4158.905836046597
33.26460621123042,0.6,0.9000000000000001,10.0,20.0,200.0,399.99999999999994,AA2024-T3,AA2024-T3,4158.905836046597
33.29134531305391,0.39999999999999997,0.9000000000000001,29.999999999999996,20.0,120.00000000000001,399.99999999999994,AA2024-T3,AA2024-T3,5966.006149320682
33.29134531305391,0.39999999999999997,0.8,29.999999999999996,20.0,120.00000000000001,399.99999999999994,AA2024-T3,AA2024-T3,5966.006149320682
33.31056207269304,0.6,0.9000000000000001,10.0,20.0,220.00000000000003,350.0,AA2024-T3,AA2024-T3,3633.498291329137
33.31056207269304,0.6,0.8,10.0,20.0,220.00000000000003,350.0,AA2024-T3,AA2024-T3,3633.498291329137
33.323931623604786,0.5,0.9000000000000001,20.0,20.0,140.0,350.0,AA2024-T3,AA2024-T3,5699.0667921340955
33.323931623604786,0.5,0.8,20.0,20.0,140.0,350.0,AA2024-T3,AA2024-T3,5699.0667921340955
33.36151143192956,0.5,0.8,24.999999999999996,20.0,160.00000000000003,449.99999999999994,AA2024-T3,AA2024-T3,5139.26699458575
33.36151143192956,0.5,0.9000000000000001,24.999999999999996,20.0,160.00000000000003,499.99999999999994,AA2024-T3,AA2024-T3,5139.26699458575
33.36151143192956,0.5,0.9000000000000001,24.999999999999996,20.0,160.00000000000003,449.99999999999994,AA2024-T3,AA2024-T3,5139.26699458575
33.36151143192956,0.5,0.8,24.999999999999996,20.0,160.00000000000003,499.99999999999994,AA2024-T3,AA2024-T3,5139.26699458575
33.36430344964217,0.5,0.8,29.999999999999996,20.0,200.0,399.99999999999994,AA2024-T3,AA2024-T3,4185.589177890525
33.36430344964217,0.5,0.9000000000000001,29.999999999999996,20.0,200.0,399.99999999999994,AA2024-T3,AA2024-T3,4185.589177890525
33.38572168934259,0.6,0.9000000000000001,20.0,20.0,280.0,749.9999999999999,AA2024-T3,AA2024-T3,3104.9593399031573
33.38572168934259,0.6,0.9000000000000001,20.0,20.0,280.0,700.0,AA2024-T3,AA2024-T3,3104.9593399031573
33.38572168934259,0.6,0.8,10.0,20.0,140.0,649.9999999999999,AA2024-T3,AA2024-T3,7269.977211421569
33.38572168934259,0.6,0.8,10.0,20.0,140.0,749.9999999999999,AA2024-T3,AA2024-T3,7269.977211421569
33.38572168934259,0.6,0.8,10.0,20.0,140.0,700.0,AA2024-T3,AA2024-T3,7269.977211421569
33.38572168934259,0.6,0.9000000000000001,10.0,20.0,140.0,749.9999999999999,AA2024-T3,AA2024-T3,7269.977211421569
33.38572168934259,0.6,0.9000000000000001,10.0,20.0,140.0,700.0,AA2024-T3,AA2024-T3,7269.977211421569
33.38572168934259,0.6,0.9000000000000001,10.0,20.0,140.0,649.9999999999999,AA2024-T3,AA2024-T3,7269.977211421569
33.38572168934259,0.6,0.8,20.0,20.0,280.0,700.0,AA2024-T3,AA2024-T3,3104.9593399031573
33.38572168934259,0.6,0.9000000000000001,20.0,20.0,280.0,649.9999999999999,AA2024-T3,AA2024-T3,3104.9593399031573
33.38572168934259,0.6,0.8,20.0,20.0,280.0,649.9999999999999,AA2024-T3,AA2024-T3,3104.9593399031573
33.38572168934259,0.6,0.8,20.0,20.0,280.0,749.9999999999999,AA2024-T3,AA2024-T3,3104.9593399031573
33.39130572476781,0.6,0.9000000000000001,14.999999999999998,20.0,260.0,449.99999999999994,AA2024-T3,AA2024-T3,3163.5597336008746
33.39130572476781,0.6,0.9000000000000001,14.999999999999998,20.0,260.0,499.99999999999994,AA2024-T3,AA2024-T3,3163.5597336008746
33.39130572476781,0.6,0.8,14.999999999999998,20.0,260.0,449.99999999999994,AA2024-T3,AA2024-T3,3163.5597336008746
33.39130572476781,0.6,0.8,14.999999999999998,20.0,260.0,499.99999999999994,AA2024-T3,AA2024-T3,3163.5597336008746
33.43726158623043,0.6,0.9000000000000001,14.999999999999998,20.0,280.0,399.99999999999994,AA2024-T3,AA2024-T3,2871.8178277552815
33.43726158623043,0.6,0.8,14.999999999999998,20.0,280.0,399.99999999999994,AA2024-T3,AA2024-T3,2871.817827755281
33.445047101716945,0.5,0.8,20.0,20.0,120.00000000000001,549.9999999999999,AA2024-T3,AA2024-T3,7160.311372000635
33.445047101716945,0.5,0.8,20.0,20.0,120.00000000000001,599.9999999999999,AA2024-T3,AA2024-T3,7160.311372000635
33.445047101716945,0.5,0.9000000000000001,20.0,20.0,120.00000000000001,549.9999999999999,AA2024-T3,AA2024-T3,7160.311372000635
33.445047101716945,0.5,0.9000000000000001,20.0,20.0,120.00000000000001,599.9999999999999,AA2024-T3,AA2024-T3,7160.311372000635
33.4748413945552,0.6,0.9000000000000001,14.999999999999998,20.0,220.00000000000003,549.9999999999999,AA2024-T3,AA2024-T3,3928.041785431285
33.4748413945552,0.6,0.8,14.999999999999998,20.0,220.00000000000003,549.9999999999999,AA2024-T3,AA2024-T3,3928.041785431285
33.4748413945552,0.6,0.8,14.999999999999998,20.0,220.00000000000003,599.9999999999999,AA2024-T3,AA2024-T3,3928.041785431285
33.4748413945552,0.6,0.9000000000000001,14.999999999999998,20.0,220.00000000000003,599.9999999999999,AA2024-T3,AA2024-T3,3928.041785431285
33.488801483118266,0.6,0.8,10.0,20.0,280.0,300.0,AA2024-T3,AA2024-T3,2638.8349280107323
33.488801483118266,0.6,0.9000000000000001,10.0,20.0,280.0,300.0,AA2024-T3,AA2024-T3,2638.8349280107323
33.50217103403001,0.5,0.8,29.999999999999996,20.0,220.00000000000003,300.0,AA2024-T3,AA2024-T3,3712.675862476178
33.50217103403001,0.5,0.9000000000000001,29.999999999999996,20.0,220.00000000000003,300.0,AA2024-T3,AA2024-T3,3712.675862476178
33.52079725601781,0.6,0.8,14.999999999999998,20.0,240.00000000000003,449.99999999999994,AA2024-T3,AA2024-T3,3499.405038181999
33.52079725601781,0.6,0.8,14.999999999999998,20.0,240.00000000000003,499.99999999999994,AA2024-T3,AA2024-T3,3499.405038181999
33.52079725601781,0.6,0.9000000000000001,14.999999999999998,20.0,240.00000000000003,499.99999999999994,AA2024-T3,AA2024-T3,3499.405038181999
33.52079725601781,0.6,0.9000000000000001,14.999999999999998,20.0,240.00000000000003,449.99999999999994,AA2024-T3,AA2024-T3,3499.405038181999
33.52358927373042,0.6,0.8,10.0,20.0,180.00000000000003,399.99999999999994,AA2024-T3,AA2024-T3,4849.616705449599
33.52358927373042,0.6,0.9000000000000001,10.0,20.0,180.00000000000003,399.99999999999994,AA2024-T3,AA2024-T3,4849.616705449599
33.53137478921695,0.5,0.9000000000000001,29.999999999999996,20.0,180.00000000000003,549.9999999999999,AA2024-T3,AA2024-T3,4767.126588421601
33.53137478921695,0.5,0.8,29.999999999999996,20.0,180.00000000000003,599.9999999999999,AA2024-T3,AA2024-T3,4767.126588421601
33.53137478921695,0.5,0.8,29.999999999999996,20.0,180.00000000000003,549.9999999999999,AA2024-T3,AA2024-T3,4767.126588421601
33.53137478921695,0.5,0.9000000000000001,29.999999999999996,20.0,180.00000000000003,599.9999999999999,AA2024-T3,AA2024-T3,4767.126588421601
33.539750842354785,0.5,0.8,14.999999999999998,20.0,100.0,350.0,AA2024-T3,AA2024-T3,708288.117641893
33.539750842354785,0.5,0.9000000000000001,14.999999999999998,20.0,100.0,350.0,AA2024-T3,AA2024-T3,708288.1176418929
33.55312039326652,0.39999999999999997,0.9000000000000001,24.999999999999996,20.0,100.0,350.0,AA2024-T3,AA2024-T3,6934.087039645217
33.55312039326652,0.39999999999999997,0.8,24.999999999999996,20.0,100.0,350.0,AA2024-T3,AA2024-T3,6934.087039645215
33.55837706434259,0.6,0.8,14.999999999999998,20.0,200.0,700.0,AA2024-T3,AA2024-T3,4486.261833076526
33.55837706434259,0.6,0.9000000000000001,14.999999999999998,20.0,200.0,649.9999999999999,AA2024-T3,AA2024-T3,4486.261833076526
33.55837706434259,0.6,0.8,14.999999999999998,20.0,200.0,749.9999999999999,AA2024-T3,AA2024-T3,4486.261833076526
33.55837706434259,0.6,0.8,14.999999999999998,20.0,200.0,649.9999999999999,AA2024-T3,AA2024-T3,4486.261833076526
33.55837706434259,0.6,0.9000000000000001,14.999999999999998,20.0,200.0,700.0,AA2024-T3,AA2024-T3,3744.006022659579
33.55837706434259,0.6,0.9000000000000001,14.999999999999998,20.0,200.0,749.9999999999999,AA2024-T3,AA2024-T3,4486.261833076526
33.56396109976781,0.6,0.9000000000000001,10.0,20.0,160.00000000000003,499.99999999999994,AA2024-T3,AA2024-T3,5818.440977812785
33.56396109976781,0.6,0.8,10.0,20.0,160.00000000000003,499.99999999999994,AA2024-T3,AA2024-T3,5818.440977812785
33.56396109976781,0.6,0.8,10.0,20.0,160.00000000000003,449.99999999999994,AA2024-T3,AA2024-T3,5818.440977812785
33.56396109976781,0.6,0.9000000000000001,10.0,20.0,160.00000000000003,449.99999999999994,AA2024-T3,AA2024-T3,5818.440977812785
33.56954513519304,0.6,0.8,10.0,20.0,200.0,350.0,AA2024-T3,AA2024-T3,4158.905836046597
33.56954513519304,0.6,0.9000000000000001,10.0,20.0,200.0,350.0,AA2024-T3,AA2024-T3,4158.905836046597
33.59628423701652,0.39999999999999997,0.8,29.999999999999996,20.0,120.00000000000001,350.0,AA2024-T3,AA2024-T3,5966.006149320682
33.59628423701652,0.39999999999999997,0.9000000000000001,29.999999999999996,20.0,120.00000000000001,350.0,AA2024-T3,AA2024-T3,5966.006149320682
33.661456858118264,0.6,0.9000000000000001,10.0,20.0,260.0,300.0,AA2024-T3,AA2024-T3,2910.204607354233
33.661456858118264,0.6,0.8,10.0,20.0,260.0,300.0,AA2024-T3,AA2024-T3,2910.204607354233
33.666450355892174,0.5,0.8,24.999999999999996,20.0,160.00000000000003,399.99999999999994,AA2024-T3,AA2024-T3,5139.26699458575
33.666450355892174,0.5,0.9000000000000001,24.999999999999996,20.0,160.00000000000003,399.99999999999994,AA2024-T3,AA2024-T3,5139.26699458575
33.66924237360478,0.5,0.8,29.999999999999996,20.0,200.0,350.0,AA2024-T3,AA2024-T3,4185.589177890525
33.66924237360478,0.5,0.9000000000000001,29.999999999999996,20.0,200.0,350.0,AA2024-T3,AA2024-T3,4185.589177890525
33.6906606133052,0.6,0.8,20.0,20.0,280.0,599.9999999999999,AA2024-T3,AA2024-T3,3104.9593399031573
33.6906606133052,0.6,0.9000000000000001,20.0,20.0,280.0,549.9999999999999,AA2024-T3,AA2024-T3,3104.9593399031573
33.6906606133052,0.6,0.9000000000000001,20.0,20.0,280.0,599.9999999999999,AA2024-T3,AA2024-T3,3104.9593399031573
33.6906606133052,0.6,0.9000000000000001,10.0,20.0,140.0,599.9999999999999,AA2024-T3,AA2024-T3,7269.977211421569
33.6906606133052,0.6,0.8,10.0,20.0,140.0,549.9999999999999,AA2024-T3,AA2024-T3,7269.977211421569
33.6906606133052,0.6,0.8,20.0,20.0,280.0,549.9999999999999,AA2024-T3,AA2024-T3,3104.9593399031573
33.6906606133052,0.6,0.8,10.0,20.0,140.0,599.9999999999999,AA2024-T3,AA2024-T3,7269.977211421569
33.6906606133052,0.6,0.9000000000000001,10.0,20.0,140.0,549.9999999999999,AA2024-T3,AA2024-T3,7269.977211421569
33.69624464873043,0.6,0.8,14.999999999999998,20.0,260.0,399.99999999999994,AA2024-T3,AA2024-T3,3163.5597336008746
33.69624464873043,0.6,0.9000000000000001,14.999999999999998,20.0,260.0,399.99999999999994,AA2024-T3,AA2024-T3,3163.5597336008746
33.71799025278001,0.5,0.9000000000000001,24.999999999999996,20.0,180.00000000000003,300.0,AA2024-T3,AA2024-T3,4403.528071137497
33.71799025278001,0.5,0.8,24.999999999999996,20.0,180.00000000000003,300.0,AA2024-T3,AA2024-T3,4403.528071137497
33.731032439342584,0.6,0.8,20.0,20.0,260.0,700.0,AA2024-T3,AA2024-T3,3417.2674830278092
33.731032439342584,0.6,0.8,20.0,20.0,260.0,649.9999999999999,AA2024-T3,AA2024-T3,3417.2674830278092
33.731032439342584,0.6,0.9000000000000001,20.0,20.0,260.0,749.9999999999999,AA2024-T3,AA2024-T3,3417.2674830278092
33.731032439342584,0.6,0.8,20.0,20.0,260.0,749.9999999999999,AA2024-T3,AA2024-T3,3417.2674830278092
33.731032439342584,0.6,0.9000000000000001,20.0,20.0,260.0,700.0,AA2024-T3,AA2024-T3,3417.2674830278092
33.731032439342584,0.6,0.9000000000000001,20.0,20.0,260.0,649.9999999999999,AA2024-T3,AA2024-T3,3417.2674830278092
33.74220051019304,0.6,0.8,14.999999999999998,20.0,280.0,350.0,AA2024-T3,AA2024-T3,2871.817827755281
33.74220051019304,0.6,0.9000000000000001,14.999999999999998,20.0,280.0,350.0,AA2024-T3,AA2024-T3,2871.8178277552815
33.747784545618266,0.6,0.9000000000000001,10.0,20.0,240.00000000000003,300.0,AA2024-T3,AA2024-T3,3228.9923372992553
33.747784545618266,0.6,0.8,10.0,20.0,240.00000000000003,300.0,AA2024-T3,AA2024-T3,3228.9923372992553
33.74998602567956,0.5,0.8,20.0,20.0,120.00000000000001,499.99999999999994,AA2024-T3,AA2024-T3,7160.311372000635
33.74998602567956,0.5,0.8,20.0,20.0,120.00000000000001,449.99999999999994,AA2024-T3,AA2024-T3,7160.311372000635
33.74998602567956,0.5,0.9000000000000001,20.0,20.0,120.00000000000001,449.99999999999994,AA2024-T3,AA2024-T3,7160.311372000635
33.74998602567956,0.5,0.9000000000000001,20.0,20.0,120.00000000000001,499.99999999999994,AA2024-T3,AA2024-T3,7160.311372000635
33.77978031851781,0.6,0.9000000000000001,14.999999999999998,20.0,220.00000000000003,499.99999999999994,AA2024-T3,AA2024-T3,3928.041785431285
33.77978031851781,0.6,0.8,14.999999999999998,20.0,220.00000000000003,499.99999999999994,AA2024-T3,AA2024-T3,3928.041785431285
33.77978031851781,0.6,0.9000000000000001,14.999999999999998,20.0,220.00000000000003,449.99999999999994,AA2024-T3,AA2024-T3,3928.041785431285
33.77978031851781,0.6,0.8,14.999999999999998,20.0,220.00000000000003,449.99999999999994,AA2024-T3,AA2024-T3,3928.041785431285
33.825736179980424,0.6,0.9000000000000001,14.999999999999998,20.0,240.00000000000003,399.99999999999994,AA2024-T3,AA2024-T3,3499.405038181999
33.825736179980424,0.6,0.8,14.999999999999998,20.0,240.00000000000003,399.99999999999994,AA2024-T3,AA2024-T3,3499.405038181999
33.82852819769304,0.6,0.9000000000000001,10.0,20.0,180.00000000000003,350.0,AA2024-T3,AA2024-T3,4849.616705449599
33.82852819769304,0.6,0.8,10.0,20.0,180.00000000000003,350.0,AA2024-T3,AA2024-T3,4849.616705449599
33.830729677754334,0.5,0.9000000000000001,24.999999999999996,20.0,140.0,749.9999999999999,AA2024-T3,AA2024-T3,6168.800532716852
33.830729677754334,0.5,0.8,24.999999999999996,20.0,140.0,749.9999999999999,AA2024-T3,AA2024-T3,6168.800532716852
33.830729677754334,0.5,0.8,24.999999999999996,20.0,140.0,700.0,AA2024-T3,AA2024-T3,6168.800532716852
33.830729677754334,0.5,0.8,24.999999999999996,20.0,140.0,649.9999999999999,AA2024-T3,AA2024-T3,6168.800532716852
33.830729677754334,0.5,0.9000000000000001,24.999999999999996,20.0,140.0,649.9999999999999,AA2024-T3,AA2024-T3,6168.800532716852
33.830729677754334,0.5,0.9000000000000001,24.999999999999996,20.0,140.0,700.0,AA2024-T3,AA2024-T3,6168.800532716852
33.83631371317956,0.5,0.9000000000000001,29.999999999999996,20.0,180.00000000000003,499.99999999999994,AA2024-T3,AA2024-T3,4767.126588421601
33.83631371317956,0.5,0.9000000000000001,29.999999999999996,20.0,180.00000000000003,449.99999999999994,AA2024-T3,AA2024-T3,4767.126588421601
33.83631371317956,0.5,0.8,29.999999999999996,20.0,180.00000000000003,499.99999999999994,AA2024-T3,AA2024-T3,4767.126588421601
33.83631371317956,0.5,0.8,29.999999999999996,20.0,180.00000000000003,449.99999999999994,AA2024-T3,AA2024-T3,4767.126588421601
33.863315988305196,0.6,0.9000000000000001,14.999999999999998,20.0,200.0,599.9999999999999,AA2024-T3,AA2024-T3,4486.261833076526
33.863315988305196,0.6,0.9000000000000001,14.999999999999998,20.0,200.0,549.9999999999999,AA2024-T3,AA2024-T3,4486.261833076526
33.863315988305196,0.6,0.8,14.999999999999998,20.0,200.0,549.9999999999999,AA2024-T3,AA2024-T3,4486.261833076526
33.863315988305196,0.6,0.8,14.999999999999998,20.0,200.0,599.9999999999999,AA2024-T3,AA2024-T3,4486.261833076526
33.868900023730426,0.6,0.8,10.0,20.0,160.00000000000003,399.99999999999994,AA2024-T3,AA2024-T3,5818.440977812785
33.868900023730426,0.6,0.9000000000000001,10.0,20.0,160.00000000000003,399.99999999999994,AA2024-T3,AA2024-T3,5818.440977812785
33.90368781434258,0.6,0.9000000000000001,20.0,20.0,240.00000000000003,749.9999999999999,AA2024-T3,AA2024-T3,3769.8754728442195
33.90368781434258,0.6,0.9000000000000001,10.0,20.0,120.00000000000001,749.9999999999999,AA2024-T3,AA2024-T3,848830.4927502698
33.90368781434258,0.6,0.9000000000000001,20.0,20.0,240.00000000000003,700.0,AA2024-T3,AA2024-T3,3769.8754728442195
33.90368781434258,0.6,0.8,10.0,20.0,120.00000000000001,749.9999999999999,AA2024-T3,AA2024-T3,848830.4927502698
33.90368781434258,0.6,0.8,10.0,20.0,120.00000000000001,700.0,AA2024-T3,AA2024-T3,848830.4927502698
33.90368781434258,0.6,0.8,20.0,20.0,240.00000000000003,700.0,AA2024-T3,AA2024-T3,3769.8754728442195
33.90368781434258,0.6,0.8,20.0,20.0,240.00000000000003,749.9999999999999,AA2024-T3,AA2024-T3,3769.8754728442195
33.90368781434258,0.6,0.8,20.0,20.0,240.00000000000003,649.9999999999999,AA2024-T3,AA2024-T3,3769.8754728442195
33.90368781434258,0.6,0.9000000000000001,10.0,20.0,120.00000000000001,700.0,AA2024-T3,AA2024-T3,848830.4927502698
33.90368781434258,0.6,0.9000000000000001,10.0,20.0,120.00000000000001,649.9999999999999,AA2024-T3,AA2024-T3,848830.4927502698
33.90368781434258,0.6,0.9000000000000001,20.0,20.0,240.00000000000003,649.9999999999999,AA2024-T3,AA2024-T3,3769.8754728442195
33.90368781434258,0.6,0.8,10.0,20.0,120.00000000000001,649.9999999999999,AA2024-T3,AA2024-T3,848830.4927502698
33.920439920618264,0.6,0.9000000000000001,10.0,20.0,220.00000000000003,300.0,AA2024-T3,AA2024-T3,3633.498291329137
33.920439920618264,0.6,0.8,10.0,20.0,220.00000000000003,300.0,AA2024-T3,AA2024-T3,3633.498291329137
33.93380947153001,0.5,0.8,20.0,20.0,140.0,300.0,AA2024-T3,AA2024-T3,5699.0667921340955
33.93380947153001,0.5,0.9000000000000001,20.0,20.0,140.0,300.0,AA2024-T3,AA2024-T3,5699.0667921340955
33.946851658092584,0.6,0.8,14.999999999999998,20.0,180.00000000000003,700.0,AA2024-T3,AA2024-T3,5213.068091114459
33.946851658092584,0.6,0.8,14.999999999999998,20.0,180.00000000000003,749.9999999999999,AA2024-T3,AA2024-T3,5213.068091114459
33.946851658092584,0.6,0.9000000000000001,14.999999999999998,20.0,180.00000000000003,749.9999999999999,AA2024-T3,AA2024-T3,5213.068091114459
33.946851658092584,0.6,0.9000000000000001,14.999999999999998,20.0,180.00000000000003,649.9999999999999,AA2024-T3,AA2024-T3,5213.068091114459
33.946851658092584,0.6,0.9000000000000001,14.999999999999998,20.0,180.00000000000003,700.0,AA2024-T3,AA2024-T3,4465.131914692578
33.946851658092584,0.6,0.8,14.999999999999998,20.0,180.00000000000003,649.9999999999999,AA2024-T3,AA2024-T3,5213.068091114459
33.97138927985478,0.5,0.8,24.999999999999996,20.0,160.00000000000003,350.0,AA2024-T3,AA2024-T3,5139.26699458575
33.97138927985478,0.5,0.9000000000000001,24.999999999999996,20.0,160.00000000000003,350.0,AA2024-T3,AA2024-T3,5139.26699458575
33.99559953726781,0.6,0.8,10.0,20.0,140.0,499.99999999999994,AA2024-T3,AA2024-T3,7269.977211421569
33.99559953726781,0.6,0.8,10.0,20.0,140.0,449.99999999999994,AA2024-T3,AA2024-T3,7269.977211421569
33.99559953726781,0.6,0.9000000000000001,10.0,20.0,140.0,499.99999999999994,AA2024-T3,AA2024-T3,7269.977211421569
33.99559953726781,0.6,0.9000000000000001,20.0,20.0,280.0,449.99999999999994,AA2024-T3,AA2024-T3,3104.9593399031573
33.99559953726781,0.6,0.8,20.0,20.0,280.0,449.99999999999994,AA2024-T3,AA2024-T3,3104.9593399031573
33.99559953726781,0.6,0.9000000000000001,20.0,20.0,280.0,499.99999999999994,AA2024-T3,AA2024-T3,3104.9593399031573
33.99559953726781,0.6,0.8,20.0,20.0,280.0,499.99999999999994,AA2024-T3,AA2024-T3,3104.9593399031573
33.99559953726781,0.6,0.9000000000000001,10.0,20.0,140.0,449.99999999999994,AA2024-T3,AA2024-T3,7269.977211421569
34.00118357269304,0.6,0.8,14.999999999999998,20.0,260.0,350.0,AA2024-T3,AA2024-T3,3163.5597336008746
34.00118357269304,0.6,0.9000000000000001,14.999999999999998,20.0,260.0,350.0,AA2024-T3,AA2024-T3,3163.5597336008746
34.035971363305194,0.6,0.9000000000000001,20.0,20.0,260.0,549.9999999999999,AA2024-T3,AA2024-T3,3417.2674830278092
34.035971363305194,0.6,0.8,20.0,20.0,260.0,599.9999999999999,AA2024-T3,AA2024-T3,3417.2674830278092
34.035971363305194,0.6,0.8,20.0,20.0,260.0,549.9999999999999,AA2024-T3,AA2024-T3,3417.2674830278092
34.035971363305194,0.6,0.9000000000000001,20.0,20.0,260.0,599.9999999999999,AA2024-T3,AA2024-T3,3417.2674830278092
34.05492494964217,0.5,0.9000000000000001,20.0,20.0,120.00000000000001,399.99999999999994,AA2024-T3,AA2024-T3,7160.311372000635
34.05492494964217,0.5,0.8,20.0,20.0,120.00000000000001,399.99999999999994,AA2024-T3,AA2024-T3,7160.311372000635
34.084719242480425,0.6,0.9000000000000001,14.999999999999998,20.0,220.00000000000003,399.99999999999994,AA2024-T3,AA2024-T3,3928.041785431285
34.084719242480425,0.6,0.8,14.999999999999998,20.0,220.00000000000003,399.99999999999994,AA2024-T3,AA2024-T3,3928.041785431285
34.130675103943034,0.6,0.9000000000000001,14.999999999999998,20.0,240.00000000000003,350.0,AA2024-T3,AA2024-T3,3499.405038181999
34.130675103943034,0.6,0.8,14.999999999999998,20.0,240.00000000000003,350.0,AA2024-T3,AA2024-T3,3499.405038181999
34.135668601716944,0.5,0.9000000000000001,24.999999999999996,20.0,140.0,599.9999999999999,AA2024-T3,AA2024-T3,6168.800532716852
34.135668601716944,0.5,0.8,24.999999999999996,20.0,140.0,549.9999999999999,AA2024-T3,AA2024-T3,6168.800532716852
34.135668601716944,0.5,0.8,24.999999999999996,20.0,140.0,599.9999999999999,AA2024-T3,AA2024-T3,6168.800532716852
34.135668601716944,0.5,0.9000000000000001,24.999999999999996,20.0,140.0,549.9999999999999,AA2024-T3,AA2024-T3,6168.800532716852
34.14125263714217,0.5,0.8,29.999999999999996,20.0,180.00000000000003,399.99999999999994,AA2024-T3,AA2024-T3,4767.126588421601
34.14125263714217,0.5,0.9000000000000001,29.999999999999996,20.0,180.00000000000003,399.99999999999994,AA2024-T3,AA2024-T3,4767.126588421601
34.14962869028001,0.5,0.8,14.999999999999998,20.0,100.0,300.0,AA2024-T3,AA2024-T3,708288.117641893
34.14962869028001,0.5,0.9000000000000001,14.999999999999998,20.0,100.0,300.0,AA2024-T3,AA2024-T3,708288.1176418929
34.162998241191744,0.39999999999999997,0.8,24.999999999999996,20.0,100.0,300.0,AA2024-T3,AA2024-T3,6934.087039645215
34.162998241191744,0.39999999999999997,0.9000000000000001,24.999999999999996,20.0,100.0,300.0,AA2024-T3,AA2024-T3,6934.087039645217
34.16825491226781,0.6,0.8,14.999999999999998,20.0,200.0,449.99999999999994,AA2024-T3,AA2024-T3,4486.261833076526
34.16825491226781,0.6,0.8,14.999999999999998,20.0,200.0,499.99999999999994,AA2024-T3,AA2024-T3,4486.261833076526
34.16825491226781,0.6,0.9000000000000001,14.999999999999998,20.0,200.0,499.99999999999994,AA2024-T3,AA2024-T3,4486.261833076526
34.16825491226781,0.6,0.9000000000000001,14.999999999999998,20.0,200.0,449.99999999999994,AA2024-T3,AA2024-T3,4486.261833076526
34.173838947693035,0.6,0.9000000000000001,10.0,20.0,160.00000000000003,350.0,AA2024-T3,AA2024-T3,5818.440977812785
34.173838947693035,0.6,0.8,10.0,20.0,160.00000000000003,350.0,AA2024-T3,AA2024-T3,5818.440977812785
34.179422983118265,0.6,0.8,10.0,20.0,200.0,300.0,AA2024-T3,AA2024-T3,4158.905836046597
34.179422983118265,0.6,0.9000000000000001,10.0,20.0,200.0,300.0,AA2024-T3,AA2024-T3,4158.905836046597
34.206162084941745,0.39999999999999997,0.9000000000000001,29.999999999999996,20.0,120.00000000000001,300.0,AA2024-T3,AA2024-T3,5966.006149320682
34.206162084941745,0.39999999999999997,0.8,29.999999999999996,20.0,120.00000000000001,300.0,AA2024-T3,AA2024-T3,5966.006149320682
34.2086267383052,0.6,0.8,20.0,20.0,240.00000000000003,599.9999999999999,AA2024-T3,AA2024-T3,3769.8754728442195
34.2086267383052,0.6,0.9000000000000001,20.0,20.0,240.00000000000003,549.9999999999999,AA2024-T3,AA2024-T3,3769.8754728442195
34.2086267383052,0.6,0.9000000000000001,20.0,20.0,240.00000000000003,599.9999999999999,AA2024-T3,AA2024-T3,3769.8754728442195
34.2086267383052,0.6,0.9000000000000001,10.0,20.0,120.00000000000001,549.9999999999999,AA2024-T3,AA2024-T3,848830.4927502698
34.2086267383052,0.6,0.8,10.0,20.0,120.00000000000001,549.9999999999999,AA2024-T3,AA2024-T3,848830.4927502698
34.2086267383052,0.6,0.8,10.0,20.0,120.00000000000001,599.9999999999999,AA2024-T3,AA2024-T3,848830.4927502698
34.2086267383052,0.6,0.9000000000000001,10.0,20.0,120.00000000000001,599.9999999999999,AA2024-T3,AA2024-T3,848830.4927502698
34.2086267383052,0.6,0.8,20.0,20.0,240.00000000000003,549.9999999999999,AA2024-T3,AA2024-T3,3769.8754728442195
34.248998564342585,0.6,0.9000000000000001,24.999999999999996,20.0,280.0,649.9999999999999,AA2024-T3,AA2024-T3,3338.2471370655003
34.248998564342585,0.6,0.8,24.999999999999996,20.0,280.0,700.0,AA2024-T3,AA2024-T3,3338.2471370655003
34.248998564342585,0.6,0.9000000000000001,20.0,20.0,220.00000000000003,649.9999999999999,AA2024-T3,AA2024-T3,4222.612419142428
34.248998564342585,0.6,0.8,24.999999999999996,20.0,280.0,749.9999999999999,AA2024-T3,AA2024-T3,3338.2471370655003
34.248998564342585,0.6,0.8,24.999999999999996,20.0,280.0,649.9999999999999,AA2024-T3,AA2024-T3,3338.2471370655003
34.248998564342585,0.6,0.9000000000000001,24.999999999999996,20.0,280.0,700.0,AA2024-T3,AA2024-T3,3338.2471370655003
34.248998564342585,0.6,0.8,20.0,20.0,220.00000000000003,649.9999999999999,AA2024-T3,AA2024-T3,4222.612419142428
34.248998564342585,0.6,0.9000000000000001,24.999999999999996,20.0,280.0,749.9999999999999,AA2024-T3,AA2024-T3,3338.2471370655003
34.248998564342585,0.6,0.8,20.0,20.0,220.00000000000003,749.9999999999999,AA2024-T3,AA2024-T3,4222.612419142428
34.248998564342585,0.6,0.8,20.0,20.0,220.00000000000003,700.0,AA2024-T3,AA2024-T3,4222.612419142428
34.248998564342585,0.6,0.9000000000000001,20.0,20.0,220.00000000000003,700.0,AA2024-T3,AA2024-T3,4222.612419142428
34.248998564342585,0.6,0.9000000000000001,20.0,20.0,220.00000000000003,749.9999999999999,AA2024-T3,AA2024-T3,4222.612419142428
34.2517905820552,0.6,0.9000000000000001,14.999999999999998,20.0,180.00000000000003,549.9999999999999,AA2024-T3,AA2024-T3,5213.068091114459
34.2517905820552,0.6,0.9000000000000001,14.999999999999998,20.0,180.00000000000003,599.9999999999999,AA2024-T3,AA2024-T3,5213.068091114459
34.2517905820552,0.6,0.8,14.999999999999998,20.0,180.00000000000003,599.9999999999999,AA2024-T3,AA2024-T3,5213.068091114459
34.2517905820552,0.6,0.8,14.999999999999998,20.0,180.00000000000003,549.9999999999999,AA2024-T3,AA2024-T3,5213.068091114459
34.26236811525433,0.5,0.9000000000000001,29.999999999999996,20.0,160.00000000000003,749.9999999999999,AA2024-T3,AA2024-T3,5549.8136842361055
34.26236811525433,0.5,0.9000000000000001,29.999999999999996,20.0,160.00000000000003,700.0,AA2024-T3,AA2024-T3,5549.8136842361055
34.26236811525433,0.5,0.9000000000000001,29.999999999999996,20.0,160.00000000000003,649.9999999999999,AA2024-T3,AA2024-T3,5549.8136842361055
34.26236811525433,0.5,0.8,29.999999999999996,20.0,160.00000000000003,649.9999999999999,AA2024-T3,AA2024-T3,5549.8136842361055
34.26236811525433,0.5,0.8,29.999999999999996,20.0,160.00000000000003,749.9999999999999,AA2024-T3,AA2024-T3,5549.8136842361055
34.26236811525433,0.5,0.8,29.999999999999996,20.0,160.00000000000003,700.0,AA2024-T3,AA2024-T3,5549.8136842361055
34.27912022153001,0.5,0.8,29.999999999999996,20.0,200.0,300.0,AA2024-T3,AA2024-T3,4185.589177890525
34.27912022153001,0.5,0.9000000000000001,29.999999999999996,20.0,200.0,300.0,AA2024-T3,AA2024-T3,4185.589177890525
34.300538461230424,0.6,0.8,20.0,20.0,280.0,399.99999999999994,AA2024-T3,AA2024-T3,3104.9593399031573
34.300538461230424,0.6,0.9000000000000001,10.0,20.0,140.0,399.99999999999994,AA2024-T3,AA2024-T3,7269.977211421569
34.300538461230424,0.6,0.8,10.0,20.0,140.0,399.99999999999994,AA2024-T3,AA2024-T3,7269.977211421569
34.300538461230424,0.6,0.9000000000000001,20.0,20.0,280.0,399.99999999999994,AA2024-T3,AA2024-T3,3104.9593399031573
34.34091028726781,0.6,0.9000000000000001,20.0,20.0,260.0,449.99999999999994,AA2024-T3,AA2024-T3,3417.2674830278092
34.34091028726781,0.6,0.8,20.0,20.0,260.0,499.99999999999994,AA2024-T3,AA2024-T3,3417.2674830278092
34.34091028726781,0.6,0.8,20.0,20.0,260.0,449.99999999999994,AA2024-T3,AA2024-T3,3417.2674830278092
34.34091028726781,0.6,0.9000000000000001,20.0,20.0,260.0,499.99999999999994,AA2024-T3,AA2024-T3,3417.2674830278092
34.35207835811826,0.6,0.9000000000000001,14.999999999999998,20.0,280.0,300.0,AA2024-T3,AA2024-T3,2871.8178277552815
34.35207835811826,0.6,0.8,14.999999999999998,20.0,280.0,300.0,AA2024-T3,AA2024-T3,2871.817827755281
34.35986387360479,0.5,0.8,20.0,20.0,120.00000000000001,350.0,AA2024-T3,AA2024-T3,7160.311372000635
34.35986387360479,0.5,0.9000000000000001,20.0,20.0,120.00000000000001,350.0,AA2024-T3,AA2024-T3,7160.311372000635
34.389658166443034,0.6,0.9000000000000001,14.999999999999998,20.0,220.00000000000003,350.0,AA2024-T3,AA2024-T3,3928.041785431285
34.389658166443034,0.6,0.8,14.999999999999998,20.0,220.00000000000003,350.0,AA2024-T3,AA2024-T3,3928.041785431285
34.438406045618265,0.6,0.8,10.0,20.0,180.00000000000003,300.0,AA2024-T3,AA2024-T3,4849.616705449599
34.438406045618265,0.6,0.9000000000000001,10.0,20.0,180.00000000000003,300.0,AA2024-T3,AA2024-T3,4849.616705449599
34.44060752567956,0.5,0.9000000000000001,24.999999999999996,20.0,140.0,499.99999999999994,AA2024-T3,AA2024-T3,6168.800532716852
34.44060752567956,0.5,0.8,24.999999999999996,20.0,140.0,499.99999999999994,AA2024-T3,AA2024-T3,6168.800532716852
34.44060752567956,0.5,0.8,24.999999999999996,20.0,140.0,449.99999999999994,AA2024-T3,AA2024-T3,6168.800532716852
34.44060752567956,0.5,0.9000000000000001,24.999999999999996,20.0,140.0,449.99999999999994,AA2024-T3,AA2024-T3,6168.800532716852
34.44619156110478,0.5,0.8,29.999999999999996,20.0,180.00000000000003,350.0,AA2024-T3,AA2024-T3,4767.126588421601
34.44619156110478,0.5,0.9000000000000001,29.999999999999996,20.0,180.00000000000003,350.0,AA2024-T3,AA2024-T3,4767.126588421601
34.464817783092585,0.6,0.9000000000000001,14.999999999999998,20.0,160.00000000000003,700.0,AA2024-T3,AA2024-T3,5539.574207021654
34.464817783092585,0.6,0.8,14.999999999999998,20.0,160.00000000000003,700.0,AA2024-T3,AA2024-T3,6229.088329430349
34.464817783092585,0.6,0.9000000000000001,14.999999999999998,20.0,160.00000000000003,749.9999999999999,AA2024-T3,AA2024-T3,6229.088329430349
34.464817783092585,0.6,0.8,14.999999999999998,20.0,160.00000000000003,649.9999999999999,AA2024-T3,AA2024-T3,6229.088329430349
34.464817783092585,0.6,0.8,14.999999999999998,20.0,160.00000000000003,749.9999999999999,AA2024-T3,AA2024-T3,6229.088329430349
34.464817783092585,0.6,0.9000000000000001,14.999999999999998,20.0,160.00000000000003,649.9999999999999,AA2024-T3,AA2024-T3,6229.088329430349
34.47319383623042,0.6,0.9000000000000001,14.999999999999998,20.0,200.0,399.99999999999994,AA2024-T3,AA2024-T3,4486.261833076526
34.47319383623042,0.6,0.8,14.999999999999998,20.0,200.0,399.99999999999994,AA2024-T3,AA2024-T3,4486.261833076526
34.51356566226781,0.6,0.9000000000000001,10.0,20.0,120.00000000000001,449.99999999999994,AA2024-T3,AA2024-T3,848830.4927502698
34.51356566226781,0.6,0.9000000000000001,10.0,20.0,120.00000000000001,499.99999999999994,AA2024-T3,AA2024-T3,848830.4927502698
34.51356566226781,0.6,0.8,10.0,20.0,120.00000000000001,449.99999999999994,AA2024-T3,AA2024-T3,848830.4927502698
34.51356566226781,0.6,0.8,10.0,20.0,120.00000000000001,499.99999999999994,AA2024-T3,AA2024-T3,848830.4927502698
34.51356566226781,0.6,0.8,20.0,20.0,240.00000000000003,449.99999999999994,AA2024-T3,AA2024-T3,3769.8754728442195
34.51356566226781,0.6,0.9000000000000001,20.0,20.0,240.00000000000003,449.99999999999994,AA2024-T3,AA2024-T3,3769.8754728442195
34.51356566226781,0.6,0.9000000000000001,20.0,20.0,240.00000000000003,499.99999999999994,AA2024-T3,AA2024-T3,3769.8754728442195
34.51356566226781,0.6,0.8,20.0,20.0,240.00000000000003,499.99999999999994,AA2024-T3,AA2024-T3,3769.8754728442195
34.553937488305195,0.6,0.9000000000000001,20.0,20.0,220.00000000000003,599.9999999999999,AA2024-T3,AA2024-T3,4222.612419142428
34.553937488305195,0.6,0.9000000000000001,20.0,20.0,220.00000000000003,549.9999999999999,AA2024-T3,AA2024-T3,4222.612419142428
34.553937488305195,0.6,0.9000000000000001,24.999999999999996,20.0,280.0,599.9999999999999,AA2024-T3,AA2024-T3,3338.2471370655003
34.553937488305195,0.6,0.8,24.999999999999996,20.0,280.0,599.9999999999999,AA2024-T3,AA2024-T3,3338.2471370655003
34.553937488305195,0.6,0.8,24.999999999999996,20.0,280.0,549.9999999999999,AA2024-T3,AA2024-T3,3338.2471370655003
34.553937488305195,0.6,0.8,20.0,20.0,220.00000000000003,549.9999999999999,AA2024-T3,AA2024-T3,4222.612419142428
34.553937488305195,0.6,0.8,20.0,20.0,220.00000000000003,599.9999999999999,AA2024-T3,AA2024-T3,4222.612419142428
34.553937488305195,0.6,0.9000000000000001,24.999999999999996,20.0,280.0,549.9999999999999,AA2024-T3,AA2024-T3,3338.2471370655003
34.55672950601781,0.6,0.9000000000000001,14.999999999999998,20.0,180.00000000000003,449.99999999999994,AA2024-T3,AA2024-T3,5213.068091114459
34.55672950601781,0.6,0.9000000000000001,14.999999999999998,20.0,180.00000000000003,499.99999999999994,AA2024-T3,AA2024-T3,5213.068091114459
34.55672950601781,0.6,0.8,14.999999999999998,20.0,180.00000000000003,499.99999999999994,AA2024-T3,AA2024-T3,5213.068091114459
34.55672950601781,0.6,0.8,14.999999999999998,20.0,180.00000000000003,449.99999999999994,AA2024-T3,AA2024-T3,5213.068091114459
34.56730703921694,0.5,0.8,29.999999999999996,20.0,160.00000000000003,549.9999999999999,AA2024-T3,AA2024-T3,5549.8136842361055
34.56730703921694,0.5,0.9000000000000001,29.999999999999996,20.0,160.00000000000003,549.9999999999999,AA2024-T3,AA2024-T3,5549.8136842361055
34.56730703921694,0.5,0.9000000000000001,29.999999999999996,20.0,160.00000000000003,599.9999999999999,AA2024-T3,AA2024-T3,5549.8136842361055
34.56730703921694,0.5,0.8,29.999999999999996,20.0,160.00000000000003,599.9999999999999,AA2024-T3,AA2024-T3,5549.8136842361055
34.58126712778001,0.5,0.9000000000000001,24.999999999999996,20.0,160.00000000000003,300.0,AA2024-T3,AA2024-T3,5139.26699458575
34.58126712778001,0.5,0.8,24.999999999999996,20.0,160.00000000000003,300.0,AA2024-T3,AA2024-T3,5139.26699458575
34.60547738519304,0.6,0.8,20.0,20.0,280.0,350.0,AA2024-T3,AA2024-T3,3104.9593399031573
34.60547738519304,0.6,0.9000000000000001,20.0,20.0,280.0,350.0,AA2024-T3,AA2024-T3,3104.9593399031573
34.60547738519304,0.6,0.9000000000000001,10.0,20.0,140.0,350.0,AA2024-T3,AA2024-T3,7269.977211421569
34.60547738519304,0.6,0.8,10.0,20.0,140.0,350.0,AA2024-T3,AA2024-T3,7269.977211421569
34.61106142061826,0.6,0.8,14.999999999999998,20.0,260.0,300.0,AA2024-T3,AA2024-T3,3163.5597336008746
34.61106142061826,0.6,0.9000000000000001,14.999999999999998,20.0,260.0,300.0,AA2024-T3,AA2024-T3,3163.5597336008746
34.64584921123043,0.6,0.9000000000000001,20.0,20.0,260.0,399.99999999999994,AA2024-T3,AA2024-T3,3417.2674830278092
34.64584921123043,0.6,0.8,20.0,20.0,260.0,399.99999999999994,AA2024-T3,AA2024-T3,3417.2674830278092
34.680637001842584,0.6,0.8,24.999999999999996,20.0,260.0,700.0,AA2024-T3,AA2024-T3,3671.298632719542
34.680637001842584,0.6,0.8,24.999999999999996,20.0,260.0,749.9999999999999,AA2024-T3,AA2024-T3,3671.298632719542
34.680637001842584,0.6,0.9000000000000001,24.999999999999996,20.0,260.0,649.9999999999999,AA2024-T3,AA2024-T3,3671.298632719543
34.680637001842584,0.6,0.8,24.999999999999996,20.0,260.0,649.9999999999999,AA2024-T3,AA2024-T3,3671.298632719542
34.680637001842584,0.6,0.9000000000000001,24.999999999999996,20.0,260.0,749.9999999999999,AA2024-T3,AA2024-T3,3671.298632719543
34.680637001842584,0.6,0.9000000000000001,10.0,20.0,100.0,749.9999999999999,AA2024-T3,AA2024-T3,613774.1607781553
34.680637001842584,0.6,0.9000000000000001,24.999999999999996,20.0,260.0,700.0,AA2024-T3,AA2024-T3,3671.298632719543
34.680637001842584,0.6,0.8,10.0,20.0,100.0,749.9999999999999,AA2024-T3,AA2024-T3,613774.1607781553
34.680637001842584,0.6,0.9000000000000001,10.0,20.0,100.0,649.9999999999999,AA2024-T3,AA2024-T3,613774.1607781553
34.680637001842584,0.6,0.9000000000000001,10.0,20.0,100.0,700.0,AA2024-T3,AA2024-T3,613774.1607781553
34.680637001842584,0.6,0.8,10.0,20.0,100.0,700.0,AA2024-T3,AA2024-T3,613774.1607781553
34.680637001842584,0.6,0.8,10.0,20.0,100.0,649.9999999999999,AA2024-T3,AA2024-T3,613774.1607781553
34.69400655275433,0.5,0.9000000000000001,20.0,20.0,100.0,749.9999999999999,AA2024-T3,AA2024-T3,709045.551968786
34.69400655275433,0.5,0.9000000000000001,20.0,20.0,100.0,649.9999999999999,AA2024-T3,AA2024-T3,709045.551968786
34.69400655275433,0.5,0.8,20.0,20.0,100.0,700.0,AA2024-T3,AA2024-T3,709045.551968786
34.69400655275433,0.5,0.9000000000000001,20.0,20.0,100.0,700.0,AA2024-T3,AA2024-T3,709045.551968786
34.69400655275433,0.5,0.8,20.0,20.0,100.0,749.9999999999999,AA2024-T3,AA2024-T3,709045.551968786
34.69400655275433,0.5,0.8,20.0,20.0,100.0,649.9999999999999,AA2024-T3,AA2024-T3,709045.551968786
34.707376103666064,0.39999999999999997,0.8,29.999999999999996,20.0,100.0,700.0,AA2024-T3,AA2024-T3,7582.818300706976
34.707376103666064,0.39999999999999997,0.8,29.999999999999996,20.0,100.0,649.9999999999999,AA2024-T3,AA2024-T3,7582.818300706976
34.707376103666064,0.39999999999999997,0.9000000000000001,29.999999999999996,20.0,100.0,700.0,AA2024-T3,AA2024-T3,7582.818300706976
34.707376103666064,0.39999999999999997,0.9000000000000001,29.999999999999996,20.0,100.0,749.9999999999999,AA2024-T3,AA2024-T3,7582.818300706976
34.707376103666064,0.39999999999999997,0.9000000000000001,29.999999999999996,20.0,100.0,649.9999999999999,AA2024-T3,AA2024-T3,7582.818300706976
34.707376103666064,0.39999999999999997,0.8,29.999999999999996,20.0,100.0,749.9999999999999,AA2024-T3,AA2024-T3,7582.818300706976
34.74055295186826,0.6,0.8,14.999999999999998,20.0,240.00000000000003,300.0,AA2024-T3,AA2024-T3,3499.405038181999
34.74055295186826,0.6,0.9000000000000001,14.999999999999998,20.0,240.00000000000003,300.0,AA2024-T3,AA2024-T3,3499.405038181999
34.74554644964217,0.5,0.8,24.999999999999996,20.0,140.0,399.99999999999994,AA2024-T3,AA2024-T3,6168.800532716852
34.74554644964217,0.5,0.9000000000000001,24.999999999999996,20.0,140.0,399.99999999999994,AA2024-T3,AA2024-T3,6168.800532716852
34.766964689342586,0.6,0.8,20.0,20.0,200.0,749.9999999999999,AA2024-T3,AA2024-T3,4813.831740182741
34.766964689342586,0.6,0.8,20.0,20.0,200.0,700.0,AA2024-T3,AA2024-T3,4813.831740182741
34.766964689342586,0.6,0.9000000000000001,20.0,20.0,200.0,700.0,AA2024-T3,AA2024-T3,4813.831740182741
34.766964689342586,0.6,0.9000000000000001,20.0,20.0,200.0,649.9999999999999,AA2024-T3,AA2024-T3,4813.831740182741
34.766964689342586,0.6,0.9000000000000001,20.0,20.0,200.0,749.9999999999999,AA2024-T3,AA2024-T3,4813.831740182741
34.766964689342586,0.6,0.8,20.0,20.0,200.0,649.9999999999999,AA2024-T3,AA2024-T3,4813.831740182741
34.769756707055194,0.6,0.8,14.999999999999998,20.0,160.00000000000003,599.9999999999999,AA2024-T3,AA2024-T3,6229.088329430349
34.769756707055194,0.6,0.8,14.999999999999998,20.0,160.00000000000003,549.9999999999999,AA2024-T3,AA2024-T3,6229.088329430349
34.769756707055194,0.6,0.9000000000000001,14.999999999999998,20.0,160.00000000000003,549.9999999999999,AA2024-T3,AA2024-T3,6229.088329430349
34.769756707055194,0.6,0.9000000000000001,14.999999999999998,20.0,160.00000000000003,599.9999999999999,AA2024-T3,AA2024-T3,6229.088329430349
34.77813276019304,0.6,0.8,14.999999999999998,20.0,200.0,350.0,AA2024-T3,AA2024-T3,4486.261833076526
34.77813276019304,0.6,0.9000000000000001,14.999999999999998,20.0,200.0,350.0,AA2024-T3,AA2024-T3,4486.261833076526
34.78371679561826,0.6,0.8,10.0,20.0,160.00000000000003,300.0,AA2024-T3,AA2024-T3,5818.440977812785
34.78371679561826,0.6,0.9000000000000001,10.0,20.0,160.00000000000003,300.0,AA2024-T3,AA2024-T3,5818.440977812785
34.818504586230425,0.6,0.9000000000000001,10.0,20.0,120.00000000000001,399.99999999999994,AA2024-T3,AA2024-T3,848830.4927502698
34.818504586230425,0.6,0.9000000000000001,20.0,20.0,240.00000000000003,399.99999999999994,AA2024-T3,AA2024-T3,3769.8754728442195
34.818504586230425,0.6,0.8,10.0,20.0,120.00000000000001,399.99999999999994,AA2024-T3,AA2024-T3,848830.4927502698
34.818504586230425,0.6,0.8,20.0,20.0,240.00000000000003,399.99999999999994,AA2024-T3,AA2024-T3,3769.8754728442195
34.85887641226781,0.6,0.9000000000000001,24.999999999999996,20.0,280.0,449.99999999999994,AA2024-T3,AA2024-T3,3338.2471370655003
34.85887641226781,0.6,0.8,20.0,20.0,220.00000000000003,449.99999999999994,AA2024-T3,AA2024-T3,4222.612419142428
34.85887641226781,0.6,0.8,20.0,20.0,220.00000000000003,499.99999999999994,AA2024-T3,AA2024-T3,4222.612419142428
34.85887641226781,0.6,0.9000000000000001,24.999999999999996,20.0,280.0,499.99999999999994,AA2024-T3,AA2024-T3,3338.2471370655003
34.85887641226781,0.6,0.8,24.999999999999996,20.0,280.0,499.99999999999994,AA2024-T3,AA2024-T3,3338.2471370655003
34.85887641226781,0.6,0.8,24.999999999999996,20.0,280.0,449.99999999999994,AA2024-T3,AA2024-T3,3338.2471370655003
34.85887641226781,0.6,0.9000000000000001,20.0,20.0,220.00000000000003,449.99999999999994,AA2024-T3,AA2024-T3,4222.612419142428
34.85887641226781,0.6,0.9000000000000001,20.0,20.0,220.00000000000003,499.99999999999994,AA2024-T3,AA2024-T3,4222.612419142428
34.861668429980426,0.6,0.8,14.999999999999998,20.0,180.00000000000003,399.99999999999994,AA2024-T3,AA2024-T3,5213.068091114459
34.861668429980426,0.6,0.9000000000000001,14.999999999999998,20.0,180.00000000000003,399.99999999999994,AA2024-T3,AA2024-T3,5213.068091114459
34.87224596317956,0.5,0.9000000000000001,29.999999999999996,20.0,160.00000000000003,449.99999999999994,AA2024-T3,AA2024-T3,5549.8136842361055
34.87224596317956,0.5,0.8,29.999999999999996,20.0,160.00000000000003,499.99999999999994,AA2024-T3,AA2024-T3,5549.8136842361055
34.87224596317956,0.5,0.8,29.999999999999996,20.0,160.00000000000003,449.99999999999994,AA2024-T3,AA2024-T3,5549.8136842361055
34.87224596317956,0.5,0.9000000000000001,29.999999999999996,20.0,160.00000000000003,499.99999999999994,AA2024-T3,AA2024-T3,5549.8136842361055
34.89645622059258,0.6,0.8,24.999999999999996,20.0,240.00000000000003,749.9999999999999,AA2024-T3,AA2024-T3,4040.398516985963
34.89645622059258,0.6,0.8,24.999999999999996,20.0,240.00000000000003,700.0,AA2024-T3,AA2024-T3,4040.398516985963
34.89645622059258,0.6,0.8,24.999999999999996,20.0,240.00000000000003,649.9999999999999,AA2024-T3,AA2024-T3,4040.398516985963
34.89645622059258,0.6,0.9000000000000001,24.999999999999996,20.0,240.00000000000003,749.9999999999999,AA2024-T3,AA2024-T3,4040.398516985963
34.89645622059258,0.6,0.9000000000000001,24.999999999999996,20.0,240.00000000000003,649.9999999999999,AA2024-T3,AA2024-T3,4040.398516985963
34.89645622059258,0.6,0.9000000000000001,24.999999999999996,20.0,240.00000000000003,700.0,AA2024-T3,AA2024-T3,4040.398516985963
34.95078813519304,0.6,0.8,20.0,20.0,260.0,350.0,AA2024-T3,AA2024-T3,3417.2674830278092
34.95078813519304,0.6,0.9000000000000001,20.0,20.0,260.0,350.0,AA2024-T3,AA2024-T3,3417.2674830278092
34.96974172153001,0.5,0.8,20.0,20.0,120.00000000000001,300.0,AA2024-T3,AA2024-T3,7160.311372000635
34.96974172153001,0.5,0.9000000000000001,20.0,20.0,120.00000000000001,300.0,AA2024-T3,AA2024-T3,7160.311372000635
34.98557592580519,0.6,0.9000000000000001,24.999999999999996,20.0,260.0,599.9999999999999,AA2024-T3,AA2024-T3,3671.298632719543
34.98557592580519,0.6,0.8,10.0,20.0,100.0,599.9999999999999,AA2024-T3,AA2024-T3,613774.1607781553
34.98557592580519,0.6,0.8,10.0,20.0,100.0,549.9999999999999,AA2024-T3,AA2024-T3,613774.1607781553
34.98557592580519,0.6,0.9000000000000001,24.999999999999996,20.0,260.0,549.9999999999999,AA2024-T3,AA2024-T3,3671.298632719543
34.98557592580519,0.6,0.9000000000000001,10.0,20.0,100.0,549.9999999999999,AA2024-T3,AA2024-T3,613774.1607781553
34.98557592580519,0.6,0.9000000000000001,10.0,20.0,100.0,599.9999999999999,AA2024-T3,AA2024-T3,613774.1607781553
34.98557592580519,0.6,0.8,24.999999999999996,20.0,260.0,599.9999999999999,AA2024-T3,AA2024-T3,3671.298632719542
34.98557592580519,0.6,0.8,24.999999999999996,20.0,260.0,549.9999999999999,AA2024-T3,AA2024-T3,3671.298632719542
34.99894547671694,0.5,0.9000000000000001,20.0,20.0,100.0,599.9999999999999,AA2024-T3,AA2024-T3,709045.551968786
34.99894547671694,0.5,0.8,20.0,20.0,100.0,549.9999999999999,AA2024-T3,AA2024-T3,709045.551968786
34.99894547671694,0.5,0.8,20.0,20.0,100.0,599.9999999999999,AA2024-T3,AA2024-T3,709045.551968786
34.99894547671694,0.5,0.9000000000000001,20.0,20.0,100.0,549.9999999999999,AA2024-T3,AA2024-T3,709045.551968786
34.99953601436826,0.6,0.8,14.999999999999998,20.0,220.00000000000003,300.0,AA2024-T3,AA2024-T3,3928.041785431285
34.99953601436826,0.6,0.9000000000000001,14.999999999999998,20.0,220.00000000000003,300.0,AA2024-T3,AA2024-T3,3928.041785431285
35.01231502762868,0.39999999999999997,0.9000000000000001,29.999999999999996,20.0,100.0,599.9999999999999,AA2024-T3,AA2024-T3,7582.818300706976
35.01231502762868,0.39999999999999997,0.8,29.999999999999996,20.0,100.0,599.9999999999999,AA2024-T3,AA2024-T3,7582.818300706976
35.01231502762868,0.39999999999999997,0.8,29.999999999999996,20.0,100.0,549.9999999999999,AA2024-T3,AA2024-T3,7582.818300706976
35.01231502762868,0.39999999999999997,0.9000000000000001,29.999999999999996,20.0,100.0,549.9999999999999,AA2024-T3,AA2024-T3,7582.818300706976
35.050485373604786,0.5,0.9000000000000001,24.999999999999996,20.0,140.0,350.0,AA2024-T3,AA2024-T3,6168.800532716852
35.050485373604786,0.5,0.8,24.999999999999996,20.0,140.0,350.0,AA2024-T3,AA2024-T3,6168.800532716852
35.05606940903001,0.5,0.9000000000000001,29.999999999999996,20.0,180.00000000000003,300.0,AA2024-T3,AA2024-T3,4767.126588421601
35.05606940903001,0.5,0.8,29.999999999999996,20.0,180.00000000000003,300.0,AA2024-T3,AA2024-T3,4767.126588421601
35.071903613305196,0.6,0.8,20.0,20.0,200.0,599.9999999999999,AA2024-T3,AA2024-T3,4813.831740182741
35.071903613305196,0.6,0.8,20.0,20.0,200.0,549.9999999999999,AA2024-T3,AA2024-T3,4813.831740182741
35.071903613305196,0.6,0.9000000000000001,20.0,20.0,200.0,599.9999999999999,AA2024-T3,AA2024-T3,4813.831740182741
35.071903613305196,0.6,0.9000000000000001,20.0,20.0,200.0,549.9999999999999,AA2024-T3,AA2024-T3,4813.831740182741
35.07469563101781,0.6,0.8,14.999999999999998,20.0,160.00000000000003,449.99999999999994,AA2024-T3,AA2024-T3,6229.088329430349
35.07469563101781,0.6,0.8,14.999999999999998,20.0,160.00000000000003,499.99999999999994,AA2024-T3,AA2024-T3,6229.088329430349
35.07469563101781,0.6,0.9000000000000001,14.999999999999998,20.0,160.00000000000003,499.99999999999994,AA2024-T3,AA2024-T3,6229.088329430349
35.07469563101781,0.6,0.9000000000000001,14.999999999999998,20.0,160.00000000000003,449.99999999999994,AA2024-T3,AA2024-T3,6229.088329430349
35.11227543934258,0.6,0.8,29.999999999999996,20.0,280.0,649.9999999999999,AA2024-T3,AA2024-T3,3571.6701370442456
35.11227543934258,0.6,0.8,29.999999999999996,20.0,280.0,749.9999999999999,AA2024-T3,AA2024-T3,3571.6701370442456
35.11227543934258,0.6,0.9000000000000001,29.999999999999996,20.0,280.0,749.9999999999999,AA2024-T3,AA2024-T3,3571.6701370442456
35.11227543934258,0.6,0.9000000000000001,29.999999999999996,20.0,280.0,649.9999999999999,AA2024-T3,AA2024-T3,3571.6701370442456
35.11227543934258,0.6,0.9000000000000001,29.999999999999996,20.0,280.0,700.0,AA2024-T3,AA2024-T3,3571.6701370442456
35.11227543934258,0.6,0.8,14.999999999999998,20.0,140.0,700.0,AA2024-T3,AA2024-T3,7740.637364590516
35.11227543934258,0.6,0.9000000000000001,14.999999999999998,20.0,140.0,700.0,AA2024-T3,AA2024-T3,750399.3221394806
35.11227543934258,0.6,0.9000000000000001,14.999999999999998,20.0,140.0,749.9999999999999,AA2024-T3,AA2024-T3,7740.637364590516
35.11227543934258,0.6,0.8,14.999999999999998,20.0,140.0,649.9999999999999,AA2024-T3,AA2024-T3,7740.637364590516
35.11227543934258,0.6,0.9000000000000001,14.999999999999998,20.0,140.0,649.9999999999999,AA2024-T3,AA2024-T3,7740.637364590516
35.11227543934258,0.6,0.8,14.999999999999998,20.0,140.0,749.9999999999999,AA2024-T3,AA2024-T3,7740.637364590516
35.11227543934258,0.6,0.8,29.999999999999996,20.0,280.0,700.0,AA2024-T3,AA2024-T3,3571.6701370442456
35.123443510193034,0.6,0.9000000000000001,20.0,20.0,240.00000000000003,350.0,AA2024-T3,AA2024-T3,3769.8754728442195
35.123443510193034,0.6,0.8,10.0,20.0,120.00000000000001,350.0,AA2024-T3,AA2024-T3,848830.4927502698
35.123443510193034,0.6,0.9000000000000001,10.0,20.0,120.00000000000001,350.0,AA2024-T3,AA2024-T3,848830.4927502698
35.123443510193034,0.6,0.8,20.0,20.0,240.00000000000003,350.0,AA2024-T3,AA2024-T3,3769.8754728442195
35.12564499025433,0.5,0.9000000000000001,24.999999999999996,20.0,120.00000000000001,749.9999999999999,AA2024-T3,AA2024-T3,7702.636767185941
35.12564499025433,0.5,0.9000000000000001,24.999999999999996,20.0,120.00000000000001,700.0,AA2024-T3,AA2024-T3,7702.636767185941
35.12564499025433,0.5,0.9000000000000001,24.999999999999996,20.0,120.00000000000001,649.9999999999999,AA2024-T3,AA2024-T3,7702.636767185941
35.12564499025433,0.5,0.8,24.999999999999996,20.0,120.00000000000001,649.9999999999999,AA2024-T3,AA2024-T3,7702.636767185941
35.12564499025433,0.5,0.8,24.999999999999996,20.0,120.00000000000001,700.0,AA2024-T3,AA2024-T3,7702.636767185941
35.12564499025433,0.5,0.8,24.999999999999996,20.0,120.00000000000001,749.9999999999999,AA2024-T3,AA2024-T3,7702.636767185941
35.16381533623042,0.6,0.9000000000000001,20.0,20.0,220.00000000000003,399.99999999999994,AA2024-T3,AA2024-T3,4222.612419142428
35.16381533623042,0.6,0.8,24.999999999999996,20.0,280.0,399.99999999999994,AA2024-T3,AA2024-T3,3338.2471370655003
35.16381533623042,0.6,0.9000000000000001,24.999999999999996,20.0,280.0,399.99999999999994,AA2024-T3,AA2024-T3,3338.2471370655003
35.16381533623042,0.6,0.8,20.0,20.0,220.00000000000003,399.99999999999994,AA2024-T3,AA2024-T3,4222.612419142428
35.166607353943036,0.6,0.9000000000000001,14.999999999999998,20.0,180.00000000000003,350.0,AA2024-T3,AA2024-T3,5213.068091114459
35.166607353943036,0.6,0.8,14.999999999999998,20.0,180.00000000000003,350.0,AA2024-T3,AA2024-T3,5213.068091114459
35.177184887142175,0.5,0.8,29.999999999999996,20.0,160.00000000000003,399.99999999999994,AA2024-T3,AA2024-T3,5549.8136842361055
35.177184887142175,0.5,0.9000000000000001,29.999999999999996,20.0,160.00000000000003,399.99999999999994,AA2024-T3,AA2024-T3,5549.8136842361055
35.2013951445552,0.6,0.9000000000000001,24.999999999999996,20.0,240.00000000000003,549.9999999999999,AA2024-T3,AA2024-T3,4040.398516985963
35.2013951445552,0.6,0.9000000000000001,24.999999999999996,20.0,240.00000000000003,599.9999999999999,AA2024-T3,AA2024-T3,4040.398516985963
35.2013951445552,0.6,0.8,24.999999999999996,20.0,240.00000000000003,599.9999999999999,AA2024-T3,AA2024-T3,4040.398516985963
35.2013951445552,0.6,0.8,24.999999999999996,20.0,240.00000000000003,549.9999999999999,AA2024-T3,AA2024-T3,4040.398516985963
35.21535523311826,0.6,0.9000000000000001,20.0,20.0,280.0,300.0,AA2024-T3,AA2024-T3,3104.9593399031573
35.21535523311826,0.6,0.8,10.0,20.0,140.0,300.0,AA2024-T3,AA2024-T3,7269.977211421569
35.21535523311826,0.6,0.8,20.0,20.0,280.0,300.0,AA2024-T3,AA2024-T3,3104.9593399031573
35.21535523311826,0.6,0.9000000000000001,10.0,20.0,140.0,300.0,AA2024-T3,AA2024-T3,7269.977211421569
35.28493081434259,0.6,0.8,20.0,20.0,180.00000000000003,649.9999999999999,AA2024-T3,AA2024-T3,5576.69870133964
35.28493081434259,0.6,0.8,20.0,20.0,180.00000000000003,749.9999999999999,AA2024-T3,AA2024-T3,5576.69870133964
35.28493081434259,0.6,0.8,20.0,20.0,180.00000000000003,700.0,AA2024-T3,AA2024-T3,5576.69870133964
35.28493081434259,0.6,0.9000000000000001,20.0,20.0,180.00000000000003,700.0,AA2024-T3,AA2024-T3,5576.69870133964
35.28493081434259,0.6,0.9000000000000001,20.0,20.0,180.00000000000003,649.9999999999999,AA2024-T3,AA2024-T3,5576.69870133964
35.28493081434259,0.6,0.9000000000000001,20.0,20.0,180.00000000000003,749.9999999999999,AA2024-T3,AA2024-T3,5576.69870133964
35.29051484976781,0.6,0.9000000000000001,24.999999999999996,20.0,260.0,499.99999999999994,AA2024-T3,AA2024-T3,3671.298632719543
35.29051484976781,0.6,0.9000000000000001,24.999999999999996,20.0,260.0,449.99999999999994,AA2024-T3,AA2024-T3,3671.298632719543
35.29051484976781,0.6,0.8,10.0,20.0,100.0,449.99999999999994,AA2024-T3,AA2024-T3,613774.1607781553
35.29051484976781,0.6,0.8,10.0,20.0,100.0,499.99999999999994,AA2024-T3,AA2024-T3,613774.1607781553
35.29051484976781,0.6,0.8,24.999999999999996,20.0,260.0,499.99999999999994,AA2024-T3,AA2024-T3,3671.298632719542
35.29051484976781,0.6,0.9000000000000001,10.0,20.0,100.0,499.99999999999994,AA2024-T3,AA2024-T3,613774.1607781553
35.29051484976781,0.6,0.8,24.999999999999996,20.0,260.0,449.99999999999994,AA2024-T3,AA2024-T3,3671.298632719542
35.29051484976781,0.6,0.9000000000000001,10.0,20.0,100.0,449.99999999999994,AA2024-T3,AA2024-T3,613774.1607781553
35.30388440067956,0.5,0.8,20.0,20.0,100.0,499.99999999999994,AA2024-T3,AA2024-T3,709045.551968786
35.30388440067956,0.5,0.9000000000000001,20.0,20.0,100.0,499.99999999999994,AA2024-T3,AA2024-T3,709045.551968786
35.30388440067956,0.5,0.9000000000000001,20.0,20.0,100.0,449.99999999999994,AA2024-T3,AA2024-T3,709045.551968786
35.30388440067956,0.5,0.8,20.0,20.0,100.0,449.99999999999994,AA2024-T3,AA2024-T3,709045.551968786
35.3172539515913,0.39999999999999997,0.8,29.999999999999996,20.0,100.0,499.99999999999994,AA2024-T3,AA2024-T3,7582.818300706976
35.3172539515913,0.39999999999999997,0.8,29.999999999999996,20.0,100.0,449.99999999999994,AA2024-T3,AA2024-T3,7582.818300706976
35.3172539515913,0.39999999999999997,0.9000000000000001,29.999999999999996,20.0,100.0,499.99999999999994,AA2024-T3,AA2024-T3,7582.818300706976
35.3172539515913,0.39999999999999997,0.9000000000000001,29.999999999999996,20.0,100.0,449.99999999999994,AA2024-T3,AA2024-T3,7582.818300706976
35.32809465809258,0.6,0.8,24.999999999999996,20.0,220.00000000000003,700.0,AA2024-T3,AA2024-T3,4517.20759950629
35.32809465809258,0.6,0.9000000000000001,24.999999999999996,20.0,220.00000000000003,649.9999999999999,AA2024-T3,AA2024-T3,4517.2075995062905
35.32809465809258,0.6,0.9000000000000001,24.999999999999996,20.0,220.00000000000003,700.0,AA2024-T3,AA2024-T3,4517.2075995062905
35.32809465809258,0.6,0.9000000000000001,24.999999999999996,20.0,220.00000000000003,749.9999999999999,AA2024-T3,AA2024-T3,4517.2075995062905
35.32809465809258,0.6,0.8,24.999999999999996,20.0,220.00000000000003,649.9999999999999,AA2024-T3,AA2024-T3,4517.20759950629
35.32809465809258,0.6,0.8,24.999999999999996,20.0,220.00000000000003,749.9999999999999,AA2024-T3,AA2024-T3,4517.20759950629
35.37684253726781,0.6,0.8,20.0,20.0,200.0,499.99999999999994,AA2024-T3,AA2024-T3,4813.831740182741
35.37684253726781,0.6,0.9000000000000001,20.0,20.0,200.0,499.99999999999994,AA2024-T3,AA2024-T3,4813.831740182741
35.37684253726781,0.6,0.9000000000000001,20.0,20.0,200.0,449.99999999999994,AA2024-T3,AA2024-T3,4813.831740182741
35.37684253726781,0.6,0.8,20.0,20.0,200.0,449.99999999999994,AA2024-T3,AA2024-T3,4813.831740182741
35.37963455498043,0.6,0.9000000000000001,14.999999999999998,20.0,160.00000000000003,399.99999999999994,AA2024-T3,AA2024-T3,6229.088329430349
35.37963455498043,0.6,0.8,14.999999999999998,20.0,160.00000000000003,399.99999999999994,AA2024-T3,AA2024-T3,6229.088329430349
35.388010608118265,0.6,0.8,14.999999999999998,20.0,200.0,300.0,AA2024-T3,AA2024-T3,4486.261833076526
35.388010608118265,0.6,0.9000000000000001,14.999999999999998,20.0,200.0,300.0,AA2024-T3,AA2024-T3,4486.261833076526
35.4172143633052,0.6,0.8,14.999999999999998,20.0,140.0,549.9999999999999,AA2024-T3,AA2024-T3,7740.637364590516
35.4172143633052,0.6,0.8,14.999999999999998,20.0,140.0,599.9999999999999,AA2024-T3,AA2024-T3,7740.637364590516
35.4172143633052,0.6,0.9000000000000001,14.999999999999998,20.0,140.0,599.9999999999999,AA2024-T3,AA2024-T3,7740.637364590516
35.4172143633052,0.6,0.9000000000000001,14.999999999999998,20.0,140.0,549.9999999999999,AA2024-T3,AA2024-T3,7740.637364590516
35.4172143633052,0.6,0.9000000000000001,29.999999999999996,20.0,280.0,549.9999999999999,AA2024-T3,AA2024-T3,3571.6701370442456
35.4172143633052,0.6,0.8,29.999999999999996,20.0,280.0,549.9999999999999,AA2024-T3,AA2024-T3,3571.6701370442456
35.4172143633052,0.6,0.8,29.999999999999996,20.0,280.0,599.9999999999999,AA2024-T3,AA2024-T3,3571.6701370442456
35.4172143633052,0.6,0.9000000000000001,29.999999999999996,20.0,280.0,599.9999999999999,AA2024-T3,AA2024-T3,3571.6701370442456
35.430583914216946,0.5,0.8,24.999999999999996,20.0,120.00000000000001,599.9999999999999,AA2024-T3,AA2024-T3,7702.636767185941
35.430583914216946,0.5,0.8,24.999999999999996,20.0,120.00000000000001,549.9999999999999,AA2024-T3,AA2024-T3,7702.636767185941
35.430583914216946,0.5,0.9000000000000001,24.999999999999996,20.0,120.00000000000001,549.9999999999999,AA2024-T3,AA2024-T3,7702.636767185941
35.430583914216946,0.5,0.9000000000000001,24.999999999999996,20.0,120.00000000000001,599.9999999999999,AA2024-T3,AA2024-T3,7702.636767185941
35.46875426019304,0.6,0.8,24.999999999999996,20.0,280.0,350.0,AA2024-T3,AA2024-T3,3338.2471370655003
35.46875426019304,0.6,0.9000000000000001,20.0,20.0,220.00000000000003,350.0,AA2024-T3,AA2024-T3,4222.612419142428
35.46875426019304,0.6,0.8,20.0,20.0,220.00000000000003,350.0,AA2024-T3,AA2024-T3,4222.612419142428
35.46875426019304,0.6,0.9000000000000001,24.999999999999996,20.0,280.0,350.0,AA2024-T3,AA2024-T3,3338.2471370655003
35.482123811104785,0.5,0.9000000000000001,29.999999999999996,20.0,160.00000000000003,350.0,AA2024-T3,AA2024-T3,5549.8136842361055
35.482123811104785,0.5,0.8,29.999999999999996,20.0,160.00000000000003,350.0,AA2024-T3,AA2024-T3,5549.8136842361055
35.50633406851781,0.6,0.8,24.999999999999996,20.0,240.00000000000003,499.99999999999994,AA2024-T3,AA2024-T3,4040.398516985963
35.50633406851781,0.6,0.8,24.999999999999996,20.0,240.00000000000003,449.99999999999994,AA2024-T3,AA2024-T3,4040.398516985963
35.50633406851781,0.6,0.9000000000000001,24.999999999999996,20.0,240.00000000000003,499.99999999999994,AA2024-T3,AA2024-T3,4040.398516985963
35.50633406851781,0.6,0.9000000000000001,24.999999999999996,20.0,240.00000000000003,449.99999999999994,AA2024-T3,AA2024-T3,4040.398516985963
35.55728342775433,0.5,0.9000000000000001,29.999999999999996,20.0,140.0,649.9999999999999,AA2024-T3,AA2024-T3,6638.753861826753
35.55728342775433,0.5,0.9000000000000001,29.999999999999996,20.0,140.0,749.9999999999999,AA2024-T3,AA2024-T3,6638.753861826753
35.55728342775433,0.5,0.8,29.999999999999996,20.0,140.0,700.0,AA2024-T3,AA2024-T3,6638.753861826753
35.55728342775433,0.5,0.9000000000000001,29.999999999999996,20.0,140.0,700.0,AA2024-T3,AA2024-T3,6638.753861826753
35.55728342775433,0.5,0.8,29.999999999999996,20.0,140.0,649.9999999999999,AA2024-T3,AA2024-T3,6638.753861826753
35.55728342775433,0.5,0.8,29.999999999999996,20.0,140.0,749.9999999999999,AA2024-T3,AA2024-T3,6638.753861826753
35.56066598311826,0.6,0.9000000000000001,20.0,20.0,260.0,300.0,AA2024-T3,AA2024-T3,3417.2674830278092
35.56066598311826,0.6,0.8,20.0,20.0,260.0,300.0,AA2024-T3,AA2024-T3,3417.2674830278092
35.5898697383052,0.6,0.8,20.0,20.0,180.00000000000003,549.9999999999999,AA2024-T3,AA2024-T3,5576.69870133964
35.5898697383052,0.6,0.9000000000000001,20.0,20.0,180.00000000000003,599.9999999999999,AA2024-T3,AA2024-T3,5576.69870133964
35.5898697383052,0.6,0.8,20.0,20.0,180.00000000000003,599.9999999999999,AA2024-T3,AA2024-T3,5576.69870133964
35.5898697383052,0.6,0.9000000000000001,20.0,20.0,180.00000000000003,549.9999999999999,AA2024-T3,AA2024-T3,5576.69870133964
35.595453773730426,0.6,0.9000000000000001,24.999999999999996,20.0,260.0,399.99999999999994,AA2024-T3,AA2024-T3,3671.298632719543
35.595453773730426,0.6,0.9000000000000001,10.0,20.0,100.0,399.99999999999994,AA2024-T3,AA2024-T3,613774.1607781553
35.595453773730426,0.6,0.8,10.0,20.0,100.0,399.99999999999994,AA2024-T3,AA2024-T3,613774.1607781553
35.595453773730426,0.6,0.8,24.999999999999996,20.0,260.0,399.99999999999994,AA2024-T3,AA2024-T3,3671.298632719542
35.608823324642174,0.5,0.9000000000000001,20.0,20.0,100.0,399.99999999999994,AA2024-T3,AA2024-T3,709045.551968786
35.608823324642174,0.5,0.8,20.0,20.0,100.0,399.99999999999994,AA2024-T3,AA2024-T3,709045.551968786
35.62219287555391,0.39999999999999997,0.8,29.999999999999996,20.0,100.0,399.99999999999994,AA2024-T3,AA2024-T3,7582.818300706976
35.62219287555391,0.39999999999999997,0.9000000000000001,29.999999999999996,20.0,100.0,399.99999999999994,AA2024-T3,AA2024-T3,7582.818300706976
35.63024156434258,0.6,0.9000000000000001,29.999999999999996,20.0,260.0,649.9999999999999,AA2024-T3,AA2024-T3,3925.627102009562
35.63024156434258,0.6,0.9000000000000001,29.999999999999996,20.0,260.0,700.0,AA2024-T3,AA2024-T3,3925.627102009562
35.63024156434258,0.6,0.9000000000000001,29.999999999999996,20.0,260.0,749.9999999999999,AA2024-T3,AA2024-T3,3925.627102009562
35.63024156434258,0.6,0.8,29.999999999999996,20.0,260.0,700.0,AA2024-T3,AA2024-T3,3925.627102009562
35.63024156434258,0.6,0.8,29.999999999999996,20.0,260.0,749.9999999999999,AA2024-T3,AA2024-T3,3925.627102009562
35.63024156434258,0.6,0.8,29.999999999999996,20.0,260.0,649.9999999999999,AA2024-T3,AA2024-T3,3925.627102009562
35.6330335820552,0.6,0.8,24.999999999999996,20.0,220.00000000000003,549.9999999999999,AA2024-T3,AA2024-T3,4517.20759950629
35.6330335820552,0.6,0.8,24.999999999999996,20.0,220.00000000000003,599.9999999999999,AA2024-T3,AA2024-T3,4517.20759950629
35.6330335820552,0.6,0.9000000000000001,24.999999999999996,20.0,220.00000000000003,599.9999999999999,AA2024-T3,AA2024-T3,4517.2075995062905
35.6330335820552,0.6,0.9000000000000001,24.999999999999996,20.0,220.00000000000003,549.9999999999999,AA2024-T3,AA2024-T3,4517.2075995062905
35.66036322153001,0.5,0.8,24.999999999999996,20.0,140.0,300.0,AA2024-T3,AA2024-T3,6168.800532716852
35.66036322153001,0.5,0.9000000000000001,24.999999999999996,20.0,140.0,300.0,AA2024-T3,AA2024-T3,6168.800532716852
35.68178146123042,0.6,0.9000000000000001,20.0,20.0,200.0,399.99999999999994,AA2024-T3,AA2024-T3,4813.831740182741
35.68178146123042,0.6,0.8,20.0,20.0,200.0,399.99999999999994,AA2024-T3,AA2024-T3,4813.831740182741
35.68457347894304,0.6,0.9000000000000001,14.999999999999998,20.0,160.00000000000003,350.0,AA2024-T3,AA2024-T3,6229.088329430349
35.68457347894304,0.6,0.8,14.999999999999998,20.0,160.00000000000003,350.0,AA2024-T3,AA2024-T3,6229.088329430349
35.72215328726781,0.6,0.8,29.999999999999996,20.0,280.0,499.99999999999994,AA2024-T3,AA2024-T3,3571.6701370442456
35.72215328726781,0.6,0.9000000000000001,14.999999999999998,20.0,140.0,499.99999999999994,AA2024-T3,AA2024-T3,7740.637364590516
35.72215328726781,0.6,0.8,14.999999999999998,20.0,140.0,499.99999999999994,AA2024-T3,AA2024-T3,7740.637364590516
35.72215328726781,0.6,0.8,29.999999999999996,20.0,280.0,449.99999999999994,AA2024-T3,AA2024-T3,3571.6701370442456
35.72215328726781,0.6,0.9000000000000001,14.999999999999998,20.0,140.0,449.99999999999994,AA2024-T3,AA2024-T3,7740.637364590516
35.72215328726781,0.6,0.8,14.999999999999998,20.0,140.0,449.99999999999994,AA2024-T3,AA2024-T3,7740.637364590516
35.72215328726781,0.6,0.9000000000000001,29.999999999999996,20.0,280.0,499.99999999999994,AA2024-T3,AA2024-T3,3571.6701370442456
35.72215328726781,0.6,0.9000000000000001,29.999999999999996,20.0,280.0,449.99999999999994,AA2024-T3,AA2024-T3,3571.6701370442456
35.73332135811826,0.6,0.8,20.0,20.0,240.00000000000003,300.0,AA2024-T3,AA2024-T3,3769.8754728442195
35.73332135811826,0.6,0.9000000000000001,10.0,20.0,120.00000000000001,300.0,AA2024-T3,AA2024-T3,848830.4927502698
35.73332135811826,0.6,0.8,10.0,20.0,120.00000000000001,300.0,AA2024-T3,AA2024-T3,848830.4927502698
35.73332135811826,0.6,0.9000000000000001,20.0,20.0,240.00000000000003,300.0,AA2024-T3,AA2024-T3,3769.8754728442195
35.735522838179556,0.5,0.9000000000000001,24.999999999999996,20.0,120.00000000000001,449.99999999999994,AA2024-T3,AA2024-T3,7702.636767185941
35.735522838179556,0.5,0.9000000000000001,24.999999999999996,20.0,120.00000000000001,499.99999999999994,AA2024-T3,AA2024-T3,7702.636767185941
35.735522838179556,0.5,0.8,24.999999999999996,20.0,120.00000000000001,499.99999999999994,AA2024-T3,AA2024-T3,7702.636767185941
35.735522838179556,0.5,0.8,24.999999999999996,20.0,120.00000000000001,449.99999999999994,AA2024-T3,AA2024-T3,7702.636767185941
35.77648520186826,0.6,0.8,14.999999999999998,20.0,180.00000000000003,300.0,AA2024-T3,AA2024-T3,5213.068091114459
35.77648520186826,0.6,0.9000000000000001,14.999999999999998,20.0,180.00000000000003,300.0,AA2024-T3,AA2024-T3,5213.068091114459
35.811272992480426,0.6,0.8,24.999999999999996,20.0,240.00000000000003,399.99999999999994,AA2024-T3,AA2024-T3,4040.398516985963
35.811272992480426,0.6,0.9000000000000001,24.999999999999996,20.0,240.00000000000003,399.99999999999994,AA2024-T3,AA2024-T3,4040.398516985963
35.862222351716945,0.5,0.9000000000000001,29.999999999999996,20.0,140.0,549.9999999999999,AA2024-T3,AA2024-T3,6638.753861826753
35.862222351716945,0.5,0.9000000000000001,29.999999999999996,20.0,140.0,599.9999999999999,AA2024-T3,AA2024-T3,6638.753861826753
35.862222351716945,0.5,0.8,29.999999999999996,20.0,140.0,549.9999999999999,AA2024-T3,AA2024-T3,6638.753861826753
35.862222351716945,0.5,0.8,29.999999999999996,20.0,140.0,599.9999999999999,AA2024-T3,AA2024-T3,6638.753861826753
35.889224626842584,0.6,0.9000000000000001,29.999999999999996,20.0,240.00000000000003,649.9999999999999,AA2024-T3,AA2024-T3,4310.96963530727
35.889224626842584,0.6,0.8,29.999999999999996,20.0,240.00000000000003,649.9999999999999,AA2024-T3,AA2024-T3,4310.96963530727
35.889224626842584,0.6,0.9000000000000001,14.999999999999998,20.0,120.00000000000001,749.9999999999999,AA2024-T3,AA2024-T3,849647.2925602297
35.889224626842584,0.6,0.9000000000000001,14.999999999999998,20.0,120.00000000000001,649.9999999999999,AA2024-T3,AA2024-T3,849647.2925602297
35.889224626842584,0.6,0.9000000000000001,14.999999999999998,20.0,120.00000000000001,700.0,AA2024-T3,AA2024-T3,570593.3650142852
35.889224626842584,0.6,0.8,29.999999999999996,20.0,240.00000000000003,700.0,AA2024-T3,AA2024-T3,4310.96963530727
35.889224626842584,0.6,0.8,29.999999999999996,20.0,240.00000000000003,749.9999999999999,AA2024-T3,AA2024-T3,4310.96963530727
35.889224626842584,0.6,0.8,14.999999999999998,20.0,120.00000000000001,749.9999999999999,AA2024-T3,AA2024-T3,849647.2925602297
35.889224626842584,0.6,0.8,14.999999999999998,20.0,120.00000000000001,649.9999999999999,AA2024-T3,AA2024-T3,849647.2925602297
35.889224626842584,0.6,0.9000000000000001,29.999999999999996,20.0,240.00000000000003,749.9999999999999,AA2024-T3,AA2024-T3,4310.96963530727
35.889224626842584,0.6,0.8,14.999999999999998,20.0,120.00000000000001,700.0,AA2024-T3,AA2024-T3,849647.2925602297
35.889224626842584,0.6,0.9000000000000001,29.999999999999996,20.0,240.00000000000003,700.0,AA2024-T3,AA2024-T3,4310.96963530727
35.894808662267806,0.6,0.9000000000000001,20.0,20.0,180.00000000000003,449.99999999999994,AA2024-T3,AA2024-T3,5576.69870133964
35.894808662267806,0.6,0.9000000000000001,20.0,20.0,180.00000000000003,499.99999999999994,AA2024-T3,AA2024-T3,5576.69870133964
35.894808662267806,0.6,0.8,20.0,20.0,180.00000000000003,499.99999999999994,AA2024-T3,AA2024-T3,5576.69870133964
35.894808662267806,0.6,0.8,20.0,20.0,180.00000000000003,449.99999999999994,AA2024-T3,AA2024-T3,5576.69870133964
35.900392697693036,0.6,0.8,10.0,20.0,100.0,350.0,AA2024-T3,AA2024-T3,613774.1607781553
35.900392697693036,0.6,0.9000000000000001,24.999999999999996,20.0,260.0,350.0,AA2024-T3,AA2024-T3,3671.298632719543
35.900392697693036,0.6,0.9000000000000001,10.0,20.0,100.0,350.0,AA2024-T3,AA2024-T3,613774.1607781553
35.900392697693036,0.6,0.8,24.999999999999996,20.0,260.0,350.0,AA2024-T3,AA2024-T3,3671.298632719542
35.91376224860478,0.5,0.8,20.0,20.0,100.0,350.0,AA2024-T3,AA2024-T3,709045.551968786
35.91376224860478,0.5,0.9000000000000001,20.0,20.0,100.0,350.0,AA2024-T3,AA2024-T3,709045.551968786
35.927131799516516,0.39999999999999997,0.8,29.999999999999996,20.0,100.0,350.0,AA2024-T3,AA2024-T3,7582.818300706976
35.927131799516516,0.39999999999999997,0.9000000000000001,29.999999999999996,20.0,100.0,350.0,AA2024-T3,AA2024-T3,7582.818300706976
35.9351804883052,0.6,0.8,29.999999999999996,20.0,260.0,549.9999999999999,AA2024-T3,AA2024-T3,3925.627102009562
35.9351804883052,0.6,0.8,29.999999999999996,20.0,260.0,599.9999999999999,AA2024-T3,AA2024-T3,3925.627102009562
35.9351804883052,0.6,0.9000000000000001,29.999999999999996,20.0,260.0,599.9999999999999,AA2024-T3,AA2024-T3,3925.627102009562
35.9351804883052,0.6,0.9000000000000001,29.999999999999996,20.0,260.0,549.9999999999999,AA2024-T3,AA2024-T3,3925.627102009562
35.93797250601781,0.6,0.8,24.999999999999996,20.0,220.00000000000003,499.99999999999994,AA2024-T3,AA2024-T3,4517.20759950629
35.93797250601781,0.6,0.8,24.999999999999996,20.0,220.00000000000003,449.99999999999994,AA2024-T3,AA2024-T3,4517.20759950629
35.93797250601781,0.6,0.9000000000000001,24.999999999999996,20.0,220.00000000000003,499.99999999999994,AA2024-T3,AA2024-T3,4517.2075995062905
35.93797250601781,0.6,0.9000000000000001,24.999999999999996,20.0,220.00000000000003,449.99999999999994,AA2024-T3,AA2024-T3,4517.2075995062905
35.97555231434258,0.6,0.9000000000000001,24.999999999999996,20.0,200.0,700.0,AA2024-T3,AA2024-T3,5141.59342873666
35.97555231434258,0.6,0.9000000000000001,24.999999999999996,20.0,200.0,749.9999999999999,AA2024-T3,AA2024-T3,5141.59342873666
35.97555231434258,0.6,0.8,24.999999999999996,20.0,200.0,649.9999999999999,AA2024-T3,AA2024-T3,5141.593428736659
35.97555231434258,0.6,0.8,20.0,20.0,160.00000000000003,749.9999999999999,AA2024-T3,AA2024-T3,6639.933187169022
35.97555231434258,0.6,0.8,20.0,20.0,160.00000000000003,700.0,AA2024-T3,AA2024-T3,6639.933187169022
35.97555231434258,0.6,0.8,20.0,20.0,160.00000000000003,649.9999999999999,AA2024-T3,AA2024-T3,6639.933187169022
35.97555231434258,0.6,0.9000000000000001,20.0,20.0,160.00000000000003,649.9999999999999,AA2024-T3,AA2024-T3,6639.933187169022
35.97555231434258,0.6,0.8,24.999999999999996,20.0,200.0,749.9999999999999,AA2024-T3,AA2024-T3,5141.593428736659
35.97555231434258,0.6,0.8,24.999999999999996,20.0,200.0,700.0,AA2024-T3,AA2024-T3,5141.593428736659
35.97555231434258,0.6,0.9000000000000001,20.0,20.0,160.00000000000003,700.0,AA2024-T3,AA2024-T3,6639.933187169022
35.97555231434258,0.6,0.9000000000000001,20.0,20.0,160.00000000000003,749.9999999999999,AA2024-T3,AA2024-T3,6639.933187169022
35.97555231434258,0.6,0.9000000000000001,24.999999999999996,20.0,200.0,649.9999999999999,AA2024-T3,AA2024-T3,5141.59342873666
35.98672038519304,0.6,0.9000000000000001,20.0,20.0,200.0,350.0,AA2024-T3,AA2024-T3,4813.831740182741
35.98672038519304,0.6,0.8,20.0,20.0,200.0,350.0,AA2024-T3,AA2024-T3,4813.831740182741
36.027092211230425,0.6,0.9000000000000001,14.999999999999998,20.0,140.0,399.99999999999994,AA2024-T3,AA2024-T3,7740.637364590516
36.027092211230425,0.6,0.8,14.999999999999998,20.0,140.0,399.99999999999994,AA2024-T3,AA2024-T3,7740.637364590516
36.027092211230425,0.6,0.9000000000000001,29.999999999999996,20.0,280.0,399.99999999999994,AA2024-T3,AA2024-T3,3571.6701370442456
36.027092211230425,0.6,0.8,29.999999999999996,20.0,280.0,399.99999999999994,AA2024-T3,AA2024-T3,3571.6701370442456
36.04046176214217,0.5,0.9000000000000001,24.999999999999996,20.0,120.00000000000001,399.99999999999994,AA2024-T3,AA2024-T3,7702.636767185941
36.04046176214217,0.5,0.8,24.999999999999996,20.0,120.00000000000001,399.99999999999994,AA2024-T3,AA2024-T3,7702.636767185941
36.07863210811826,0.6,0.8,24.999999999999996,20.0,280.0,300.0,AA2024-T3,AA2024-T3,3338.2471370655003
36.07863210811826,0.6,0.9000000000000001,20.0,20.0,220.00000000000003,300.0,AA2024-T3,AA2024-T3,4222.612419142428
36.07863210811826,0.6,0.8,20.0,20.0,220.00000000000003,300.0,AA2024-T3,AA2024-T3,4222.612419142428
36.07863210811826,0.6,0.9000000000000001,24.999999999999996,20.0,280.0,300.0,AA2024-T3,AA2024-T3,3338.2471370655003
36.09200165903001,0.5,0.8,29.999999999999996,20.0,160.00000000000003,300.0,AA2024-T3,AA2024-T3,5549.8136842361055
36.09200165903001,0.5,0.9000000000000001,29.999999999999996,20.0,160.00000000000003,300.0,AA2024-T3,AA2024-T3,5549.8136842361055
36.116211916443035,0.6,0.8,24.999999999999996,20.0,240.00000000000003,350.0,AA2024-T3,AA2024-T3,4040.398516985963
36.116211916443035,0.6,0.9000000000000001,24.999999999999996,20.0,240.00000000000003,350.0,AA2024-T3,AA2024-T3,4040.398516985963
36.16716127567956,0.5,0.9000000000000001,29.999999999999996,20.0,140.0,449.99999999999994,AA2024-T3,AA2024-T3,6638.753861826753
36.16716127567956,0.5,0.8,29.999999999999996,20.0,140.0,449.99999999999994,AA2024-T3,AA2024-T3,6638.753861826753
36.16716127567956,0.5,0.9000000000000001,29.999999999999996,20.0,140.0,499.99999999999994,AA2024-T3,AA2024-T3,6638.753861826753
36.16716127567956,0.5,0.8,29.999999999999996,20.0,140.0,499.99999999999994,AA2024-T3,AA2024-T3,6638.753861826753
36.19416355080519,0.6,0.8,29.999999999999996,20.0,240.00000000000003,549.9999999999999,AA2024-T3,AA2024-T3,4310.96963530727
36.19416355080519,0.6,0.9000000000000001,14.999999999999998,20.0,120.00000000000001,599.9999999999999,AA2024-T3,AA2024-T3,849647.2925602297
36.19416355080519,0.6,0.9000000000000001,14.999999999999998,20.0,120.00000000000001,549.9999999999999,AA2024-T3,AA2024-T3,849647.2925602297
36.19416355080519,0.6,0.8,29.999999999999996,20.0,240.00000000000003,599.9999999999999,AA2024-T3,AA2024-T3,4310.96963530727
36.19416355080519,0.6,0.8,14.999999999999998,20.0,120.00000000000001,549.9999999999999,AA2024-T3,AA2024-T3,849647.2925602297
36.19416355080519,0.6,0.9000000000000001,29.999999999999996,20.0,240.00000000000003,549.9999999999999,AA2024-T3,AA2024-T3,4310.96963530727
36.19416355080519,0.6,0.9000000000000001,29.999999999999996,20.0,240.00000000000003,599.9999999999999,AA2024-T3,AA2024-T3,4310.96963530727
36.19416355080519,0.6,0.8,14.999999999999998,20.0,120.00000000000001,599.9999999999999,AA2024-T3,AA2024-T3,849647.2925602297
36.19974758623042,0.6,0.8,20.0,20.0,180.00000000000003,399.99999999999994,AA2024-T3,AA2024-T3,5576.69870133964
36.19974758623042,0.6,0.9000000000000001,20.0,20.0,180.00000000000003,399.99999999999994,AA2024-T3,AA2024-T3,5576.69870133964
36.24011941226781,0.6,0.8,29.999999999999996,20.0,260.0,499.99999999999994,AA2024-T3,AA2024-T3,3925.627102009562
36.24011941226781,0.6,0.9000000000000001,29.999999999999996,20.0,260.0,449.99999999999994,AA2024-T3,AA2024-T3,3925.627102009562
36.24011941226781,0.6,0.9000000000000001,29.999999999999996,20.0,260.0,499.99999999999994,AA2024-T3,AA2024-T3,3925.627102009562
36.24011941226781,0.6,0.8,29.999999999999996,20.0,260.0,449.99999999999994,AA2024-T3,AA2024-T3,3925.627102009562
36.242911429980424,0.6,0.9000000000000001,24.999999999999996,20.0,220.00000000000003,399.99999999999994,AA2024-T3,AA2024-T3,4517.2075995062905
36.242911429980424,0.6,0.8,24.999999999999996,20.0,220.00000000000003,399.99999999999994,AA2024-T3,AA2024-T3,4517.20759950629
36.280491238305196,0.6,0.9000000000000001,24.999999999999996,20.0,200.0,599.9999999999999,AA2024-T3,AA2024-T3,5141.59342873666
36.280491238305196,0.6,0.8,24.999999999999996,20.0,200.0,549.9999999999999,AA2024-T3,AA2024-T3,5141.593428736659
36.280491238305196,0.6,0.9000000000000001,20.0,20.0,160.00000000000003,599.9999999999999,AA2024-T3,AA2024-T3,6639.933187169022
36.280491238305196,0.6,0.9000000000000001,24.999999999999996,20.0,200.0,549.9999999999999,AA2024-T3,AA2024-T3,5141.59342873666
36.280491238305196,0.6,0.8,20.0,20.0,160.00000000000003,599.9999999999999,AA2024-T3,AA2024-T3,6639.933187169022
36.280491238305196,0.6,0.9000000000000001,20.0,20.0,160.00000000000003,549.9999999999999,AA2024-T3,AA2024-T3,6639.933187169022
36.280491238305196,0.6,0.8,20.0,20.0,160.00000000000003,549.9999999999999,AA2024-T3,AA2024-T3,6639.933187169022
36.280491238305196,0.6,0.8,24.999999999999996,20.0,200.0,599.9999999999999,AA2024-T3,AA2024-T3,5141.593428736659
36.29445132686826,0.6,0.8,14.999999999999998,20.0,160.00000000000003,300.0,AA2024-T3,AA2024-T3,6229.088329430349
36.29445132686826,0.6,0.9000000000000001,14.999999999999998,20.0,160.00000000000003,300.0,AA2024-T3,AA2024-T3,6229.088329430349
36.332031135193034,0.6,0.8,14.999999999999998,20.0,140.0,350.0,AA2024-T3,AA2024-T3,7740.637364590516
36.332031135193034,0.6,0.8,29.999999999999996,20.0,280.0,350.0,AA2024-T3,AA2024-T3,3571.6701370442456
36.332031135193034,0.6,0.9000000000000001,14.999999999999998,20.0,140.0,350.0,AA2024-T3,AA2024-T3,7740.637364590516
36.332031135193034,0.6,0.9000000000000001,29.999999999999996,20.0,280.0,350.0,AA2024-T3,AA2024-T3,3571.6701370442456
36.34540068610478,0.5,0.9000000000000001,24.999999999999996,20.0,120.00000000000001,350.0,AA2024-T3,AA2024-T3,7702.636767185941
36.34540068610478,0.5,0.8,24.999999999999996,20.0,120.00000000000001,350.0,AA2024-T3,AA2024-T3,7702.636767185941
36.39382120093084,0.6999999999999998,0.9000000000000001,10.0,20.0,280.0,649.9999999999999,AA2024-T3,AA2024-T3,3619.086429577763
36.39382120093084,0.6999999999999998,0.9000000000000001,10.0,20.0,280.0,700.0,AA2024-T3,AA2024-T3,3619.086429577763
36.39382120093084,0.6999999999999998,0.8,10.0,20.0,280.0,749.9999999999999,AA2024-T3,AA2024-T3,3619.086429577763
36.39382120093084,0.6999999999999998,0.8,10.0,20.0,280.0,649.9999999999999,AA2024-T3,AA2024-T3,3619.086429577763
36.39382120093084,0.6999999999999998,0.8,10.0,20.0,280.0,700.0,AA2024-T3,AA2024-T3,3619.086429577763
36.39382120093084,0.6999999999999998,0.9000000000000001,10.0,20.0,280.0,749.9999999999999,AA2024-T3,AA2024-T3,3619.086429577763
36.407190751842585,0.6,0.8,29.999999999999996,20.0,220.00000000000003,700.0,AA2024-T3,AA2024-T3,4811.8250536846635
36.407190751842585,0.6,0.9000000000000001,29.999999999999996,20.0,220.00000000000003,749.9999999999999,AA2024-T3,AA2024-T3,4811.8250536846635
36.407190751842585,0.6,0.9000000000000001,29.999999999999996,20.0,220.00000000000003,649.9999999999999,AA2024-T3,AA2024-T3,4811.8250536846635
36.407190751842585,0.6,0.8,29.999999999999996,20.0,220.00000000000003,649.9999999999999,AA2024-T3,AA2024-T3,4811.8250536846635
36.407190751842585,0.6,0.9000000000000001,29.999999999999996,20.0,220.00000000000003,700.0,AA2024-T3,AA2024-T3,4811.8250536846635
36.407190751842585,0.6,0.8,29.999999999999996,20.0,220.00000000000003,749.9999999999999,AA2024-T3,AA2024-T3,4811.8250536846635
36.47210019964217,0.5,0.9000000000000001,29.999999999999996,20.0,140.0,399.99999999999994,AA2024-T3,AA2024-T3,6638.753861826753
36.47210019964217,0.5,0.8,29.999999999999996,20.0,140.0,399.99999999999994,AA2024-T3,AA2024-T3,6638.753861826753
36.49910247476781,0.6,0.8,14.999999999999998,20.0,120.00000000000001,449.99999999999994,AA2024-T3,AA2024-T3,849647.2925602297
36.49910247476781,0.6,0.8,29.999999999999996,20.0,240.00000000000003,449.99999999999994,AA2024-T3,AA2024-T3,4310.96963530727
36.49910247476781,0.6,0.8,14.999999999999998,20.0,120.00000000000001,499.99999999999994,AA2024-T3,AA2024-T3,849647.2925602297
36.49910247476781,0.6,0.9000000000000001,14.999999999999998,20.0,120.00000000000001,449.99999999999994,AA2024-T3,AA2024-T3,849647.2925602297
36.49910247476781,0.6,0.9000000000000001,14.999999999999998,20.0,120.00000000000001,499.99999999999994,AA2024-T3,AA2024-T3,849647.2925602297
36.49910247476781,0.6,0.8,29.999999999999996,20.0,240.00000000000003,499.99999999999994,AA2024-T3,AA2024-T3,4310.96963530727
36.49910247476781,0.6,0.9000000000000001,29.999999999999996,20.0,240.00000000000003,449.99999999999994,AA2024-T3,AA2024-T3,4310.96963530727
36.49910247476781,0.6,0.9000000000000001,29.999999999999996,20.0,240.00000000000003,499.99999999999994,AA2024-T3,AA2024-T3,4310.96963530727
36.50468651019304,0.6,0.8,20.0,20.0,180.00000000000003,350.0,AA2024-T3,AA2024-T3,5576.69870133964
36.50468651019304,0.6,0.9000000000000001,20.0,20.0,180.00000000000003,350.0,AA2024-T3,AA2024-T3,5576.69870133964
36.51027054561826,0.6,0.8,10.0,20.0,100.0,300.0,AA2024-T3,AA2024-T3,613774.1607781553
36.51027054561826,0.6,0.9000000000000001,24.999999999999996,20.0,260.0,300.0,AA2024-T3,AA2024-T3,3671.298632719543
36.51027054561826,0.6,0.8,24.999999999999996,20.0,260.0,300.0,AA2024-T3,AA2024-T3,3671.298632719542
36.51027054561826,0.6,0.9000000000000001,10.0,20.0,100.0,300.0,AA2024-T3,AA2024-T3,613774.1607781553
36.52364009653001,0.5,0.8,20.0,20.0,100.0,300.0,AA2024-T3,AA2024-T3,709045.551968786
36.52364009653001,0.5,0.9000000000000001,20.0,20.0,100.0,300.0,AA2024-T3,AA2024-T3,709045.551968786
36.53700964744174,0.39999999999999997,0.8,29.999999999999996,20.0,100.0,300.0,AA2024-T3,AA2024-T3,7582.818300706976
36.53700964744174,0.39999999999999997,0.9000000000000001,29.999999999999996,20.0,100.0,300.0,AA2024-T3,AA2024-T3,7582.818300706976
36.545058336230426,0.6,0.9000000000000001,29.999999999999996,20.0,260.0,399.99999999999994,AA2024-T3,AA2024-T3,3925.627102009562
36.545058336230426,0.6,0.8,29.999999999999996,20.0,260.0,399.99999999999994,AA2024-T3,AA2024-T3,3925.627102009562
36.54785035394303,0.6,0.8,24.999999999999996,20.0,220.00000000000003,350.0,AA2024-T3,AA2024-T3,4517.20759950629
36.54785035394303,0.6,0.9000000000000001,24.999999999999996,20.0,220.00000000000003,350.0,AA2024-T3,AA2024-T3,4517.2075995062905
36.566476575930835,0.6999999999999998,0.8,10.0,20.0,260.0,649.9999999999999,AA2024-T3,AA2024-T3,4009.7715490159367
36.566476575930835,0.6999999999999998,0.8,10.0,20.0,260.0,700.0,AA2024-T3,AA2024-T3,4009.7715490159367
36.566476575930835,0.6999999999999998,0.8,10.0,20.0,260.0,749.9999999999999,AA2024-T3,AA2024-T3,4009.7715490159367
36.566476575930835,0.6999999999999998,0.9000000000000001,10.0,20.0,260.0,749.9999999999999,AA2024-T3,AA2024-T3,4009.7715490159367
36.566476575930835,0.6999999999999998,0.9000000000000001,10.0,20.0,260.0,649.9999999999999,AA2024-T3,AA2024-T3,4009.7715490159367
36.566476575930835,0.6999999999999998,0.9000000000000001,10.0,20.0,260.0,700.0,AA2024-T3,AA2024-T3,4009.7715490159367
36.58543016226781,0.6,0.9000000000000001,24.999999999999996,20.0,200.0,449.99999999999994,AA2024-T3,AA2024-T3,5141.59342873666
36.58543016226781,0.6,0.9000000000000001,24.999999999999996,20.0,200.0,499.99999999999994,AA2024-T3,AA2024-T3,5141.59342873666
36.58543016226781,0.6,0.9000000000000001,20.0,20.0,160.00000000000003,449.99999999999994,AA2024-T3,AA2024-T3,6639.933187169022
36.58543016226781,0.6,0.9000000000000001,20.0,20.0,160.00000000000003,499.99999999999994,AA2024-T3,AA2024-T3,6639.933187169022
36.58543016226781,0.6,0.8,20.0,20.0,160.00000000000003,449.99999999999994,AA2024-T3,AA2024-T3,6639.933187169022
36.58543016226781,0.6,0.8,20.0,20.0,160.00000000000003,499.99999999999994,AA2024-T3,AA2024-T3,6639.933187169022
36.58543016226781,0.6,0.8,24.999999999999996,20.0,200.0,499.99999999999994,AA2024-T3,AA2024-T3,5141.593428736659
36.58543016226781,0.6,0.8,24.999999999999996,20.0,200.0,449.99999999999994,AA2024-T3,AA2024-T3,5141.593428736659
36.596598233118264,0.6,0.9000000000000001,20.0,20.0,200.0,300.0,AA2024-T3,AA2024-T3,4813.831740182741
36.596598233118264,0.6,0.8,20.0,20.0,200.0,300.0,AA2024-T3,AA2024-T3,4813.831740182741
36.623009970592584,0.6,0.8,24.999999999999996,20.0,180.00000000000003,749.9999999999999,AA2024-T3,AA2024-T3,5940.488322828869
36.623009970592584,0.6,0.8,24.999999999999996,20.0,180.00000000000003,649.9999999999999,AA2024-T3,AA2024-T3,5940.488322828869
36.623009970592584,0.6,0.8,24.999999999999996,20.0,180.00000000000003,700.0,AA2024-T3,AA2024-T3,5940.488322828869
36.623009970592584,0.6,0.9000000000000001,24.999999999999996,20.0,180.00000000000003,700.0,AA2024-T3,AA2024-T3,5940.48832282887
36.623009970592584,0.6,0.9000000000000001,24.999999999999996,20.0,180.00000000000003,649.9999999999999,AA2024-T3,AA2024-T3,5940.48832282887
36.623009970592584,0.6,0.9000000000000001,24.999999999999996,20.0,180.00000000000003,749.9999999999999,AA2024-T3,AA2024-T3,5940.48832282887
36.65280426343084,0.6999999999999998,0.8,10.0,20.0,240.00000000000003,749.9999999999999,AA2024-T3,AA2024-T3,4477.772812923423
36.65280426343084,0.6999999999999998,0.9000000000000001,10.0,20.0,240.00000000000003,700.0,AA2024-T3,AA2024-T3,4477.772812923423
36.65280426343084,0.6999999999999998,0.9000000000000001,10.0,20.0,240.00000000000003,649.9999999999999,AA2024-T3,AA2024-T3,4477.772812923423
36.65280426343084,0.6999999999999998,0.8,10.0,20.0,240.00000000000003,700.0,AA2024-T3,AA2024-T3,4477.772812923423
36.65280426343084,0.6999999999999998,0.9000000000000001,10.0,20.0,240.00000000000003,749.9999999999999,AA2024-T3,AA2024-T3,4477.772812923423
36.65280426343084,0.6999999999999998,0.8,10.0,20.0,240.00000000000003,649.9999999999999,AA2024-T3,AA2024-T3,4477.772812923423
36.698760124893454,0.6999999999999998,0.8,10.0,20.0,280.0,599.9999999999999,AA2024-T3,AA2024-T3,3619.086429577763
36.698760124893454,0.6999999999999998,0.8,10.0,20.0,280.0,549.9999999999999,AA2024-T3,AA2024-T3,3619.086429577763
36.698760124893454,0.6999999999999998,0.9000000000000001,10.0,20.0,280.0,599.9999999999999,AA2024-T3,AA2024-T3,3619.086429577763
36.698760124893454,0.6999999999999998,0.9000000000000001,10.0,20.0,280.0,549.9999999999999,AA2024-T3,AA2024-T3,3619.086429577763
36.712129675805194,0.6,0.8,29.999999999999996,20.0,220.00000000000003,599.9999999999999,AA2024-T3,AA2024-T3,4811.8250536846635
36.712129675805194,0.6,0.8,29.999999999999996,20.0,220.00000000000003,549.9999999999999,AA2024-T3,AA2024-T3,4811.8250536846635
36.712129675805194,0.6,0.9000000000000001,29.999999999999996,20.0,220.00000000000003,599.9999999999999,AA2024-T3,AA2024-T3,4811.8250536846635
36.712129675805194,0.6,0.9000000000000001,29.999999999999996,20.0,220.00000000000003,549.9999999999999,AA2024-T3,AA2024-T3,4811.8250536846635
36.72608976436826,0.6,0.8,24.999999999999996,20.0,240.00000000000003,300.0,AA2024-T3,AA2024-T3,4040.398516985963
36.72608976436826,0.6,0.9000000000000001,24.999999999999996,20.0,240.00000000000003,300.0,AA2024-T3,AA2024-T3,4040.398516985963
36.77703912360478,0.5,0.9000000000000001,29.999999999999996,20.0,140.0,350.0,AA2024-T3,AA2024-T3,6638.753861826753
36.77703912360478,0.5,0.8,29.999999999999996,20.0,140.0,350.0,AA2024-T3,AA2024-T3,6638.753861826753
36.80404139873042,0.6,0.9000000000000001,14.999999999999998,20.0,120.00000000000001,399.99999999999994,AA2024-T3,AA2024-T3,849647.2925602297
36.80404139873042,0.6,0.8,29.999999999999996,20.0,240.00000000000003,399.99999999999994,AA2024-T3,AA2024-T3,4310.96963530727
36.80404139873042,0.6,0.9000000000000001,29.999999999999996,20.0,240.00000000000003,399.99999999999994,AA2024-T3,AA2024-T3,4310.96963530727
36.80404139873042,0.6,0.8,14.999999999999998,20.0,120.00000000000001,399.99999999999994,AA2024-T3,AA2024-T3,849647.2925602297
36.825459638430836,0.6999999999999998,0.9000000000000001,10.0,20.0,220.00000000000003,649.9999999999999,AA2024-T3,AA2024-T3,5078.947062645305
36.825459638430836,0.6999999999999998,0.8,10.0,20.0,220.00000000000003,649.9999999999999,AA2024-T3,AA2024-T3,5078.947062645305
36.825459638430836,0.6999999999999998,0.8,10.0,20.0,220.00000000000003,700.0,AA2024-T3,AA2024-T3,5078.947062645305
36.825459638430836,0.6999999999999998,0.8,10.0,20.0,220.00000000000003,749.9999999999999,AA2024-T3,AA2024-T3,5078.947062645305
36.825459638430836,0.6999999999999998,0.9000000000000001,10.0,20.0,220.00000000000003,749.9999999999999,AA2024-T3,AA2024-T3,5078.947062645305
36.825459638430836,0.6999999999999998,0.9000000000000001,10.0,20.0,220.00000000000003,700.0,AA2024-T3,AA2024-T3,5078.947062645305
36.83882918934258,0.6,0.9000000000000001,20.0,20.0,140.0,649.9999999999999,AA2024-T3,AA2024-T3,8211.419582440742
36.83882918934258,0.6,0.8,20.0,20.0,140.0,700.0,AA2024-T3,AA2024-T3,8211.419582440742
36.83882918934258,0.6,0.9000000000000001,20.0,20.0,140.0,700.0,AA2024-T3,AA2024-T3,8211.419582440742
36.83882918934258,0.6,0.9000000000000001,20.0,20.0,140.0,749.9999999999999,AA2024-T3,AA2024-T3,8211.419582440742
36.83882918934258,0.6,0.8,20.0,20.0,140.0,649.9999999999999,AA2024-T3,AA2024-T3,8211.419582440742
36.83882918934258,0.6,0.8,20.0,20.0,140.0,749.9999999999999,AA2024-T3,AA2024-T3,8211.419582440742
36.849997260193035,0.6,0.9000000000000001,29.999999999999996,20.0,260.0,350.0,AA2024-T3,AA2024-T3,3925.627102009562
36.849997260193035,0.6,0.8,29.999999999999996,20.0,260.0,350.0,AA2024-T3,AA2024-T3,3925.627102009562
36.87141549989345,0.6999999999999998,0.9000000000000001,10.0,20.0,260.0,549.9999999999999,AA2024-T3,AA2024-T3,4009.7715490159367
36.87141549989345,0.6999999999999998,0.9000000000000001,10.0,20.0,260.0,599.9999999999999,AA2024-T3,AA2024-T3,4009.7715490159367
36.87141549989345,0.6999999999999998,0.8,10.0,20.0,260.0,549.9999999999999,AA2024-T3,AA2024-T3,4009.7715490159367
36.87141549989345,0.6999999999999998,0.8,10.0,20.0,260.0,599.9999999999999,AA2024-T3,AA2024-T3,4009.7715490159367
36.89036908623042,0.6,0.9000000000000001,24.999999999999996,20.0,200.0,399.99999999999994,AA2024-T3,AA2024-T3,5141.59342873666
36.89036908623042,0.6,0.8,24.999999999999996,20.0,200.0,399.99999999999994,AA2024-T3,AA2024-T3,5141.593428736659
36.89036908623042,0.6,0.8,20.0,20.0,160.00000000000003,399.99999999999994,AA2024-T3,AA2024-T3,6639.933187169022
36.89036908623042,0.6,0.9000000000000001,20.0,20.0,160.00000000000003,399.99999999999994,AA2024-T3,AA2024-T3,6639.933187169022
36.9279488945552,0.6,0.9000000000000001,24.999999999999996,20.0,180.00000000000003,549.9999999999999,AA2024-T3,AA2024-T3,5940.48832282887
36.9279488945552,0.6,0.9000000000000001,24.999999999999996,20.0,180.00000000000003,599.9999999999999,AA2024-T3,AA2024-T3,5940.48832282887
36.9279488945552,0.6,0.8,24.999999999999996,20.0,180.00000000000003,599.9999999999999,AA2024-T3,AA2024-T3,5940.488322828869
36.9279488945552,0.6,0.8,24.999999999999996,20.0,180.00000000000003,549.9999999999999,AA2024-T3,AA2024-T3,5940.488322828869
36.94190898311826,0.6,0.9000000000000001,14.999999999999998,20.0,140.0,300.0,AA2024-T3,AA2024-T3,7740.637364590516
36.94190898311826,0.6,0.8,14.999999999999998,20.0,140.0,300.0,AA2024-T3,AA2024-T3,7740.637364590516
36.94190898311826,0.6,0.8,29.999999999999996,20.0,280.0,300.0,AA2024-T3,AA2024-T3,3571.6701370442456
36.94190898311826,0.6,0.9000000000000001,29.999999999999996,20.0,280.0,300.0,AA2024-T3,AA2024-T3,3571.6701370442456
36.95527853403001,0.5,0.9000000000000001,24.999999999999996,20.0,120.00000000000001,300.0,AA2024-T3,AA2024-T3,7702.636767185941
36.95527853403001,0.5,0.8,24.999999999999996,20.0,120.00000000000001,300.0,AA2024-T3,AA2024-T3,7702.636767185941
36.957743187393454,0.6999999999999998,0.8,10.0,20.0,240.00000000000003,549.9999999999999,AA2024-T3,AA2024-T3,4477.772812923423
36.957743187393454,0.6999999999999998,0.9000000000000001,10.0,20.0,240.00000000000003,599.9999999999999,AA2024-T3,AA2024-T3,4477.772812923423
36.957743187393454,0.6999999999999998,0.9000000000000001,10.0,20.0,240.00000000000003,549.9999999999999,AA2024-T3,AA2024-T3,4477.772812923423
36.957743187393454,0.6999999999999998,0.8,10.0,20.0,240.00000000000003,599.9999999999999,AA2024-T3,AA2024-T3,4477.772812923423
37.00369904885606,0.6999999999999998,0.9000000000000001,10.0,20.0,280.0,499.99999999999994,AA2024-T3,AA2024-T3,3619.086429577763
37.00369904885606,0.6999999999999998,0.8,10.0,20.0,280.0,449.99999999999994,AA2024-T3,AA2024-T3,3619.086429577763
37.00369904885606,0.6999999999999998,0.9000000000000001,10.0,20.0,280.0,449.99999999999994,AA2024-T3,AA2024-T3,3619.086429577763
37.00369904885606,0.6999999999999998,0.8,10.0,20.0,280.0,499.99999999999994,AA2024-T3,AA2024-T3,3619.086429577763
37.01706859976781,0.6,0.9000000000000001,29.999999999999996,20.0,220.00000000000003,499.99999999999994,AA2024-T3,AA2024-T3,4811.8250536846635
37.01706859976781,0.6,0.9000000000000001,29.999999999999996,20.0,220.00000000000003,449.99999999999994,AA2024-T3,AA2024-T3,4811.8250536846635
37.01706859976781,0.6,0.8,29.999999999999996,20.0,220.00000000000003,449.99999999999994,AA2024-T3,AA2024-T3,4811.8250536846635
37.01706859976781,0.6,0.8,29.999999999999996,20.0,220.00000000000003,499.99999999999994,AA2024-T3,AA2024-T3,4811.8250536846635
37.05464840809258,0.6,0.8,14.999999999999998,20.0,100.0,700.0,AA2024-T3,AA2024-T3,614520.6158464311
37.05464840809258,0.6,0.8,14.999999999999998,20.0,100.0,649.9999999999999,AA2024-T3,AA2024-T3,614520.6158464311
37.05464840809258,0.6,0.9000000000000001,14.999999999999998,20.0,100.0,749.9999999999999,AA2024-T3,AA2024-T3,614520.6158464306
37.05464840809258,0.6,0.9000000000000001,14.999999999999998,20.0,100.0,700.0,AA2024-T3,AA2024-T3,14357.071851056344
37.05464840809258,0.6,0.8,14.999999999999998,20.0,100.0,749.9999999999999,AA2024-T3,AA2024-T3,614520.6158464311
37.05464840809258,0.6,0.9000000000000001,14.999999999999998,20.0,100.0,649.9999999999999,AA2024-T3,AA2024-T3,614520.6158464306
37.06801795900433,0.5,0.8,24.999999999999996,20.0,100.0,700.0,AA2024-T3,AA2024-T3,709788.5154834996
37.06801795900433,0.5,0.8,24.999999999999996,20.0,100.0,749.9999999999999,AA2024-T3,AA2024-T3,709788.5154834996
37.06801795900433,0.5,0.9000000000000001,24.999999999999996,20.0,100.0,749.9999999999999,AA2024-T3,AA2024-T3,709788.5154834996
37.06801795900433,0.5,0.9000000000000001,24.999999999999996,20.0,100.0,700.0,AA2024-T3,AA2024-T3,709788.5154834996
37.06801795900433,0.5,0.9000000000000001,24.999999999999996,20.0,100.0,649.9999999999999,AA2024-T3,AA2024-T3,709788.5154834996
37.06801795900433,0.5,0.8,24.999999999999996,20.0,100.0,649.9999999999999,AA2024-T3,AA2024-T3,709788.5154834996
37.084442700930836,0.6999999999999998,0.9000000000000001,10.0,20.0,200.0,700.0,AA2024-T3,AA2024-T3,5873.685236551039
37.084442700930836,0.6999999999999998,0.8,10.0,20.0,200.0,649.9999999999999,AA2024-T3,AA2024-T3,5873.685236551039
37.084442700930836,0.6999999999999998,0.8,10.0,20.0,200.0,749.9999999999999,AA2024-T3,AA2024-T3,5873.685236551039
37.084442700930836,0.6999999999999998,0.8,10.0,20.0,200.0,700.0,AA2024-T3,AA2024-T3,5873.685236551039
37.084442700930836,0.6999999999999998,0.9000000000000001,10.0,20.0,200.0,649.9999999999999,AA2024-T3,AA2024-T3,5873.685236551039
37.084442700930836,0.6999999999999998,0.9000000000000001,10.0,20.0,200.0,749.9999999999999,AA2024-T3,AA2024-T3,5873.685236551039
37.108980322693036,0.6,0.8,29.999999999999996,20.0,240.00000000000003,350.0,AA2024-T3,AA2024-T3,4310.96963530727
37.108980322693036,0.6,0.8,14.999999999999998,20.0,120.00000000000001,350.0,AA2024-T3,AA2024-T3,849647.2925602297
37.108980322693036,0.6,0.9000000000000001,29.999999999999996,20.0,240.00000000000003,350.0,AA2024-T3,AA2024-T3,4310.96963530727
37.108980322693036,0.6,0.9000000000000001,14.999999999999998,20.0,120.00000000000001,350.0,AA2024-T3,AA2024-T3,849647.2925602297
37.11118180275433,0.5,0.9000000000000001,29.999999999999996,20.0,120.00000000000001,700.0,AA2024-T3,AA2024-T3,8245.005903987583
37.11118180275433,0.5,0.9000000000000001,29.999999999999996,20.0,120.00000000000001,649.9999999999999,AA2024-T3,AA2024-T3,8245.005903987583
37.11118180275433,0.5,0.8,29.999999999999996,20.0,120.00000000000001,649.9999999999999,AA2024-T3,AA2024-T3,8245.005903987583
37.11118180275433,0.5,0.9000000000000001,29.999999999999996,20.0,120.00000000000001,749.9999999999999,AA2024-T3,AA2024-T3,8245.005903987583
37.11118180275433,0.5,0.8,29.999999999999996,20.0,120.00000000000001,700.0,AA2024-T3,AA2024-T3,8245.005903987583
37.11118180275433,0.5,0.8,29.999999999999996,20.0,120.00000000000001,749.9999999999999,AA2024-T3,AA2024-T3,8245.005903987583
37.11456435811826,0.6,0.8,20.0,20.0,180.00000000000003,300.0,AA2024-T3,AA2024-T3,5576.69870133964
37.11456435811826,0.6,0.9000000000000001,20.0,20.0,180.00000000000003,300.0,AA2024-T3,AA2024-T3,5576.69870133964
37.13039856239345,0.6999999999999998,0.9000000000000001,10.0,20.0,220.00000000000003,549.9999999999999,AA2024-T3,AA2024-T3,5078.947062645305
37.13039856239345,0.6999999999999998,0.9000000000000001,10.0,20.0,220.00000000000003,599.9999999999999,AA2024-T3,AA2024-T3,5078.947062645305
37.13039856239345,0.6999999999999998,0.8,10.0,20.0,220.00000000000003,549.9999999999999,AA2024-T3,AA2024-T3,5078.947062645305
37.13039856239345,0.6999999999999998,0.8,10.0,20.0,220.00000000000003,599.9999999999999,AA2024-T3,AA2024-T3,5078.947062645305
37.1437681133052,0.6,0.8,20.0,20.0,140.0,599.9999999999999,AA2024-T3,AA2024-T3,8211.419582440742
37.1437681133052,0.6,0.8,20.0,20.0,140.0,549.9999999999999,AA2024-T3,AA2024-T3,8211.419582440742
37.1437681133052,0.6,0.9000000000000001,20.0,20.0,140.0,599.9999999999999,AA2024-T3,AA2024-T3,8211.419582440742
37.1437681133052,0.6,0.9000000000000001,20.0,20.0,140.0,549.9999999999999,AA2024-T3,AA2024-T3,8211.419582440742
37.15772820186826,0.6,0.9000000000000001,24.999999999999996,20.0,220.00000000000003,300.0,AA2024-T3,AA2024-T3,4517.2075995062905
37.15772820186826,0.6,0.8,24.999999999999996,20.0,220.00000000000003,300.0,AA2024-T3,AA2024-T3,4517.20759950629
37.17635442385606,0.6999999999999998,0.8,10.0,20.0,260.0,499.99999999999994,AA2024-T3,AA2024-T3,4009.7715490159367
37.17635442385606,0.6999999999999998,0.8,10.0,20.0,260.0,449.99999999999994,AA2024-T3,AA2024-T3,4009.7715490159367
37.17635442385606,0.6999999999999998,0.9000000000000001,10.0,20.0,260.0,449.99999999999994,AA2024-T3,AA2024-T3,4009.7715490159367
37.17635442385606,0.6999999999999998,0.9000000000000001,10.0,20.0,260.0,499.99999999999994,AA2024-T3,AA2024-T3,4009.7715490159367
37.18413993934258,0.6,0.9000000000000001,29.999999999999996,20.0,200.0,649.9999999999999,AA2024-T3,AA2024-T3,5469.5277205935145
37.18413993934258,0.6,0.9000000000000001,29.999999999999996,20.0,200.0,700.0,AA2024-T3,AA2024-T3,5469.5277205935145
37.18413993934258,0.6,0.8,29.999999999999996,20.0,200.0,649.9999999999999,AA2024-T3,AA2024-T3,5469.5277205935145
37.18413993934258,0.6,0.9000000000000001,29.999999999999996,20.0,200.0,749.9999999999999,AA2024-T3,AA2024-T3,5469.5277205935145
37.18413993934258,0.6,0.8,29.999999999999996,20.0,200.0,749.9999999999999,AA2024-T3,AA2024-T3,5469.5277205935145
37.18413993934258,0.6,0.8,29.999999999999996,20.0,200.0,700.0,AA2024-T3,AA2024-T3,5469.5277205935145
37.19530801019303,0.6,0.8,20.0,20.0,160.00000000000003,350.0,AA2024-T3,AA2024-T3,6639.933187169022
37.19530801019303,0.6,0.9000000000000001,20.0,20.0,160.00000000000003,350.0,AA2024-T3,AA2024-T3,6639.933187169022
37.19530801019303,0.6,0.8,24.999999999999996,20.0,200.0,350.0,AA2024-T3,AA2024-T3,5141.593428736659
37.19530801019303,0.6,0.9000000000000001,24.999999999999996,20.0,200.0,350.0,AA2024-T3,AA2024-T3,5141.59342873666
37.23288781851781,0.6,0.9000000000000001,24.999999999999996,20.0,180.00000000000003,449.99999999999994,AA2024-T3,AA2024-T3,5940.48832282887
37.23288781851781,0.6,0.9000000000000001,24.999999999999996,20.0,180.00000000000003,499.99999999999994,AA2024-T3,AA2024-T3,5940.48832282887
37.23288781851781,0.6,0.8,24.999999999999996,20.0,180.00000000000003,499.99999999999994,AA2024-T3,AA2024-T3,5940.488322828869
37.23288781851781,0.6,0.8,24.999999999999996,20.0,180.00000000000003,449.99999999999994,AA2024-T3,AA2024-T3,5940.488322828869
37.257098075930834,0.6999999999999998,0.8,14.999999999999998,20.0,280.0,749.9999999999999,AA2024-T3,AA2024-T3,3852.2948163251585
37.257098075930834,0.6999999999999998,0.8,14.999999999999998,20.0,280.0,649.9999999999999,AA2024-T3,AA2024-T3,3852.2948163251585
37.257098075930834,0.6999999999999998,0.9000000000000001,14.999999999999998,20.0,280.0,700.0,AA2024-T3,AA2024-T3,3159.0914796039947
37.257098075930834,0.6999999999999998,0.9000000000000001,14.999999999999998,20.0,280.0,649.9999999999999,AA2024-T3,AA2024-T3,3852.2948163251576
37.257098075930834,0.6999999999999998,0.9000000000000001,14.999999999999998,20.0,280.0,749.9999999999999,AA2024-T3,AA2024-T3,3852.2948163251576
37.257098075930834,0.6999999999999998,0.8,14.999999999999998,20.0,280.0,700.0,AA2024-T3,AA2024-T3,3852.2948163251585
37.262682111356064,0.6999999999999998,0.9000000000000001,10.0,20.0,240.00000000000003,499.99999999999994,AA2024-T3,AA2024-T3,4477.772812923423
37.262682111356064,0.6999999999999998,0.8,10.0,20.0,240.00000000000003,499.99999999999994,AA2024-T3,AA2024-T3,4477.772812923423
37.262682111356064,0.6999999999999998,0.8,10.0,20.0,240.00000000000003,449.99999999999994,AA2024-T3,AA2024-T3,4477.772812923423
37.262682111356064,0.6999999999999998,0.9000000000000001,10.0,20.0,240.00000000000003,449.99999999999994,AA2024-T3,AA2024-T3,4477.772812923423
37.30863797281868,0.6999999999999998,0.8,10.0,20.0,280.0,399.99999999999994,AA2024-T3,AA2024-T3,3619.086429577763
37.30863797281868,0.6999999999999998,0.9000000000000001,10.0,20.0,280.0,399.99999999999994,AA2024-T3,AA2024-T3,3619.086429577763
37.32200752373042,0.6,0.9000000000000001,29.999999999999996,20.0,220.00000000000003,399.99999999999994,AA2024-T3,AA2024-T3,4811.8250536846635
37.32200752373042,0.6,0.8,29.999999999999996,20.0,220.00000000000003,399.99999999999994,AA2024-T3,AA2024-T3,4811.8250536846635
37.34342576343084,0.6999999999999998,0.8,10.0,20.0,180.00000000000003,700.0,AA2024-T3,AA2024-T3,6949.482254730752
37.34342576343084,0.6999999999999998,0.8,10.0,20.0,180.00000000000003,649.9999999999999,AA2024-T3,AA2024-T3,6949.482254730752
37.34342576343084,0.6999999999999998,0.9000000000000001,10.0,20.0,180.00000000000003,700.0,AA2024-T3,AA2024-T3,6949.482254730752
37.34342576343084,0.6999999999999998,0.8,10.0,20.0,180.00000000000003,749.9999999999999,AA2024-T3,AA2024-T3,6949.482254730752
37.34342576343084,0.6999999999999998,0.9000000000000001,10.0,20.0,180.00000000000003,749.9999999999999,AA2024-T3,AA2024-T3,6949.482254730752
37.34342576343084,0.6999999999999998,0.9000000000000001,10.0,20.0,180.00000000000003,649.9999999999999,AA2024-T3,AA2024-T3,6949.482254730752
37.3595873320552,0.6,0.9000000000000001,14.999999999999998,20.0,100.0,549.9999999999999,AA2024-T3,AA2024-T3,614520.6158464306
37.3595873320552,0.6,0.9000000000000001,14.999999999999998,20.0,100.0,599.9999999999999,AA2024-T3,AA2024-T3,614520.6158464306
37.3595873320552,0.6,0.8,14.999999999999998,20.0,100.0,549.9999999999999,AA2024-T3,AA2024-T3,614520.6158464311
37.3595873320552,0.6,0.8,14.999999999999998,20.0,100.0,599.9999999999999,AA2024-T3,AA2024-T3,614520.6158464311
37.372956882966946,0.5,0.8,24.999999999999996,20.0,100.0,599.9999999999999,AA2024-T3,AA2024-T3,709788.5154834996
37.372956882966946,0.5,0.9000000000000001,24.999999999999996,20.0,100.0,549.9999999999999,AA2024-T3,AA2024-T3,709788.5154834996
37.372956882966946,0.5,0.9000000000000001,24.999999999999996,20.0,100.0,599.9999999999999,AA2024-T3,AA2024-T3,709788.5154834996
37.372956882966946,0.5,0.8,24.999999999999996,20.0,100.0,549.9999999999999,AA2024-T3,AA2024-T3,709788.5154834996
37.38691697153001,0.5,0.8,29.999999999999996,20.0,140.0,300.0,AA2024-T3,AA2024-T3,6638.753861826753
37.38691697153001,0.5,0.9000000000000001,29.999999999999996,20.0,140.0,300.0,AA2024-T3,AA2024-T3,6638.753861826753
37.38938162489345,0.6999999999999998,0.9000000000000001,10.0,20.0,200.0,549.9999999999999,AA2024-T3,AA2024-T3,5873.685236551039
37.38938162489345,0.6999999999999998,0.8,10.0,20.0,200.0,599.9999999999999,AA2024-T3,AA2024-T3,5873.685236551039
37.38938162489345,0.6999999999999998,0.9000000000000001,10.0,20.0,200.0,599.9999999999999,AA2024-T3,AA2024-T3,5873.685236551039
37.38938162489345,0.6999999999999998,0.8,10.0,20.0,200.0,549.9999999999999,AA2024-T3,AA2024-T3,5873.685236551039
37.41612072671694,0.5,0.9000000000000001,29.999999999999996,20.0,120.00000000000001,549.9999999999999,AA2024-T3,AA2024-T3,8245.005903987583
37.41612072671694,0.5,0.8,29.999999999999996,20.0,120.00000000000001,599.9999999999999,AA2024-T3,AA2024-T3,8245.005903987583
37.41612072671694,0.5,0.8,29.999999999999996,20.0,120.00000000000001,549.9999999999999,AA2024-T3,AA2024-T3,8245.005903987583
37.41612072671694,0.5,0.9000000000000001,29.999999999999996,20.0,120.00000000000001,599.9999999999999,AA2024-T3,AA2024-T3,8245.005903987583
37.43533748635606,0.6999999999999998,0.8,10.0,20.0,220.00000000000003,499.99999999999994,AA2024-T3,AA2024-T3,5078.947062645305
37.43533748635606,0.6999999999999998,0.9000000000000001,10.0,20.0,220.00000000000003,449.99999999999994,AA2024-T3,AA2024-T3,5078.947062645305
37.43533748635606,0.6999999999999998,0.9000000000000001,10.0,20.0,220.00000000000003,499.99999999999994,AA2024-T3,AA2024-T3,5078.947062645305
37.43533748635606,0.6999999999999998,0.8,10.0,20.0,220.00000000000003,449.99999999999994,AA2024-T3,AA2024-T3,5078.947062645305
37.44870703726781,0.6,0.9000000000000001,20.0,20.0,140.0,449.99999999999994,AA2024-T3,AA2024-T3,8211.419582440742
37.44870703726781,0.6,0.8,20.0,20.0,140.0,449.99999999999994,AA2024-T3,AA2024-T3,8211.419582440742
37.44870703726781,0.6,0.8,20.0,20.0,140.0,499.99999999999994,AA2024-T3,AA2024-T3,8211.419582440742
37.44870703726781,0.6,0.9000000000000001,20.0,20.0,140.0,499.99999999999994,AA2024-T3,AA2024-T3,8211.419582440742
37.45987510811826,0.6,0.9000000000000001,29.999999999999996,20.0,260.0,300.0,AA2024-T3,AA2024-T3,3925.627102009562
37.45987510811826,0.6,0.8,29.999999999999996,20.0,260.0,300.0,AA2024-T3,AA2024-T3,3925.627102009562
37.48129334781868,0.6999999999999998,0.8,10.0,20.0,260.0,399.99999999999994,AA2024-T3,AA2024-T3,4009.7715490159367
37.48129334781868,0.6999999999999998,0.9000000000000001,10.0,20.0,260.0,399.99999999999994,AA2024-T3,AA2024-T3,4009.7715490159367
37.48628684559258,0.6,0.9000000000000001,24.999999999999996,20.0,160.00000000000003,700.0,AA2024-T3,AA2024-T3,7050.951066798912
37.48628684559258,0.6,0.9000000000000001,24.999999999999996,20.0,160.00000000000003,749.9999999999999,AA2024-T3,AA2024-T3,7050.951066798912
37.48628684559258,0.6,0.9000000000000001,24.999999999999996,20.0,160.00000000000003,649.9999999999999,AA2024-T3,AA2024-T3,7050.951066798912
37.48628684559258,0.6,0.8,24.999999999999996,20.0,160.00000000000003,749.9999999999999,AA2024-T3,AA2024-T3,7050.951066798911
37.48628684559258,0.6,0.8,24.999999999999996,20.0,160.00000000000003,700.0,AA2024-T3,AA2024-T3,7050.951066798911
37.48628684559258,0.6,0.8,24.999999999999996,20.0,160.00000000000003,649.9999999999999,AA2024-T3,AA2024-T3,7050.951066798911
37.489078863305195,0.6,0.9000000000000001,29.999999999999996,20.0,200.0,549.9999999999999,AA2024-T3,AA2024-T3,5469.5277205935145
37.489078863305195,0.6,0.8,29.999999999999996,20.0,200.0,599.9999999999999,AA2024-T3,AA2024-T3,5469.5277205935145
37.489078863305195,0.6,0.8,29.999999999999996,20.0,200.0,549.9999999999999,AA2024-T3,AA2024-T3,5469.5277205935145
37.489078863305195,0.6,0.9000000000000001,29.999999999999996,20.0,200.0,599.9999999999999,AA2024-T3,AA2024-T3,5469.5277205935145
37.516081138430835,0.6999999999999998,0.9000000000000001,14.999999999999998,20.0,260.0,749.9999999999999,AA2024-T3,AA2024-T3,4263.696542474821
37.516081138430835,0.6999999999999998,0.8,14.999999999999998,20.0,260.0,700.0,AA2024-T3,AA2024-T3,4263.696542474822
37.516081138430835,0.6999999999999998,0.9000000000000001,14.999999999999998,20.0,260.0,649.9999999999999,AA2024-T3,AA2024-T3,4263.696542474821
37.516081138430835,0.6999999999999998,0.8,14.999999999999998,20.0,260.0,749.9999999999999,AA2024-T3,AA2024-T3,4263.696542474822
37.516081138430835,0.6999999999999998,0.8,14.999999999999998,20.0,260.0,649.9999999999999,AA2024-T3,AA2024-T3,4263.696542474822
37.516081138430835,0.6999999999999998,0.9000000000000001,14.999999999999998,20.0,260.0,700.0,AA2024-T3,AA2024-T3,3540.5897134132524
37.53782674248042,0.6,0.9000000000000001,24.999999999999996,20.0,180.00000000000003,399.99999999999994,AA2024-T3,AA2024-T3,5940.48832282887
37.53782674248042,0.6,0.8,24.999999999999996,20.0,180.00000000000003,399.99999999999994,AA2024-T3,AA2024-T3,5940.488322828869
37.56203699989345,0.6999999999999998,0.9000000000000001,14.999999999999998,20.0,280.0,549.9999999999999,AA2024-T3,AA2024-T3,3852.2948163251576
37.56203699989345,0.6999999999999998,0.8,14.999999999999998,20.0,280.0,549.9999999999999,AA2024-T3,AA2024-T3,3852.2948163251585
37.56203699989345,0.6999999999999998,0.8,14.999999999999998,20.0,280.0,599.9999999999999,AA2024-T3,AA2024-T3,3852.2948163251585
37.56203699989345,0.6999999999999998,0.9000000000000001,14.999999999999998,20.0,280.0,599.9999999999999,AA2024-T3,AA2024-T3,3852.2948163251576
37.56762103531868,0.6999999999999998,0.8,10.0,20.0,240.00000000000003,399.99999999999994,AA2024-T3,AA2024-T3,4477.772812923423
37.56762103531868,0.6999999999999998,0.9000000000000001,10.0,20.0,240.00000000000003,399.99999999999994,AA2024-T3,AA2024-T3,4477.772812923423
37.61357689678129,0.6999999999999998,0.9000000000000001,10.0,20.0,280.0,350.0,AA2024-T3,AA2024-T3,3619.086429577763
37.61357689678129,0.6999999999999998,0.8,10.0,20.0,280.0,350.0,AA2024-T3,AA2024-T3,3619.086429577763
37.62694644769304,0.6,0.9000000000000001,29.999999999999996,20.0,220.00000000000003,350.0,AA2024-T3,AA2024-T3,4811.8250536846635
37.62694644769304,0.6,0.8,29.999999999999996,20.0,220.00000000000003,350.0,AA2024-T3,AA2024-T3,4811.8250536846635
37.64557266968083,0.6999999999999998,0.9000000000000001,14.999999999999998,20.0,240.00000000000003,700.0,AA2024-T3,AA2024-T3,4004.801083112494
37.64557266968083,0.6999999999999998,0.8,14.999999999999998,20.0,240.00000000000003,649.9999999999999,AA2024-T3,AA2024-T3,4748.294371203416
37.64557266968083,0.6999999999999998,0.9000000000000001,14.999999999999998,20.0,240.00000000000003,749.9999999999999,AA2024-T3,AA2024-T3,4748.294371203416
37.64557266968083,0.6999999999999998,0.9000000000000001,14.999999999999998,20.0,240.00000000000003,649.9999999999999,AA2024-T3,AA2024-T3,4748.294371203416
37.64557266968083,0.6999999999999998,0.8,14.999999999999998,20.0,240.00000000000003,700.0,AA2024-T3,AA2024-T3,4748.294371203416
37.64557266968083,0.6999999999999998,0.8,14.999999999999998,20.0,240.00000000000003,749.9999999999999,AA2024-T3,AA2024-T3,4748.294371203416
37.64836468739345,0.6999999999999998,0.9000000000000001,10.0,20.0,180.00000000000003,599.9999999999999,AA2024-T3,AA2024-T3,6949.482254730752
37.64836468739345,0.6999999999999998,0.8,10.0,20.0,180.00000000000003,599.9999999999999,AA2024-T3,AA2024-T3,6949.482254730752
37.64836468739345,0.6999999999999998,0.8,10.0,20.0,180.00000000000003,549.9999999999999,AA2024-T3,AA2024-T3,6949.482254730752
37.64836468739345,0.6999999999999998,0.9000000000000001,10.0,20.0,180.00000000000003,549.9999999999999,AA2024-T3,AA2024-T3,6949.482254730752
37.66452625601781,0.6,0.8,14.999999999999998,20.0,100.0,499.99999999999994,AA2024-T3,AA2024-T3,614520.6158464311
37.66452625601781,0.6,0.9000000000000001,14.999999999999998,20.0,100.0,499.99999999999994,AA2024-T3,AA2024-T3,614520.6158464306
37.66452625601781,0.6,0.9000000000000001,14.999999999999998,20.0,100.0,449.99999999999994,AA2024-T3,AA2024-T3,614520.6158464306
37.66452625601781,0.6,0.8,14.999999999999998,20.0,100.0,449.99999999999994,AA2024-T3,AA2024-T3,614520.6158464311
37.677895806929556,0.5,0.8,24.999999999999996,20.0,100.0,449.99999999999994,AA2024-T3,AA2024-T3,709788.5154834996
37.677895806929556,0.5,0.9000000000000001,24.999999999999996,20.0,100.0,449.99999999999994,AA2024-T3,AA2024-T3,709788.5154834996
37.677895806929556,0.5,0.8,24.999999999999996,20.0,100.0,499.99999999999994,AA2024-T3,AA2024-T3,709788.5154834996
37.677895806929556,0.5,0.9000000000000001,24.999999999999996,20.0,100.0,499.99999999999994,AA2024-T3,AA2024-T3,709788.5154834996
37.68873651343083,0.6999999999999998,0.9000000000000001,10.0,20.0,160.00000000000003,649.9999999999999,AA2024-T3,AA2024-T3,8514.975187387761
37.68873651343083,0.6999999999999998,0.9000000000000001,10.0,20.0,160.00000000000003,700.0,AA2024-T3,AA2024-T3,8514.975187387761
37.68873651343083,0.6999999999999998,0.8,10.0,20.0,160.00000000000003,700.0,AA2024-T3,AA2024-T3,8514.975187387761
37.68873651343083,0.6999999999999998,0.9000000000000001,10.0,20.0,160.00000000000003,749.9999999999999,AA2024-T3,AA2024-T3,8514.975187387761
37.68873651343083,0.6999999999999998,0.8,10.0,20.0,160.00000000000003,749.9999999999999,AA2024-T3,AA2024-T3,8514.975187387761
37.68873651343083,0.6999999999999998,0.8,10.0,20.0,160.00000000000003,649.9999999999999,AA2024-T3,AA2024-T3,8514.975187387761
37.69432054885606,0.6999999999999998,0.9000000000000001,10.0,20.0,200.0,499.99999999999994,AA2024-T3,AA2024-T3,5873.685236551039
37.69432054885606,0.6999999999999998,0.9000000000000001,10.0,20.0,200.0,449.99999999999994,AA2024-T3,AA2024-T3,5873.685236551039
37.69432054885606,0.6999999999999998,0.8,10.0,20.0,200.0,499.99999999999994,AA2024-T3,AA2024-T3,5873.685236551039
37.69432054885606,0.6999999999999998,0.8,10.0,20.0,200.0,449.99999999999994,AA2024-T3,AA2024-T3,5873.685236551039
37.71885817061826,0.6,0.8,29.999999999999996,20.0,240.00000000000003,300.0,AA2024-T3,AA2024-T3,4310.96963530727
37.71885817061826,0.6,0.9000000000000001,29.999999999999996,20.0,240.00000000000003,300.0,AA2024-T3,AA2024-T3,4310.96963530727
37.71885817061826,0.6,0.9000000000000001,14.999999999999998,20.0,120.00000000000001,300.0,AA2024-T3,AA2024-T3,849647.2925602297
37.71885817061826,0.6,0.8,14.999999999999998,20.0,120.00000000000001,300.0,AA2024-T3,AA2024-T3,849647.2925602297
37.72105965067956,0.5,0.9000000000000001,29.999999999999996,20.0,120.00000000000001,449.99999999999994,AA2024-T3,AA2024-T3,8245.005903987583
37.72105965067956,0.5,0.9000000000000001,29.999999999999996,20.0,120.00000000000001,499.99999999999994,AA2024-T3,AA2024-T3,8245.005903987583
37.72105965067956,0.5,0.8,29.999999999999996,20.0,120.00000000000001,499.99999999999994,AA2024-T3,AA2024-T3,8245.005903987583
37.72105965067956,0.5,0.8,29.999999999999996,20.0,120.00000000000001,449.99999999999994,AA2024-T3,AA2024-T3,8245.005903987583
37.74027641031868,0.6999999999999998,0.8,10.0,20.0,220.00000000000003,399.99999999999994,AA2024-T3,AA2024-T3,5078.947062645305
37.74027641031868,0.6999999999999998,0.9000000000000001,10.0,20.0,220.00000000000003,399.99999999999994,AA2024-T3,AA2024-T3,5078.947062645305
37.75364596123042,0.6,0.9000000000000001,20.0,20.0,140.0,399.99999999999994,AA2024-T3,AA2024-T3,8211.419582440742
37.75364596123042,0.6,0.8,20.0,20.0,140.0,399.99999999999994,AA2024-T3,AA2024-T3,8211.419582440742
37.78623227178129,0.6999999999999998,0.8,10.0,20.0,260.0,350.0,AA2024-T3,AA2024-T3,4009.7715490159367
37.78623227178129,0.6999999999999998,0.9000000000000001,10.0,20.0,260.0,350.0,AA2024-T3,AA2024-T3,4009.7715490159367
37.7912257695552,0.6,0.8,24.999999999999996,20.0,160.00000000000003,599.9999999999999,AA2024-T3,AA2024-T3,7050.951066798911
37.7912257695552,0.6,0.9000000000000001,24.999999999999996,20.0,160.00000000000003,549.9999999999999,AA2024-T3,AA2024-T3,7050.951066798912
37.7912257695552,0.6,0.9000000000000001,24.999999999999996,20.0,160.00000000000003,599.9999999999999,AA2024-T3,AA2024-T3,7050.951066798912
37.7912257695552,0.6,0.8,24.999999999999996,20.0,160.00000000000003,549.9999999999999,AA2024-T3,AA2024-T3,7050.951066798911
37.794017787267805,0.6,0.9000000000000001,29.999999999999996,20.0,200.0,499.99999999999994,AA2024-T3,AA2024-T3,5469.5277205935145
37.794017787267805,0.6,0.8,29.999999999999996,20.0,200.0,499.99999999999994,AA2024-T3,AA2024-T3,5469.5277205935145
37.794017787267805,0.6,0.8,29.999999999999996,20.0,200.0,449.99999999999994,AA2024-T3,AA2024-T3,5469.5277205935145
37.794017787267805,0.6,0.9000000000000001,29.999999999999996,20.0,200.0,449.99999999999994,AA2024-T3,AA2024-T3,5469.5277205935145
37.805185858118264,0.6,0.9000000000000001,20.0,20.0,160.00000000000003,300.0,AA2024-T3,AA2024-T3,6639.933187169022
37.805185858118264,0.6,0.9000000000000001,24.999999999999996,20.0,200.0,300.0,AA2024-T3,AA2024-T3,5141.59342873666
37.805185858118264,0.6,0.8,24.999999999999996,20.0,200.0,300.0,AA2024-T3,AA2024-T3,5141.593428736659
37.805185858118264,0.6,0.8,20.0,20.0,160.00000000000003,300.0,AA2024-T3,AA2024-T3,6639.933187169022
37.82102006239345,0.6999999999999998,0.8,14.999999999999998,20.0,260.0,549.9999999999999,AA2024-T3,AA2024-T3,4263.696542474822
37.82102006239345,0.6999999999999998,0.8,14.999999999999998,20.0,260.0,599.9999999999999,AA2024-T3,AA2024-T3,4263.696542474822
37.82102006239345,0.6999999999999998,0.9000000000000001,14.999999999999998,20.0,260.0,599.9999999999999,AA2024-T3,AA2024-T3,4263.696542474821
37.82102006239345,0.6999999999999998,0.9000000000000001,14.999999999999998,20.0,260.0,549.9999999999999,AA2024-T3,AA2024-T3,4263.696542474821
37.842765666443036,0.6,0.9000000000000001,24.999999999999996,20.0,180.00000000000003,350.0,AA2024-T3,AA2024-T3,5940.48832282887
37.842765666443036,0.6,0.8,24.999999999999996,20.0,180.00000000000003,350.0,AA2024-T3,AA2024-T3,5940.488322828869
37.86697592385606,0.6999999999999998,0.8,14.999999999999998,20.0,280.0,449.99999999999994,AA2024-T3,AA2024-T3,3852.2948163251585
37.86697592385606,0.6999999999999998,0.8,14.999999999999998,20.0,280.0,499.99999999999994,AA2024-T3,AA2024-T3,3852.2948163251585
37.86697592385606,0.6999999999999998,0.9000000000000001,14.999999999999998,20.0,280.0,449.99999999999994,AA2024-T3,AA2024-T3,3852.2948163251576
37.86697592385606,0.6999999999999998,0.9000000000000001,14.999999999999998,20.0,280.0,499.99999999999994,AA2024-T3,AA2024-T3,3852.2948163251576
37.87255995928129,0.6999999999999998,0.9000000000000001,10.0,20.0,240.00000000000003,350.0,AA2024-T3,AA2024-T3,4477.772812923423
37.87255995928129,0.6999999999999998,0.8,10.0,20.0,240.00000000000003,350.0,AA2024-T3,AA2024-T3,4477.772812923423
37.874761439342585,0.6,0.8,20.0,20.0,120.00000000000001,749.9999999999999,AA2024-T3,AA2024-T3,850434.3009853823
37.874761439342585,0.6,0.8,20.0,20.0,120.00000000000001,700.0,AA2024-T3,AA2024-T3,850434.3009853823
37.874761439342585,0.6,0.9000000000000001,20.0,20.0,120.00000000000001,749.9999999999999,AA2024-T3,AA2024-T3,850434.3009853823
37.874761439342585,0.6,0.9000000000000001,20.0,20.0,120.00000000000001,700.0,AA2024-T3,AA2024-T3,850434.3009853823
37.874761439342585,0.6,0.8,20.0,20.0,120.00000000000001,649.9999999999999,AA2024-T3,AA2024-T3,850434.3009853823
37.874761439342585,0.6,0.9000000000000001,20.0,20.0,120.00000000000001,649.9999999999999,AA2024-T3,AA2024-T3,850434.3009853823
37.90455573218083,0.6999999999999998,0.8,14.999999999999998,20.0,220.00000000000003,749.9999999999999,AA2024-T3,AA2024-T3,5373.552468690064
37.90455573218083,0.6999999999999998,0.9000000000000001,14.999999999999998,20.0,220.00000000000003,700.0,AA2024-T3,AA2024-T3,4623.486034704506
37.90455573218083,0.6999999999999998,0.8,14.999999999999998,20.0,220.00000000000003,700.0,AA2024-T3,AA2024-T3,5373.552468690064
37.90455573218083,0.6999999999999998,0.8,14.999999999999998,20.0,220.00000000000003,649.9999999999999,AA2024-T3,AA2024-T3,5373.552468690064
37.90455573218083,0.6999999999999998,0.9000000000000001,14.999999999999998,20.0,220.00000000000003,749.9999999999999,AA2024-T3,AA2024-T3,5373.5524686900635
37.90455573218083,0.6999999999999998,0.9000000000000001,14.999999999999998,20.0,220.00000000000003,649.9999999999999,AA2024-T3,AA2024-T3,5373.5524686900635
37.95051159364345,0.6999999999999998,0.9000000000000001,14.999999999999998,20.0,240.00000000000003,599.9999999999999,AA2024-T3,AA2024-T3,4748.294371203416
37.95051159364345,0.6999999999999998,0.8,14.999999999999998,20.0,240.00000000000003,599.9999999999999,AA2024-T3,AA2024-T3,4748.294371203416
37.95051159364345,0.6999999999999998,0.8,14.999999999999998,20.0,240.00000000000003,549.9999999999999,AA2024-T3,AA2024-T3,4748.294371203416
37.95051159364345,0.6999999999999998,0.9000000000000001,14.999999999999998,20.0,240.00000000000003,549.9999999999999,AA2024-T3,AA2024-T3,4748.294371203416
37.95330361135606,0.6999999999999998,0.9000000000000001,10.0,20.0,180.00000000000003,449.99999999999994,AA2024-T3,AA2024-T3,6949.482254730752
37.95330361135606,0.6999999999999998,0.9000000000000001,10.0,20.0,180.00000000000003,499.99999999999994,AA2024-T3,AA2024-T3,6949.482254730752
37.95330361135606,0.6999999999999998,0.8,10.0,20.0,180.00000000000003,449.99999999999994,AA2024-T3,AA2024-T3,6949.482254730752
37.95330361135606,0.6999999999999998,0.8,10.0,20.0,180.00000000000003,499.99999999999994,AA2024-T3,AA2024-T3,6949.482254730752
37.96108912684258,0.6,0.8,29.999999999999996,20.0,180.00000000000003,700.0,AA2024-T3,AA2024-T3,6304.4196717490995
37.96108912684258,0.6,0.8,29.999999999999996,20.0,180.00000000000003,749.9999999999999,AA2024-T3,AA2024-T3,6304.4196717490995
37.96108912684258,0.6,0.8,29.999999999999996,20.0,180.00000000000003,649.9999999999999,AA2024-T3,AA2024-T3,6304.4196717490995
37.96108912684258,0.6,0.9000000000000001,29.999999999999996,20.0,180.00000000000003,649.9999999999999,AA2024-T3,AA2024-T3,6304.4196717490995
37.96108912684258,0.6,0.9000000000000001,29.999999999999996,20.0,180.00000000000003,700.0,AA2024-T3,AA2024-T3,6304.4196717490995
37.96108912684258,0.6,0.9000000000000001,29.999999999999996,20.0,180.00000000000003,749.9999999999999,AA2024-T3,AA2024-T3,6304.4196717490995
37.96946517998042,0.6,0.8,14.999999999999998,20.0,100.0,399.99999999999994,AA2024-T3,AA2024-T3,614520.6158464311
37.96946517998042,0.6,0.9000000000000001,14.999999999999998,20.0,100.0,399.99999999999994,AA2024-T3,AA2024-T3,614520.6158464306
37.982834730892165,0.5,0.9000000000000001,24.999999999999996,20.0,100.0,399.99999999999994,AA2024-T3,AA2024-T3,709788.5154834996
37.982834730892165,0.5,0.8,24.999999999999996,20.0,100.0,399.99999999999994,AA2024-T3,AA2024-T3,709788.5154834996
37.99367543739345,0.6999999999999998,0.9000000000000001,10.0,20.0,160.00000000000003,599.9999999999999,AA2024-T3,AA2024-T3,8514.975187387761
37.99367543739345,0.6999999999999998,0.9000000000000001,10.0,20.0,160.00000000000003,549.9999999999999,AA2024-T3,AA2024-T3,8514.975187387761
37.99367543739345,0.6999999999999998,0.8,10.0,20.0,160.00000000000003,599.9999999999999,AA2024-T3,AA2024-T3,8514.975187387761
37.99367543739345,0.6999999999999998,0.8,10.0,20.0,160.00000000000003,549.9999999999999,AA2024-T3,AA2024-T3,8514.975187387761
37.99925947281868,0.6999999999999998,0.9000000000000001,10.0,20.0,200.0,399.99999999999994,AA2024-T3,AA2024-T3,5873.685236551039
37.99925947281868,0.6999999999999998,0.8,10.0,20.0,200.0,399.99999999999994,AA2024-T3,AA2024-T3,5873.685236551039
38.025998574642166,0.5,0.8,29.999999999999996,20.0,120.00000000000001,399.99999999999994,AA2024-T3,AA2024-T3,8245.005903987583
38.025998574642166,0.5,0.9000000000000001,29.999999999999996,20.0,120.00000000000001,399.99999999999994,AA2024-T3,AA2024-T3,8245.005903987583
38.04521533428129,0.6999999999999998,0.8,10.0,20.0,220.00000000000003,350.0,AA2024-T3,AA2024-T3,5078.947062645305
38.04521533428129,0.6999999999999998,0.9000000000000001,10.0,20.0,220.00000000000003,350.0,AA2024-T3,AA2024-T3,5078.947062645305
38.058584885193035,0.6,0.8,20.0,20.0,140.0,350.0,AA2024-T3,AA2024-T3,8211.419582440742
38.058584885193035,0.6,0.9000000000000001,20.0,20.0,140.0,350.0,AA2024-T3,AA2024-T3,8211.419582440742
38.09616469351781,0.6,0.8,24.999999999999996,20.0,160.00000000000003,449.99999999999994,AA2024-T3,AA2024-T3,7050.951066798911
38.09616469351781,0.6,0.9000000000000001,24.999999999999996,20.0,160.00000000000003,499.99999999999994,AA2024-T3,AA2024-T3,7050.951066798912
38.09616469351781,0.6,0.9000000000000001,24.999999999999996,20.0,160.00000000000003,449.99999999999994,AA2024-T3,AA2024-T3,7050.951066798912
38.09616469351781,0.6,0.8,24.999999999999996,20.0,160.00000000000003,499.99999999999994,AA2024-T3,AA2024-T3,7050.951066798911
38.09895671123042,0.6,0.8,29.999999999999996,20.0,200.0,399.99999999999994,AA2024-T3,AA2024-T3,5469.5277205935145
38.09895671123042,0.6,0.9000000000000001,29.999999999999996,20.0,200.0,399.99999999999994,AA2024-T3,AA2024-T3,5469.5277205935145
38.12037495093084,0.6999999999999998,0.8,10.0,20.0,140.0,649.9999999999999,AA2024-T3,AA2024-T3,991133.0641555425
38.12037495093084,0.6999999999999998,0.8,10.0,20.0,140.0,700.0,AA2024-T3,AA2024-T3,991133.0641555425
38.12037495093084,0.6999999999999998,0.9000000000000001,20.0,20.0,280.0,649.9999999999999,AA2024-T3,AA2024-T3,4085.630815395686
38.12037495093084,0.6999999999999998,0.9000000000000001,20.0,20.0,280.0,749.9999999999999,AA2024-T3,AA2024-T3,4085.630815395686
38.12037495093084,0.6999999999999998,0.9000000000000001,10.0,20.0,140.0,749.9999999999999,AA2024-T3,AA2024-T3,991133.0641555425
38.12037495093084,0.6999999999999998,0.9000000000000001,10.0,20.0,140.0,649.9999999999999,AA2024-T3,AA2024-T3,991133.0641555425
38.12037495093084,0.6999999999999998,0.9000000000000001,10.0,20.0,140.0,700.0,AA2024-T3,AA2024-T3,991133.0641555425
38.12037495093084,0.6999999999999998,0.9000000000000001,20.0,20.0,280.0,700.0,AA2024-T3,AA2024-T3,4085.630815395686
38.12037495093084,0.6999999999999998,0.8,10.0,20.0,140.0,749.9999999999999,AA2024-T3,AA2024-T3,991133.0641555425
38.12037495093084,0.6999999999999998,0.8,20.0,20.0,280.0,749.9999999999999,AA2024-T3,AA2024-T3,4085.630815395686
38.12037495093084,0.6999999999999998,0.8,20.0,20.0,280.0,700.0,AA2024-T3,AA2024-T3,4085.630815395686
38.12037495093084,0.6999999999999998,0.8,20.0,20.0,280.0,649.9999999999999,AA2024-T3,AA2024-T3,4085.630815395686
38.12595898635606,0.6999999999999998,0.8,14.999999999999998,20.0,260.0,499.99999999999994,AA2024-T3,AA2024-T3,4263.696542474822
38.12595898635606,0.6999999999999998,0.8,14.999999999999998,20.0,260.0,449.99999999999994,AA2024-T3,AA2024-T3,4263.696542474822
38.12595898635606,0.6999999999999998,0.9000000000000001,14.999999999999998,20.0,260.0,449.99999999999994,AA2024-T3,AA2024-T3,4263.696542474821
38.12595898635606,0.6999999999999998,0.9000000000000001,14.999999999999998,20.0,260.0,499.99999999999994,AA2024-T3,AA2024-T3,4263.696542474821
38.17191484781868,0.6999999999999998,0.8,14.999999999999998,20.0,280.0,399.99999999999994,AA2024-T3,AA2024-T3,3852.2948163251585
38.17191484781868,0.6999999999999998,0.9000000000000001,14.999999999999998,20.0,280.0,399.99999999999994,AA2024-T3,AA2024-T3,3852.2948163251576
38.179700363305194,0.6,0.8,20.0,20.0,120.00000000000001,549.9999999999999,AA2024-T3,AA2024-T3,850434.3009853823
38.179700363305194,0.6,0.9000000000000001,20.0,20.0,120.00000000000001,549.9999999999999,AA2024-T3,AA2024-T3,850434.3009853823
38.179700363305194,0.6,0.9000000000000001,20.0,20.0,120.00000000000001,599.9999999999999,AA2024-T3,AA2024-T3,850434.3009853823
38.179700363305194,0.6,0.8,20.0,20.0,120.00000000000001,599.9999999999999,AA2024-T3,AA2024-T3,850434.3009853823
38.20949465614345,0.6999999999999998,0.9000000000000001,14.999999999999998,20.0,220.00000000000003,549.9999999999999,AA2024-T3,AA2024-T3,5373.5524686900635
38.20949465614345,0.6999999999999998,0.9000000000000001,14.999999999999998,20.0,220.00000000000003,599.9999999999999,AA2024-T3,AA2024-T3,5373.5524686900635
38.20949465614345,0.6999999999999998,0.8,14.999999999999998,20.0,220.00000000000003,549.9999999999999,AA2024-T3,AA2024-T3,5373.552468690064
38.20949465614345,0.6999999999999998,0.8,14.999999999999998,20.0,220.00000000000003,599.9999999999999,AA2024-T3,AA2024-T3,5373.552468690064
38.223454744706515,0.6999999999999998,0.8,10.0,20.0,280.0,300.0,AA2024-T3,AA2024-T3,3619.086429577763
38.223454744706515,0.6999999999999998,0.9000000000000001,10.0,20.0,280.0,300.0,AA2024-T3,AA2024-T3,3619.086429577763
38.23682429561826,0.6,0.9000000000000001,29.999999999999996,20.0,220.00000000000003,300.0,AA2024-T3,AA2024-T3,4811.8250536846635
38.23682429561826,0.6,0.8,29.999999999999996,20.0,220.00000000000003,300.0,AA2024-T3,AA2024-T3,4811.8250536846635
38.25545051760606,0.6999999999999998,0.9000000000000001,14.999999999999998,20.0,240.00000000000003,499.99999999999994,AA2024-T3,AA2024-T3,4748.294371203416
38.25545051760606,0.6999999999999998,0.9000000000000001,14.999999999999998,20.0,240.00000000000003,449.99999999999994,AA2024-T3,AA2024-T3,4748.294371203416
38.25545051760606,0.6999999999999998,0.8,14.999999999999998,20.0,240.00000000000003,499.99999999999994,AA2024-T3,AA2024-T3,4748.294371203416
38.25545051760606,0.6999999999999998,0.8,14.999999999999998,20.0,240.00000000000003,449.99999999999994,AA2024-T3,AA2024-T3,4748.294371203416
38.25824253531868,0.6999999999999998,0.9000000000000001,10.0,20.0,180.00000000000003,399.99999999999994,AA2024-T3,AA2024-T3,6949.482254730752
38.25824253531868,0.6999999999999998,0.8,10.0,20.0,180.00000000000003,399.99999999999994,AA2024-T3,AA2024-T3,6949.482254730752
38.2660280508052,0.6,0.8,29.999999999999996,20.0,180.00000000000003,599.9999999999999,AA2024-T3,AA2024-T3,6304.4196717490995
38.2660280508052,0.6,0.9000000000000001,29.999999999999996,20.0,180.00000000000003,599.9999999999999,AA2024-T3,AA2024-T3,6304.4196717490995
38.2660280508052,0.6,0.9000000000000001,29.999999999999996,20.0,180.00000000000003,549.9999999999999,AA2024-T3,AA2024-T3,6304.4196717490995
38.2660280508052,0.6,0.8,29.999999999999996,20.0,180.00000000000003,549.9999999999999,AA2024-T3,AA2024-T3,6304.4196717490995
38.274404103943034,0.6,0.9000000000000001,14.999999999999998,20.0,100.0,350.0,AA2024-T3,AA2024-T3,614520.6158464306
38.274404103943034,0.6,0.8,14.999999999999998,20.0,100.0,350.0,AA2024-T3,AA2024-T3,614520.6158464311
38.28777365485478,0.5,0.9000000000000001,24.999999999999996,20.0,100.0,350.0,AA2024-T3,AA2024-T3,709788.5154834996
38.28777365485478,0.5,0.8,24.999999999999996,20.0,100.0,350.0,AA2024-T3,AA2024-T3,709788.5154834996
38.293030325930836,0.6999999999999998,0.9000000000000001,14.999999999999998,20.0,200.0,700.0,AA2024-T3,AA2024-T3,5480.121312030046
38.293030325930836,0.6999999999999998,0.8,14.999999999999998,20.0,200.0,700.0,AA2024-T3,AA2024-T3,6201.664393732743
38.293030325930836,0.6999999999999998,0.8,14.999999999999998,20.0,200.0,749.9999999999999,AA2024-T3,AA2024-T3,6201.664393732743
38.293030325930836,0.6999999999999998,0.9000000000000001,14.999999999999998,20.0,200.0,649.9999999999999,AA2024-T3,AA2024-T3,6201.664393732743
38.293030325930836,0.6999999999999998,0.9000000000000001,14.999999999999998,20.0,200.0,749.9999999999999,AA2024-T3,AA2024-T3,6201.664393732743
38.293030325930836,0.6999999999999998,0.8,14.999999999999998,20.0,200.0,649.9999999999999,AA2024-T3,AA2024-T3,6201.664393732743
38.29861436135606,0.6999999999999998,0.8,10.0,20.0,160.00000000000003,499.99999999999994,AA2024-T3,AA2024-T3,8514.975187387761
38.29861436135606,0.6999999999999998,0.9000000000000001,10.0,20.0,160.00000000000003,449.99999999999994,AA2024-T3,AA2024-T3,8514.975187387761
38.29861436135606,0.6999999999999998,0.8,10.0,20.0,160.00000000000003,449.99999999999994,AA2024-T3,AA2024-T3,8514.975187387761
38.29861436135606,0.6999999999999998,0.9000000000000001,10.0,20.0,160.00000000000003,499.99999999999994,AA2024-T3,AA2024-T3,8514.975187387761
38.30419839678129,0.6999999999999998,0.9000000000000001,10.0,20.0,200.0,350.0,AA2024-T3,AA2024-T3,5873.685236551039
38.30419839678129,0.6999999999999998,0.8,10.0,20.0,200.0,350.0,AA2024-T3,AA2024-T3,5873.685236551039
38.33093749860478,0.5,0.9000000000000001,29.999999999999996,20.0,120.00000000000001,350.0,AA2024-T3,AA2024-T3,8245.005903987583
38.33093749860478,0.5,0.8,29.999999999999996,20.0,120.00000000000001,350.0,AA2024-T3,AA2024-T3,8245.005903987583
38.39611011970651,0.6999999999999998,0.8,10.0,20.0,260.0,300.0,AA2024-T3,AA2024-T3,4009.7715490159367
38.39611011970651,0.6999999999999998,0.9000000000000001,10.0,20.0,260.0,300.0,AA2024-T3,AA2024-T3,4009.7715490159367
38.40110361748042,0.6,0.8,24.999999999999996,20.0,160.00000000000003,399.99999999999994,AA2024-T3,AA2024-T3,7050.951066798911
38.40110361748042,0.6,0.9000000000000001,24.999999999999996,20.0,160.00000000000003,399.99999999999994,AA2024-T3,AA2024-T3,7050.951066798912
38.40389563519303,0.6,0.9000000000000001,29.999999999999996,20.0,200.0,350.0,AA2024-T3,AA2024-T3,5469.5277205935145
38.40389563519303,0.6,0.8,29.999999999999996,20.0,200.0,350.0,AA2024-T3,AA2024-T3,5469.5277205935145
38.42531387489345,0.6999999999999998,0.8,10.0,20.0,140.0,549.9999999999999,AA2024-T3,AA2024-T3,991133.0641555425
38.42531387489345,0.6999999999999998,0.8,10.0,20.0,140.0,599.9999999999999,AA2024-T3,AA2024-T3,991133.0641555425
38.42531387489345,0.6999999999999998,0.9000000000000001,10.0,20.0,140.0,599.9999999999999,AA2024-T3,AA2024-T3,991133.0641555425
38.42531387489345,0.6999999999999998,0.9000000000000001,20.0,20.0,280.0,599.9999999999999,AA2024-T3,AA2024-T3,4085.630815395686
38.42531387489345,0.6999999999999998,0.9000000000000001,20.0,20.0,280.0,549.9999999999999,AA2024-T3,AA2024-T3,4085.630815395686
38.42531387489345,0.6999999999999998,0.8,20.0,20.0,280.0,599.9999999999999,AA2024-T3,AA2024-T3,4085.630815395686
38.42531387489345,0.6999999999999998,0.8,20.0,20.0,280.0,549.9999999999999,AA2024-T3,AA2024-T3,4085.630815395686
38.42531387489345,0.6999999999999998,0.9000000000000001,10.0,20.0,140.0,549.9999999999999,AA2024-T3,AA2024-T3,991133.0641555425
38.43089791031868,0.6999999999999998,0.8,14.999999999999998,20.0,260.0,399.99999999999994,AA2024-T3,AA2024-T3,4263.696542474822
38.43089791031868,0.6999999999999998,0.9000000000000001,14.999999999999998,20.0,260.0,399.99999999999994,AA2024-T3,AA2024-T3,4263.696542474821
38.45264351436826,0.6,0.8,24.999999999999996,20.0,180.00000000000003,300.0,AA2024-T3,AA2024-T3,5940.488322828869
38.45264351436826,0.6,0.9000000000000001,24.999999999999996,20.0,180.00000000000003,300.0,AA2024-T3,AA2024-T3,5940.48832282887
38.465685700930834,0.6999999999999998,0.9000000000000001,20.0,20.0,260.0,749.9999999999999,AA2024-T3,AA2024-T3,4517.900560723851
38.465685700930834,0.6999999999999998,0.9000000000000001,20.0,20.0,260.0,700.0,AA2024-T3,AA2024-T3,4517.900560723851
38.465685700930834,0.6999999999999998,0.9000000000000001,20.0,20.0,260.0,649.9999999999999,AA2024-T3,AA2024-T3,4517.900560723851
38.465685700930834,0.6999999999999998,0.8,20.0,20.0,260.0,749.9999999999999,AA2024-T3,AA2024-T3,4517.900560723851
38.465685700930834,0.6999999999999998,0.8,20.0,20.0,260.0,649.9999999999999,AA2024-T3,AA2024-T3,4517.900560723851
38.465685700930834,0.6999999999999998,0.8,20.0,20.0,260.0,700.0,AA2024-T3,AA2024-T3,4517.900560723851
38.476853771781286,0.6999999999999998,0.8,14.999999999999998,20.0,280.0,350.0,AA2024-T3,AA2024-T3,3852.2948163251585
38.476853771781286,0.6999999999999998,0.9000000000000001,14.999999999999998,20.0,280.0,350.0,AA2024-T3,AA2024-T3,3852.2948163251576
38.482437807206516,0.6999999999999998,0.8,10.0,20.0,240.00000000000003,300.0,AA2024-T3,AA2024-T3,4477.772812923423
38.482437807206516,0.6999999999999998,0.9000000000000001,10.0,20.0,240.00000000000003,300.0,AA2024-T3,AA2024-T3,4477.772812923423
38.48463928726781,0.6,0.8,20.0,20.0,120.00000000000001,499.99999999999994,AA2024-T3,AA2024-T3,850434.3009853823
38.48463928726781,0.6,0.8,20.0,20.0,120.00000000000001,449.99999999999994,AA2024-T3,AA2024-T3,850434.3009853823
38.48463928726781,0.6,0.9000000000000001,20.0,20.0,120.00000000000001,499.99999999999994,AA2024-T3,AA2024-T3,850434.3009853823
38.48463928726781,0.6,0.9000000000000001,20.0,20.0,120.00000000000001,449.99999999999994,AA2024-T3,AA2024-T3,850434.3009853823
38.51443358010606,0.6999999999999998,0.9000000000000001,14.999999999999998,20.0,220.00000000000003,499.99999999999994,AA2024-T3,AA2024-T3,5373.5524686900635
38.51443358010606,0.6999999999999998,0.9000000000000001,14.999999999999998,20.0,220.00000000000003,449.99999999999994,AA2024-T3,AA2024-T3,5373.5524686900635
38.51443358010606,0.6999999999999998,0.8,14.999999999999998,20.0,220.00000000000003,499.99999999999994,AA2024-T3,AA2024-T3,5373.552468690064
38.51443358010606,0.6999999999999998,0.8,14.999999999999998,20.0,220.00000000000003,449.99999999999994,AA2024-T3,AA2024-T3,5373.552468690064
38.560389441568674,0.6999999999999998,0.8,14.999999999999998,20.0,240.00000000000003,399.99999999999994,AA2024-T3,AA2024-T3,4748.294371203416
38.560389441568674,0.6999999999999998,0.9000000000000001,14.999999999999998,20.0,240.00000000000003,399.99999999999994,AA2024-T3,AA2024-T3,4748.294371203416
38.56318145928129,0.6999999999999998,0.9000000000000001,10.0,20.0,180.00000000000003,350.0,AA2024-T3,AA2024-T3,6949.482254730752
38.56318145928129,0.6999999999999998,0.8,10.0,20.0,180.00000000000003,350.0,AA2024-T3,AA2024-T3,6949.482254730752
38.565382939342584,0.6,0.8,24.999999999999996,20.0,140.0,749.9999999999999,AA2024-T3,AA2024-T3,8682.307067080315
38.565382939342584,0.6,0.8,24.999999999999996,20.0,140.0,649.9999999999999,AA2024-T3,AA2024-T3,8682.307067080315
38.565382939342584,0.6,0.8,24.999999999999996,20.0,140.0,700.0,AA2024-T3,AA2024-T3,8682.307067080315
38.565382939342584,0.6,0.9000000000000001,24.999999999999996,20.0,140.0,749.9999999999999,AA2024-T3,AA2024-T3,8682.307067080319
38.565382939342584,0.6,0.9000000000000001,24.999999999999996,20.0,140.0,700.0,AA2024-T3,AA2024-T3,8682.307067080319
38.565382939342584,0.6,0.9000000000000001,24.999999999999996,20.0,140.0,649.9999999999999,AA2024-T3,AA2024-T3,8682.307067080319
38.570966974767806,0.6,0.8,29.999999999999996,20.0,180.00000000000003,499.99999999999994,AA2024-T3,AA2024-T3,6304.4196717490995
38.570966974767806,0.6,0.9000000000000001,29.999999999999996,20.0,180.00000000000003,449.99999999999994,AA2024-T3,AA2024-T3,6304.4196717490995
38.570966974767806,0.6,0.9000000000000001,29.999999999999996,20.0,180.00000000000003,499.99999999999994,AA2024-T3,AA2024-T3,6304.4196717490995
38.570966974767806,0.6,0.8,29.999999999999996,20.0,180.00000000000003,449.99999999999994,AA2024-T3,AA2024-T3,6304.4196717490995
38.59796924989345,0.6999999999999998,0.8,14.999999999999998,20.0,200.0,549.9999999999999,AA2024-T3,AA2024-T3,6201.664393732743
38.59796924989345,0.6999999999999998,0.9000000000000001,14.999999999999998,20.0,200.0,549.9999999999999,AA2024-T3,AA2024-T3,6201.664393732743
38.59796924989345,0.6999999999999998,0.9000000000000001,14.999999999999998,20.0,200.0,599.9999999999999,AA2024-T3,AA2024-T3,6201.664393732743
38.59796924989345,0.6999999999999998,0.8,14.999999999999998,20.0,200.0,599.9999999999999,AA2024-T3,AA2024-T3,6201.664393732743
38.603553285318675,0.6999999999999998,0.9000000000000001,10.0,20.0,160.00000000000003,399.99999999999994,AA2024-T3,AA2024-T3,8514.975187387761
38.603553285318675,0.6999999999999998,0.8,10.0,20.0,160.00000000000003,399.99999999999994,AA2024-T3,AA2024-T3,8514.975187387761
38.63834107593083,0.6999999999999998,0.9000000000000001,10.0,20.0,120.00000000000001,649.9999999999999,AA2024-T3,AA2024-T3,790045.7833558196
38.63834107593083,0.6999999999999998,0.8,20.0,20.0,240.00000000000003,700.0,AA2024-T3,AA2024-T3,5018.860502706078
38.63834107593083,0.6999999999999998,0.8,20.0,20.0,240.00000000000003,649.9999999999999,AA2024-T3,AA2024-T3,5018.860502706078
38.63834107593083,0.6999999999999998,0.8,20.0,20.0,240.00000000000003,749.9999999999999,AA2024-T3,AA2024-T3,5018.860502706078
38.63834107593083,0.6999999999999998,0.9000000000000001,10.0,20.0,120.00000000000001,749.9999999999999,AA2024-T3,AA2024-T3,790045.7833558196
38.63834107593083,0.6999999999999998,0.9000000000000001,10.0,20.0,120.00000000000001,700.0,AA2024-T3,AA2024-T3,790045.7833558196
38.63834107593083,0.6999999999999998,0.8,10.0,20.0,120.00000000000001,700.0,AA2024-T3,AA2024-T3,790045.7833558196
38.63834107593083,0.6999999999999998,0.9000000000000001,20.0,20.0,240.00000000000003,649.9999999999999,AA2024-T3,AA2024-T3,5018.860502706078
38.63834107593083,0.6999999999999998,0.8,10.0,20.0,120.00000000000001,649.9999999999999,AA2024-T3,AA2024-T3,790045.7833558196
38.63834107593083,0.6999999999999998,0.8,10.0,20.0,120.00000000000001,749.9999999999999,AA2024-T3,AA2024-T3,790045.7833558196
38.63834107593083,0.6999999999999998,0.9000000000000001,20.0,20.0,240.00000000000003,749.9999999999999,AA2024-T3,AA2024-T3,5018.860502706078
38.63834107593083,0.6999999999999998,0.9000000000000001,20.0,20.0,240.00000000000003,700.0,AA2024-T3,AA2024-T3,5018.860502706078
38.655093182206514,0.6999999999999998,0.8,10.0,20.0,220.00000000000003,300.0,AA2024-T3,AA2024-T3,5078.947062645305
38.655093182206514,0.6999999999999998,0.9000000000000001,10.0,20.0,220.00000000000003,300.0,AA2024-T3,AA2024-T3,5078.947062645305
38.66846273311826,0.6,0.8,20.0,20.0,140.0,300.0,AA2024-T3,AA2024-T3,8211.419582440742
38.66846273311826,0.6,0.9000000000000001,20.0,20.0,140.0,300.0,AA2024-T3,AA2024-T3,8211.419582440742
38.68150491968083,0.6999999999999998,0.9000000000000001,14.999999999999998,20.0,180.00000000000003,700.0,AA2024-T3,AA2024-T3,6710.393752200098
38.68150491968083,0.6999999999999998,0.8,14.999999999999998,20.0,180.00000000000003,649.9999999999999,AA2024-T3,AA2024-T3,7313.661852196841
38.68150491968083,0.6999999999999998,0.9000000000000001,14.999999999999998,20.0,180.00000000000003,749.9999999999999,AA2024-T3,AA2024-T3,7313.661852196841
38.68150491968083,0.6999999999999998,0.9000000000000001,14.999999999999998,20.0,180.00000000000003,649.9999999999999,AA2024-T3,AA2024-T3,7313.661852196841
38.68150491968083,0.6999999999999998,0.8,14.999999999999998,20.0,180.00000000000003,700.0,AA2024-T3,AA2024-T3,7313.661852196841
38.68150491968083,0.6999999999999998,0.8,14.999999999999998,20.0,180.00000000000003,749.9999999999999,AA2024-T3,AA2024-T3,7313.661852196841
38.70604254144303,0.6,0.9000000000000001,24.999999999999996,20.0,160.00000000000003,350.0,AA2024-T3,AA2024-T3,7050.951066798912
38.70604254144303,0.6,0.8,24.999999999999996,20.0,160.00000000000003,350.0,AA2024-T3,AA2024-T3,7050.951066798911
38.73025279885606,0.6999999999999998,0.8,20.0,20.0,280.0,499.99999999999994,AA2024-T3,AA2024-T3,4085.630815395686
38.73025279885606,0.6999999999999998,0.9000000000000001,10.0,20.0,140.0,449.99999999999994,AA2024-T3,AA2024-T3,991133.0641555425
38.73025279885606,0.6999999999999998,0.8,10.0,20.0,140.0,449.99999999999994,AA2024-T3,AA2024-T3,991133.0641555425
38.73025279885606,0.6999999999999998,0.9000000000000001,20.0,20.0,280.0,499.99999999999994,AA2024-T3,AA2024-T3,4085.630815395686
38.73025279885606,0.6999999999999998,0.8,20.0,20.0,280.0,449.99999999999994,AA2024-T3,AA2024-T3,4085.630815395686
38.73025279885606,0.6999999999999998,0.9000000000000001,20.0,20.0,280.0,449.99999999999994,AA2024-T3,AA2024-T3,4085.630815395686
38.73025279885606,0.6999999999999998,0.9000000000000001,10.0,20.0,140.0,499.99999999999994,AA2024-T3,AA2024-T3,991133.0641555425
38.73025279885606,0.6999999999999998,0.8,10.0,20.0,140.0,499.99999999999994,AA2024-T3,AA2024-T3,991133.0641555425
38.73583683428129,0.6999999999999998,0.8,14.999999999999998,20.0,260.0,350.0,AA2024-T3,AA2024-T3,4263.696542474822
38.73583683428129,0.6999999999999998,0.9000000000000001,14.999999999999998,20.0,260.0,350.0,AA2024-T3,AA2024-T3,4263.696542474821
38.77062462489345,0.6999999999999998,0.9000000000000001,20.0,20.0,260.0,549.9999999999999,AA2024-T3,AA2024-T3,4517.900560723851
38.77062462489345,0.6999999999999998,0.9000000000000001,20.0,20.0,260.0,599.9999999999999,AA2024-T3,AA2024-T3,4517.900560723851
38.77062462489345,0.6999999999999998,0.8,20.0,20.0,260.0,549.9999999999999,AA2024-T3,AA2024-T3,4517.900560723851
38.77062462489345,0.6999999999999998,0.8,20.0,20.0,260.0,599.9999999999999,AA2024-T3,AA2024-T3,4517.900560723851
38.78957821123042,0.6,0.9000000000000001,20.0,20.0,120.00000000000001,399.99999999999994,AA2024-T3,AA2024-T3,850434.3009853823
38.78957821123042,0.6,0.8,20.0,20.0,120.00000000000001,399.99999999999994,AA2024-T3,AA2024-T3,850434.3009853823
38.819372504068674,0.6999999999999998,0.8,14.999999999999998,20.0,220.00000000000003,399.99999999999994,AA2024-T3,AA2024-T3,5373.552468690064
38.819372504068674,0.6999999999999998,0.9000000000000001,14.999999999999998,20.0,220.00000000000003,399.99999999999994,AA2024-T3,AA2024-T3,5373.5524686900635
38.86532836553128,0.6999999999999998,0.8,14.999999999999998,20.0,240.00000000000003,350.0,AA2024-T3,AA2024-T3,4748.294371203416
38.86532836553128,0.6999999999999998,0.9000000000000001,14.999999999999998,20.0,240.00000000000003,350.0,AA2024-T3,AA2024-T3,4748.294371203416
38.87032186330519,0.6,0.8,24.999999999999996,20.0,140.0,549.9999999999999,AA2024-T3,AA2024-T3,8682.307067080315
38.87032186330519,0.6,0.8,24.999999999999996,20.0,140.0,599.9999999999999,AA2024-T3,AA2024-T3,8682.307067080315
38.87032186330519,0.6,0.9000000000000001,24.999999999999996,20.0,140.0,599.9999999999999,AA2024-T3,AA2024-T3,8682.307067080319
38.87032186330519,0.6,0.9000000000000001,24.999999999999996,20.0,140.0,549.9999999999999,AA2024-T3,AA2024-T3,8682.307067080319
38.87590589873042,0.6,0.9000000000000001,29.999999999999996,20.0,180.00000000000003,399.99999999999994,AA2024-T3,AA2024-T3,6304.4196717490995
38.87590589873042,0.6,0.8,29.999999999999996,20.0,180.00000000000003,399.99999999999994,AA2024-T3,AA2024-T3,6304.4196717490995
38.88428195186826,0.6,0.8,14.999999999999998,20.0,100.0,300.0,AA2024-T3,AA2024-T3,614520.6158464311
38.88428195186826,0.6,0.9000000000000001,14.999999999999998,20.0,100.0,300.0,AA2024-T3,AA2024-T3,614520.6158464306
38.89765150278001,0.5,0.9000000000000001,24.999999999999996,20.0,100.0,300.0,AA2024-T3,AA2024-T3,709788.5154834996
38.89765150278001,0.5,0.8,24.999999999999996,20.0,100.0,300.0,AA2024-T3,AA2024-T3,709788.5154834996
38.90290817385606,0.6999999999999998,0.8,14.999999999999998,20.0,200.0,449.99999999999994,AA2024-T3,AA2024-T3,6201.664393732743
38.90290817385606,0.6999999999999998,0.8,14.999999999999998,20.0,200.0,499.99999999999994,AA2024-T3,AA2024-T3,6201.664393732743
38.90290817385606,0.6999999999999998,0.9000000000000001,14.999999999999998,20.0,200.0,499.99999999999994,AA2024-T3,AA2024-T3,6201.664393732743
38.90290817385606,0.6999999999999998,0.9000000000000001,14.999999999999998,20.0,200.0,449.99999999999994,AA2024-T3,AA2024-T3,6201.664393732743
38.908492209281285,0.6999999999999998,0.9000000000000001,10.0,20.0,160.00000000000003,350.0,AA2024-T3,AA2024-T3,8514.975187387761
38.908492209281285,0.6999999999999998,0.8,10.0,20.0,160.00000000000003,350.0,AA2024-T3,AA2024-T3,8514.975187387761
38.914076244706514,0.6999999999999998,0.8,10.0,20.0,200.0,300.0,AA2024-T3,AA2024-T3,5873.685236551039
38.914076244706514,0.6999999999999998,0.9000000000000001,10.0,20.0,200.0,300.0,AA2024-T3,AA2024-T3,5873.685236551039
38.94081534653001,0.5,0.9000000000000001,29.999999999999996,20.0,120.00000000000001,300.0,AA2024-T3,AA2024-T3,8245.005903987583
38.94081534653001,0.5,0.8,29.999999999999996,20.0,120.00000000000001,300.0,AA2024-T3,AA2024-T3,8245.005903987583
38.94327999989345,0.6999999999999998,0.9000000000000001,20.0,20.0,240.00000000000003,599.9999999999999,AA2024-T3,AA2024-T3,5018.860502706078
38.94327999989345,0.6999999999999998,0.8,10.0,20.0,120.00000000000001,549.9999999999999,AA2024-T3,AA2024-T3,790045.7833558196
38.94327999989345,0.6999999999999998,0.8,20.0,20.0,240.00000000000003,549.9999999999999,AA2024-T3,AA2024-T3,5018.860502706078
38.94327999989345,0.6999999999999998,0.8,10.0,20.0,120.00000000000001,599.9999999999999,AA2024-T3,AA2024-T3,790045.7833558196
38.94327999989345,0.6999999999999998,0.9000000000000001,10.0,20.0,120.00000000000001,599.9999999999999,AA2024-T3,AA2024-T3,790045.7833558196
38.94327999989345,0.6999999999999998,0.9000000000000001,10.0,20.0,120.00000000000001,549.9999999999999,AA2024-T3,AA2024-T3,790045.7833558196
38.94327999989345,0.6999999999999998,0.9000000000000001,20.0,20.0,240.00000000000003,549.9999999999999,AA2024-T3,AA2024-T3,5018.860502706078
38.94327999989345,0.6999999999999998,0.8,20.0,20.0,240.00000000000003,599.9999999999999,AA2024-T3,AA2024-T3,5018.860502706078
38.983651825930835,0.6999999999999998,0.9000000000000001,20.0,20.0,220.00000000000003,700.0,AA2024-T3,AA2024-T3,5668.178024741382
38.983651825930835,0.6999999999999998,0.8,24.999999999999996,20.0,280.0,700.0,AA2024-T3,AA2024-T3,4319.085765319454
38.983651825930835,0.6999999999999998,0.9000000000000001,24.999999999999996,20.0,280.0,700.0,AA2024-T3,AA2024-T3,4319.085765319454
38.983651825930835,0.6999999999999998,0.9000000000000001,24.999999999999996,20.0,280.0,749.9999999999999,AA2024-T3,AA2024-T3,4319.085765319454
38.983651825930835,0.6999999999999998,0.8,20.0,20.0,220.00000000000003,749.9999999999999,AA2024-T3,AA2024-T3,5668.178024741382
38.983651825930835,0.6999999999999998,0.8,20.0,20.0,220.00000000000003,649.9999999999999,AA2024-T3,AA2024-T3,5668.178024741382
38.983651825930835,0.6999999999999998,0.8,24.999999999999996,20.0,280.0,749.9999999999999,AA2024-T3,AA2024-T3,4319.085765319454
38.983651825930835,0.6999999999999998,0.9000000000000001,24.999999999999996,20.0,280.0,649.9999999999999,AA2024-T3,AA2024-T3,4319.085765319454
38.983651825930835,0.6999999999999998,0.9000000000000001,20.0,20.0,220.00000000000003,749.9999999999999,AA2024-T3,AA2024-T3,5668.178024741382
38.983651825930835,0.6999999999999998,0.8,24.999999999999996,20.0,280.0,649.9999999999999,AA2024-T3,AA2024-T3,4319.085765319454
38.983651825930835,0.6999999999999998,0.9000000000000001,20.0,20.0,220.00000000000003,649.9999999999999,AA2024-T3,AA2024-T3,5668.178024741382
38.983651825930835,0.6999999999999998,0.8,20.0,20.0,220.00000000000003,700.0,AA2024-T3,AA2024-T3,5668.178024741382
38.98644384364345,0.6999999999999998,0.9000000000000001,14.999999999999998,20.0,180.00000000000003,549.9999999999999,AA2024-T3,AA2024-T3,7313.661852196841
38.98644384364345,0.6999999999999998,0.8,14.999999999999998,20.0,180.00000000000003,599.9999999999999,AA2024-T3,AA2024-T3,7313.661852196841
38.98644384364345,0.6999999999999998,0.9000000000000001,14.999999999999998,20.0,180.00000000000003,599.9999999999999,AA2024-T3,AA2024-T3,7313.661852196841
38.98644384364345,0.6999999999999998,0.8,14.999999999999998,20.0,180.00000000000003,549.9999999999999,AA2024-T3,AA2024-T3,7313.661852196841
38.99702137684258,0.6,0.8,29.999999999999996,20.0,160.00000000000003,700.0,AA2024-T3,AA2024-T3,7462.1213704758275
38.99702137684258,0.6,0.9000000000000001,29.999999999999996,20.0,160.00000000000003,649.9999999999999,AA2024-T3,AA2024-T3,7462.1213704758275
38.99702137684258,0.6,0.9000000000000001,29.999999999999996,20.0,160.00000000000003,749.9999999999999,AA2024-T3,AA2024-T3,7462.1213704758275
38.99702137684258,0.6,0.8,29.999999999999996,20.0,160.00000000000003,749.9999999999999,AA2024-T3,AA2024-T3,7462.1213704758275
38.99702137684258,0.6,0.8,29.999999999999996,20.0,160.00000000000003,649.9999999999999,AA2024-T3,AA2024-T3,7462.1213704758275
38.99702137684258,0.6,0.9000000000000001,29.999999999999996,20.0,160.00000000000003,700.0,AA2024-T3,AA2024-T3,7462.1213704758275
39.01377348311826,0.6,0.9000000000000001,29.999999999999996,20.0,200.0,300.0,AA2024-T3,AA2024-T3,5469.5277205935145
39.01377348311826,0.6,0.8,29.999999999999996,20.0,200.0,300.0,AA2024-T3,AA2024-T3,5469.5277205935145
39.03519172281868,0.6999999999999998,0.8,20.0,20.0,280.0,399.99999999999994,AA2024-T3,AA2024-T3,4085.630815395686
39.03519172281868,0.6999999999999998,0.8,10.0,20.0,140.0,399.99999999999994,AA2024-T3,AA2024-T3,991133.0641555425
39.03519172281868,0.6999999999999998,0.9000000000000001,20.0,20.0,280.0,399.99999999999994,AA2024-T3,AA2024-T3,4085.630815395686
39.03519172281868,0.6999999999999998,0.9000000000000001,10.0,20.0,140.0,399.99999999999994,AA2024-T3,AA2024-T3,991133.0641555425
39.07556354885606,0.6999999999999998,0.9000000000000001,20.0,20.0,260.0,449.99999999999994,AA2024-T3,AA2024-T3,4517.900560723851
39.07556354885606,0.6999999999999998,0.9000000000000001,20.0,20.0,260.0,499.99999999999994,AA2024-T3,AA2024-T3,4517.900560723851
39.07556354885606,0.6999999999999998,0.8,20.0,20.0,260.0,449.99999999999994,AA2024-T3,AA2024-T3,4517.900560723851
39.07556354885606,0.6999999999999998,0.8,20.0,20.0,260.0,499.99999999999994,AA2024-T3,AA2024-T3,4517.900560723851
39.08673161970651,0.6999999999999998,0.8,14.999999999999998,20.0,280.0,300.0,AA2024-T3,AA2024-T3,3852.2948163251585
39.08673161970651,0.6999999999999998,0.9000000000000001,14.999999999999998,20.0,280.0,300.0,AA2024-T3,AA2024-T3,3852.2948163251576
39.09451713519304,0.6,0.8,20.0,20.0,120.00000000000001,350.0,AA2024-T3,AA2024-T3,850434.3009853823
39.09451713519304,0.6,0.9000000000000001,20.0,20.0,120.00000000000001,350.0,AA2024-T3,AA2024-T3,850434.3009853823
39.124311428031284,0.6999999999999998,0.9000000000000001,14.999999999999998,20.0,220.00000000000003,350.0,AA2024-T3,AA2024-T3,5373.5524686900635
39.124311428031284,0.6999999999999998,0.8,14.999999999999998,20.0,220.00000000000003,350.0,AA2024-T3,AA2024-T3,5373.552468690064
39.173059307206515,0.6999999999999998,0.8,10.0,20.0,180.00000000000003,300.0,AA2024-T3,AA2024-T3,6949.482254730752
39.173059307206515,0.6999999999999998,0.9000000000000001,10.0,20.0,180.00000000000003,300.0,AA2024-T3,AA2024-T3,6949.482254730752
39.17526078726781,0.6,0.8,24.999999999999996,20.0,140.0,499.99999999999994,AA2024-T3,AA2024-T3,8682.307067080315
39.17526078726781,0.6,0.8,24.999999999999996,20.0,140.0,449.99999999999994,AA2024-T3,AA2024-T3,8682.307067080315
39.17526078726781,0.6,0.9000000000000001,24.999999999999996,20.0,140.0,499.99999999999994,AA2024-T3,AA2024-T3,8682.307067080319
39.17526078726781,0.6,0.9000000000000001,24.999999999999996,20.0,140.0,449.99999999999994,AA2024-T3,AA2024-T3,8682.307067080319
39.18084482269303,0.6,0.8,29.999999999999996,20.0,180.00000000000003,350.0,AA2024-T3,AA2024-T3,6304.4196717490995
39.18084482269303,0.6,0.9000000000000001,29.999999999999996,20.0,180.00000000000003,350.0,AA2024-T3,AA2024-T3,6304.4196717490995
39.199471044680834,0.6999999999999998,0.9000000000000001,14.999999999999998,20.0,160.00000000000003,649.9999999999999,AA2024-T3,AA2024-T3,8926.948753618082
39.199471044680834,0.6999999999999998,0.9000000000000001,14.999999999999998,20.0,160.00000000000003,700.0,AA2024-T3,AA2024-T3,862075.0822023168
39.199471044680834,0.6999999999999998,0.8,14.999999999999998,20.0,160.00000000000003,700.0,AA2024-T3,AA2024-T3,8926.948753618082
39.199471044680834,0.6999999999999998,0.8,14.999999999999998,20.0,160.00000000000003,649.9999999999999,AA2024-T3,AA2024-T3,8926.948753618082
39.199471044680834,0.6999999999999998,0.8,14.999999999999998,20.0,160.00000000000003,749.9999999999999,AA2024-T3,AA2024-T3,8926.948753618082
39.199471044680834,0.6999999999999998,0.9000000000000001,14.999999999999998,20.0,160.00000000000003,749.9999999999999,AA2024-T3,AA2024-T3,8926.948753618082
39.20784709781868,0.6999999999999998,0.9000000000000001,14.999999999999998,20.0,200.0,399.99999999999994,AA2024-T3,AA2024-T3,6201.664393732743
39.20784709781868,0.6999999999999998,0.8,14.999999999999998,20.0,200.0,399.99999999999994,AA2024-T3,AA2024-T3,6201.664393732743
39.24821892385606,0.6999999999999998,0.8,20.0,20.0,240.00000000000003,449.99999999999994,AA2024-T3,AA2024-T3,5018.860502706078
39.24821892385606,0.6999999999999998,0.8,20.0,20.0,240.00000000000003,499.99999999999994,AA2024-T3,AA2024-T3,5018.860502706078
39.24821892385606,0.6999999999999998,0.9000000000000001,20.0,20.0,240.00000000000003,449.99999999999994,AA2024-T3,AA2024-T3,5018.860502706078
39.24821892385606,0.6999999999999998,0.9000000000000001,20.0,20.0,240.00000000000003,499.99999999999994,AA2024-T3,AA2024-T3,5018.860502706078
39.24821892385606,0.6999999999999998,0.8,10.0,20.0,120.00000000000001,449.99999999999994,AA2024-T3,AA2024-T3,790045.7833558196
39.24821892385606,0.6999999999999998,0.8,10.0,20.0,120.00000000000001,499.99999999999994,AA2024-T3,AA2024-T3,790045.7833558196
39.24821892385606,0.6999999999999998,0.9000000000000001,10.0,20.0,120.00000000000001,449.99999999999994,AA2024-T3,AA2024-T3,790045.7833558196
39.24821892385606,0.6999999999999998,0.9000000000000001,10.0,20.0,120.00000000000001,499.99999999999994,AA2024-T3,AA2024-T3,790045.7833558196
39.28859074989345,0.6999999999999998,0.8,20.0,20.0,220.00000000000003,549.9999999999999,AA2024-T3,AA2024-T3,5668.178024741382
39.28859074989345,0.6999999999999998,0.9000000000000001,20.0,20.0,220.00000000000003,599.9999999999999,AA2024-T3,AA2024-T3,5668.178024741382
39.28859074989345,0.6999999999999998,0.9000000000000001,20.0,20.0,220.00000000000003,549.9999999999999,AA2024-T3,AA2024-T3,5668.178024741382
39.28859074989345,0.6999999999999998,0.8,20.0,20.0,220.00000000000003,599.9999999999999,AA2024-T3,AA2024-T3,5668.178024741382
39.28859074989345,0.6999999999999998,0.9000000000000001,24.999999999999996,20.0,280.0,549.9999999999999,AA2024-T3,AA2024-T3,4319.085765319454
39.28859074989345,0.6999999999999998,0.9000000000000001,24.999999999999996,20.0,280.0,599.9999999999999,AA2024-T3,AA2024-T3,4319.085765319454
39.28859074989345,0.6999999999999998,0.8,24.999999999999996,20.0,280.0,549.9999999999999,AA2024-T3,AA2024-T3,4319.085765319454
39.28859074989345,0.6999999999999998,0.8,24.999999999999996,20.0,280.0,599.9999999999999,AA2024-T3,AA2024-T3,4319.085765319454
39.29138276760606,0.6999999999999998,0.8,14.999999999999998,20.0,180.00000000000003,449.99999999999994,AA2024-T3,AA2024-T3,7313.661852196841
39.29138276760606,0.6999999999999998,0.9000000000000001,14.999999999999998,20.0,180.00000000000003,499.99999999999994,AA2024-T3,AA2024-T3,7313.661852196841
39.29138276760606,0.6999999999999998,0.9000000000000001,14.999999999999998,20.0,180.00000000000003,449.99999999999994,AA2024-T3,AA2024-T3,7313.661852196841
39.29138276760606,0.6999999999999998,0.8,14.999999999999998,20.0,180.00000000000003,499.99999999999994,AA2024-T3,AA2024-T3,7313.661852196841
39.30196030080519,0.6,0.9000000000000001,29.999999999999996,20.0,160.00000000000003,599.9999999999999,AA2024-T3,AA2024-T3,7462.1213704758275
39.30196030080519,0.6,0.8,29.999999999999996,20.0,160.00000000000003,549.9999999999999,AA2024-T3,AA2024-T3,7462.1213704758275
39.30196030080519,0.6,0.8,29.999999999999996,20.0,160.00000000000003,599.9999999999999,AA2024-T3,AA2024-T3,7462.1213704758275
39.30196030080519,0.6,0.9000000000000001,29.999999999999996,20.0,160.00000000000003,549.9999999999999,AA2024-T3,AA2024-T3,7462.1213704758275
39.31592038936826,0.6,0.9000000000000001,24.999999999999996,20.0,160.00000000000003,300.0,AA2024-T3,AA2024-T3,7050.951066798912
39.31592038936826,0.6,0.8,24.999999999999996,20.0,160.00000000000003,300.0,AA2024-T3,AA2024-T3,7050.951066798911
39.34013064678129,0.6999999999999998,0.9000000000000001,20.0,20.0,280.0,350.0,AA2024-T3,AA2024-T3,4085.630815395686
39.34013064678129,0.6999999999999998,0.8,10.0,20.0,140.0,350.0,AA2024-T3,AA2024-T3,991133.0641555425
39.34013064678129,0.6999999999999998,0.9000000000000001,10.0,20.0,140.0,350.0,AA2024-T3,AA2024-T3,991133.0641555425
39.34013064678129,0.6999999999999998,0.8,20.0,20.0,280.0,350.0,AA2024-T3,AA2024-T3,4085.630815395686
39.34571468220651,0.6999999999999998,0.8,14.999999999999998,20.0,260.0,300.0,AA2024-T3,AA2024-T3,4263.696542474822
39.34571468220651,0.6999999999999998,0.9000000000000001,14.999999999999998,20.0,260.0,300.0,AA2024-T3,AA2024-T3,4263.696542474821
39.38050247281868,0.6999999999999998,0.8,20.0,20.0,260.0,399.99999999999994,AA2024-T3,AA2024-T3,4517.900560723851
39.38050247281868,0.6999999999999998,0.9000000000000001,20.0,20.0,260.0,399.99999999999994,AA2024-T3,AA2024-T3,4517.900560723851
39.41529026343083,0.6999999999999998,0.8,24.999999999999996,20.0,260.0,649.9999999999999,AA2024-T3,AA2024-T3,4772.363384575333
39.41529026343083,0.6999999999999998,0.8,24.999999999999996,20.0,260.0,700.0,AA2024-T3,AA2024-T3,4772.363384575333
39.41529026343083,0.6999999999999998,0.8,10.0,20.0,100.0,649.9999999999999,AA2024-T3,AA2024-T3,18823.19553157031
39.41529026343083,0.6999999999999998,0.9000000000000001,10.0,20.0,100.0,700.0,AA2024-T3,AA2024-T3,18823.19553157031
39.41529026343083,0.6999999999999998,0.8,10.0,20.0,100.0,700.0,AA2024-T3,AA2024-T3,18823.19553157031
39.41529026343083,0.6999999999999998,0.8,10.0,20.0,100.0,749.9999999999999,AA2024-T3,AA2024-T3,18823.19553157031
39.41529026343083,0.6999999999999998,0.8,24.999999999999996,20.0,260.0,749.9999999999999,AA2024-T3,AA2024-T3,4772.363384575333
39.41529026343083,0.6999999999999998,0.9000000000000001,10.0,20.0,100.0,749.9999999999999,AA2024-T3,AA2024-T3,18823.19553157031
39.41529026343083,0.6999999999999998,0.9000000000000001,24.999999999999996,20.0,260.0,749.9999999999999,AA2024-T3,AA2024-T3,4772.363384575333
39.41529026343083,0.6999999999999998,0.9000000000000001,24.999999999999996,20.0,260.0,700.0,AA2024-T3,AA2024-T3,4772.363384575333
39.41529026343083,0.6999999999999998,0.9000000000000001,10.0,20.0,100.0,649.9999999999999,AA2024-T3,AA2024-T3,18823.19553157031
39.41529026343083,0.6999999999999998,0.9000000000000001,24.999999999999996,20.0,260.0,649.9999999999999,AA2024-T3,AA2024-T3,4772.363384575333
39.42865981434258,0.6,0.8,20.0,20.0,100.0,649.9999999999999,AA2024-T3,AA2024-T3,615254.8769356152
39.42865981434258,0.6,0.9000000000000001,20.0,20.0,100.0,649.9999999999999,AA2024-T3,AA2024-T3,615254.8769356152
39.42865981434258,0.6,0.8,20.0,20.0,100.0,749.9999999999999,AA2024-T3,AA2024-T3,615254.8769356152
39.42865981434258,0.6,0.8,20.0,20.0,100.0,700.0,AA2024-T3,AA2024-T3,615254.8769356152
39.42865981434258,0.6,0.9000000000000001,20.0,20.0,100.0,749.9999999999999,AA2024-T3,AA2024-T3,615254.8769356152
39.42865981434258,0.6,0.9000000000000001,20.0,20.0,100.0,700.0,AA2024-T3,AA2024-T3,615254.8769356152
39.44202936525433,0.5,0.9000000000000001,29.999999999999996,20.0,100.0,649.9999999999999,AA2024-T3,AA2024-T3,710519.721463318
39.44202936525433,0.5,0.8,29.999999999999996,20.0,100.0,649.9999999999999,AA2024-T3,AA2024-T3,710519.721463318
39.44202936525433,0.5,0.8,29.999999999999996,20.0,100.0,700.0,AA2024-T3,AA2024-T3,710519.721463318
39.44202936525433,0.5,0.9000000000000001,29.999999999999996,20.0,100.0,700.0,AA2024-T3,AA2024-T3,710519.721463318
39.44202936525433,0.5,0.9000000000000001,29.999999999999996,20.0,100.0,749.9999999999999,AA2024-T3,AA2024-T3,710519.721463318
39.44202936525433,0.5,0.8,29.999999999999996,20.0,100.0,749.9999999999999,AA2024-T3,AA2024-T3,710519.721463318
39.47520621345651,0.6999999999999998,0.9000000000000001,14.999999999999998,20.0,240.00000000000003,300.0,AA2024-T3,AA2024-T3,4748.294371203416
39.47520621345651,0.6999999999999998,0.8,14.999999999999998,20.0,240.00000000000003,300.0,AA2024-T3,AA2024-T3,4748.294371203416
39.48019971123042,0.6,0.8,24.999999999999996,20.0,140.0,399.99999999999994,AA2024-T3,AA2024-T3,8682.307067080315
39.48019971123042,0.6,0.9000000000000001,24.999999999999996,20.0,140.0,399.99999999999994,AA2024-T3,AA2024-T3,8682.307067080319
39.501617950930836,0.6999999999999998,0.8,20.0,20.0,200.0,700.0,AA2024-T3,AA2024-T3,6529.791774721712
39.501617950930836,0.6999999999999998,0.9000000000000001,20.0,20.0,200.0,649.9999999999999,AA2024-T3,AA2024-T3,6529.791774721712
39.501617950930836,0.6999999999999998,0.8,20.0,20.0,200.0,749.9999999999999,AA2024-T3,AA2024-T3,6529.791774721712
39.501617950930836,0.6999999999999998,0.9000000000000001,20.0,20.0,200.0,749.9999999999999,AA2024-T3,AA2024-T3,6529.791774721712
39.501617950930836,0.6999999999999998,0.9000000000000001,20.0,20.0,200.0,700.0,AA2024-T3,AA2024-T3,6529.791774721712
39.501617950930836,0.6999999999999998,0.8,20.0,20.0,200.0,649.9999999999999,AA2024-T3,AA2024-T3,6529.791774721712
39.50440996864345,0.6999999999999998,0.9000000000000001,14.999999999999998,20.0,160.00000000000003,599.9999999999999,AA2024-T3,AA2024-T3,8926.948753618082
39.50440996864345,0.6999999999999998,0.8,14.999999999999998,20.0,160.00000000000003,599.9999999999999,AA2024-T3,AA2024-T3,8926.948753618082
39.50440996864345,0.6999999999999998,0.8,14.999999999999998,20.0,160.00000000000003,549.9999999999999,AA2024-T3,AA2024-T3,8926.948753618082
39.50440996864345,0.6999999999999998,0.9000000000000001,14.999999999999998,20.0,160.00000000000003,549.9999999999999,AA2024-T3,AA2024-T3,8926.948753618082
39.51278602178129,0.6999999999999998,0.8,14.999999999999998,20.0,200.0,350.0,AA2024-T3,AA2024-T3,6201.664393732743
39.51278602178129,0.6999999999999998,0.9000000000000001,14.999999999999998,20.0,200.0,350.0,AA2024-T3,AA2024-T3,6201.664393732743
39.51837005720651,0.6999999999999998,0.9000000000000001,10.0,20.0,160.00000000000003,300.0,AA2024-T3,AA2024-T3,8514.975187387761
39.51837005720651,0.6999999999999998,0.8,10.0,20.0,160.00000000000003,300.0,AA2024-T3,AA2024-T3,8514.975187387761
39.553157847818674,0.6999999999999998,0.9000000000000001,20.0,20.0,240.00000000000003,399.99999999999994,AA2024-T3,AA2024-T3,5018.860502706078
39.553157847818674,0.6999999999999998,0.9000000000000001,10.0,20.0,120.00000000000001,399.99999999999994,AA2024-T3,AA2024-T3,790045.7833558196
39.553157847818674,0.6999999999999998,0.8,20.0,20.0,240.00000000000003,399.99999999999994,AA2024-T3,AA2024-T3,5018.860502706078
39.553157847818674,0.6999999999999998,0.8,10.0,20.0,120.00000000000001,399.99999999999994,AA2024-T3,AA2024-T3,790045.7833558196
39.59352967385606,0.6999999999999998,0.9000000000000001,20.0,20.0,220.00000000000003,499.99999999999994,AA2024-T3,AA2024-T3,5668.178024741382
39.59352967385606,0.6999999999999998,0.9000000000000001,20.0,20.0,220.00000000000003,449.99999999999994,AA2024-T3,AA2024-T3,5668.178024741382
39.59352967385606,0.6999999999999998,0.8,20.0,20.0,220.00000000000003,449.99999999999994,AA2024-T3,AA2024-T3,5668.178024741382
39.59352967385606,0.6999999999999998,0.8,20.0,20.0,220.00000000000003,499.99999999999994,AA2024-T3,AA2024-T3,5668.178024741382
39.59352967385606,0.6999999999999998,0.8,24.999999999999996,20.0,280.0,449.99999999999994,AA2024-T3,AA2024-T3,4319.085765319454
39.59352967385606,0.6999999999999998,0.8,24.999999999999996,20.0,280.0,499.99999999999994,AA2024-T3,AA2024-T3,4319.085765319454
39.59352967385606,0.6999999999999998,0.9000000000000001,24.999999999999996,20.0,280.0,499.99999999999994,AA2024-T3,AA2024-T3,4319.085765319454
39.59352967385606,0.6999999999999998,0.9000000000000001,24.999999999999996,20.0,280.0,449.99999999999994,AA2024-T3,AA2024-T3,4319.085765319454
39.596321691568676,0.6999999999999998,0.9000000000000001,14.999999999999998,20.0,180.00000000000003,399.99999999999994,AA2024-T3,AA2024-T3,7313.661852196841
39.596321691568676,0.6999999999999998,0.8,14.999999999999998,20.0,180.00000000000003,399.99999999999994,AA2024-T3,AA2024-T3,7313.661852196841
39.60689922476781,0.6,0.9000000000000001,29.999999999999996,20.0,160.00000000000003,449.99999999999994,AA2024-T3,AA2024-T3,7462.1213704758275
39.60689922476781,0.6,0.8,29.999999999999996,20.0,160.00000000000003,449.99999999999994,AA2024-T3,AA2024-T3,7462.1213704758275
39.60689922476781,0.6,0.8,29.999999999999996,20.0,160.00000000000003,499.99999999999994,AA2024-T3,AA2024-T3,7462.1213704758275
39.60689922476781,0.6,0.9000000000000001,29.999999999999996,20.0,160.00000000000003,499.99999999999994,AA2024-T3,AA2024-T3,7462.1213704758275
39.63110948218083,0.6999999999999998,0.9000000000000001,24.999999999999996,20.0,240.00000000000003,700.0,AA2024-T3,AA2024-T3,5289.467743191305
39.63110948218083,0.6999999999999998,0.8,24.999999999999996,20.0,240.00000000000003,649.9999999999999,AA2024-T3,AA2024-T3,5289.467743191304
39.63110948218083,0.6999999999999998,0.8,24.999999999999996,20.0,240.00000000000003,700.0,AA2024-T3,AA2024-T3,5289.467743191304
39.63110948218083,0.6999999999999998,0.8,24.999999999999996,20.0,240.00000000000003,749.9999999999999,AA2024-T3,AA2024-T3,5289.467743191304
39.63110948218083,0.6999999999999998,0.9000000000000001,24.999999999999996,20.0,240.00000000000003,749.9999999999999,AA2024-T3,AA2024-T3,5289.467743191305
39.63110948218083,0.6999999999999998,0.9000000000000001,24.999999999999996,20.0,240.00000000000003,649.9999999999999,AA2024-T3,AA2024-T3,5289.467743191305
39.685441396781286,0.6999999999999998,0.9000000000000001,20.0,20.0,260.0,350.0,AA2024-T3,AA2024-T3,4517.900560723851
39.685441396781286,0.6999999999999998,0.8,20.0,20.0,260.0,350.0,AA2024-T3,AA2024-T3,4517.900560723851
39.70439498311826,0.6,0.9000000000000001,20.0,20.0,120.00000000000001,300.0,AA2024-T3,AA2024-T3,850434.3009853823
39.70439498311826,0.6,0.8,20.0,20.0,120.00000000000001,300.0,AA2024-T3,AA2024-T3,850434.3009853823
39.72022918739345,0.6999999999999998,0.8,10.0,20.0,100.0,549.9999999999999,AA2024-T3,AA2024-T3,18823.19553157031
39.72022918739345,0.6999999999999998,0.8,10.0,20.0,100.0,599.9999999999999,AA2024-T3,AA2024-T3,18823.19553157031
39.72022918739345,0.6999999999999998,0.9000000000000001,10.0,20.0,100.0,549.9999999999999,AA2024-T3,AA2024-T3,18823.19553157031
39.72022918739345,0.6999999999999998,0.8,24.999999999999996,20.0,260.0,549.9999999999999,AA2024-T3,AA2024-T3,4772.363384575333
39.72022918739345,0.6999999999999998,0.9000000000000001,24.999999999999996,20.0,260.0,599.9999999999999,AA2024-T3,AA2024-T3,4772.363384575333
39.72022918739345,0.6999999999999998,0.8,24.999999999999996,20.0,260.0,599.9999999999999,AA2024-T3,AA2024-T3,4772.363384575333
39.72022918739345,0.6999999999999998,0.9000000000000001,24.999999999999996,20.0,260.0,549.9999999999999,AA2024-T3,AA2024-T3,4772.363384575333
39.72022918739345,0.6999999999999998,0.9000000000000001,10.0,20.0,100.0,599.9999999999999,AA2024-T3,AA2024-T3,18823.19553157031
39.73359873830519,0.6,0.9000000000000001,20.0,20.0,100.0,599.9999999999999,AA2024-T3,AA2024-T3,615254.8769356152
39.73359873830519,0.6,0.9000000000000001,20.0,20.0,100.0,549.9999999999999,AA2024-T3,AA2024-T3,615254.8769356152
39.73359873830519,0.6,0.8,20.0,20.0,100.0,549.9999999999999,AA2024-T3,AA2024-T3,615254.8769356152
39.73359873830519,0.6,0.8,20.0,20.0,100.0,599.9999999999999,AA2024-T3,AA2024-T3,615254.8769356152
39.73418927595651,0.6999999999999998,0.8,14.999999999999998,20.0,220.00000000000003,300.0,AA2024-T3,AA2024-T3,5373.552468690064
39.73418927595651,0.6999999999999998,0.9000000000000001,14.999999999999998,20.0,220.00000000000003,300.0,AA2024-T3,AA2024-T3,5373.5524686900635
39.74696828921694,0.5,0.8,29.999999999999996,20.0,100.0,549.9999999999999,AA2024-T3,AA2024-T3,710519.721463318
39.74696828921694,0.5,0.8,29.999999999999996,20.0,100.0,599.9999999999999,AA2024-T3,AA2024-T3,710519.721463318
39.74696828921694,0.5,0.9000000000000001,29.999999999999996,20.0,100.0,599.9999999999999,AA2024-T3,AA2024-T3,710519.721463318
39.74696828921694,0.5,0.9000000000000001,29.999999999999996,20.0,100.0,549.9999999999999,AA2024-T3,AA2024-T3,710519.721463318
39.785138635193036,0.6,0.8,24.999999999999996,20.0,140.0,350.0,AA2024-T3,AA2024-T3,8682.307067080315
39.785138635193036,0.6,0.9000000000000001,24.999999999999996,20.0,140.0,350.0,AA2024-T3,AA2024-T3,8682.307067080319
39.79072267061826,0.6,0.9000000000000001,29.999999999999996,20.0,180.00000000000003,300.0,AA2024-T3,AA2024-T3,6304.4196717490995
39.79072267061826,0.6,0.8,29.999999999999996,20.0,180.00000000000003,300.0,AA2024-T3,AA2024-T3,6304.4196717490995
39.80655687489345,0.6999999999999998,0.8,20.0,20.0,200.0,599.9999999999999,AA2024-T3,AA2024-T3,6529.791774721712
39.80655687489345,0.6999999999999998,0.8,20.0,20.0,200.0,549.9999999999999,AA2024-T3,AA2024-T3,6529.791774721712
39.80655687489345,0.6999999999999998,0.9000000000000001,20.0,20.0,200.0,549.9999999999999,AA2024-T3,AA2024-T3,6529.791774721712
39.80655687489345,0.6999999999999998,0.9000000000000001,20.0,20.0,200.0,599.9999999999999,AA2024-T3,AA2024-T3,6529.791774721712
39.80934889260606,0.6999999999999998,0.8,14.999999999999998,20.0,160.00000000000003,449.99999999999994,AA2024-T3,AA2024-T3,8926.948753618082
39.80934889260606,0.6999999999999998,0.8,14.999999999999998,20.0,160.00000000000003,499.99999999999994,AA2024-T3,AA2024-T3,8926.948753618082
39.80934889260606,0.6999999999999998,0.9000000000000001,14.999999999999998,20.0,160.00000000000003,449.99999999999994,AA2024-T3,AA2024-T3,8926.948753618082
39.80934889260606,0.6999999999999998,0.9000000000000001,14.999999999999998,20.0,160.00000000000003,499.99999999999994,AA2024-T3,AA2024-T3,8926.948753618082
39.84692870093083,0.6999999999999998,0.9000000000000001,14.999999999999998,20.0,140.0,649.9999999999999,AA2024-T3,AA2024-T3,992432.9622235913
39.84692870093083,0.6999999999999998,0.9000000000000001,14.999999999999998,20.0,140.0,749.9999999999999,AA2024-T3,AA2024-T3,992432.9622235913
39.84692870093083,0.6999999999999998,0.9000000000000001,14.999999999999998,20.0,140.0,700.0,AA2024-T3,AA2024-T3,666517.9859439213
39.84692870093083,0.6999999999999998,0.8,14.999999999999998,20.0,140.0,749.9999999999999,AA2024-T3,AA2024-T3,992432.9622235913
39.84692870093083,0.6999999999999998,0.8,14.999999999999998,20.0,140.0,700.0,AA2024-T3,AA2024-T3,992432.9622235913
39.84692870093083,0.6999999999999998,0.8,14.999999999999998,20.0,140.0,649.9999999999999,AA2024-T3,AA2024-T3,992432.9622235913
39.84692870093083,0.6999999999999998,0.8,29.999999999999996,20.0,280.0,749.9999999999999,AA2024-T3,AA2024-T3,4552.651771128326
39.84692870093083,0.6999999999999998,0.8,29.999999999999996,20.0,280.0,649.9999999999999,AA2024-T3,AA2024-T3,4552.651771128326
39.84692870093083,0.6999999999999998,0.9000000000000001,29.999999999999996,20.0,280.0,649.9999999999999,AA2024-T3,AA2024-T3,4552.651771128326
39.84692870093083,0.6999999999999998,0.8,29.999999999999996,20.0,280.0,700.0,AA2024-T3,AA2024-T3,4552.651771128326
39.84692870093083,0.6999999999999998,0.9000000000000001,29.999999999999996,20.0,280.0,700.0,AA2024-T3,AA2024-T3,4552.651771128326
39.84692870093083,0.6999999999999998,0.9000000000000001,29.999999999999996,20.0,280.0,749.9999999999999,AA2024-T3,AA2024-T3,4552.651771128326
39.858096771781284,0.6999999999999998,0.9000000000000001,20.0,20.0,240.00000000000003,350.0,AA2024-T3,AA2024-T3,5018.860502706078
39.858096771781284,0.6999999999999998,0.9000000000000001,10.0,20.0,120.00000000000001,350.0,AA2024-T3,AA2024-T3,790045.7833558196
39.858096771781284,0.6999999999999998,0.8,10.0,20.0,120.00000000000001,350.0,AA2024-T3,AA2024-T3,790045.7833558196
39.858096771781284,0.6999999999999998,0.8,20.0,20.0,240.00000000000003,350.0,AA2024-T3,AA2024-T3,5018.860502706078
39.86029825184258,0.6,0.8,24.999999999999996,20.0,120.00000000000001,749.9999999999999,AA2024-T3,AA2024-T3,851196.1249409037
39.86029825184258,0.6,0.9000000000000001,24.999999999999996,20.0,120.00000000000001,700.0,AA2024-T3,AA2024-T3,851196.1249409037
39.86029825184258,0.6,0.9000000000000001,24.999999999999996,20.0,120.00000000000001,749.9999999999999,AA2024-T3,AA2024-T3,851196.1249409037
39.86029825184258,0.6,0.9000000000000001,24.999999999999996,20.0,120.00000000000001,649.9999999999999,AA2024-T3,AA2024-T3,851196.1249409037
39.86029825184258,0.6,0.8,24.999999999999996,20.0,120.00000000000001,700.0,AA2024-T3,AA2024-T3,851196.1249409037
39.86029825184258,0.6,0.8,24.999999999999996,20.0,120.00000000000001,649.9999999999999,AA2024-T3,AA2024-T3,851196.1249409037
39.89846859781868,0.6999999999999998,0.9000000000000001,24.999999999999996,20.0,280.0,399.99999999999994,AA2024-T3,AA2024-T3,4319.085765319454
39.89846859781868,0.6999999999999998,0.8,24.999999999999996,20.0,280.0,399.99999999999994,AA2024-T3,AA2024-T3,4319.085765319454
39.89846859781868,0.6999999999999998,0.9000000000000001,20.0,20.0,220.00000000000003,399.99999999999994,AA2024-T3,AA2024-T3,5668.178024741382
39.89846859781868,0.6999999999999998,0.8,20.0,20.0,220.00000000000003,399.99999999999994,AA2024-T3,AA2024-T3,5668.178024741382
39.901260615531285,0.6999999999999998,0.9000000000000001,14.999999999999998,20.0,180.00000000000003,350.0,AA2024-T3,AA2024-T3,7313.661852196841
39.901260615531285,0.6999999999999998,0.8,14.999999999999998,20.0,180.00000000000003,350.0,AA2024-T3,AA2024-T3,7313.661852196841
39.911838148730425,0.6,0.8,29.999999999999996,20.0,160.00000000000003,399.99999999999994,AA2024-T3,AA2024-T3,7462.1213704758275
39.911838148730425,0.6,0.9000000000000001,29.999999999999996,20.0,160.00000000000003,399.99999999999994,AA2024-T3,AA2024-T3,7462.1213704758275
39.93604840614345,0.6999999999999998,0.8,24.999999999999996,20.0,240.00000000000003,549.9999999999999,AA2024-T3,AA2024-T3,5289.467743191304
39.93604840614345,0.6999999999999998,0.8,24.999999999999996,20.0,240.00000000000003,599.9999999999999,AA2024-T3,AA2024-T3,5289.467743191304
39.93604840614345,0.6999999999999998,0.9000000000000001,24.999999999999996,20.0,240.00000000000003,599.9999999999999,AA2024-T3,AA2024-T3,5289.467743191305
39.93604840614345,0.6999999999999998,0.9000000000000001,24.999999999999996,20.0,240.00000000000003,549.9999999999999,AA2024-T3,AA2024-T3,5289.467743191305
39.95000849470651,0.6999999999999998,0.8,20.0,20.0,280.0,300.0,AA2024-T3,AA2024-T3,4085.630815395686
39.95000849470651,0.6999999999999998,0.9000000000000001,20.0,20.0,280.0,300.0,AA2024-T3,AA2024-T3,4085.630815395686
39.95000849470651,0.6999999999999998,0.9000000000000001,10.0,20.0,140.0,300.0,AA2024-T3,AA2024-T3,991133.0641555425
39.95000849470651,0.6999999999999998,0.8,10.0,20.0,140.0,300.0,AA2024-T3,AA2024-T3,991133.0641555425
40.01958407593084,0.6999999999999998,0.8,20.0,20.0,180.00000000000003,649.9999999999999,AA2024-T3,AA2024-T3,7677.948700523957
40.01958407593084,0.6999999999999998,0.9000000000000001,20.0,20.0,180.00000000000003,749.9999999999999,AA2024-T3,AA2024-T3,7677.948700523957
40.01958407593084,0.6999999999999998,0.8,20.0,20.0,180.00000000000003,749.9999999999999,AA2024-T3,AA2024-T3,7677.948700523957
40.01958407593084,0.6999999999999998,0.9000000000000001,20.0,20.0,180.00000000000003,649.9999999999999,AA2024-T3,AA2024-T3,7677.948700523957
40.01958407593084,0.6999999999999998,0.9000000000000001,20.0,20.0,180.00000000000003,700.0,AA2024-T3,AA2024-T3,7677.948700523957
40.01958407593084,0.6999999999999998,0.8,20.0,20.0,180.00000000000003,700.0,AA2024-T3,AA2024-T3,7677.948700523957
40.02516811135606,0.6999999999999998,0.8,24.999999999999996,20.0,260.0,499.99999999999994,AA2024-T3,AA2024-T3,4772.363384575333
40.02516811135606,0.6999999999999998,0.8,24.999999999999996,20.0,260.0,449.99999999999994,AA2024-T3,AA2024-T3,4772.363384575333
40.02516811135606,0.6999999999999998,0.9000000000000001,24.999999999999996,20.0,260.0,449.99999999999994,AA2024-T3,AA2024-T3,4772.363384575333
40.02516811135606,0.6999999999999998,0.9000000000000001,24.999999999999996,20.0,260.0,499.99999999999994,AA2024-T3,AA2024-T3,4772.363384575333
40.02516811135606,0.6999999999999998,0.8,10.0,20.0,100.0,449.99999999999994,AA2024-T3,AA2024-T3,18823.19553157031
40.02516811135606,0.6999999999999998,0.9000000000000001,10.0,20.0,100.0,499.99999999999994,AA2024-T3,AA2024-T3,18823.19553157031
40.02516811135606,0.6999999999999998,0.9000000000000001,10.0,20.0,100.0,449.99999999999994,AA2024-T3,AA2024-T3,18823.19553157031
40.02516811135606,0.6999999999999998,0.8,10.0,20.0,100.0,499.99999999999994,AA2024-T3,AA2024-T3,18823.19553157031
40.03853766226781,0.6,0.9000000000000001,20.0,20.0,100.0,499.99999999999994,AA2024-T3,AA2024-T3,615254.8769356152
40.03853766226781,0.6,0.8,20.0,20.0,100.0,449.99999999999994,AA2024-T3,AA2024-T3,615254.8769356152
40.03853766226781,0.6,0.8,20.0,20.0,100.0,499.99999999999994,AA2024-T3,AA2024-T3,615254.8769356152
40.03853766226781,0.6,0.9000000000000001,20.0,20.0,100.0,449.99999999999994,AA2024-T3,AA2024-T3,615254.8769356152
40.051907213179554,0.5,0.8,29.999999999999996,20.0,100.0,499.99999999999994,AA2024-T3,AA2024-T3,710519.721463318
40.051907213179554,0.5,0.9000000000000001,29.999999999999996,20.0,100.0,449.99999999999994,AA2024-T3,AA2024-T3,710519.721463318
40.051907213179554,0.5,0.9000000000000001,29.999999999999996,20.0,100.0,499.99999999999994,AA2024-T3,AA2024-T3,710519.721463318
40.051907213179554,0.5,0.8,29.999999999999996,20.0,100.0,449.99999999999994,AA2024-T3,AA2024-T3,710519.721463318
40.06274791968083,0.6999999999999998,0.8,24.999999999999996,20.0,220.00000000000003,749.9999999999999,AA2024-T3,AA2024-T3,5962.822042251219
40.06274791968083,0.6999999999999998,0.8,24.999999999999996,20.0,220.00000000000003,700.0,AA2024-T3,AA2024-T3,5962.822042251219
40.06274791968083,0.6999999999999998,0.9000000000000001,24.999999999999996,20.0,220.00000000000003,749.9999999999999,AA2024-T3,AA2024-T3,5962.8220422512195
40.06274791968083,0.6999999999999998,0.8,24.999999999999996,20.0,220.00000000000003,649.9999999999999,AA2024-T3,AA2024-T3,5962.822042251219
40.06274791968083,0.6999999999999998,0.9000000000000001,24.999999999999996,20.0,220.00000000000003,700.0,AA2024-T3,AA2024-T3,5962.8220422512195
40.06274791968083,0.6999999999999998,0.9000000000000001,24.999999999999996,20.0,220.00000000000003,649.9999999999999,AA2024-T3,AA2024-T3,5962.8220422512195
40.11149579885606,0.6999999999999998,0.9000000000000001,20.0,20.0,200.0,449.99999999999994,AA2024-T3,AA2024-T3,6529.791774721712
40.11149579885606,0.6999999999999998,0.9000000000000001,20.0,20.0,200.0,499.99999999999994,AA2024-T3,AA2024-T3,6529.791774721712
40.11149579885606,0.6999999999999998,0.8,20.0,20.0,200.0,499.99999999999994,AA2024-T3,AA2024-T3,6529.791774721712
40.11149579885606,0.6999999999999998,0.8,20.0,20.0,200.0,449.99999999999994,AA2024-T3,AA2024-T3,6529.791774721712
40.11428781656868,0.6999999999999998,0.8,14.999999999999998,20.0,160.00000000000003,399.99999999999994,AA2024-T3,AA2024-T3,8926.948753618082
40.11428781656868,0.6999999999999998,0.9000000000000001,14.999999999999998,20.0,160.00000000000003,399.99999999999994,AA2024-T3,AA2024-T3,8926.948753618082
40.122663869706514,0.6999999999999998,0.9000000000000001,14.999999999999998,20.0,200.0,300.0,AA2024-T3,AA2024-T3,6201.664393732743
40.122663869706514,0.6999999999999998,0.8,14.999999999999998,20.0,200.0,300.0,AA2024-T3,AA2024-T3,6201.664393732743
40.15186762489345,0.6999999999999998,0.9000000000000001,14.999999999999998,20.0,140.0,599.9999999999999,AA2024-T3,AA2024-T3,992432.9622235913
40.15186762489345,0.6999999999999998,0.8,29.999999999999996,20.0,280.0,599.9999999999999,AA2024-T3,AA2024-T3,4552.651771128326
40.15186762489345,0.6999999999999998,0.9000000000000001,29.999999999999996,20.0,280.0,599.9999999999999,AA2024-T3,AA2024-T3,4552.651771128326
40.15186762489345,0.6999999999999998,0.8,29.999999999999996,20.0,280.0,549.9999999999999,AA2024-T3,AA2024-T3,4552.651771128326
40.15186762489345,0.6999999999999998,0.9000000000000001,29.999999999999996,20.0,280.0,549.9999999999999,AA2024-T3,AA2024-T3,4552.651771128326
40.15186762489345,0.6999999999999998,0.8,14.999999999999998,20.0,140.0,599.9999999999999,AA2024-T3,AA2024-T3,992432.9622235913
40.15186762489345,0.6999999999999998,0.9000000000000001,14.999999999999998,20.0,140.0,549.9999999999999,AA2024-T3,AA2024-T3,992432.9622235913
40.15186762489345,0.6999999999999998,0.8,14.999999999999998,20.0,140.0,549.9999999999999,AA2024-T3,AA2024-T3,992432.9622235913
40.165237175805196,0.6,0.8,24.999999999999996,20.0,120.00000000000001,549.9999999999999,AA2024-T3,AA2024-T3,851196.1249409037
40.165237175805196,0.6,0.9000000000000001,24.999999999999996,20.0,120.00000000000001,549.9999999999999,AA2024-T3,AA2024-T3,851196.1249409037
40.165237175805196,0.6,0.9000000000000001,24.999999999999996,20.0,120.00000000000001,599.9999999999999,AA2024-T3,AA2024-T3,851196.1249409037
40.165237175805196,0.6,0.8,24.999999999999996,20.0,120.00000000000001,599.9999999999999,AA2024-T3,AA2024-T3,851196.1249409037
40.20340752178129,0.6999999999999998,0.8,20.0,20.0,220.00000000000003,350.0,AA2024-T3,AA2024-T3,5668.178024741382
40.20340752178129,0.6999999999999998,0.8,24.999999999999996,20.0,280.0,350.0,AA2024-T3,AA2024-T3,4319.085765319454
40.20340752178129,0.6999999999999998,0.9000000000000001,24.999999999999996,20.0,280.0,350.0,AA2024-T3,AA2024-T3,4319.085765319454
40.20340752178129,0.6999999999999998,0.9000000000000001,20.0,20.0,220.00000000000003,350.0,AA2024-T3,AA2024-T3,5668.178024741382
40.216777072693034,0.6,0.8,29.999999999999996,20.0,160.00000000000003,350.0,AA2024-T3,AA2024-T3,7462.1213704758275
40.216777072693034,0.6,0.9000000000000001,29.999999999999996,20.0,160.00000000000003,350.0,AA2024-T3,AA2024-T3,7462.1213704758275
40.24098733010606,0.6999999999999998,0.8,24.999999999999996,20.0,240.00000000000003,499.99999999999994,AA2024-T3,AA2024-T3,5289.467743191304
40.24098733010606,0.6999999999999998,0.8,24.999999999999996,20.0,240.00000000000003,449.99999999999994,AA2024-T3,AA2024-T3,5289.467743191304
40.24098733010606,0.6999999999999998,0.9000000000000001,24.999999999999996,20.0,240.00000000000003,499.99999999999994,AA2024-T3,AA2024-T3,5289.467743191305
40.24098733010606,0.6999999999999998,0.9000000000000001,24.999999999999996,20.0,240.00000000000003,449.99999999999994,AA2024-T3,AA2024-T3,5289.467743191305
40.29193668934258,0.6,0.8,29.999999999999996,20.0,140.0,649.9999999999999,AA2024-T3,AA2024-T3,9153.285967615917
40.29193668934258,0.6,0.8,29.999999999999996,20.0,140.0,700.0,AA2024-T3,AA2024-T3,9153.285967615917
40.29193668934258,0.6,0.9000000000000001,29.999999999999996,20.0,140.0,700.0,AA2024-T3,AA2024-T3,9153.285967615917
40.29193668934258,0.6,0.8,29.999999999999996,20.0,140.0,749.9999999999999,AA2024-T3,AA2024-T3,9153.285967615917
40.29193668934258,0.6,0.9000000000000001,29.999999999999996,20.0,140.0,749.9999999999999,AA2024-T3,AA2024-T3,9153.285967615917
40.29193668934258,0.6,0.9000000000000001,29.999999999999996,20.0,140.0,649.9999999999999,AA2024-T3,AA2024-T3,9153.285967615917
40.29531924470651,0.6999999999999998,0.8,20.0,20.0,260.0,300.0,AA2024-T3,AA2024-T3,4517.900560723851
40.29531924470651,0.6999999999999998,0.9000000000000001,20.0,20.0,260.0,300.0,AA2024-T3,AA2024-T3,4517.900560723851
40.324522999893446,0.6999999999999998,0.9000000000000001,20.0,20.0,180.00000000000003,599.9999999999999,AA2024-T3,AA2024-T3,7677.948700523957
40.324522999893446,0.6999999999999998,0.8,20.0,20.0,180.00000000000003,599.9999999999999,AA2024-T3,AA2024-T3,7677.948700523957
40.324522999893446,0.6999999999999998,0.8,20.0,20.0,180.00000000000003,549.9999999999999,AA2024-T3,AA2024-T3,7677.948700523957
40.324522999893446,0.6999999999999998,0.9000000000000001,20.0,20.0,180.00000000000003,549.9999999999999,AA2024-T3,AA2024-T3,7677.948700523957
40.330107035318676,0.6999999999999998,0.9000000000000001,10.0,20.0,100.0,399.99999999999994,AA2024-T3,AA2024-T3,18823.19553157031
40.330107035318676,0.6999999999999998,0.9000000000000001,24.999999999999996,20.0,260.0,399.99999999999994,AA2024-T3,AA2024-T3,4772.363384575333
40.330107035318676,0.6999999999999998,0.8,10.0,20.0,100.0,399.99999999999994,AA2024-T3,AA2024-T3,18823.19553157031
40.330107035318676,0.6999999999999998,0.8,24.999999999999996,20.0,260.0,399.99999999999994,AA2024-T3,AA2024-T3,4772.363384575333
40.34347658623042,0.6,0.9000000000000001,20.0,20.0,100.0,399.99999999999994,AA2024-T3,AA2024-T3,615254.8769356152
40.34347658623042,0.6,0.8,20.0,20.0,100.0,399.99999999999994,AA2024-T3,AA2024-T3,615254.8769356152
40.35684613714217,0.5,0.8,29.999999999999996,20.0,100.0,399.99999999999994,AA2024-T3,AA2024-T3,710519.721463318
40.35684613714217,0.5,0.9000000000000001,29.999999999999996,20.0,100.0,399.99999999999994,AA2024-T3,AA2024-T3,710519.721463318
40.36489482593083,0.6999999999999998,0.8,29.999999999999996,20.0,260.0,649.9999999999999,AA2024-T3,AA2024-T3,5027.066702312117
40.36489482593083,0.6999999999999998,0.9000000000000001,29.999999999999996,20.0,260.0,700.0,AA2024-T3,AA2024-T3,5027.066702312117
40.36489482593083,0.6999999999999998,0.9000000000000001,29.999999999999996,20.0,260.0,649.9999999999999,AA2024-T3,AA2024-T3,5027.066702312117
40.36489482593083,0.6999999999999998,0.8,29.999999999999996,20.0,260.0,749.9999999999999,AA2024-T3,AA2024-T3,5027.066702312117
40.36489482593083,0.6999999999999998,0.9000000000000001,29.999999999999996,20.0,260.0,749.9999999999999,AA2024-T3,AA2024-T3,5027.066702312117
40.36489482593083,0.6999999999999998,0.8,29.999999999999996,20.0,260.0,700.0,AA2024-T3,AA2024-T3,5027.066702312117
40.36768684364345,0.6999999999999998,0.8,24.999999999999996,20.0,220.00000000000003,599.9999999999999,AA2024-T3,AA2024-T3,5962.822042251219
40.36768684364345,0.6999999999999998,0.8,24.999999999999996,20.0,220.00000000000003,549.9999999999999,AA2024-T3,AA2024-T3,5962.822042251219
40.36768684364345,0.6999999999999998,0.9000000000000001,24.999999999999996,20.0,220.00000000000003,549.9999999999999,AA2024-T3,AA2024-T3,5962.8220422512195
40.36768684364345,0.6999999999999998,0.9000000000000001,24.999999999999996,20.0,220.00000000000003,599.9999999999999,AA2024-T3,AA2024-T3,5962.8220422512195
40.39501648311826,0.6,0.8,24.999999999999996,20.0,140.0,300.0,AA2024-T3,AA2024-T3,8682.307067080315
40.39501648311826,0.6,0.9000000000000001,24.999999999999996,20.0,140.0,300.0,AA2024-T3,AA2024-T3,8682.307067080319
40.41643472281868,0.6999999999999998,0.9000000000000001,20.0,20.0,200.0,399.99999999999994,AA2024-T3,AA2024-T3,6529.791774721712
40.41643472281868,0.6999999999999998,0.8,20.0,20.0,200.0,399.99999999999994,AA2024-T3,AA2024-T3,6529.791774721712
40.419226740531286,0.6999999999999998,0.9000000000000001,14.999999999999998,20.0,160.00000000000003,350.0,AA2024-T3,AA2024-T3,8926.948753618082
40.419226740531286,0.6999999999999998,0.8,14.999999999999998,20.0,160.00000000000003,350.0,AA2024-T3,AA2024-T3,8926.948753618082
40.45680654885606,0.6999999999999998,0.9000000000000001,29.999999999999996,20.0,280.0,449.99999999999994,AA2024-T3,AA2024-T3,4552.651771128326
40.45680654885606,0.6999999999999998,0.9000000000000001,29.999999999999996,20.0,280.0,499.99999999999994,AA2024-T3,AA2024-T3,4552.651771128326
40.45680654885606,0.6999999999999998,0.8,29.999999999999996,20.0,280.0,499.99999999999994,AA2024-T3,AA2024-T3,4552.651771128326
40.45680654885606,0.6999999999999998,0.8,29.999999999999996,20.0,280.0,449.99999999999994,AA2024-T3,AA2024-T3,4552.651771128326
40.45680654885606,0.6999999999999998,0.8,14.999999999999998,20.0,140.0,449.99999999999994,AA2024-T3,AA2024-T3,992432.9622235913
40.45680654885606,0.6999999999999998,0.9000000000000001,14.999999999999998,20.0,140.0,499.99999999999994,AA2024-T3,AA2024-T3,992432.9622235913
40.45680654885606,0.6999999999999998,0.9000000000000001,14.999999999999998,20.0,140.0,449.99999999999994,AA2024-T3,AA2024-T3,992432.9622235913
40.45680654885606,0.6999999999999998,0.8,14.999999999999998,20.0,140.0,499.99999999999994,AA2024-T3,AA2024-T3,992432.9622235913
40.46797461970651,0.6999999999999998,0.9000000000000001,20.0,20.0,240.00000000000003,300.0,AA2024-T3,AA2024-T3,5018.860502706078
40.46797461970651,0.6999999999999998,0.9000000000000001,10.0,20.0,120.00000000000001,300.0,AA2024-T3,AA2024-T3,790045.7833558196
40.46797461970651,0.6999999999999998,0.8,10.0,20.0,120.00000000000001,300.0,AA2024-T3,AA2024-T3,790045.7833558196
40.46797461970651,0.6999999999999998,0.8,20.0,20.0,240.00000000000003,300.0,AA2024-T3,AA2024-T3,5018.860502706078
40.470176099767805,0.6,0.9000000000000001,24.999999999999996,20.0,120.00000000000001,499.99999999999994,AA2024-T3,AA2024-T3,851196.1249409037
40.470176099767805,0.6,0.9000000000000001,24.999999999999996,20.0,120.00000000000001,449.99999999999994,AA2024-T3,AA2024-T3,851196.1249409037
40.470176099767805,0.6,0.8,24.999999999999996,20.0,120.00000000000001,449.99999999999994,AA2024-T3,AA2024-T3,851196.1249409037
40.470176099767805,0.6,0.8,24.999999999999996,20.0,120.00000000000001,499.99999999999994,AA2024-T3,AA2024-T3,851196.1249409037
40.51113846345651,0.6999999999999998,0.8,14.999999999999998,20.0,180.00000000000003,300.0,AA2024-T3,AA2024-T3,7313.661852196841
40.51113846345651,0.6999999999999998,0.9000000000000001,14.999999999999998,20.0,180.00000000000003,300.0,AA2024-T3,AA2024-T3,7313.661852196841
40.545926254068675,0.6999999999999998,0.8,24.999999999999996,20.0,240.00000000000003,399.99999999999994,AA2024-T3,AA2024-T3,5289.467743191304
40.545926254068675,0.6999999999999998,0.9000000000000001,24.999999999999996,20.0,240.00000000000003,399.99999999999994,AA2024-T3,AA2024-T3,5289.467743191305
40.596875613305194,0.6,0.9000000000000001,29.999999999999996,20.0,140.0,549.9999999999999,AA2024-T3,AA2024-T3,9153.285967615917
40.596875613305194,0.6,0.8,29.999999999999996,20.0,140.0,549.9999999999999,AA2024-T3,AA2024-T3,9153.285967615917
40.596875613305194,0.6,0.8,29.999999999999996,20.0,140.0,599.9999999999999,AA2024-T3,AA2024-T3,9153.285967615917
40.596875613305194,0.6,0.9000000000000001,29.999999999999996,20.0,140.0,599.9999999999999,AA2024-T3,AA2024-T3,9153.285967615917
40.62387788843083,0.6999999999999998,0.9000000000000001,14.999999999999998,20.0,120.00000000000001,700.0,AA2024-T3,AA2024-T3,14552.82887380541
40.62387788843083,0.6999999999999998,0.8,14.999999999999998,20.0,120.00000000000001,649.9999999999999,AA2024-T3,AA2024-T3,790816.1241331928
40.62387788843083,0.6999999999999998,0.8,14.999999999999998,20.0,120.00000000000001,749.9999999999999,AA2024-T3,AA2024-T3,790816.1241331928
40.62387788843083,0.6999999999999998,0.8,14.999999999999998,20.0,120.00000000000001,700.0,AA2024-T3,AA2024-T3,790816.1241331928
40.62387788843083,0.6999999999999998,0.9000000000000001,29.999999999999996,20.0,240.00000000000003,749.9999999999999,AA2024-T3,AA2024-T3,5560.112978342235
40.62387788843083,0.6999999999999998,0.9000000000000001,29.999999999999996,20.0,240.00000000000003,649.9999999999999,AA2024-T3,AA2024-T3,5560.112978342235
40.62387788843083,0.6999999999999998,0.9000000000000001,29.999999999999996,20.0,240.00000000000003,700.0,AA2024-T3,AA2024-T3,5560.112978342235
40.62387788843083,0.6999999999999998,0.9000000000000001,14.999999999999998,20.0,120.00000000000001,749.9999999999999,AA2024-T3,AA2024-T3,790816.1241331928
40.62387788843083,0.6999999999999998,0.9000000000000001,14.999999999999998,20.0,120.00000000000001,649.9999999999999,AA2024-T3,AA2024-T3,790816.1241331928
40.62387788843083,0.6999999999999998,0.8,29.999999999999996,20.0,240.00000000000003,649.9999999999999,AA2024-T3,AA2024-T3,5560.112978342235
40.62387788843083,0.6999999999999998,0.8,29.999999999999996,20.0,240.00000000000003,700.0,AA2024-T3,AA2024-T3,5560.112978342235
40.62387788843083,0.6999999999999998,0.8,29.999999999999996,20.0,240.00000000000003,749.9999999999999,AA2024-T3,AA2024-T3,5560.112978342235
40.629461923856056,0.6999999999999998,0.8,20.0,20.0,180.00000000000003,449.99999999999994,AA2024-T3,AA2024-T3,7677.948700523957
40.629461923856056,0.6999999999999998,0.9000000000000001,20.0,20.0,180.00000000000003,499.99999999999994,AA2024-T3,AA2024-T3,7677.948700523957
40.629461923856056,0.6999999999999998,0.8,20.0,20.0,180.00000000000003,499.99999999999994,AA2024-T3,AA2024-T3,7677.948700523957
40.629461923856056,0.6999999999999998,0.9000000000000001,20.0,20.0,180.00000000000003,449.99999999999994,AA2024-T3,AA2024-T3,7677.948700523957
40.635045959281285,0.6999999999999998,0.8,10.0,20.0,100.0,350.0,AA2024-T3,AA2024-T3,18823.19553157031
40.635045959281285,0.6999999999999998,0.9000000000000001,24.999999999999996,20.0,260.0,350.0,AA2024-T3,AA2024-T3,4772.363384575333
40.635045959281285,0.6999999999999998,0.8,24.999999999999996,20.0,260.0,350.0,AA2024-T3,AA2024-T3,4772.363384575333
40.635045959281285,0.6999999999999998,0.9000000000000001,10.0,20.0,100.0,350.0,AA2024-T3,AA2024-T3,18823.19553157031
40.64841551019303,0.6,0.9000000000000001,20.0,20.0,100.0,350.0,AA2024-T3,AA2024-T3,615254.8769356152
40.64841551019303,0.6,0.8,20.0,20.0,100.0,350.0,AA2024-T3,AA2024-T3,615254.8769356152
40.66178506110478,0.5,0.8,29.999999999999996,20.0,100.0,350.0,AA2024-T3,AA2024-T3,710519.721463318
40.66178506110478,0.5,0.9000000000000001,29.999999999999996,20.0,100.0,350.0,AA2024-T3,AA2024-T3,710519.721463318
40.66983374989345,0.6999999999999998,0.9000000000000001,29.999999999999996,20.0,260.0,549.9999999999999,AA2024-T3,AA2024-T3,5027.066702312117
40.66983374989345,0.6999999999999998,0.8,29.999999999999996,20.0,260.0,599.9999999999999,AA2024-T3,AA2024-T3,5027.066702312117
40.66983374989345,0.6999999999999998,0.8,29.999999999999996,20.0,260.0,549.9999999999999,AA2024-T3,AA2024-T3,5027.066702312117
40.66983374989345,0.6999999999999998,0.9000000000000001,29.999999999999996,20.0,260.0,599.9999999999999,AA2024-T3,AA2024-T3,5027.066702312117
40.67262576760606,0.6999999999999998,0.9000000000000001,24.999999999999996,20.0,220.00000000000003,499.99999999999994,AA2024-T3,AA2024-T3,5962.8220422512195
40.67262576760606,0.6999999999999998,0.9000000000000001,24.999999999999996,20.0,220.00000000000003,449.99999999999994,AA2024-T3,AA2024-T3,5962.8220422512195
40.67262576760606,0.6999999999999998,0.8,24.999999999999996,20.0,220.00000000000003,449.99999999999994,AA2024-T3,AA2024-T3,5962.822042251219
40.67262576760606,0.6999999999999998,0.8,24.999999999999996,20.0,220.00000000000003,499.99999999999994,AA2024-T3,AA2024-T3,5962.822042251219
40.71020557593083,0.6999999999999998,0.9000000000000001,24.999999999999996,20.0,200.0,649.9999999999999,AA2024-T3,AA2024-T3,6858.053904626372
40.71020557593083,0.6999999999999998,0.9000000000000001,20.0,20.0,160.00000000000003,749.9999999999999,AA2024-T3,AA2024-T3,9338.995415029622
40.71020557593083,0.6999999999999998,0.9000000000000001,20.0,20.0,160.00000000000003,700.0,AA2024-T3,AA2024-T3,9338.995415029622
40.71020557593083,0.6999999999999998,0.9000000000000001,20.0,20.0,160.00000000000003,649.9999999999999,AA2024-T3,AA2024-T3,9338.995415029622
40.71020557593083,0.6999999999999998,0.9000000000000001,24.999999999999996,20.0,200.0,700.0,AA2024-T3,AA2024-T3,6858.053904626372
40.71020557593083,0.6999999999999998,0.9000000000000001,24.999999999999996,20.0,200.0,749.9999999999999,AA2024-T3,AA2024-T3,6858.053904626372
40.71020557593083,0.6999999999999998,0.8,20.0,20.0,160.00000000000003,700.0,AA2024-T3,AA2024-T3,9338.995415029622
40.71020557593083,0.6999999999999998,0.8,20.0,20.0,160.00000000000003,649.9999999999999,AA2024-T3,AA2024-T3,9338.995415029622
40.71020557593083,0.6999999999999998,0.8,24.999999999999996,20.0,200.0,649.9999999999999,AA2024-T3,AA2024-T3,6858.053904626372
40.71020557593083,0.6999999999999998,0.8,20.0,20.0,160.00000000000003,749.9999999999999,AA2024-T3,AA2024-T3,9338.995415029622
40.71020557593083,0.6999999999999998,0.8,24.999999999999996,20.0,200.0,749.9999999999999,AA2024-T3,AA2024-T3,6858.053904626372
40.71020557593083,0.6999999999999998,0.8,24.999999999999996,20.0,200.0,700.0,AA2024-T3,AA2024-T3,6858.053904626372
40.72137364678129,0.6999999999999998,0.9000000000000001,20.0,20.0,200.0,350.0,AA2024-T3,AA2024-T3,6529.791774721712
40.72137364678129,0.6999999999999998,0.8,20.0,20.0,200.0,350.0,AA2024-T3,AA2024-T3,6529.791774721712
40.761745472818674,0.6999999999999998,0.8,14.999999999999998,20.0,140.0,399.99999999999994,AA2024-T3,AA2024-T3,992432.9622235913
40.761745472818674,0.6999999999999998,0.8,29.999999999999996,20.0,280.0,399.99999999999994,AA2024-T3,AA2024-T3,4552.651771128326
40.761745472818674,0.6999999999999998,0.9000000000000001,14.999999999999998,20.0,140.0,399.99999999999994,AA2024-T3,AA2024-T3,992432.9622235913
40.761745472818674,0.6999999999999998,0.9000000000000001,29.999999999999996,20.0,280.0,399.99999999999994,AA2024-T3,AA2024-T3,4552.651771128326
40.77511502373042,0.6,0.8,24.999999999999996,20.0,120.00000000000001,399.99999999999994,AA2024-T3,AA2024-T3,851196.1249409037
40.77511502373042,0.6,0.9000000000000001,24.999999999999996,20.0,120.00000000000001,399.99999999999994,AA2024-T3,AA2024-T3,851196.1249409037
40.81328536970651,0.6999999999999998,0.9000000000000001,24.999999999999996,20.0,280.0,300.0,AA2024-T3,AA2024-T3,4319.085765319454
40.81328536970651,0.6999999999999998,0.8,20.0,20.0,220.00000000000003,300.0,AA2024-T3,AA2024-T3,5668.178024741382
40.81328536970651,0.6999999999999998,0.8,24.999999999999996,20.0,280.0,300.0,AA2024-T3,AA2024-T3,4319.085765319454
40.81328536970651,0.6999999999999998,0.9000000000000001,20.0,20.0,220.00000000000003,300.0,AA2024-T3,AA2024-T3,5668.178024741382
40.82665492061826,0.6,0.8,29.999999999999996,20.0,160.00000000000003,300.0,AA2024-T3,AA2024-T3,7462.1213704758275
40.82665492061826,0.6,0.9000000000000001,29.999999999999996,20.0,160.00000000000003,300.0,AA2024-T3,AA2024-T3,7462.1213704758275
40.850865178031285,0.6999999999999998,0.9000000000000001,24.999999999999996,20.0,240.00000000000003,350.0,AA2024-T3,AA2024-T3,5289.467743191305
40.850865178031285,0.6999999999999998,0.8,24.999999999999996,20.0,240.00000000000003,350.0,AA2024-T3,AA2024-T3,5289.467743191304
40.90181453726781,0.6,0.9000000000000001,29.999999999999996,20.0,140.0,449.99999999999994,AA2024-T3,AA2024-T3,9153.285967615917
40.90181453726781,0.6,0.8,29.999999999999996,20.0,140.0,499.99999999999994,AA2024-T3,AA2024-T3,9153.285967615917
40.90181453726781,0.6,0.9000000000000001,29.999999999999996,20.0,140.0,499.99999999999994,AA2024-T3,AA2024-T3,9153.285967615917
40.90181453726781,0.6,0.8,29.999999999999996,20.0,140.0,449.99999999999994,AA2024-T3,AA2024-T3,9153.285967615917
40.92881681239345,0.6999999999999998,0.9000000000000001,29.999999999999996,20.0,240.00000000000003,599.9999999999999,AA2024-T3,AA2024-T3,5560.112978342235
40.92881681239345,0.6999999999999998,0.8,29.999999999999996,20.0,240.00000000000003,549.9999999999999,AA2024-T3,AA2024-T3,5560.112978342235
40.92881681239345,0.6999999999999998,0.9000000000000001,29.999999999999996,20.0,240.00000000000003,549.9999999999999,AA2024-T3,AA2024-T3,5560.112978342235
40.92881681239345,0.6999999999999998,0.9000000000000001,14.999999999999998,20.0,120.00000000000001,549.9999999999999,AA2024-T3,AA2024-T3,790816.1241331928
40.92881681239345,0.6999999999999998,0.9000000000000001,14.999999999999998,20.0,120.00000000000001,599.9999999999999,AA2024-T3,AA2024-T3,790816.1241331928
40.92881681239345,0.6999999999999998,0.8,29.999999999999996,20.0,240.00000000000003,599.9999999999999,AA2024-T3,AA2024-T3,5560.112978342235
40.92881681239345,0.6999999999999998,0.8,14.999999999999998,20.0,120.00000000000001,549.9999999999999,AA2024-T3,AA2024-T3,790816.1241331928
40.92881681239345,0.6999999999999998,0.8,14.999999999999998,20.0,120.00000000000001,599.9999999999999,AA2024-T3,AA2024-T3,790816.1241331928
40.93440084781868,0.6999999999999998,0.8,20.0,20.0,180.00000000000003,399.99999999999994,AA2024-T3,AA2024-T3,7677.948700523957
40.93440084781868,0.6999999999999998,0.9000000000000001,20.0,20.0,180.00000000000003,399.99999999999994,AA2024-T3,AA2024-T3,7677.948700523957
40.97477267385606,0.6999999999999998,0.9000000000000001,29.999999999999996,20.0,260.0,449.99999999999994,AA2024-T3,AA2024-T3,5027.066702312117
40.97477267385606,0.6999999999999998,0.9000000000000001,29.999999999999996,20.0,260.0,499.99999999999994,AA2024-T3,AA2024-T3,5027.066702312117
40.97477267385606,0.6999999999999998,0.8,29.999999999999996,20.0,260.0,449.99999999999994,AA2024-T3,AA2024-T3,5027.066702312117
40.97477267385606,0.6999999999999998,0.8,29.999999999999996,20.0,260.0,499.99999999999994,AA2024-T3,AA2024-T3,5027.066702312117
40.97756469156867,0.6999999999999998,0.9000000000000001,24.999999999999996,20.0,220.00000000000003,399.99999999999994,AA2024-T3,AA2024-T3,5962.8220422512195
40.97756469156867,0.6999999999999998,0.8,24.999999999999996,20.0,220.00000000000003,399.99999999999994,AA2024-T3,AA2024-T3,5962.822042251219
41.01514449989345,0.6999999999999998,0.8,24.999999999999996,20.0,200.0,549.9999999999999,AA2024-T3,AA2024-T3,6858.053904626372
41.01514449989345,0.6999999999999998,0.8,20.0,20.0,160.00000000000003,599.9999999999999,AA2024-T3,AA2024-T3,9338.995415029622
41.01514449989345,0.6999999999999998,0.9000000000000001,20.0,20.0,160.00000000000003,549.9999999999999,AA2024-T3,AA2024-T3,9338.995415029622
41.01514449989345,0.6999999999999998,0.8,20.0,20.0,160.00000000000003,549.9999999999999,AA2024-T3,AA2024-T3,9338.995415029622
41.01514449989345,0.6999999999999998,0.9000000000000001,20.0,20.0,160.00000000000003,599.9999999999999,AA2024-T3,AA2024-T3,9338.995415029622
41.01514449989345,0.6999999999999998,0.9000000000000001,24.999999999999996,20.0,200.0,599.9999999999999,AA2024-T3,AA2024-T3,6858.053904626372
41.01514449989345,0.6999999999999998,0.9000000000000001,24.999999999999996,20.0,200.0,549.9999999999999,AA2024-T3,AA2024-T3,6858.053904626372
41.01514449989345,0.6999999999999998,0.8,24.999999999999996,20.0,200.0,599.9999999999999,AA2024-T3,AA2024-T3,6858.053904626372
41.02910458845651,0.6999999999999998,0.9000000000000001,14.999999999999998,20.0,160.00000000000003,300.0,AA2024-T3,AA2024-T3,8926.948753618082
41.02910458845651,0.6999999999999998,0.8,14.999999999999998,20.0,160.00000000000003,300.0,AA2024-T3,AA2024-T3,8926.948753618082
41.066684396781284,0.6999999999999998,0.9000000000000001,29.999999999999996,20.0,280.0,350.0,AA2024-T3,AA2024-T3,4552.651771128326
41.066684396781284,0.6999999999999998,0.8,14.999999999999998,20.0,140.0,350.0,AA2024-T3,AA2024-T3,992432.9622235913
41.066684396781284,0.6999999999999998,0.8,29.999999999999996,20.0,280.0,350.0,AA2024-T3,AA2024-T3,4552.651771128326
41.066684396781284,0.6999999999999998,0.9000000000000001,14.999999999999998,20.0,140.0,350.0,AA2024-T3,AA2024-T3,992432.9622235913
41.08005394769303,0.6,0.9000000000000001,24.999999999999996,20.0,120.00000000000001,350.0,AA2024-T3,AA2024-T3,851196.1249409037
41.08005394769303,0.6,0.8,24.999999999999996,20.0,120.00000000000001,350.0,AA2024-T3,AA2024-T3,851196.1249409037
41.12847446251909,0.7999999999999999,0.8,10.0,20.0,280.0,700.0,AA2024-T3,AA2024-T3,4845.334800372942
41.12847446251909,0.7999999999999999,0.9000000000000001,10.0,20.0,280.0,649.9999999999999,AA2024-T3,AA2024-T3,4845.334800372942
41.12847446251909,0.7999999999999999,0.9000000000000001,10.0,20.0,280.0,749.9999999999999,AA2024-T3,AA2024-T3,4845.334800372942
41.12847446251909,0.7999999999999999,0.9000000000000001,10.0,20.0,280.0,700.0,AA2024-T3,AA2024-T3,4845.334800372942
41.12847446251909,0.7999999999999999,0.8,10.0,20.0,280.0,649.9999999999999,AA2024-T3,AA2024-T3,4845.334800372942
41.12847446251909,0.7999999999999999,0.8,10.0,20.0,280.0,749.9999999999999,AA2024-T3,AA2024-T3,4845.334800372942
41.141844013430834,0.6999999999999998,0.9000000000000001,29.999999999999996,20.0,220.00000000000003,649.9999999999999,AA2024-T3,AA2024-T3,6257.483016209379
41.141844013430834,0.6999999999999998,0.9000000000000001,29.999999999999996,20.0,220.00000000000003,749.9999999999999,AA2024-T3,AA2024-T3,6257.483016209379
41.141844013430834,0.6999999999999998,0.8,29.999999999999996,20.0,220.00000000000003,649.9999999999999,AA2024-T3,AA2024-T3,6257.483016209379
41.141844013430834,0.6999999999999998,0.8,29.999999999999996,20.0,220.00000000000003,749.9999999999999,AA2024-T3,AA2024-T3,6257.483016209379
41.141844013430834,0.6999999999999998,0.8,29.999999999999996,20.0,220.00000000000003,700.0,AA2024-T3,AA2024-T3,6257.483016209379
41.141844013430834,0.6999999999999998,0.9000000000000001,29.999999999999996,20.0,220.00000000000003,700.0,AA2024-T3,AA2024-T3,6257.483016209379
41.20675346123042,0.6,0.8,29.999999999999996,20.0,140.0,399.99999999999994,AA2024-T3,AA2024-T3,9153.285967615917
41.20675346123042,0.6,0.9000000000000001,29.999999999999996,20.0,140.0,399.99999999999994,AA2024-T3,AA2024-T3,9153.285967615917
41.23375573635606,0.6999999999999998,0.8,14.999999999999998,20.0,120.00000000000001,449.99999999999994,AA2024-T3,AA2024-T3,790816.1241331928
41.23375573635606,0.6999999999999998,0.9000000000000001,14.999999999999998,20.0,120.00000000000001,449.99999999999994,AA2024-T3,AA2024-T3,790816.1241331928
41.23375573635606,0.6999999999999998,0.9000000000000001,29.999999999999996,20.0,240.00000000000003,499.99999999999994,AA2024-T3,AA2024-T3,5560.112978342235
41.23375573635606,0.6999999999999998,0.8,29.999999999999996,20.0,240.00000000000003,449.99999999999994,AA2024-T3,AA2024-T3,5560.112978342235
41.23375573635606,0.6999999999999998,0.8,29.999999999999996,20.0,240.00000000000003,499.99999999999994,AA2024-T3,AA2024-T3,5560.112978342235
41.23375573635606,0.6999999999999998,0.9000000000000001,14.999999999999998,20.0,120.00000000000001,499.99999999999994,AA2024-T3,AA2024-T3,790816.1241331928
41.23375573635606,0.6999999999999998,0.9000000000000001,29.999999999999996,20.0,240.00000000000003,449.99999999999994,AA2024-T3,AA2024-T3,5560.112978342235
41.23375573635606,0.6999999999999998,0.8,14.999999999999998,20.0,120.00000000000001,499.99999999999994,AA2024-T3,AA2024-T3,790816.1241331928
41.23933977178129,0.6999999999999998,0.8,20.0,20.0,180.00000000000003,350.0,AA2024-T3,AA2024-T3,7677.948700523957
41.23933977178129,0.6999999999999998,0.9000000000000001,20.0,20.0,180.00000000000003,350.0,AA2024-T3,AA2024-T3,7677.948700523957
41.24492380720651,0.6999999999999998,0.8,24.999999999999996,20.0,260.0,300.0,AA2024-T3,AA2024-T3,4772.363384575333
41.24492380720651,0.6999999999999998,0.9000000000000001,24.999999999999996,20.0,260.0,300.0,AA2024-T3,AA2024-T3,4772.363384575333
41.24492380720651,0.6999999999999998,0.9000000000000001,10.0,20.0,100.0,300.0,AA2024-T3,AA2024-T3,18823.19553157031
41.24492380720651,0.6999999999999998,0.8,10.0,20.0,100.0,300.0,AA2024-T3,AA2024-T3,18823.19553157031
41.25829335811826,0.6,0.9000000000000001,20.0,20.0,100.0,300.0,AA2024-T3,AA2024-T3,615254.8769356152
41.25829335811826,0.6,0.8,20.0,20.0,100.0,300.0,AA2024-T3,AA2024-T3,615254.8769356152
41.271662909030006,0.5,0.9000000000000001,29.999999999999996,20.0,100.0,300.0,AA2024-T3,AA2024-T3,710519.721463318
41.271662909030006,0.5,0.8,29.999999999999996,20.0,100.0,300.0,AA2024-T3,AA2024-T3,710519.721463318
41.279711597818675,0.6999999999999998,0.9000000000000001,29.999999999999996,20.0,260.0,399.99999999999994,AA2024-T3,AA2024-T3,5027.066702312117
41.279711597818675,0.6999999999999998,0.8,29.999999999999996,20.0,260.0,399.99999999999994,AA2024-T3,AA2024-T3,5027.066702312117
41.28250361553128,0.6999999999999998,0.8,24.999999999999996,20.0,220.00000000000003,350.0,AA2024-T3,AA2024-T3,5962.822042251219
41.28250361553128,0.6999999999999998,0.9000000000000001,24.999999999999996,20.0,220.00000000000003,350.0,AA2024-T3,AA2024-T3,5962.8220422512195
41.301129837519085,0.7999999999999999,0.8,10.0,20.0,260.0,649.9999999999999,AA2024-T3,AA2024-T3,5397.7861053121405
41.301129837519085,0.7999999999999999,0.9000000000000001,10.0,20.0,260.0,700.0,AA2024-T3,AA2024-T3,5397.7861053121405
41.301129837519085,0.7999999999999999,0.8,10.0,20.0,260.0,749.9999999999999,AA2024-T3,AA2024-T3,5397.7861053121405
41.301129837519085,0.7999999999999999,0.8,10.0,20.0,260.0,700.0,AA2024-T3,AA2024-T3,5397.7861053121405
41.301129837519085,0.7999999999999999,0.9000000000000001,10.0,20.0,260.0,749.9999999999999,AA2024-T3,AA2024-T3,5397.7861053121405
41.301129837519085,0.7999999999999999,0.9000000000000001,10.0,20.0,260.0,649.9999999999999,AA2024-T3,AA2024-T3,5397.7861053121405
41.32008342385606,0.6999999999999998,0.8,24.999999999999996,20.0,200.0,499.99999999999994,AA2024-T3,AA2024-T3,6858.053904626372
41.32008342385606,0.6999999999999998,0.9000000000000001,20.0,20.0,160.00000000000003,499.99999999999994,AA2024-T3,AA2024-T3,9338.995415029622
41.32008342385606,0.6999999999999998,0.9000000000000001,20.0,20.0,160.00000000000003,449.99999999999994,AA2024-T3,AA2024-T3,9338.995415029622
41.32008342385606,0.6999999999999998,0.8,20.0,20.0,160.00000000000003,499.99999999999994,AA2024-T3,AA2024-T3,9338.995415029622
41.32008342385606,0.6999999999999998,0.9000000000000001,24.999999999999996,20.0,200.0,499.99999999999994,AA2024-T3,AA2024-T3,6858.053904626372
41.32008342385606,0.6999999999999998,0.9000000000000001,24.999999999999996,20.0,200.0,449.99999999999994,AA2024-T3,AA2024-T3,6858.053904626372
41.32008342385606,0.6999999999999998,0.8,20.0,20.0,160.00000000000003,449.99999999999994,AA2024-T3,AA2024-T3,9338.995415029622
41.32008342385606,0.6999999999999998,0.8,24.999999999999996,20.0,200.0,449.99999999999994,AA2024-T3,AA2024-T3,6858.053904626372
41.331251494706514,0.6999999999999998,0.9000000000000001,20.0,20.0,200.0,300.0,AA2024-T3,AA2024-T3,6529.791774721712
41.331251494706514,0.6999999999999998,0.8,20.0,20.0,200.0,300.0,AA2024-T3,AA2024-T3,6529.791774721712
41.35766323218083,0.6999999999999998,0.8,24.999999999999996,20.0,180.00000000000003,700.0,AA2024-T3,AA2024-T3,8042.332145653045
41.35766323218083,0.6999999999999998,0.9000000000000001,24.999999999999996,20.0,180.00000000000003,649.9999999999999,AA2024-T3,AA2024-T3,8042.332145653046
41.35766323218083,0.6999999999999998,0.9000000000000001,24.999999999999996,20.0,180.00000000000003,700.0,AA2024-T3,AA2024-T3,8042.332145653046
41.35766323218083,0.6999999999999998,0.9000000000000001,24.999999999999996,20.0,180.00000000000003,749.9999999999999,AA2024-T3,AA2024-T3,8042.332145653046
41.35766323218083,0.6999999999999998,0.8,24.999999999999996,20.0,180.00000000000003,749.9999999999999,AA2024-T3,AA2024-T3,8042.332145653045
41.35766323218083,0.6999999999999998,0.8,24.999999999999996,20.0,180.00000000000003,649.9999999999999,AA2024-T3,AA2024-T3,8042.332145653045
41.38745752501909,0.7999999999999999,0.8,10.0,20.0,240.00000000000003,749.9999999999999,AA2024-T3,AA2024-T3,6072.341410711364
41.38745752501909,0.7999999999999999,0.8,10.0,20.0,240.00000000000003,649.9999999999999,AA2024-T3,AA2024-T3,6072.341410711364
41.38745752501909,0.7999999999999999,0.9000000000000001,10.0,20.0,240.00000000000003,649.9999999999999,AA2024-T3,AA2024-T3,6072.341410711364
41.38745752501909,0.7999999999999999,0.8,10.0,20.0,240.00000000000003,700.0,AA2024-T3,AA2024-T3,6072.341410711364
41.38745752501909,0.7999999999999999,0.9000000000000001,10.0,20.0,240.00000000000003,700.0,AA2024-T3,AA2024-T3,6072.341410711364
41.38745752501909,0.7999999999999999,0.9000000000000001,10.0,20.0,240.00000000000003,749.9999999999999,AA2024-T3,AA2024-T3,6072.341410711364
41.4334133864817,0.7999999999999999,0.9000000000000001,10.0,20.0,280.0,549.9999999999999,AA2024-T3,AA2024-T3,4845.334800372942
41.4334133864817,0.7999999999999999,0.9000000000000001,10.0,20.0,280.0,599.9999999999999,AA2024-T3,AA2024-T3,4845.334800372942
41.4334133864817,0.7999999999999999,0.8,10.0,20.0,280.0,549.9999999999999,AA2024-T3,AA2024-T3,4845.334800372942
41.4334133864817,0.7999999999999999,0.8,10.0,20.0,280.0,599.9999999999999,AA2024-T3,AA2024-T3,4845.334800372942
41.44678293739345,0.6999999999999998,0.8,29.999999999999996,20.0,220.00000000000003,599.9999999999999,AA2024-T3,AA2024-T3,6257.483016209379
41.44678293739345,0.6999999999999998,0.8,29.999999999999996,20.0,220.00000000000003,549.9999999999999,AA2024-T3,AA2024-T3,6257.483016209379
41.44678293739345,0.6999999999999998,0.9000000000000001,29.999999999999996,20.0,220.00000000000003,599.9999999999999,AA2024-T3,AA2024-T3,6257.483016209379
41.44678293739345,0.6999999999999998,0.9000000000000001,29.999999999999996,20.0,220.00000000000003,549.9999999999999,AA2024-T3,AA2024-T3,6257.483016209379
41.46074302595651,0.6999999999999998,0.8,24.999999999999996,20.0,240.00000000000003,300.0,AA2024-T3,AA2024-T3,5289.467743191304
41.46074302595651,0.6999999999999998,0.9000000000000001,24.999999999999996,20.0,240.00000000000003,300.0,AA2024-T3,AA2024-T3,5289.467743191305
41.51169238519303,0.6,0.8,29.999999999999996,20.0,140.0,350.0,AA2024-T3,AA2024-T3,9153.285967615917
41.51169238519303,0.6,0.9000000000000001,29.999999999999996,20.0,140.0,350.0,AA2024-T3,AA2024-T3,9153.285967615917
41.538694660318676,0.6999999999999998,0.8,29.999999999999996,20.0,240.00000000000003,399.99999999999994,AA2024-T3,AA2024-T3,5560.112978342235
41.538694660318676,0.6999999999999998,0.9000000000000001,29.999999999999996,20.0,240.00000000000003,399.99999999999994,AA2024-T3,AA2024-T3,5560.112978342235
41.538694660318676,0.6999999999999998,0.9000000000000001,14.999999999999998,20.0,120.00000000000001,399.99999999999994,AA2024-T3,AA2024-T3,790816.1241331928
41.538694660318676,0.6999999999999998,0.8,14.999999999999998,20.0,120.00000000000001,399.99999999999994,AA2024-T3,AA2024-T3,790816.1241331928
41.560112900019085,0.7999999999999999,0.8,10.0,20.0,220.00000000000003,700.0,AA2024-T3,AA2024-T3,6951.9251709437995
41.560112900019085,0.7999999999999999,0.9000000000000001,10.0,20.0,220.00000000000003,649.9999999999999,AA2024-T3,AA2024-T3,6951.9251709437995
41.560112900019085,0.7999999999999999,0.8,10.0,20.0,220.00000000000003,749.9999999999999,AA2024-T3,AA2024-T3,6951.9251709437995
41.560112900019085,0.7999999999999999,0.8,10.0,20.0,220.00000000000003,649.9999999999999,AA2024-T3,AA2024-T3,6951.9251709437995
41.560112900019085,0.7999999999999999,0.9000000000000001,10.0,20.0,220.00000000000003,749.9999999999999,AA2024-T3,AA2024-T3,6951.9251709437995
41.560112900019085,0.7999999999999999,0.9000000000000001,10.0,20.0,220.00000000000003,700.0,AA2024-T3,AA2024-T3,6951.9251709437995
41.57348245093083,0.6999999999999998,0.9000000000000001,20.0,20.0,140.0,700.0,AA2024-T3,AA2024-T3,993662.6934745051
41.57348245093083,0.6999999999999998,0.9000000000000001,20.0,20.0,140.0,749.9999999999999,AA2024-T3,AA2024-T3,993662.6934745051
41.57348245093083,0.6999999999999998,0.8,20.0,20.0,140.0,700.0,AA2024-T3,AA2024-T3,993662.6934745051
41.57348245093083,0.6999999999999998,0.8,20.0,20.0,140.0,749.9999999999999,AA2024-T3,AA2024-T3,993662.6934745051
41.57348245093083,0.6999999999999998,0.9000000000000001,20.0,20.0,140.0,649.9999999999999,AA2024-T3,AA2024-T3,993662.6934745051
41.57348245093083,0.6999999999999998,0.8,20.0,20.0,140.0,649.9999999999999,AA2024-T3,AA2024-T3,993662.6934745051
41.584650521781285,0.6999999999999998,0.8,29.999999999999996,20.0,260.0,350.0,AA2024-T3,AA2024-T3,5027.066702312117
41.584650521781285,0.6999999999999998,0.9000000000000001,29.999999999999996,20.0,260.0,350.0,AA2024-T3,AA2024-T3,5027.066702312117
41.6060687614817,0.7999999999999999,0.8,10.0,20.0,260.0,599.9999999999999,AA2024-T3,AA2024-T3,5397.7861053121405
41.6060687614817,0.7999999999999999,0.9000000000000001,10.0,20.0,260.0,599.9999999999999,AA2024-T3,AA2024-T3,5397.7861053121405
41.6060687614817,0.7999999999999999,0.9000000000000001,10.0,20.0,260.0,549.9999999999999,AA2024-T3,AA2024-T3,5397.7861053121405
41.6060687614817,0.7999999999999999,0.8,10.0,20.0,260.0,549.9999999999999,AA2024-T3,AA2024-T3,5397.7861053121405
41.62502234781867,0.6999999999999998,0.8,24.999999999999996,20.0,200.0,399.99999999999994,AA2024-T3,AA2024-T3,6858.053904626372
41.62502234781867,0.6999999999999998,0.9000000000000001,20.0,20.0,160.00000000000003,399.99999999999994,AA2024-T3,AA2024-T3,9338.995415029622
41.62502234781867,0.6999999999999998,0.9000000000000001,24.999999999999996,20.0,200.0,399.99999999999994,AA2024-T3,AA2024-T3,6858.053904626372
41.62502234781867,0.6999999999999998,0.8,20.0,20.0,160.00000000000003,399.99999999999994,AA2024-T3,AA2024-T3,9338.995415029622
41.66260215614345,0.6999999999999998,0.8,24.999999999999996,20.0,180.00000000000003,549.9999999999999,AA2024-T3,AA2024-T3,8042.332145653045
41.66260215614345,0.6999999999999998,0.8,24.999999999999996,20.0,180.00000000000003,599.9999999999999,AA2024-T3,AA2024-T3,8042.332145653045
41.66260215614345,0.6999999999999998,0.9000000000000001,24.999999999999996,20.0,180.00000000000003,599.9999999999999,AA2024-T3,AA2024-T3,8042.332145653046
41.66260215614345,0.6999999999999998,0.9000000000000001,24.999999999999996,20.0,180.00000000000003,549.9999999999999,AA2024-T3,AA2024-T3,8042.332145653046
41.67656224470651,0.6999999999999998,0.8,29.999999999999996,20.0,280.0,300.0,AA2024-T3,AA2024-T3,4552.651771128326
41.67656224470651,0.6999999999999998,0.8,14.999999999999998,20.0,140.0,300.0,AA2024-T3,AA2024-T3,992432.9622235913
41.67656224470651,0.6999999999999998,0.9000000000000001,29.999999999999996,20.0,280.0,300.0,AA2024-T3,AA2024-T3,4552.651771128326
41.67656224470651,0.6999999999999998,0.9000000000000001,14.999999999999998,20.0,140.0,300.0,AA2024-T3,AA2024-T3,992432.9622235913
41.68993179561826,0.6,0.8,24.999999999999996,20.0,120.00000000000001,300.0,AA2024-T3,AA2024-T3,851196.1249409037
41.68993179561826,0.6,0.9000000000000001,24.999999999999996,20.0,120.00000000000001,300.0,AA2024-T3,AA2024-T3,851196.1249409037
41.692396448981704,0.7999999999999999,0.8,10.0,20.0,240.00000000000003,549.9999999999999,AA2024-T3,AA2024-T3,6072.341410711364
41.692396448981704,0.7999999999999999,0.8,10.0,20.0,240.00000000000003,599.9999999999999,AA2024-T3,AA2024-T3,6072.341410711364
41.692396448981704,0.7999999999999999,0.9000000000000001,10.0,20.0,240.00000000000003,549.9999999999999,AA2024-T3,AA2024-T3,6072.341410711364
41.692396448981704,0.7999999999999999,0.9000000000000001,10.0,20.0,240.00000000000003,599.9999999999999,AA2024-T3,AA2024-T3,6072.341410711364
41.73835231044431,0.7999999999999999,0.9000000000000001,10.0,20.0,280.0,449.99999999999994,AA2024-T3,AA2024-T3,4845.334800372942
41.73835231044431,0.7999999999999999,0.9000000000000001,10.0,20.0,280.0,499.99999999999994,AA2024-T3,AA2024-T3,4845.334800372942
41.73835231044431,0.7999999999999999,0.8,10.0,20.0,280.0,499.99999999999994,AA2024-T3,AA2024-T3,4845.334800372942
41.73835231044431,0.7999999999999999,0.8,10.0,20.0,280.0,449.99999999999994,AA2024-T3,AA2024-T3,4845.334800372942
41.75172186135606,0.6999999999999998,0.8,29.999999999999996,20.0,220.00000000000003,499.99999999999994,AA2024-T3,AA2024-T3,6257.483016209379
41.75172186135606,0.6999999999999998,0.8,29.999999999999996,20.0,220.00000000000003,449.99999999999994,AA2024-T3,AA2024-T3,6257.483016209379
41.75172186135606,0.6999999999999998,0.9000000000000001,29.999999999999996,20.0,220.00000000000003,499.99999999999994,AA2024-T3,AA2024-T3,6257.483016209379
41.75172186135606,0.6999999999999998,0.9000000000000001,29.999999999999996,20.0,220.00000000000003,449.99999999999994,AA2024-T3,AA2024-T3,6257.483016209379
41.78930166968083,0.6999999999999998,0.9000000000000001,14.999999999999998,20.0,100.0,700.0,AA2024-T3,AA2024-T3,57688.97021711912
41.78930166968083,0.6999999999999998,0.9000000000000001,14.999999999999998,20.0,100.0,649.9999999999999,AA2024-T3,AA2024-T3,19473.34336490621
41.78930166968083,0.6999999999999998,0.8,14.999999999999998,20.0,100.0,749.9999999999999,AA2024-T3,AA2024-T3,19473.34336490621
41.78930166968083,0.6999999999999998,0.9000000000000001,14.999999999999998,20.0,100.0,749.9999999999999,AA2024-T3,AA2024-T3,19473.34336490621
41.78930166968083,0.6999999999999998,0.8,14.999999999999998,20.0,100.0,649.9999999999999,AA2024-T3,AA2024-T3,19473.34336490621
41.78930166968083,0.6999999999999998,0.8,14.999999999999998,20.0,100.0,700.0,AA2024-T3,AA2024-T3,19473.34336490621
41.80267122059258,0.6,0.8,24.999999999999996,20.0,100.0,649.9999999999999,AA2024-T3,AA2024-T3,615979.095924372
41.80267122059258,0.6,0.8,24.999999999999996,20.0,100.0,700.0,AA2024-T3,AA2024-T3,615979.095924372
41.80267122059258,0.6,0.9000000000000001,24.999999999999996,20.0,100.0,649.9999999999999,AA2024-T3,AA2024-T3,615979.095924372
41.80267122059258,0.6,0.8,24.999999999999996,20.0,100.0,749.9999999999999,AA2024-T3,AA2024-T3,615979.095924372
41.80267122059258,0.6,0.9000000000000001,24.999999999999996,20.0,100.0,700.0,AA2024-T3,AA2024-T3,615979.095924372
41.80267122059258,0.6,0.9000000000000001,24.999999999999996,20.0,100.0,749.9999999999999,AA2024-T3,AA2024-T3,615979.095924372
41.819095962519086,0.7999999999999999,0.8,10.0,20.0,200.0,749.9999999999999,AA2024-T3,AA2024-T3,8139.420393709469
41.819095962519086,0.7999999999999999,0.8,10.0,20.0,200.0,700.0,AA2024-T3,AA2024-T3,8139.420393709469
41.819095962519086,0.7999999999999999,0.9000000000000001,10.0,20.0,200.0,649.9999999999999,AA2024-T3,AA2024-T3,8139.420393709469
41.819095962519086,0.7999999999999999,0.9000000000000001,10.0,20.0,200.0,700.0,AA2024-T3,AA2024-T3,8139.420393709469
41.819095962519086,0.7999999999999999,0.9000000000000001,10.0,20.0,200.0,749.9999999999999,AA2024-T3,AA2024-T3,8139.420393709469
41.819095962519086,0.7999999999999999,0.8,10.0,20.0,200.0,649.9999999999999,AA2024-T3,AA2024-T3,8139.420393709469
41.843633584281285,0.6999999999999998,0.8,29.999999999999996,20.0,240.00000000000003,350.0,AA2024-T3,AA2024-T3,5560.112978342235
41.843633584281285,0.6999999999999998,0.9000000000000001,29.999999999999996,20.0,240.00000000000003,350.0,AA2024-T3,AA2024-T3,5560.112978342235
41.843633584281285,0.6999999999999998,0.9000000000000001,14.999999999999998,20.0,120.00000000000001,350.0,AA2024-T3,AA2024-T3,790816.1241331928
41.843633584281285,0.6999999999999998,0.8,14.999999999999998,20.0,120.00000000000001,350.0,AA2024-T3,AA2024-T3,790816.1241331928
41.84583506434258,0.6,0.8,29.999999999999996,20.0,120.00000000000001,700.0,AA2024-T3,AA2024-T3,851936.4680252698
41.84583506434258,0.6,0.9000000000000001,29.999999999999996,20.0,120.00000000000001,749.9999999999999,AA2024-T3,AA2024-T3,851936.4680252698
41.84583506434258,0.6,0.8,29.999999999999996,20.0,120.00000000000001,649.9999999999999,AA2024-T3,AA2024-T3,851936.4680252698
41.84583506434258,0.6,0.8,29.999999999999996,20.0,120.00000000000001,749.9999999999999,AA2024-T3,AA2024-T3,851936.4680252698
41.84583506434258,0.6,0.9000000000000001,29.999999999999996,20.0,120.00000000000001,649.9999999999999,AA2024-T3,AA2024-T3,851936.4680252698
41.84583506434258,0.6,0.9000000000000001,29.999999999999996,20.0,120.00000000000001,700.0,AA2024-T3,AA2024-T3,851936.4680252698
41.84921761970651,0.6999999999999998,0.8,20.0,20.0,180.00000000000003,300.0,AA2024-T3,AA2024-T3,7677.948700523957
41.84921761970651,0.6999999999999998,0.9000000000000001,20.0,20.0,180.00000000000003,300.0,AA2024-T3,AA2024-T3,7677.948700523957
41.8650518239817,0.7999999999999999,0.8,10.0,20.0,220.00000000000003,549.9999999999999,AA2024-T3,AA2024-T3,6951.9251709437995
41.8650518239817,0.7999999999999999,0.8,10.0,20.0,220.00000000000003,599.9999999999999,AA2024-T3,AA2024-T3,6951.9251709437995
41.8650518239817,0.7999999999999999,0.9000000000000001,10.0,20.0,220.00000000000003,549.9999999999999,AA2024-T3,AA2024-T3,6951.9251709437995
41.8650518239817,0.7999999999999999,0.9000000000000001,10.0,20.0,220.00000000000003,599.9999999999999,AA2024-T3,AA2024-T3,6951.9251709437995
41.87842137489345,0.6999999999999998,0.8,20.0,20.0,140.0,549.9999999999999,AA2024-T3,AA2024-T3,993662.6934745051
41.87842137489345,0.6999999999999998,0.8,20.0,20.0,140.0,599.9999999999999,AA2024-T3,AA2024-T3,993662.6934745051
41.87842137489345,0.6999999999999998,0.9000000000000001,20.0,20.0,140.0,549.9999999999999,AA2024-T3,AA2024-T3,993662.6934745051
41.87842137489345,0.6999999999999998,0.9000000000000001,20.0,20.0,140.0,599.9999999999999,AA2024-T3,AA2024-T3,993662.6934745051
41.89238146345651,0.6999999999999998,0.9000000000000001,24.999999999999996,20.0,220.00000000000003,300.0,AA2024-T3,AA2024-T3,5962.8220422512195
41.89238146345651,0.6999999999999998,0.8,24.999999999999996,20.0,220.00000000000003,300.0,AA2024-T3,AA2024-T3,5962.822042251219
41.91100768544431,0.7999999999999999,0.8,10.0,20.0,260.0,449.99999999999994,AA2024-T3,AA2024-T3,5397.7861053121405
41.91100768544431,0.7999999999999999,0.8,10.0,20.0,260.0,499.99999999999994,AA2024-T3,AA2024-T3,5397.7861053121405
41.91100768544431,0.7999999999999999,0.9000000000000001,10.0,20.0,260.0,449.99999999999994,AA2024-T3,AA2024-T3,5397.7861053121405
41.91100768544431,0.7999999999999999,0.9000000000000001,10.0,20.0,260.0,499.99999999999994,AA2024-T3,AA2024-T3,5397.7861053121405
41.91879320093083,0.6999999999999998,0.9000000000000001,29.999999999999996,20.0,200.0,649.9999999999999,AA2024-T3,AA2024-T3,7186.438893836526
41.91879320093083,0.6999999999999998,0.8,29.999999999999996,20.0,200.0,700.0,AA2024-T3,AA2024-T3,7186.438893836526
41.91879320093083,0.6999999999999998,0.9000000000000001,29.999999999999996,20.0,200.0,700.0,AA2024-T3,AA2024-T3,7186.438893836526
41.91879320093083,0.6999999999999998,0.9000000000000001,29.999999999999996,20.0,200.0,749.9999999999999,AA2024-T3,AA2024-T3,7186.438893836526
41.91879320093083,0.6999999999999998,0.8,29.999999999999996,20.0,200.0,649.9999999999999,AA2024-T3,AA2024-T3,7186.438893836526
41.91879320093083,0.6999999999999998,0.8,29.999999999999996,20.0,200.0,749.9999999999999,AA2024-T3,AA2024-T3,7186.438893836526
41.92996127178128,0.6999999999999998,0.8,20.0,20.0,160.00000000000003,350.0,AA2024-T3,AA2024-T3,9338.995415029622
41.92996127178128,0.6999999999999998,0.8,24.999999999999996,20.0,200.0,350.0,AA2024-T3,AA2024-T3,6858.053904626372
41.92996127178128,0.6999999999999998,0.9000000000000001,20.0,20.0,160.00000000000003,350.0,AA2024-T3,AA2024-T3,9338.995415029622
41.92996127178128,0.6999999999999998,0.9000000000000001,24.999999999999996,20.0,200.0,350.0,AA2024-T3,AA2024-T3,6858.053904626372
41.96754108010606,0.6999999999999998,0.8,24.999999999999996,20.0,180.00000000000003,499.99999999999994,AA2024-T3,AA2024-T3,8042.332145653045
41.96754108010606,0.6999999999999998,0.9000000000000001,24.999999999999996,20.0,180.00000000000003,449.99999999999994,AA2024-T3,AA2024-T3,8042.332145653046
41.96754108010606,0.6999999999999998,0.9000000000000001,24.999999999999996,20.0,180.00000000000003,499.99999999999994,AA2024-T3,AA2024-T3,8042.332145653046
41.96754108010606,0.6999999999999998,0.8,24.999999999999996,20.0,180.00000000000003,449.99999999999994,AA2024-T3,AA2024-T3,8042.332145653045
41.991751337519084,0.7999999999999999,0.9000000000000001,14.999999999999998,20.0,280.0,700.0,AA2024-T3,AA2024-T3,4315.895679938511
41.991751337519084,0.7999999999999999,0.9000000000000001,14.999999999999998,20.0,280.0,749.9999999999999,AA2024-T3,AA2024-T3,5078.8223510339885
41.991751337519084,0.7999999999999999,0.8,14.999999999999998,20.0,280.0,700.0,AA2024-T3,AA2024-T3,5078.822351033989
41.991751337519084,0.7999999999999999,0.9000000000000001,14.999999999999998,20.0,280.0,649.9999999999999,AA2024-T3,AA2024-T3,5078.8223510339885
41.991751337519084,0.7999999999999999,0.8,14.999999999999998,20.0,280.0,749.9999999999999,AA2024-T3,AA2024-T3,5078.822351033989
41.991751337519084,0.7999999999999999,0.8,14.999999999999998,20.0,280.0,649.9999999999999,AA2024-T3,AA2024-T3,5078.822351033989
41.99733537294431,0.7999999999999999,0.8,10.0,20.0,240.00000000000003,499.99999999999994,AA2024-T3,AA2024-T3,6072.341410711364
41.99733537294431,0.7999999999999999,0.8,10.0,20.0,240.00000000000003,449.99999999999994,AA2024-T3,AA2024-T3,6072.341410711364
41.99733537294431,0.7999999999999999,0.9000000000000001,10.0,20.0,240.00000000000003,499.99999999999994,AA2024-T3,AA2024-T3,6072.341410711364
41.99733537294431,0.7999999999999999,0.9000000000000001,10.0,20.0,240.00000000000003,449.99999999999994,AA2024-T3,AA2024-T3,6072.341410711364
42.04329123440693,0.7999999999999999,0.9000000000000001,10.0,20.0,280.0,399.99999999999994,AA2024-T3,AA2024-T3,4845.334800372942
42.04329123440693,0.7999999999999999,0.8,10.0,20.0,280.0,399.99999999999994,AA2024-T3,AA2024-T3,4845.334800372942
42.05666078531868,0.6999999999999998,0.8,29.999999999999996,20.0,220.00000000000003,399.99999999999994,AA2024-T3,AA2024-T3,6257.483016209379
42.05666078531868,0.6999999999999998,0.9000000000000001,29.999999999999996,20.0,220.00000000000003,399.99999999999994,AA2024-T3,AA2024-T3,6257.483016209379
42.078079025019086,0.7999999999999999,0.9000000000000001,10.0,20.0,180.00000000000003,749.9999999999999,AA2024-T3,AA2024-T3,9801.017634301656
42.078079025019086,0.7999999999999999,0.9000000000000001,10.0,20.0,180.00000000000003,700.0,AA2024-T3,AA2024-T3,9801.017634301656
42.078079025019086,0.7999999999999999,0.8,10.0,20.0,180.00000000000003,700.0,AA2024-T3,AA2024-T3,9801.017634301656
42.078079025019086,0.7999999999999999,0.9000000000000001,10.0,20.0,180.00000000000003,649.9999999999999,AA2024-T3,AA2024-T3,9801.017634301656
42.078079025019086,0.7999999999999999,0.8,10.0,20.0,180.00000000000003,749.9999999999999,AA2024-T3,AA2024-T3,9801.017634301656
42.078079025019086,0.7999999999999999,0.8,10.0,20.0,180.00000000000003,649.9999999999999,AA2024-T3,AA2024-T3,9801.017634301656
42.09424059364345,0.6999999999999998,0.8,14.999999999999998,20.0,100.0,599.9999999999999,AA2024-T3,AA2024-T3,19473.34336490621
42.09424059364345,0.6999999999999998,0.8,14.999999999999998,20.0,100.0,549.9999999999999,AA2024-T3,AA2024-T3,19473.34336490621
42.09424059364345,0.6999999999999998,0.9000000000000001,14.999999999999998,20.0,100.0,599.9999999999999,AA2024-T3,AA2024-T3,19473.34336490621
42.09424059364345,0.6999999999999998,0.9000000000000001,14.999999999999998,20.0,100.0,549.9999999999999,AA2024-T3,AA2024-T3,19473.34336490621
42.107610144555196,0.6,0.8,24.999999999999996,20.0,100.0,549.9999999999999,AA2024-T3,AA2024-T3,615979.095924372
42.107610144555196,0.6,0.9000000000000001,24.999999999999996,20.0,100.0,599.9999999999999,AA2024-T3,AA2024-T3,615979.095924372
42.107610144555196,0.6,0.9000000000000001,24.999999999999996,20.0,100.0,549.9999999999999,AA2024-T3,AA2024-T3,615979.095924372
42.107610144555196,0.6,0.8,24.999999999999996,20.0,100.0,599.9999999999999,AA2024-T3,AA2024-T3,615979.095924372
42.12157023311826,0.6,0.9000000000000001,29.999999999999996,20.0,140.0,300.0,AA2024-T3,AA2024-T3,9153.285967615917
42.12157023311826,0.6,0.8,29.999999999999996,20.0,140.0,300.0,AA2024-T3,AA2024-T3,9153.285967615917
42.1240348864817,0.7999999999999999,0.8,10.0,20.0,200.0,599.9999999999999,AA2024-T3,AA2024-T3,8139.420393709469
42.1240348864817,0.7999999999999999,0.9000000000000001,10.0,20.0,200.0,549.9999999999999,AA2024-T3,AA2024-T3,8139.420393709469
42.1240348864817,0.7999999999999999,0.9000000000000001,10.0,20.0,200.0,599.9999999999999,AA2024-T3,AA2024-T3,8139.420393709469
42.1240348864817,0.7999999999999999,0.8,10.0,20.0,200.0,549.9999999999999,AA2024-T3,AA2024-T3,8139.420393709469
42.15077398830519,0.6,0.9000000000000001,29.999999999999996,20.0,120.00000000000001,549.9999999999999,AA2024-T3,AA2024-T3,851936.4680252698
42.15077398830519,0.6,0.9000000000000001,29.999999999999996,20.0,120.00000000000001,599.9999999999999,AA2024-T3,AA2024-T3,851936.4680252698
42.15077398830519,0.6,0.8,29.999999999999996,20.0,120.00000000000001,549.9999999999999,AA2024-T3,AA2024-T3,851936.4680252698
42.15077398830519,0.6,0.8,29.999999999999996,20.0,120.00000000000001,599.9999999999999,AA2024-T3,AA2024-T3,851936.4680252698
42.16999074794431,0.7999999999999999,0.9000000000000001,10.0,20.0,220.00000000000003,449.99999999999994,AA2024-T3,AA2024-T3,6951.9251709437995
42.16999074794431,0.7999999999999999,0.9000000000000001,10.0,20.0,220.00000000000003,499.99999999999994,AA2024-T3,AA2024-T3,6951.9251709437995
42.16999074794431,0.7999999999999999,0.8,10.0,20.0,220.00000000000003,499.99999999999994,AA2024-T3,AA2024-T3,6951.9251709437995
42.16999074794431,0.7999999999999999,0.8,10.0,20.0,220.00000000000003,449.99999999999994,AA2024-T3,AA2024-T3,6951.9251709437995
42.18336029885606,0.6999999999999998,0.9000000000000001,20.0,20.0,140.0,449.99999999999994,AA2024-T3,AA2024-T3,993662.6934745051
42.18336029885606,0.6999999999999998,0.9000000000000001,20.0,20.0,140.0,499.99999999999994,AA2024-T3,AA2024-T3,993662.6934745051
42.18336029885606,0.6999999999999998,0.8,20.0,20.0,140.0,499.99999999999994,AA2024-T3,AA2024-T3,993662.6934745051
42.18336029885606,0.6999999999999998,0.8,20.0,20.0,140.0,449.99999999999994,AA2024-T3,AA2024-T3,993662.6934745051
42.19452836970651,0.6999999999999998,0.8,29.999999999999996,20.0,260.0,300.0,AA2024-T3,AA2024-T3,5027.066702312117
42.19452836970651,0.6999999999999998,0.9000000000000001,29.999999999999996,20.0,260.0,300.0,AA2024-T3,AA2024-T3,5027.066702312117
42.21594660940693,0.7999999999999999,0.9000000000000001,10.0,20.0,260.0,399.99999999999994,AA2024-T3,AA2024-T3,5397.7861053121405
42.21594660940693,0.7999999999999999,0.8,10.0,20.0,260.0,399.99999999999994,AA2024-T3,AA2024-T3,5397.7861053121405
42.22094010718083,0.6999999999999998,0.9000000000000001,24.999999999999996,20.0,160.00000000000003,749.9999999999999,AA2024-T3,AA2024-T3,9751.107168500355
42.22094010718083,0.6999999999999998,0.9000000000000001,24.999999999999996,20.0,160.00000000000003,700.0,AA2024-T3,AA2024-T3,9751.107168500355
42.22094010718083,0.6999999999999998,0.8,24.999999999999996,20.0,160.00000000000003,649.9999999999999,AA2024-T3,AA2024-T3,9751.107168500355
42.22094010718083,0.6999999999999998,0.8,24.999999999999996,20.0,160.00000000000003,700.0,AA2024-T3,AA2024-T3,9751.107168500355
42.22094010718083,0.6999999999999998,0.9000000000000001,24.999999999999996,20.0,160.00000000000003,649.9999999999999,AA2024-T3,AA2024-T3,9751.107168500355
42.22094010718083,0.6999999999999998,0.8,24.999999999999996,20.0,160.00000000000003,749.9999999999999,AA2024-T3,AA2024-T3,9751.107168500355
42.223732124893445,0.6999999999999998,0.8,29.999999999999996,20.0,200.0,599.9999999999999,AA2024-T3,AA2024-T3,7186.438893836526
42.223732124893445,0.6999999999999998,0.8,29.999999999999996,20.0,200.0,549.9999999999999,AA2024-T3,AA2024-T3,7186.438893836526
42.223732124893445,0.6999999999999998,0.9000000000000001,29.999999999999996,20.0,200.0,599.9999999999999,AA2024-T3,AA2024-T3,7186.438893836526
42.223732124893445,0.6999999999999998,0.9000000000000001,29.999999999999996,20.0,200.0,549.9999999999999,AA2024-T3,AA2024-T3,7186.438893836526
42.250734400019084,0.7999999999999999,0.8,14.999999999999998,20.0,260.0,700.0,AA2024-T3,AA2024-T3,5652.420330569568
42.250734400019084,0.7999999999999999,0.8,14.999999999999998,20.0,260.0,749.9999999999999,AA2024-T3,AA2024-T3,5652.420330569568
42.250734400019084,0.7999999999999999,0.8,14.999999999999998,20.0,260.0,649.9999999999999,AA2024-T3,AA2024-T3,5652.420330569568
42.250734400019084,0.7999999999999999,0.9000000000000001,14.999999999999998,20.0,260.0,649.9999999999999,AA2024-T3,AA2024-T3,5652.420330569568
42.250734400019084,0.7999999999999999,0.9000000000000001,14.999999999999998,20.0,260.0,749.9999999999999,AA2024-T3,AA2024-T3,5652.420330569568
42.250734400019084,0.7999999999999999,0.9000000000000001,14.999999999999998,20.0,260.0,700.0,AA2024-T3,AA2024-T3,4881.299134294777
42.272480004068676,0.6999999999999998,0.9000000000000001,24.999999999999996,20.0,180.00000000000003,399.99999999999994,AA2024-T3,AA2024-T3,8042.332145653046
42.272480004068676,0.6999999999999998,0.8,24.999999999999996,20.0,180.00000000000003,399.99999999999994,AA2024-T3,AA2024-T3,8042.332145653045
42.2966902614817,0.7999999999999999,0.9000000000000001,14.999999999999998,20.0,280.0,549.9999999999999,AA2024-T3,AA2024-T3,5078.8223510339885
42.2966902614817,0.7999999999999999,0.8,14.999999999999998,20.0,280.0,549.9999999999999,AA2024-T3,AA2024-T3,5078.822351033989
42.2966902614817,0.7999999999999999,0.8,14.999999999999998,20.0,280.0,599.9999999999999,AA2024-T3,AA2024-T3,5078.822351033989
42.2966902614817,0.7999999999999999,0.9000000000000001,14.999999999999998,20.0,280.0,599.9999999999999,AA2024-T3,AA2024-T3,5078.8223510339885
42.30227429690693,0.7999999999999999,0.9000000000000001,10.0,20.0,240.00000000000003,399.99999999999994,AA2024-T3,AA2024-T3,6072.341410711364
42.30227429690693,0.7999999999999999,0.8,10.0,20.0,240.00000000000003,399.99999999999994,AA2024-T3,AA2024-T3,6072.341410711364
42.34823015836954,0.7999999999999999,0.8,10.0,20.0,280.0,350.0,AA2024-T3,AA2024-T3,4845.334800372942
42.34823015836954,0.7999999999999999,0.9000000000000001,10.0,20.0,280.0,350.0,AA2024-T3,AA2024-T3,4845.334800372942
42.361599709281286,0.6999999999999998,0.8,29.999999999999996,20.0,220.00000000000003,350.0,AA2024-T3,AA2024-T3,6257.483016209379
42.361599709281286,0.6999999999999998,0.9000000000000001,29.999999999999996,20.0,220.00000000000003,350.0,AA2024-T3,AA2024-T3,6257.483016209379
42.38022593126908,0.7999999999999999,0.9000000000000001,14.999999999999998,20.0,240.00000000000003,700.0,AA2024-T3,AA2024-T3,5590.750195832419
42.38022593126908,0.7999999999999999,0.8,14.999999999999998,20.0,240.00000000000003,749.9999999999999,AA2024-T3,AA2024-T3,6342.999467692774
42.38022593126908,0.7999999999999999,0.9000000000000001,14.999999999999998,20.0,240.00000000000003,749.9999999999999,AA2024-T3,AA2024-T3,6342.999467692772
42.38022593126908,0.7999999999999999,0.9000000000000001,14.999999999999998,20.0,240.00000000000003,649.9999999999999,AA2024-T3,AA2024-T3,6342.999467692772
42.38022593126908,0.7999999999999999,0.8,14.999999999999998,20.0,240.00000000000003,700.0,AA2024-T3,AA2024-T3,6342.999467692774
42.38022593126908,0.7999999999999999,0.8,14.999999999999998,20.0,240.00000000000003,649.9999999999999,AA2024-T3,AA2024-T3,6342.999467692774
42.3830179489817,0.7999999999999999,0.9000000000000001,10.0,20.0,180.00000000000003,599.9999999999999,AA2024-T3,AA2024-T3,9801.017634301656
42.3830179489817,0.7999999999999999,0.9000000000000001,10.0,20.0,180.00000000000003,549.9999999999999,AA2024-T3,AA2024-T3,9801.017634301656
42.3830179489817,0.7999999999999999,0.8,10.0,20.0,180.00000000000003,599.9999999999999,AA2024-T3,AA2024-T3,9801.017634301656
42.3830179489817,0.7999999999999999,0.8,10.0,20.0,180.00000000000003,549.9999999999999,AA2024-T3,AA2024-T3,9801.017634301656
42.39917951760606,0.6999999999999998,0.9000000000000001,14.999999999999998,20.0,100.0,499.99999999999994,AA2024-T3,AA2024-T3,19473.34336490621
42.39917951760606,0.6999999999999998,0.8,14.999999999999998,20.0,100.0,449.99999999999994,AA2024-T3,AA2024-T3,19473.34336490621
42.39917951760606,0.6999999999999998,0.8,14.999999999999998,20.0,100.0,499.99999999999994,AA2024-T3,AA2024-T3,19473.34336490621
42.39917951760606,0.6999999999999998,0.9000000000000001,14.999999999999998,20.0,100.0,449.99999999999994,AA2024-T3,AA2024-T3,19473.34336490621
42.412549068517805,0.6,0.8,24.999999999999996,20.0,100.0,449.99999999999994,AA2024-T3,AA2024-T3,615979.095924372
42.412549068517805,0.6,0.8,24.999999999999996,20.0,100.0,499.99999999999994,AA2024-T3,AA2024-T3,615979.095924372
42.412549068517805,0.6,0.9000000000000001,24.999999999999996,20.0,100.0,499.99999999999994,AA2024-T3,AA2024-T3,615979.095924372
42.412549068517805,0.6,0.9000000000000001,24.999999999999996,20.0,100.0,449.99999999999994,AA2024-T3,AA2024-T3,615979.095924372
42.42338977501908,0.7999999999999999,0.9000000000000001,10.0,20.0,160.00000000000003,700.0,AA2024-T3,AA2024-T3,1132010.5839125854
42.42338977501908,0.7999999999999999,0.9000000000000001,10.0,20.0,160.00000000000003,749.9999999999999,AA2024-T3,AA2024-T3,1132010.5839125854
42.42338977501908,0.7999999999999999,0.8,10.0,20.0,160.00000000000003,700.0,AA2024-T3,AA2024-T3,1132010.5839125854
42.42338977501908,0.7999999999999999,0.8,10.0,20.0,160.00000000000003,749.9999999999999,AA2024-T3,AA2024-T3,1132010.5839125854
42.42338977501908,0.7999999999999999,0.8,10.0,20.0,160.00000000000003,649.9999999999999,AA2024-T3,AA2024-T3,1132010.5839125854
42.42338977501908,0.7999999999999999,0.9000000000000001,10.0,20.0,160.00000000000003,649.9999999999999,AA2024-T3,AA2024-T3,1132010.5839125854
42.42897381044431,0.7999999999999999,0.8,10.0,20.0,200.0,499.99999999999994,AA2024-T3,AA2024-T3,8139.420393709469
42.42897381044431,0.7999999999999999,0.8,10.0,20.0,200.0,449.99999999999994,AA2024-T3,AA2024-T3,8139.420393709469
42.42897381044431,0.7999999999999999,0.9000000000000001,10.0,20.0,200.0,499.99999999999994,AA2024-T3,AA2024-T3,8139.420393709469
42.42897381044431,0.7999999999999999,0.9000000000000001,10.0,20.0,200.0,449.99999999999994,AA2024-T3,AA2024-T3,8139.420393709469
42.45351143220651,0.6999999999999998,0.9000000000000001,14.999999999999998,20.0,120.00000000000001,300.0,AA2024-T3,AA2024-T3,790816.1241331928
42.45351143220651,0.6999999999999998,0.8,29.999999999999996,20.0,240.00000000000003,300.0,AA2024-T3,AA2024-T3,5560.112978342235
42.45351143220651,0.6999999999999998,0.9000000000000001,29.999999999999996,20.0,240.00000000000003,300.0,AA2024-T3,AA2024-T3,5560.112978342235
42.45351143220651,0.6999999999999998,0.8,14.999999999999998,20.0,120.00000000000001,300.0,AA2024-T3,AA2024-T3,790816.1241331928
42.455712912267806,0.6,0.9000000000000001,29.999999999999996,20.0,120.00000000000001,499.99999999999994,AA2024-T3,AA2024-T3,851936.4680252698
42.455712912267806,0.6,0.8,29.999999999999996,20.0,120.00000000000001,499.99999999999994,AA2024-T3,AA2024-T3,851936.4680252698
42.455712912267806,0.6,0.8,29.999999999999996,20.0,120.00000000000001,449.99999999999994,AA2024-T3,AA2024-T3,851936.4680252698
42.455712912267806,0.6,0.9000000000000001,29.999999999999996,20.0,120.00000000000001,449.99999999999994,AA2024-T3,AA2024-T3,851936.4680252698
42.47492967190693,0.7999999999999999,0.9000000000000001,10.0,20.0,220.00000000000003,399.99999999999994,AA2024-T3,AA2024-T3,6951.9251709437995
42.47492967190693,0.7999999999999999,0.8,10.0,20.0,220.00000000000003,399.99999999999994,AA2024-T3,AA2024-T3,6951.9251709437995
42.488299222818675,0.6999999999999998,0.8,20.0,20.0,140.0,399.99999999999994,AA2024-T3,AA2024-T3,993662.6934745051
42.488299222818675,0.6999999999999998,0.9000000000000001,20.0,20.0,140.0,399.99999999999994,AA2024-T3,AA2024-T3,993662.6934745051
42.52088553336954,0.7999999999999999,0.9000000000000001,10.0,20.0,260.0,350.0,AA2024-T3,AA2024-T3,5397.7861053121405
42.52088553336954,0.7999999999999999,0.8,10.0,20.0,260.0,350.0,AA2024-T3,AA2024-T3,5397.7861053121405
42.52587903114345,0.6999999999999998,0.9000000000000001,24.999999999999996,20.0,160.00000000000003,549.9999999999999,AA2024-T3,AA2024-T3,9751.107168500355
42.52587903114345,0.6999999999999998,0.9000000000000001,24.999999999999996,20.0,160.00000000000003,599.9999999999999,AA2024-T3,AA2024-T3,9751.107168500355
42.52587903114345,0.6999999999999998,0.8,24.999999999999996,20.0,160.00000000000003,599.9999999999999,AA2024-T3,AA2024-T3,9751.107168500355
42.52587903114345,0.6999999999999998,0.8,24.999999999999996,20.0,160.00000000000003,549.9999999999999,AA2024-T3,AA2024-T3,9751.107168500355
42.528671048856054,0.6999999999999998,0.9000000000000001,29.999999999999996,20.0,200.0,499.99999999999994,AA2024-T3,AA2024-T3,7186.438893836526
42.528671048856054,0.6999999999999998,0.9000000000000001,29.999999999999996,20.0,200.0,449.99999999999994,AA2024-T3,AA2024-T3,7186.438893836526
42.528671048856054,0.6999999999999998,0.8,29.999999999999996,20.0,200.0,499.99999999999994,AA2024-T3,AA2024-T3,7186.438893836526
42.528671048856054,0.6999999999999998,0.8,29.999999999999996,20.0,200.0,449.99999999999994,AA2024-T3,AA2024-T3,7186.438893836526
42.539839119706514,0.6999999999999998,0.8,20.0,20.0,160.00000000000003,300.0,AA2024-T3,AA2024-T3,9338.995415029622
42.539839119706514,0.6999999999999998,0.9000000000000001,24.999999999999996,20.0,200.0,300.0,AA2024-T3,AA2024-T3,6858.053904626372
42.539839119706514,0.6999999999999998,0.8,24.999999999999996,20.0,200.0,300.0,AA2024-T3,AA2024-T3,6858.053904626372
42.539839119706514,0.6999999999999998,0.9000000000000001,20.0,20.0,160.00000000000003,300.0,AA2024-T3,AA2024-T3,9338.995415029622
42.5556733239817,0.7999999999999999,0.9000000000000001,14.999999999999998,20.0,260.0,549.9999999999999,AA2024-T3,AA2024-T3,5652.420330569568
42.5556733239817,0.7999999999999999,0.8,14.999999999999998,20.0,260.0,599.9999999999999,AA2024-T3,AA2024-T3,5652.420330569568
42.5556733239817,0.7999999999999999,0.8,14.999999999999998,20.0,260.0,549.9999999999999,AA2024-T3,AA2024-T3,5652.420330569568
42.5556733239817,0.7999999999999999,0.9000000000000001,14.999999999999998,20.0,260.0,599.9999999999999,AA2024-T3,AA2024-T3,5652.420330569568
42.577418928031285,0.6999999999999998,0.8,24.999999999999996,20.0,180.00000000000003,350.0,AA2024-T3,AA2024-T3,8042.332145653045
42.577418928031285,0.6999999999999998,0.9000000000000001,24.999999999999996,20.0,180.00000000000003,350.0,AA2024-T3,AA2024-T3,8042.332145653046
42.60162918544431,0.7999999999999999,0.9000000000000001,14.999999999999998,20.0,280.0,499.99999999999994,AA2024-T3,AA2024-T3,5078.8223510339885
42.60162918544431,0.7999999999999999,0.8,14.999999999999998,20.0,280.0,499.99999999999994,AA2024-T3,AA2024-T3,5078.822351033989
42.60162918544431,0.7999999999999999,0.8,14.999999999999998,20.0,280.0,449.99999999999994,AA2024-T3,AA2024-T3,5078.822351033989
42.60162918544431,0.7999999999999999,0.9000000000000001,14.999999999999998,20.0,280.0,449.99999999999994,AA2024-T3,AA2024-T3,5078.8223510339885
42.60721322086954,0.7999999999999999,0.8,10.0,20.0,240.00000000000003,350.0,AA2024-T3,AA2024-T3,6072.341410711364
42.60721322086954,0.7999999999999999,0.9000000000000001,10.0,20.0,240.00000000000003,350.0,AA2024-T3,AA2024-T3,6072.341410711364
42.609414700930834,0.6999999999999998,0.9000000000000001,20.0,20.0,120.00000000000001,700.0,AA2024-T3,AA2024-T3,791564.5782079083
42.609414700930834,0.6999999999999998,0.9000000000000001,20.0,20.0,120.00000000000001,649.9999999999999,AA2024-T3,AA2024-T3,791564.5782079083
42.609414700930834,0.6999999999999998,0.8,20.0,20.0,120.00000000000001,700.0,AA2024-T3,AA2024-T3,791564.5782079083
42.609414700930834,0.6999999999999998,0.9000000000000001,20.0,20.0,120.00000000000001,749.9999999999999,AA2024-T3,AA2024-T3,791564.5782079083
42.609414700930834,0.6999999999999998,0.8,20.0,20.0,120.00000000000001,749.9999999999999,AA2024-T3,AA2024-T3,791564.5782079083
42.609414700930834,0.6999999999999998,0.8,20.0,20.0,120.00000000000001,649.9999999999999,AA2024-T3,AA2024-T3,791564.5782079083
42.63920899376908,0.7999999999999999,0.8,14.999999999999998,20.0,220.00000000000003,649.9999999999999,AA2024-T3,AA2024-T3,7246.609052964812
42.63920899376908,0.7999999999999999,0.9000000000000001,14.999999999999998,20.0,220.00000000000003,749.9999999999999,AA2024-T3,AA2024-T3,7246.60905296481
42.63920899376908,0.7999999999999999,0.8,14.999999999999998,20.0,220.00000000000003,700.0,AA2024-T3,AA2024-T3,7246.609052964812
42.63920899376908,0.7999999999999999,0.8,14.999999999999998,20.0,220.00000000000003,749.9999999999999,AA2024-T3,AA2024-T3,7246.609052964812
42.63920899376908,0.7999999999999999,0.9000000000000001,14.999999999999998,20.0,220.00000000000003,649.9999999999999,AA2024-T3,AA2024-T3,7246.60905296481
42.63920899376908,0.7999999999999999,0.9000000000000001,14.999999999999998,20.0,220.00000000000003,700.0,AA2024-T3,AA2024-T3,6561.45395973584
42.6851648552317,0.7999999999999999,0.8,14.999999999999998,20.0,240.00000000000003,549.9999999999999,AA2024-T3,AA2024-T3,6342.999467692774
42.6851648552317,0.7999999999999999,0.8,14.999999999999998,20.0,240.00000000000003,599.9999999999999,AA2024-T3,AA2024-T3,6342.999467692774
42.6851648552317,0.7999999999999999,0.9000000000000001,14.999999999999998,20.0,240.00000000000003,599.9999999999999,AA2024-T3,AA2024-T3,6342.999467692772
42.6851648552317,0.7999999999999999,0.9000000000000001,14.999999999999998,20.0,240.00000000000003,549.9999999999999,AA2024-T3,AA2024-T3,6342.999467692772
42.68795687294431,0.7999999999999999,0.9000000000000001,10.0,20.0,180.00000000000003,449.99999999999994,AA2024-T3,AA2024-T3,9801.017634301656
42.68795687294431,0.7999999999999999,0.9000000000000001,10.0,20.0,180.00000000000003,499.99999999999994,AA2024-T3,AA2024-T3,9801.017634301656
42.68795687294431,0.7999999999999999,0.8,10.0,20.0,180.00000000000003,449.99999999999994,AA2024-T3,AA2024-T3,9801.017634301656
42.68795687294431,0.7999999999999999,0.8,10.0,20.0,180.00000000000003,499.99999999999994,AA2024-T3,AA2024-T3,9801.017634301656
42.69574238843083,0.6999999999999998,0.9000000000000001,29.999999999999996,20.0,180.00000000000003,649.9999999999999,AA2024-T3,AA2024-T3,8406.80289943008
42.69574238843083,0.6999999999999998,0.8,29.999999999999996,20.0,180.00000000000003,749.9999999999999,AA2024-T3,AA2024-T3,8406.80289943008
42.69574238843083,0.6999999999999998,0.9000000000000001,29.999999999999996,20.0,180.00000000000003,749.9999999999999,AA2024-T3,AA2024-T3,8406.80289943008
42.69574238843083,0.6999999999999998,0.9000000000000001,29.999999999999996,20.0,180.00000000000003,700.0,AA2024-T3,AA2024-T3,8406.80289943008
42.69574238843083,0.6999999999999998,0.8,29.999999999999996,20.0,180.00000000000003,649.9999999999999,AA2024-T3,AA2024-T3,8406.80289943008
42.69574238843083,0.6999999999999998,0.8,29.999999999999996,20.0,180.00000000000003,700.0,AA2024-T3,AA2024-T3,8406.80289943008
42.704118441568674,0.6999999999999998,0.8,14.999999999999998,20.0,100.0,399.99999999999994,AA2024-T3,AA2024-T3,19473.34336490621
42.704118441568674,0.6999999999999998,0.9000000000000001,14.999999999999998,20.0,100.0,399.99999999999994,AA2024-T3,AA2024-T3,19473.34336490621
42.717487992480415,0.6,0.8,24.999999999999996,20.0,100.0,399.99999999999994,AA2024-T3,AA2024-T3,615979.095924372
42.717487992480415,0.6,0.9000000000000001,24.999999999999996,20.0,100.0,399.99999999999994,AA2024-T3,AA2024-T3,615979.095924372
42.7283286989817,0.7999999999999999,0.9000000000000001,10.0,20.0,160.00000000000003,549.9999999999999,AA2024-T3,AA2024-T3,1132010.5839125854
42.7283286989817,0.7999999999999999,0.8,10.0,20.0,160.00000000000003,599.9999999999999,AA2024-T3,AA2024-T3,1132010.5839125854
42.7283286989817,0.7999999999999999,0.8,10.0,20.0,160.00000000000003,549.9999999999999,AA2024-T3,AA2024-T3,1132010.5839125854
42.7283286989817,0.7999999999999999,0.9000000000000001,10.0,20.0,160.00000000000003,599.9999999999999,AA2024-T3,AA2024-T3,1132010.5839125854
42.73391273440693,0.7999999999999999,0.8,10.0,20.0,200.0,399.99999999999994,AA2024-T3,AA2024-T3,8139.420393709469
42.73391273440693,0.7999999999999999,0.9000000000000001,10.0,20.0,200.0,399.99999999999994,AA2024-T3,AA2024-T3,8139.420393709469
42.760651836230416,0.6,0.8,29.999999999999996,20.0,120.00000000000001,399.99999999999994,AA2024-T3,AA2024-T3,851936.4680252698
42.760651836230416,0.6,0.9000000000000001,29.999999999999996,20.0,120.00000000000001,399.99999999999994,AA2024-T3,AA2024-T3,851936.4680252698
42.77986859586954,0.7999999999999999,0.8,10.0,20.0,220.00000000000003,350.0,AA2024-T3,AA2024-T3,6951.9251709437995
42.77986859586954,0.7999999999999999,0.9000000000000001,10.0,20.0,220.00000000000003,350.0,AA2024-T3,AA2024-T3,6951.9251709437995
42.793238146781285,0.6999999999999998,0.8,20.0,20.0,140.0,350.0,AA2024-T3,AA2024-T3,993662.6934745051
42.793238146781285,0.6999999999999998,0.9000000000000001,20.0,20.0,140.0,350.0,AA2024-T3,AA2024-T3,993662.6934745051
42.830817955106056,0.6999999999999998,0.9000000000000001,24.999999999999996,20.0,160.00000000000003,449.99999999999994,AA2024-T3,AA2024-T3,9751.107168500355
42.830817955106056,0.6999999999999998,0.9000000000000001,24.999999999999996,20.0,160.00000000000003,499.99999999999994,AA2024-T3,AA2024-T3,9751.107168500355
42.830817955106056,0.6999999999999998,0.8,24.999999999999996,20.0,160.00000000000003,499.99999999999994,AA2024-T3,AA2024-T3,9751.107168500355
42.830817955106056,0.6999999999999998,0.8,24.999999999999996,20.0,160.00000000000003,449.99999999999994,AA2024-T3,AA2024-T3,9751.107168500355
42.83360997281867,0.6999999999999998,0.9000000000000001,29.999999999999996,20.0,200.0,399.99999999999994,AA2024-T3,AA2024-T3,7186.438893836526
42.83360997281867,0.6999999999999998,0.8,29.999999999999996,20.0,200.0,399.99999999999994,AA2024-T3,AA2024-T3,7186.438893836526
42.85502821251909,0.7999999999999999,0.8,20.0,20.0,280.0,749.9999999999999,AA2024-T3,AA2024-T3,5312.4114288370865
42.85502821251909,0.7999999999999999,0.9000000000000001,20.0,20.0,280.0,749.9999999999999,AA2024-T3,AA2024-T3,5312.4114288370865
42.85502821251909,0.7999999999999999,0.8,20.0,20.0,280.0,649.9999999999999,AA2024-T3,AA2024-T3,5312.4114288370865
42.85502821251909,0.7999999999999999,0.8,20.0,20.0,280.0,700.0,AA2024-T3,AA2024-T3,5312.4114288370865
42.85502821251909,0.7999999999999999,0.9000000000000001,10.0,20.0,140.0,749.9999999999999,AA2024-T3,AA2024-T3,954671.4364402643
42.85502821251909,0.7999999999999999,0.8,10.0,20.0,140.0,749.9999999999999,AA2024-T3,AA2024-T3,954671.4364402643
42.85502821251909,0.7999999999999999,0.8,10.0,20.0,140.0,649.9999999999999,AA2024-T3,AA2024-T3,954671.4364402643
42.85502821251909,0.7999999999999999,0.8,10.0,20.0,140.0,700.0,AA2024-T3,AA2024-T3,954671.4364402643
42.85502821251909,0.7999999999999999,0.9000000000000001,10.0,20.0,140.0,700.0,AA2024-T3,AA2024-T3,954671.4364402643
42.85502821251909,0.7999999999999999,0.9000000000000001,10.0,20.0,140.0,649.9999999999999,AA2024-T3,AA2024-T3,954671.4364402643
42.85502821251909,0.7999999999999999,0.9000000000000001,20.0,20.0,280.0,700.0,AA2024-T3,AA2024-T3,5312.4114288370865
42.85502821251909,0.7999999999999999,0.9000000000000001,20.0,20.0,280.0,649.9999999999999,AA2024-T3,AA2024-T3,5312.4114288370865
42.86061224794431,0.7999999999999999,0.8,14.999999999999998,20.0,260.0,449.99999999999994,AA2024-T3,AA2024-T3,5652.420330569568
42.86061224794431,0.7999999999999999,0.8,14.999999999999998,20.0,260.0,499.99999999999994,AA2024-T3,AA2024-T3,5652.420330569568
42.86061224794431,0.7999999999999999,0.9000000000000001,14.999999999999998,20.0,260.0,449.99999999999994,AA2024-T3,AA2024-T3,5652.420330569568
42.86061224794431,0.7999999999999999,0.9000000000000001,14.999999999999998,20.0,260.0,499.99999999999994,AA2024-T3,AA2024-T3,5652.420330569568
42.906568109406926,0.7999999999999999,0.9000000000000001,14.999999999999998,20.0,280.0,399.99999999999994,AA2024-T3,AA2024-T3,5078.8223510339885
42.906568109406926,0.7999999999999999,0.8,14.999999999999998,20.0,280.0,399.99999999999994,AA2024-T3,AA2024-T3,5078.822351033989
42.91435362489345,0.6999999999999998,0.9000000000000001,20.0,20.0,120.00000000000001,549.9999999999999,AA2024-T3,AA2024-T3,791564.5782079083
42.91435362489345,0.6999999999999998,0.9000000000000001,20.0,20.0,120.00000000000001,599.9999999999999,AA2024-T3,AA2024-T3,791564.5782079083
42.91435362489345,0.6999999999999998,0.8,20.0,20.0,120.00000000000001,599.9999999999999,AA2024-T3,AA2024-T3,791564.5782079083
42.91435362489345,0.6999999999999998,0.8,20.0,20.0,120.00000000000001,549.9999999999999,AA2024-T3,AA2024-T3,791564.5782079083
42.9441479177317,0.7999999999999999,0.9000000000000001,14.999999999999998,20.0,220.00000000000003,599.9999999999999,AA2024-T3,AA2024-T3,7246.60905296481
42.9441479177317,0.7999999999999999,0.9000000000000001,14.999999999999998,20.0,220.00000000000003,549.9999999999999,AA2024-T3,AA2024-T3,7246.60905296481
42.9441479177317,0.7999999999999999,0.8,14.999999999999998,20.0,220.00000000000003,549.9999999999999,AA2024-T3,AA2024-T3,7246.609052964812
42.9441479177317,0.7999999999999999,0.8,14.999999999999998,20.0,220.00000000000003,599.9999999999999,AA2024-T3,AA2024-T3,7246.609052964812
42.958108006294765,0.7999999999999999,0.9000000000000001,10.0,20.0,280.0,300.0,AA2024-T3,AA2024-T3,4845.334800372942
42.958108006294765,0.7999999999999999,0.8,10.0,20.0,280.0,300.0,AA2024-T3,AA2024-T3,4845.334800372942
42.97147755720651,0.6999999999999998,0.8,29.999999999999996,20.0,220.00000000000003,300.0,AA2024-T3,AA2024-T3,6257.483016209379
42.97147755720651,0.6999999999999998,0.9000000000000001,29.999999999999996,20.0,220.00000000000003,300.0,AA2024-T3,AA2024-T3,6257.483016209379
42.99010377919431,0.7999999999999999,0.8,14.999999999999998,20.0,240.00000000000003,499.99999999999994,AA2024-T3,AA2024-T3,6342.999467692774
42.99010377919431,0.7999999999999999,0.8,14.999999999999998,20.0,240.00000000000003,449.99999999999994,AA2024-T3,AA2024-T3,6342.999467692774
42.99010377919431,0.7999999999999999,0.9000000000000001,14.999999999999998,20.0,240.00000000000003,499.99999999999994,AA2024-T3,AA2024-T3,6342.999467692772
42.99010377919431,0.7999999999999999,0.9000000000000001,14.999999999999998,20.0,240.00000000000003,449.99999999999994,AA2024-T3,AA2024-T3,6342.999467692772
42.99289579690693,0.7999999999999999,0.8,10.0,20.0,180.00000000000003,399.99999999999994,AA2024-T3,AA2024-T3,9801.017634301656
42.99289579690693,0.7999999999999999,0.9000000000000001,10.0,20.0,180.00000000000003,399.99999999999994,AA2024-T3,AA2024-T3,9801.017634301656
43.000681312393446,0.6999999999999998,0.8,29.999999999999996,20.0,180.00000000000003,599.9999999999999,AA2024-T3,AA2024-T3,8406.80289943008
43.000681312393446,0.6999999999999998,0.9000000000000001,29.999999999999996,20.0,180.00000000000003,549.9999999999999,AA2024-T3,AA2024-T3,8406.80289943008
43.000681312393446,0.6999999999999998,0.9000000000000001,29.999999999999996,20.0,180.00000000000003,599.9999999999999,AA2024-T3,AA2024-T3,8406.80289943008
43.000681312393446,0.6999999999999998,0.8,29.999999999999996,20.0,180.00000000000003,549.9999999999999,AA2024-T3,AA2024-T3,8406.80289943008
43.009057365531284,0.6999999999999998,0.9000000000000001,14.999999999999998,20.0,100.0,350.0,AA2024-T3,AA2024-T3,19473.34336490621
43.009057365531284,0.6999999999999998,0.8,14.999999999999998,20.0,100.0,350.0,AA2024-T3,AA2024-T3,19473.34336490621
43.02242691644303,0.6,0.8,24.999999999999996,20.0,100.0,350.0,AA2024-T3,AA2024-T3,615979.095924372
43.02242691644303,0.6,0.9000000000000001,24.999999999999996,20.0,100.0,350.0,AA2024-T3,AA2024-T3,615979.095924372
43.027683587519086,0.7999999999999999,0.9000000000000001,14.999999999999998,20.0,200.0,649.9999999999999,AA2024-T3,AA2024-T3,8468.202053033736
43.027683587519086,0.7999999999999999,0.9000000000000001,14.999999999999998,20.0,200.0,749.9999999999999,AA2024-T3,AA2024-T3,8468.202053033736
43.027683587519086,0.7999999999999999,0.8,14.999999999999998,20.0,200.0,649.9999999999999,AA2024-T3,AA2024-T3,8468.202053033738
43.027683587519086,0.7999999999999999,0.8,14.999999999999998,20.0,200.0,700.0,AA2024-T3,AA2024-T3,8468.202053033738
43.027683587519086,0.7999999999999999,0.8,14.999999999999998,20.0,200.0,749.9999999999999,AA2024-T3,AA2024-T3,8468.202053033738
43.027683587519086,0.7999999999999999,0.9000000000000001,14.999999999999998,20.0,200.0,700.0,AA2024-T3,AA2024-T3,7958.179659235233
43.03326762294431,0.7999999999999999,0.9000000000000001,10.0,20.0,160.00000000000003,449.99999999999994,AA2024-T3,AA2024-T3,1132010.5839125854
43.03326762294431,0.7999999999999999,0.8,10.0,20.0,160.00000000000003,499.99999999999994,AA2024-T3,AA2024-T3,1132010.5839125854
43.03326762294431,0.7999999999999999,0.8,10.0,20.0,160.00000000000003,449.99999999999994,AA2024-T3,AA2024-T3,1132010.5839125854
43.03326762294431,0.7999999999999999,0.9000000000000001,10.0,20.0,160.00000000000003,499.99999999999994,AA2024-T3,AA2024-T3,1132010.5839125854
43.03885165836954,0.7999999999999999,0.9000000000000001,10.0,20.0,200.0,350.0,AA2024-T3,AA2024-T3,8139.420393709469
43.03885165836954,0.7999999999999999,0.8,10.0,20.0,200.0,350.0,AA2024-T3,AA2024-T3,8139.420393709469
43.06559076019303,0.6,0.9000000000000001,29.999999999999996,20.0,120.00000000000001,350.0,AA2024-T3,AA2024-T3,851936.4680252698
43.06559076019303,0.6,0.8,29.999999999999996,20.0,120.00000000000001,350.0,AA2024-T3,AA2024-T3,851936.4680252698
43.13076338129476,0.7999999999999999,0.8,10.0,20.0,260.0,300.0,AA2024-T3,AA2024-T3,5397.7861053121405
43.13076338129476,0.7999999999999999,0.9000000000000001,10.0,20.0,260.0,300.0,AA2024-T3,AA2024-T3,5397.7861053121405
43.13575687906867,0.6999999999999998,0.8,24.999999999999996,20.0,160.00000000000003,399.99999999999994,AA2024-T3,AA2024-T3,9751.107168500355
43.13575687906867,0.6999999999999998,0.9000000000000001,24.999999999999996,20.0,160.00000000000003,399.99999999999994,AA2024-T3,AA2024-T3,9751.107168500355
43.13854889678128,0.6999999999999998,0.8,29.999999999999996,20.0,200.0,350.0,AA2024-T3,AA2024-T3,7186.438893836526
43.13854889678128,0.6999999999999998,0.9000000000000001,29.999999999999996,20.0,200.0,350.0,AA2024-T3,AA2024-T3,7186.438893836526
43.1599671364817,0.7999999999999999,0.8,20.0,20.0,280.0,599.9999999999999,AA2024-T3,AA2024-T3,5312.4114288370865
43.1599671364817,0.7999999999999999,0.9000000000000001,10.0,20.0,140.0,549.9999999999999,AA2024-T3,AA2024-T3,954671.4364402643
43.1599671364817,0.7999999999999999,0.8,10.0,20.0,140.0,549.9999999999999,AA2024-T3,AA2024-T3,954671.4364402643
43.1599671364817,0.7999999999999999,0.8,20.0,20.0,280.0,549.9999999999999,AA2024-T3,AA2024-T3,5312.4114288370865
43.1599671364817,0.7999999999999999,0.9000000000000001,20.0,20.0,280.0,549.9999999999999,AA2024-T3,AA2024-T3,5312.4114288370865
43.1599671364817,0.7999999999999999,0.9000000000000001,20.0,20.0,280.0,599.9999999999999,AA2024-T3,AA2024-T3,5312.4114288370865
43.1599671364817,0.7999999999999999,0.9000000000000001,10.0,20.0,140.0,599.9999999999999,AA2024-T3,AA2024-T3,954671.4364402643
43.1599671364817,0.7999999999999999,0.8,10.0,20.0,140.0,599.9999999999999,AA2024-T3,AA2024-T3,954671.4364402643
43.16555117190693,0.7999999999999999,0.9000000000000001,14.999999999999998,20.0,260.0,399.99999999999994,AA2024-T3,AA2024-T3,5652.420330569568
43.16555117190693,0.7999999999999999,0.8,14.999999999999998,20.0,260.0,399.99999999999994,AA2024-T3,AA2024-T3,5652.420330569568
43.18729677595651,0.6999999999999998,0.9000000000000001,24.999999999999996,20.0,180.00000000000003,300.0,AA2024-T3,AA2024-T3,8042.332145653046
43.18729677595651,0.6999999999999998,0.8,24.999999999999996,20.0,180.00000000000003,300.0,AA2024-T3,AA2024-T3,8042.332145653045
43.20033896251908,0.7999999999999999,0.9000000000000001,20.0,20.0,260.0,700.0,AA2024-T3,AA2024-T3,5907.270655342889
43.20033896251908,0.7999999999999999,0.9000000000000001,20.0,20.0,260.0,649.9999999999999,AA2024-T3,AA2024-T3,5907.270655342889
43.20033896251908,0.7999999999999999,0.8,20.0,20.0,260.0,649.9999999999999,AA2024-T3,AA2024-T3,5907.270655342889
43.20033896251908,0.7999999999999999,0.9000000000000001,20.0,20.0,260.0,749.9999999999999,AA2024-T3,AA2024-T3,5907.270655342889
43.20033896251908,0.7999999999999999,0.8,20.0,20.0,260.0,749.9999999999999,AA2024-T3,AA2024-T3,5907.270655342889
43.20033896251908,0.7999999999999999,0.8,20.0,20.0,260.0,700.0,AA2024-T3,AA2024-T3,5907.270655342889
43.211507033369536,0.7999999999999999,0.9000000000000001,14.999999999999998,20.0,280.0,350.0,AA2024-T3,AA2024-T3,5078.8223510339885
43.211507033369536,0.7999999999999999,0.8,14.999999999999998,20.0,280.0,350.0,AA2024-T3,AA2024-T3,5078.822351033989
43.217091068794765,0.7999999999999999,0.9000000000000001,10.0,20.0,240.00000000000003,300.0,AA2024-T3,AA2024-T3,6072.341410711364
43.217091068794765,0.7999999999999999,0.8,10.0,20.0,240.00000000000003,300.0,AA2024-T3,AA2024-T3,6072.341410711364
43.21929254885606,0.6999999999999998,0.8,20.0,20.0,120.00000000000001,499.99999999999994,AA2024-T3,AA2024-T3,791564.5782079083
43.21929254885606,0.6999999999999998,0.8,20.0,20.0,120.00000000000001,449.99999999999994,AA2024-T3,AA2024-T3,791564.5782079083
43.21929254885606,0.6999999999999998,0.9000000000000001,20.0,20.0,120.00000000000001,499.99999999999994,AA2024-T3,AA2024-T3,791564.5782079083
43.21929254885606,0.6999999999999998,0.9000000000000001,20.0,20.0,120.00000000000001,449.99999999999994,AA2024-T3,AA2024-T3,791564.5782079083
43.24908684169431,0.7999999999999999,0.9000000000000001,14.999999999999998,20.0,220.00000000000003,449.99999999999994,AA2024-T3,AA2024-T3,7246.60905296481
43.24908684169431,0.7999999999999999,0.9000000000000001,14.999999999999998,20.0,220.00000000000003,499.99999999999994,AA2024-T3,AA2024-T3,7246.60905296481
43.24908684169431,0.7999999999999999,0.8,14.999999999999998,20.0,220.00000000000003,499.99999999999994,AA2024-T3,AA2024-T3,7246.609052964812
43.24908684169431,0.7999999999999999,0.8,14.999999999999998,20.0,220.00000000000003,449.99999999999994,AA2024-T3,AA2024-T3,7246.609052964812
43.29504270315692,0.7999999999999999,0.8,14.999999999999998,20.0,240.00000000000003,399.99999999999994,AA2024-T3,AA2024-T3,6342.999467692774
43.29504270315692,0.7999999999999999,0.9000000000000001,14.999999999999998,20.0,240.00000000000003,399.99999999999994,AA2024-T3,AA2024-T3,6342.999467692772
43.29783472086954,0.7999999999999999,0.9000000000000001,10.0,20.0,180.00000000000003,350.0,AA2024-T3,AA2024-T3,9801.017634301656
43.29783472086954,0.7999999999999999,0.8,10.0,20.0,180.00000000000003,350.0,AA2024-T3,AA2024-T3,9801.017634301656
43.30003620093083,0.6999999999999998,0.9000000000000001,24.999999999999996,20.0,140.0,649.9999999999999,AA2024-T3,AA2024-T3,994830.8148372027
43.30003620093083,0.6999999999999998,0.8,24.999999999999996,20.0,140.0,649.9999999999999,AA2024-T3,AA2024-T3,994830.8148372027
43.30003620093083,0.6999999999999998,0.8,24.999999999999996,20.0,140.0,700.0,AA2024-T3,AA2024-T3,994830.8148372027
43.30003620093083,0.6999999999999998,0.9000000000000001,24.999999999999996,20.0,140.0,700.0,AA2024-T3,AA2024-T3,994830.8148372027
43.30003620093083,0.6999999999999998,0.9000000000000001,24.999999999999996,20.0,140.0,749.9999999999999,AA2024-T3,AA2024-T3,994830.8148372027
43.30003620093083,0.6999999999999998,0.8,24.999999999999996,20.0,140.0,749.9999999999999,AA2024-T3,AA2024-T3,994830.8148372027
43.305620236356056,0.6999999999999998,0.9000000000000001,29.999999999999996,20.0,180.00000000000003,449.99999999999994,AA2024-T3,AA2024-T3,8406.80289943008
43.305620236356056,0.6999999999999998,0.8,29.999999999999996,20.0,180.00000000000003,499.99999999999994,AA2024-T3,AA2024-T3,8406.80289943008
43.305620236356056,0.6999999999999998,0.8,29.999999999999996,20.0,180.00000000000003,449.99999999999994,AA2024-T3,AA2024-T3,8406.80289943008
43.305620236356056,0.6999999999999998,0.9000000000000001,29.999999999999996,20.0,180.00000000000003,499.99999999999994,AA2024-T3,AA2024-T3,8406.80289943008
43.3326225114817,0.7999999999999999,0.9000000000000001,14.999999999999998,20.0,200.0,549.9999999999999,AA2024-T3,AA2024-T3,8468.202053033736
43.3326225114817,0.7999999999999999,0.8,14.999999999999998,20.0,200.0,599.9999999999999,AA2024-T3,AA2024-T3,8468.202053033738
43.3326225114817,0.7999999999999999,0.8,14.999999999999998,20.0,200.0,549.9999999999999,AA2024-T3,AA2024-T3,8468.202053033738
43.3326225114817,0.7999999999999999,0.9000000000000001,14.999999999999998,20.0,200.0,599.9999999999999,AA2024-T3,AA2024-T3,8468.202053033736
43.338206546906925,0.7999999999999999,0.8,10.0,20.0,160.00000000000003,399.99999999999994,AA2024-T3,AA2024-T3,1132010.5839125854
43.338206546906925,0.7999999999999999,0.9000000000000001,10.0,20.0,160.00000000000003,399.99999999999994,AA2024-T3,AA2024-T3,1132010.5839125854
43.37299433751908,0.7999999999999999,0.8,20.0,20.0,240.00000000000003,700.0,AA2024-T3,AA2024-T3,6613.690613253648
43.37299433751908,0.7999999999999999,0.8,20.0,20.0,240.00000000000003,649.9999999999999,AA2024-T3,AA2024-T3,6613.690613253648
43.37299433751908,0.7999999999999999,0.8,20.0,20.0,240.00000000000003,749.9999999999999,AA2024-T3,AA2024-T3,6613.690613253648
43.37299433751908,0.7999999999999999,0.9000000000000001,10.0,20.0,120.00000000000001,749.9999999999999,AA2024-T3,AA2024-T3,270925.26461772097
43.37299433751908,0.7999999999999999,0.9000000000000001,10.0,20.0,120.00000000000001,700.0,AA2024-T3,AA2024-T3,270925.26461772097
43.37299433751908,0.7999999999999999,0.8,10.0,20.0,120.00000000000001,749.9999999999999,AA2024-T3,AA2024-T3,270925.26461772097
43.37299433751908,0.7999999999999999,0.8,10.0,20.0,120.00000000000001,649.9999999999999,AA2024-T3,AA2024-T3,270925.26461772097
43.37299433751908,0.7999999999999999,0.8,10.0,20.0,120.00000000000001,700.0,AA2024-T3,AA2024-T3,270925.26461772097
43.37299433751908,0.7999999999999999,0.9000000000000001,20.0,20.0,240.00000000000003,700.0,AA2024-T3,AA2024-T3,6613.690613253648
43.37299433751908,0.7999999999999999,0.9000000000000001,20.0,20.0,240.00000000000003,749.9999999999999,AA2024-T3,AA2024-T3,6613.690613253648
43.37299433751908,0.7999999999999999,0.9000000000000001,20.0,20.0,240.00000000000003,649.9999999999999,AA2024-T3,AA2024-T3,6613.690613253648
43.37299433751908,0.7999999999999999,0.9000000000000001,10.0,20.0,120.00000000000001,649.9999999999999,AA2024-T3,AA2024-T3,270925.26461772097
43.38974644379476,0.7999999999999999,0.8,10.0,20.0,220.00000000000003,300.0,AA2024-T3,AA2024-T3,6951.9251709437995
43.38974644379476,0.7999999999999999,0.9000000000000001,10.0,20.0,220.00000000000003,300.0,AA2024-T3,AA2024-T3,6951.9251709437995
43.40311599470651,0.6999999999999998,0.8,20.0,20.0,140.0,300.0,AA2024-T3,AA2024-T3,993662.6934745051
43.40311599470651,0.6999999999999998,0.9000000000000001,20.0,20.0,140.0,300.0,AA2024-T3,AA2024-T3,993662.6934745051
43.41615818126908,0.7999999999999999,0.9000000000000001,14.999999999999998,20.0,180.00000000000003,700.0,AA2024-T3,AA2024-T3,970606.0369588383
43.41615818126908,0.7999999999999999,0.9000000000000001,14.999999999999998,20.0,180.00000000000003,649.9999999999999,AA2024-T3,AA2024-T3,10166.157798063105
43.41615818126908,0.7999999999999999,0.8,14.999999999999998,20.0,180.00000000000003,700.0,AA2024-T3,AA2024-T3,10166.157798063105
43.41615818126908,0.7999999999999999,0.9000000000000001,14.999999999999998,20.0,180.00000000000003,749.9999999999999,AA2024-T3,AA2024-T3,10166.157798063105
43.41615818126908,0.7999999999999999,0.8,14.999999999999998,20.0,180.00000000000003,749.9999999999999,AA2024-T3,AA2024-T3,10166.157798063105
43.41615818126908,0.7999999999999999,0.8,14.999999999999998,20.0,180.00000000000003,649.9999999999999,AA2024-T3,AA2024-T3,10166.157798063105
43.44069580303128,0.6999999999999998,0.9000000000000001,24.999999999999996,20.0,160.00000000000003,350.0,AA2024-T3,AA2024-T3,9751.107168500355
43.44069580303128,0.6999999999999998,0.8,24.999999999999996,20.0,160.00000000000003,350.0,AA2024-T3,AA2024-T3,9751.107168500355
43.46490606044431,0.7999999999999999,0.8,10.0,20.0,140.0,499.99999999999994,AA2024-T3,AA2024-T3,954671.4364402643
43.46490606044431,0.7999999999999999,0.8,10.0,20.0,140.0,449.99999999999994,AA2024-T3,AA2024-T3,954671.4364402643
43.46490606044431,0.7999999999999999,0.9000000000000001,10.0,20.0,140.0,449.99999999999994,AA2024-T3,AA2024-T3,954671.4364402643
43.46490606044431,0.7999999999999999,0.9000000000000001,10.0,20.0,140.0,499.99999999999994,AA2024-T3,AA2024-T3,954671.4364402643
43.46490606044431,0.7999999999999999,0.9000000000000001,20.0,20.0,280.0,449.99999999999994,AA2024-T3,AA2024-T3,5312.4114288370865
43.46490606044431,0.7999999999999999,0.9000000000000001,20.0,20.0,280.0,499.99999999999994,AA2024-T3,AA2024-T3,5312.4114288370865
43.46490606044431,0.7999999999999999,0.8,20.0,20.0,280.0,449.99999999999994,AA2024-T3,AA2024-T3,5312.4114288370865
43.46490606044431,0.7999999999999999,0.8,20.0,20.0,280.0,499.99999999999994,AA2024-T3,AA2024-T3,5312.4114288370865
43.470490095869536,0.7999999999999999,0.8,14.999999999999998,20.0,260.0,350.0,AA2024-T3,AA2024-T3,5652.420330569568
43.470490095869536,0.7999999999999999,0.9000000000000001,14.999999999999998,20.0,260.0,350.0,AA2024-T3,AA2024-T3,5652.420330569568
43.5052778864817,0.7999999999999999,0.8,20.0,20.0,260.0,599.9999999999999,AA2024-T3,AA2024-T3,5907.270655342889
43.5052778864817,0.7999999999999999,0.8,20.0,20.0,260.0,549.9999999999999,AA2024-T3,AA2024-T3,5907.270655342889
43.5052778864817,0.7999999999999999,0.9000000000000001,20.0,20.0,260.0,599.9999999999999,AA2024-T3,AA2024-T3,5907.270655342889
43.5052778864817,0.7999999999999999,0.9000000000000001,20.0,20.0,260.0,549.9999999999999,AA2024-T3,AA2024-T3,5907.270655342889
43.52423147281868,0.6999999999999998,0.8,20.0,20.0,120.00000000000001,399.99999999999994,AA2024-T3,AA2024-T3,791564.5782079083
43.52423147281868,0.6999999999999998,0.9000000000000001,20.0,20.0,120.00000000000001,399.99999999999994,AA2024-T3,AA2024-T3,791564.5782079083
43.554025765656924,0.7999999999999999,0.8,14.999999999999998,20.0,220.00000000000003,399.99999999999994,AA2024-T3,AA2024-T3,7246.609052964812
43.554025765656924,0.7999999999999999,0.9000000000000001,14.999999999999998,20.0,220.00000000000003,399.99999999999994,AA2024-T3,AA2024-T3,7246.60905296481
43.59998162711953,0.7999999999999999,0.9000000000000001,14.999999999999998,20.0,240.00000000000003,350.0,AA2024-T3,AA2024-T3,6342.999467692772
43.59998162711953,0.7999999999999999,0.8,14.999999999999998,20.0,240.00000000000003,350.0,AA2024-T3,AA2024-T3,6342.999467692774
43.60497512489345,0.6999999999999998,0.9000000000000001,24.999999999999996,20.0,140.0,549.9999999999999,AA2024-T3,AA2024-T3,994830.8148372027
43.60497512489345,0.6999999999999998,0.9000000000000001,24.999999999999996,20.0,140.0,599.9999999999999,AA2024-T3,AA2024-T3,994830.8148372027
43.60497512489345,0.6999999999999998,0.8,24.999999999999996,20.0,140.0,549.9999999999999,AA2024-T3,AA2024-T3,994830.8148372027
43.60497512489345,0.6999999999999998,0.8,24.999999999999996,20.0,140.0,599.9999999999999,AA2024-T3,AA2024-T3,994830.8148372027
43.61055916031867,0.6999999999999998,0.8,29.999999999999996,20.0,180.00000000000003,399.99999999999994,AA2024-T3,AA2024-T3,8406.80289943008
43.61055916031867,0.6999999999999998,0.9000000000000001,29.999999999999996,20.0,180.00000000000003,399.99999999999994,AA2024-T3,AA2024-T3,8406.80289943008
43.61893521345651,0.6999999999999998,0.9000000000000001,14.999999999999998,20.0,100.0,300.0,AA2024-T3,AA2024-T3,19473.34336490621
43.61893521345651,0.6999999999999998,0.8,14.999999999999998,20.0,100.0,300.0,AA2024-T3,AA2024-T3,19473.34336490621
43.63230476436826,0.6,0.8,24.999999999999996,20.0,100.0,300.0,AA2024-T3,AA2024-T3,615979.095924372
43.63230476436826,0.6,0.9000000000000001,24.999999999999996,20.0,100.0,300.0,AA2024-T3,AA2024-T3,615979.095924372
43.63756143544431,0.7999999999999999,0.8,14.999999999999998,20.0,200.0,449.99999999999994,AA2024-T3,AA2024-T3,8468.202053033738
43.63756143544431,0.7999999999999999,0.9000000000000001,14.999999999999998,20.0,200.0,449.99999999999994,AA2024-T3,AA2024-T3,8468.202053033736
43.63756143544431,0.7999999999999999,0.9000000000000001,14.999999999999998,20.0,200.0,499.99999999999994,AA2024-T3,AA2024-T3,8468.202053033736
43.63756143544431,0.7999999999999999,0.8,14.999999999999998,20.0,200.0,499.99999999999994,AA2024-T3,AA2024-T3,8468.202053033738
43.643145470869534,0.7999999999999999,0.8,10.0,20.0,160.00000000000003,350.0,AA2024-T3,AA2024-T3,1132010.5839125854
43.643145470869534,0.7999999999999999,0.9000000000000001,10.0,20.0,160.00000000000003,350.0,AA2024-T3,AA2024-T3,1132010.5839125854
43.648729506294764,0.7999999999999999,0.9000000000000001,10.0,20.0,200.0,300.0,AA2024-T3,AA2024-T3,8139.420393709469
43.648729506294764,0.7999999999999999,0.8,10.0,20.0,200.0,300.0,AA2024-T3,AA2024-T3,8139.420393709469
43.67546860811826,0.6,0.8,29.999999999999996,20.0,120.00000000000001,300.0,AA2024-T3,AA2024-T3,851936.4680252698
43.67546860811826,0.6,0.9000000000000001,29.999999999999996,20.0,120.00000000000001,300.0,AA2024-T3,AA2024-T3,851936.4680252698
43.6779332614817,0.7999999999999999,0.9000000000000001,10.0,20.0,120.00000000000001,549.9999999999999,AA2024-T3,AA2024-T3,270925.26461772097
43.6779332614817,0.7999999999999999,0.9000000000000001,10.0,20.0,120.00000000000001,599.9999999999999,AA2024-T3,AA2024-T3,270925.26461772097
43.6779332614817,0.7999999999999999,0.8,20.0,20.0,240.00000000000003,599.9999999999999,AA2024-T3,AA2024-T3,6613.690613253648
43.6779332614817,0.7999999999999999,0.8,20.0,20.0,240.00000000000003,549.9999999999999,AA2024-T3,AA2024-T3,6613.690613253648
43.6779332614817,0.7999999999999999,0.9000000000000001,20.0,20.0,240.00000000000003,599.9999999999999,AA2024-T3,AA2024-T3,6613.690613253648
43.6779332614817,0.7999999999999999,0.9000000000000001,20.0,20.0,240.00000000000003,549.9999999999999,AA2024-T3,AA2024-T3,6613.690613253648
43.6779332614817,0.7999999999999999,0.8,10.0,20.0,120.00000000000001,599.9999999999999,AA2024-T3,AA2024-T3,270925.26461772097
43.6779332614817,0.7999999999999999,0.8,10.0,20.0,120.00000000000001,549.9999999999999,AA2024-T3,AA2024-T3,270925.26461772097
43.718305087519084,0.7999999999999999,0.8,20.0,20.0,220.00000000000003,700.0,AA2024-T3,AA2024-T3,7541.306819380607
43.718305087519084,0.7999999999999999,0.8,20.0,20.0,220.00000000000003,649.9999999999999,AA2024-T3,AA2024-T3,7541.306819380607
43.718305087519084,0.7999999999999999,0.8,24.999999999999996,20.0,280.0,700.0,AA2024-T3,AA2024-T3,5546.095917689341
43.718305087519084,0.7999999999999999,0.8,24.999999999999996,20.0,280.0,649.9999999999999,AA2024-T3,AA2024-T3,5546.095917689341
43.718305087519084,0.7999999999999999,0.8,24.999999999999996,20.0,280.0,749.9999999999999,AA2024-T3,AA2024-T3,5546.095917689341
43.718305087519084,0.7999999999999999,0.9000000000000001,24.999999999999996,20.0,280.0,700.0,AA2024-T3,AA2024-T3,5546.095917689341
43.718305087519084,0.7999999999999999,0.9000000000000001,24.999999999999996,20.0,280.0,749.9999999999999,AA2024-T3,AA2024-T3,5546.095917689341
43.718305087519084,0.7999999999999999,0.9000000000000001,24.999999999999996,20.0,280.0,649.9999999999999,AA2024-T3,AA2024-T3,5546.095917689341
43.718305087519084,0.7999999999999999,0.8,20.0,20.0,220.00000000000003,749.9999999999999,AA2024-T3,AA2024-T3,7541.306819380607
43.718305087519084,0.7999999999999999,0.9000000000000001,20.0,20.0,220.00000000000003,749.9999999999999,AA2024-T3,AA2024-T3,7541.306819380607
43.718305087519084,0.7999999999999999,0.9000000000000001,20.0,20.0,220.00000000000003,700.0,AA2024-T3,AA2024-T3,7541.306819380607
43.718305087519084,0.7999999999999999,0.9000000000000001,20.0,20.0,220.00000000000003,649.9999999999999,AA2024-T3,AA2024-T3,7541.306819380607
43.7210971052317,0.7999999999999999,0.9000000000000001,14.999999999999998,20.0,180.00000000000003,599.9999999999999,AA2024-T3,AA2024-T3,10166.157798063105
43.7210971052317,0.7999999999999999,0.9000000000000001,14.999999999999998,20.0,180.00000000000003,549.9999999999999,AA2024-T3,AA2024-T3,10166.157798063105
43.7210971052317,0.7999999999999999,0.8,14.999999999999998,20.0,180.00000000000003,599.9999999999999,AA2024-T3,AA2024-T3,10166.157798063105
43.7210971052317,0.7999999999999999,0.8,14.999999999999998,20.0,180.00000000000003,549.9999999999999,AA2024-T3,AA2024-T3,10166.157798063105
43.73167463843083,0.6999999999999998,0.8,29.999999999999996,20.0,160.00000000000003,749.9999999999999,AA2024-T3,AA2024-T3,10163.277138108526
43.73167463843083,0.6999999999999998,0.9000000000000001,29.999999999999996,20.0,160.00000000000003,700.0,AA2024-T3,AA2024-T3,10163.277138108526
43.73167463843083,0.6999999999999998,0.8,29.999999999999996,20.0,160.00000000000003,649.9999999999999,AA2024-T3,AA2024-T3,10163.277138108526
43.73167463843083,0.6999999999999998,0.9000000000000001,29.999999999999996,20.0,160.00000000000003,749.9999999999999,AA2024-T3,AA2024-T3,10163.277138108526
43.73167463843083,0.6999999999999998,0.8,29.999999999999996,20.0,160.00000000000003,700.0,AA2024-T3,AA2024-T3,10163.277138108526
43.73167463843083,0.6999999999999998,0.9000000000000001,29.999999999999996,20.0,160.00000000000003,649.9999999999999,AA2024-T3,AA2024-T3,10163.277138108526
43.74842674470651,0.6999999999999998,0.9000000000000001,29.999999999999996,20.0,200.0,300.0,AA2024-T3,AA2024-T3,7186.438893836526
43.74842674470651,0.6999999999999998,0.8,29.999999999999996,20.0,200.0,300.0,AA2024-T3,AA2024-T3,7186.438893836526
43.76984498440693,0.7999999999999999,0.9000000000000001,20.0,20.0,280.0,399.99999999999994,AA2024-T3,AA2024-T3,5312.4114288370865
43.76984498440693,0.7999999999999999,0.9000000000000001,10.0,20.0,140.0,399.99999999999994,AA2024-T3,AA2024-T3,954671.4364402643
43.76984498440693,0.7999999999999999,0.8,10.0,20.0,140.0,399.99999999999994,AA2024-T3,AA2024-T3,954671.4364402643
43.76984498440693,0.7999999999999999,0.8,20.0,20.0,280.0,399.99999999999994,AA2024-T3,AA2024-T3,5312.4114288370865
43.81021681044431,0.7999999999999999,0.8,20.0,20.0,260.0,449.99999999999994,AA2024-T3,AA2024-T3,5907.270655342889
43.81021681044431,0.7999999999999999,0.8,20.0,20.0,260.0,499.99999999999994,AA2024-T3,AA2024-T3,5907.270655342889
43.81021681044431,0.7999999999999999,0.9000000000000001,20.0,20.0,260.0,499.99999999999994,AA2024-T3,AA2024-T3,5907.270655342889
43.81021681044431,0.7999999999999999,0.9000000000000001,20.0,20.0,260.0,449.99999999999994,AA2024-T3,AA2024-T3,5907.270655342889
43.82138488129476,0.7999999999999999,0.9000000000000001,14.999999999999998,20.0,280.0,300.0,AA2024-T3,AA2024-T3,5078.8223510339885
43.82138488129476,0.7999999999999999,0.8,14.999999999999998,20.0,280.0,300.0,AA2024-T3,AA2024-T3,5078.822351033989
43.82917039678129,0.6999999999999998,0.9000000000000001,20.0,20.0,120.00000000000001,350.0,AA2024-T3,AA2024-T3,791564.5782079083
43.82917039678129,0.6999999999999998,0.8,20.0,20.0,120.00000000000001,350.0,AA2024-T3,AA2024-T3,791564.5782079083
43.85896468961953,0.7999999999999999,0.8,14.999999999999998,20.0,220.00000000000003,350.0,AA2024-T3,AA2024-T3,7246.609052964812
43.85896468961953,0.7999999999999999,0.9000000000000001,14.999999999999998,20.0,220.00000000000003,350.0,AA2024-T3,AA2024-T3,7246.60905296481
43.907712568794764,0.7999999999999999,0.8,10.0,20.0,180.00000000000003,300.0,AA2024-T3,AA2024-T3,9801.017634301656
43.907712568794764,0.7999999999999999,0.9000000000000001,10.0,20.0,180.00000000000003,300.0,AA2024-T3,AA2024-T3,9801.017634301656
43.90991404885606,0.6999999999999998,0.8,24.999999999999996,20.0,140.0,499.99999999999994,AA2024-T3,AA2024-T3,994830.8148372027
43.90991404885606,0.6999999999999998,0.8,24.999999999999996,20.0,140.0,449.99999999999994,AA2024-T3,AA2024-T3,994830.8148372027
43.90991404885606,0.6999999999999998,0.9000000000000001,24.999999999999996,20.0,140.0,499.99999999999994,AA2024-T3,AA2024-T3,994830.8148372027
43.90991404885606,0.6999999999999998,0.9000000000000001,24.999999999999996,20.0,140.0,449.99999999999994,AA2024-T3,AA2024-T3,994830.8148372027
43.91549808428128,0.6999999999999998,0.8,29.999999999999996,20.0,180.00000000000003,350.0,AA2024-T3,AA2024-T3,8406.80289943008
43.91549808428128,0.6999999999999998,0.9000000000000001,29.999999999999996,20.0,180.00000000000003,350.0,AA2024-T3,AA2024-T3,8406.80289943008
43.934124306269084,0.7999999999999999,0.8,14.999999999999998,20.0,160.00000000000003,749.9999999999999,AA2024-T3,AA2024-T3,1133187.8449331508
43.934124306269084,0.7999999999999999,0.8,14.999999999999998,20.0,160.00000000000003,649.9999999999999,AA2024-T3,AA2024-T3,1133187.8449331508
43.934124306269084,0.7999999999999999,0.9000000000000001,14.999999999999998,20.0,160.00000000000003,700.0,AA2024-T3,AA2024-T3,761075.3160913914
43.934124306269084,0.7999999999999999,0.8,14.999999999999998,20.0,160.00000000000003,700.0,AA2024-T3,AA2024-T3,1133187.8449331508
43.934124306269084,0.7999999999999999,0.9000000000000001,14.999999999999998,20.0,160.00000000000003,749.9999999999999,AA2024-T3,AA2024-T3,1133187.8449331508
43.934124306269084,0.7999999999999999,0.9000000000000001,14.999999999999998,20.0,160.00000000000003,649.9999999999999,AA2024-T3,AA2024-T3,1133187.8449331508
43.94250035940693,0.7999999999999999,0.8,14.999999999999998,20.0,200.0,399.99999999999994,AA2024-T3,AA2024-T3,8468.202053033738
43.94250035940693,0.7999999999999999,0.9000000000000001,14.999999999999998,20.0,200.0,399.99999999999994,AA2024-T3,AA2024-T3,8468.202053033736
43.98287218544431,0.7999999999999999,0.9000000000000001,10.0,20.0,120.00000000000001,449.99999999999994,AA2024-T3,AA2024-T3,270925.26461772097
43.98287218544431,0.7999999999999999,0.9000000000000001,10.0,20.0,120.00000000000001,499.99999999999994,AA2024-T3,AA2024-T3,270925.26461772097
43.98287218544431,0.7999999999999999,0.8,20.0,20.0,240.00000000000003,499.99999999999994,AA2024-T3,AA2024-T3,6613.690613253648
43.98287218544431,0.7999999999999999,0.9000000000000001,20.0,20.0,240.00000000000003,499.99999999999994,AA2024-T3,AA2024-T3,6613.690613253648
43.98287218544431,0.7999999999999999,0.8,20.0,20.0,240.00000000000003,449.99999999999994,AA2024-T3,AA2024-T3,6613.690613253648
43.98287218544431,0.7999999999999999,0.8,10.0,20.0,120.00000000000001,499.99999999999994,AA2024-T3,AA2024-T3,270925.26461772097
43.98287218544431,0.7999999999999999,0.8,10.0,20.0,120.00000000000001,449.99999999999994,AA2024-T3,AA2024-T3,270925.26461772097
43.98287218544431,0.7999999999999999,0.9000000000000001,20.0,20.0,240.00000000000003,449.99999999999994,AA2024-T3,AA2024-T3,6613.690613253648
44.0232440114817,0.7999999999999999,0.9000000000000001,20.0,20.0,220.00000000000003,549.9999999999999,AA2024-T3,AA2024-T3,7541.306819380607
44.0232440114817,0.7999999999999999,0.8,20.0,20.0,220.00000000000003,599.9999999999999,AA2024-T3,AA2024-T3,7541.306819380607
44.0232440114817,0.7999999999999999,0.9000000000000001,20.0,20.0,220.00000000000003,599.9999999999999,AA2024-T3,AA2024-T3,7541.306819380607
44.0232440114817,0.7999999999999999,0.8,24.999999999999996,20.0,280.0,549.9999999999999,AA2024-T3,AA2024-T3,5546.095917689341
44.0232440114817,0.7999999999999999,0.8,24.999999999999996,20.0,280.0,599.9999999999999,AA2024-T3,AA2024-T3,5546.095917689341
44.0232440114817,0.7999999999999999,0.8,20.0,20.0,220.00000000000003,549.9999999999999,AA2024-T3,AA2024-T3,7541.306819380607
44.0232440114817,0.7999999999999999,0.9000000000000001,24.999999999999996,20.0,280.0,549.9999999999999,AA2024-T3,AA2024-T3,5546.095917689341
44.0232440114817,0.7999999999999999,0.9000000000000001,24.999999999999996,20.0,280.0,599.9999999999999,AA2024-T3,AA2024-T3,5546.095917689341
44.02603602919431,0.7999999999999999,0.8,14.999999999999998,20.0,180.00000000000003,449.99999999999994,AA2024-T3,AA2024-T3,10166.157798063105
44.02603602919431,0.7999999999999999,0.9000000000000001,14.999999999999998,20.0,180.00000000000003,499.99999999999994,AA2024-T3,AA2024-T3,10166.157798063105
44.02603602919431,0.7999999999999999,0.9000000000000001,14.999999999999998,20.0,180.00000000000003,449.99999999999994,AA2024-T3,AA2024-T3,10166.157798063105
44.02603602919431,0.7999999999999999,0.8,14.999999999999998,20.0,180.00000000000003,499.99999999999994,AA2024-T3,AA2024-T3,10166.157798063105
44.03661356239345,0.6999999999999998,0.8,29.999999999999996,20.0,160.00000000000003,549.9999999999999,AA2024-T3,AA2024-T3,10163.277138108526
44.03661356239345,0.6999999999999998,0.9000000000000001,29.999999999999996,20.0,160.00000000000003,549.9999999999999,AA2024-T3,AA2024-T3,10163.277138108526
44.03661356239345,0.6999999999999998,0.8,29.999999999999996,20.0,160.00000000000003,599.9999999999999,AA2024-T3,AA2024-T3,10163.277138108526
44.03661356239345,0.6999999999999998,0.9000000000000001,29.999999999999996,20.0,160.00000000000003,599.9999999999999,AA2024-T3,AA2024-T3,10163.277138108526
44.05057365095651,0.6999999999999998,0.9000000000000001,24.999999999999996,20.0,160.00000000000003,300.0,AA2024-T3,AA2024-T3,9751.107168500355
44.05057365095651,0.6999999999999998,0.8,24.999999999999996,20.0,160.00000000000003,300.0,AA2024-T3,AA2024-T3,9751.107168500355
44.07478390836954,0.7999999999999999,0.9000000000000001,20.0,20.0,280.0,350.0,AA2024-T3,AA2024-T3,5312.4114288370865
44.07478390836954,0.7999999999999999,0.8,20.0,20.0,280.0,350.0,AA2024-T3,AA2024-T3,5312.4114288370865
44.07478390836954,0.7999999999999999,0.8,10.0,20.0,140.0,350.0,AA2024-T3,AA2024-T3,954671.4364402643
44.07478390836954,0.7999999999999999,0.9000000000000001,10.0,20.0,140.0,350.0,AA2024-T3,AA2024-T3,954671.4364402643
44.08036794379476,0.7999999999999999,0.9000000000000001,14.999999999999998,20.0,260.0,300.0,AA2024-T3,AA2024-T3,5652.420330569568
44.08036794379476,0.7999999999999999,0.8,14.999999999999998,20.0,260.0,300.0,AA2024-T3,AA2024-T3,5652.420330569568
44.115155734406926,0.7999999999999999,0.8,20.0,20.0,260.0,399.99999999999994,AA2024-T3,AA2024-T3,5907.270655342889
44.115155734406926,0.7999999999999999,0.9000000000000001,20.0,20.0,260.0,399.99999999999994,AA2024-T3,AA2024-T3,5907.270655342889
44.14994352501908,0.7999999999999999,0.9000000000000001,24.999999999999996,20.0,260.0,700.0,AA2024-T3,AA2024-T3,6162.323167646102
44.14994352501908,0.7999999999999999,0.9000000000000001,10.0,20.0,100.0,749.9999999999999,AA2024-T3,AA2024-T3,37411.134088286926
44.14994352501908,0.7999999999999999,0.8,24.999999999999996,20.0,260.0,700.0,AA2024-T3,AA2024-T3,6162.3231676461
44.14994352501908,0.7999999999999999,0.8,24.999999999999996,20.0,260.0,749.9999999999999,AA2024-T3,AA2024-T3,6162.3231676461
44.14994352501908,0.7999999999999999,0.9000000000000001,24.999999999999996,20.0,260.0,649.9999999999999,AA2024-T3,AA2024-T3,6162.323167646102
44.14994352501908,0.7999999999999999,0.9000000000000001,24.999999999999996,20.0,260.0,749.9999999999999,AA2024-T3,AA2024-T3,6162.323167646102
44.14994352501908,0.7999999999999999,0.9000000000000001,10.0,20.0,100.0,649.9999999999999,AA2024-T3,AA2024-T3,37411.134088286926
44.14994352501908,0.7999999999999999,0.9000000000000001,10.0,20.0,100.0,700.0,AA2024-T3,AA2024-T3,37411.134088286926
44.14994352501908,0.7999999999999999,0.8,24.999999999999996,20.0,260.0,649.9999999999999,AA2024-T3,AA2024-T3,6162.3231676461
44.14994352501908,0.7999999999999999,0.8,10.0,20.0,100.0,649.9999999999999,AA2024-T3,AA2024-T3,37411.134088286926
44.14994352501908,0.7999999999999999,0.8,10.0,20.0,100.0,700.0,AA2024-T3,AA2024-T3,37411.134088286926
44.14994352501908,0.7999999999999999,0.8,10.0,20.0,100.0,749.9999999999999,AA2024-T3,AA2024-T3,37411.134088286926
44.16331307593083,0.6999999999999998,0.9000000000000001,20.0,20.0,100.0,649.9999999999999,AA2024-T3,AA2024-T3,20123.352909599176
44.16331307593083,0.6999999999999998,0.9000000000000001,20.0,20.0,100.0,749.9999999999999,AA2024-T3,AA2024-T3,20123.352909599176
44.16331307593083,0.6999999999999998,0.9000000000000001,20.0,20.0,100.0,700.0,AA2024-T3,AA2024-T3,20123.352909599176
44.16331307593083,0.6999999999999998,0.8,20.0,20.0,100.0,649.9999999999999,AA2024-T3,AA2024-T3,20123.352909599176
44.16331307593083,0.6999999999999998,0.8,20.0,20.0,100.0,700.0,AA2024-T3,AA2024-T3,20123.352909599176
44.16331307593083,0.6999999999999998,0.8,20.0,20.0,100.0,749.9999999999999,AA2024-T3,AA2024-T3,20123.352909599176
44.17668262684258,0.6,0.9000000000000001,29.999999999999996,20.0,100.0,749.9999999999999,AA2024-T3,AA2024-T3,616694.946496106
44.17668262684258,0.6,0.9000000000000001,29.999999999999996,20.0,100.0,649.9999999999999,AA2024-T3,AA2024-T3,616694.946496106
44.17668262684258,0.6,0.9000000000000001,29.999999999999996,20.0,100.0,700.0,AA2024-T3,AA2024-T3,616694.946496106
44.17668262684258,0.6,0.8,29.999999999999996,20.0,100.0,749.9999999999999,AA2024-T3,AA2024-T3,616694.946496106
44.17668262684258,0.6,0.8,29.999999999999996,20.0,100.0,700.0,AA2024-T3,AA2024-T3,616694.946496106
44.17668262684258,0.6,0.8,29.999999999999996,20.0,100.0,649.9999999999999,AA2024-T3,AA2024-T3,616694.946496106
44.20985947504476,0.7999999999999999,0.8,14.999999999999998,20.0,240.00000000000003,300.0,AA2024-T3,AA2024-T3,6342.999467692774
44.20985947504476,0.7999999999999999,0.9000000000000001,14.999999999999998,20.0,240.00000000000003,300.0,AA2024-T3,AA2024-T3,6342.999467692772
44.214852972818676,0.6999999999999998,0.9000000000000001,24.999999999999996,20.0,140.0,399.99999999999994,AA2024-T3,AA2024-T3,994830.8148372027
44.214852972818676,0.6999999999999998,0.8,24.999999999999996,20.0,140.0,399.99999999999994,AA2024-T3,AA2024-T3,994830.8148372027
44.236271212519085,0.7999999999999999,0.8,20.0,20.0,200.0,700.0,AA2024-T3,AA2024-T3,8797.07088340098
44.236271212519085,0.7999999999999999,0.9000000000000001,20.0,20.0,200.0,749.9999999999999,AA2024-T3,AA2024-T3,8797.07088340098
44.236271212519085,0.7999999999999999,0.8,20.0,20.0,200.0,649.9999999999999,AA2024-T3,AA2024-T3,8797.07088340098
44.236271212519085,0.7999999999999999,0.9000000000000001,20.0,20.0,200.0,700.0,AA2024-T3,AA2024-T3,8797.07088340098
44.236271212519085,0.7999999999999999,0.9000000000000001,20.0,20.0,200.0,649.9999999999999,AA2024-T3,AA2024-T3,8797.07088340098
44.236271212519085,0.7999999999999999,0.8,20.0,20.0,200.0,749.9999999999999,AA2024-T3,AA2024-T3,8797.07088340098
44.2390632302317,0.7999999999999999,0.9000000000000001,14.999999999999998,20.0,160.00000000000003,599.9999999999999,AA2024-T3,AA2024-T3,1133187.8449331508
44.2390632302317,0.7999999999999999,0.9000000000000001,14.999999999999998,20.0,160.00000000000003,549.9999999999999,AA2024-T3,AA2024-T3,1133187.8449331508
44.2390632302317,0.7999999999999999,0.8,14.999999999999998,20.0,160.00000000000003,549.9999999999999,AA2024-T3,AA2024-T3,1133187.8449331508
44.2390632302317,0.7999999999999999,0.8,14.999999999999998,20.0,160.00000000000003,599.9999999999999,AA2024-T3,AA2024-T3,1133187.8449331508
44.24743928336954,0.7999999999999999,0.8,14.999999999999998,20.0,200.0,350.0,AA2024-T3,AA2024-T3,8468.202053033738
44.24743928336954,0.7999999999999999,0.9000000000000001,14.999999999999998,20.0,200.0,350.0,AA2024-T3,AA2024-T3,8468.202053033736
44.25302331879476,0.7999999999999999,0.9000000000000001,10.0,20.0,160.00000000000003,300.0,AA2024-T3,AA2024-T3,1132010.5839125854
44.25302331879476,0.7999999999999999,0.8,10.0,20.0,160.00000000000003,300.0,AA2024-T3,AA2024-T3,1132010.5839125854
44.287811109406924,0.7999999999999999,0.8,10.0,20.0,120.00000000000001,399.99999999999994,AA2024-T3,AA2024-T3,270925.26461772097
44.287811109406924,0.7999999999999999,0.9000000000000001,10.0,20.0,120.00000000000001,399.99999999999994,AA2024-T3,AA2024-T3,270925.26461772097
44.287811109406924,0.7999999999999999,0.8,20.0,20.0,240.00000000000003,399.99999999999994,AA2024-T3,AA2024-T3,6613.690613253648
44.287811109406924,0.7999999999999999,0.9000000000000001,20.0,20.0,240.00000000000003,399.99999999999994,AA2024-T3,AA2024-T3,6613.690613253648
44.32818293544431,0.7999999999999999,0.9000000000000001,24.999999999999996,20.0,280.0,449.99999999999994,AA2024-T3,AA2024-T3,5546.095917689341
44.32818293544431,0.7999999999999999,0.8,24.999999999999996,20.0,280.0,449.99999999999994,AA2024-T3,AA2024-T3,5546.095917689341
44.32818293544431,0.7999999999999999,0.8,20.0,20.0,220.00000000000003,449.99999999999994,AA2024-T3,AA2024-T3,7541.306819380607
44.32818293544431,0.7999999999999999,0.8,20.0,20.0,220.00000000000003,499.99999999999994,AA2024-T3,AA2024-T3,7541.306819380607
44.32818293544431,0.7999999999999999,0.9000000000000001,24.999999999999996,20.0,280.0,499.99999999999994,AA2024-T3,AA2024-T3,5546.095917689341
44.32818293544431,0.7999999999999999,0.9000000000000001,20.0,20.0,220.00000000000003,499.99999999999994,AA2024-T3,AA2024-T3,7541.306819380607
44.32818293544431,0.7999999999999999,0.8,24.999999999999996,20.0,280.0,499.99999999999994,AA2024-T3,AA2024-T3,5546.095917689341
44.32818293544431,0.7999999999999999,0.9000000000000001,20.0,20.0,220.00000000000003,449.99999999999994,AA2024-T3,AA2024-T3,7541.306819380607
44.330974953156925,0.7999999999999999,0.8,14.999999999999998,20.0,180.00000000000003,399.99999999999994,AA2024-T3,AA2024-T3,10166.157798063105
44.330974953156925,0.7999999999999999,0.9000000000000001,14.999999999999998,20.0,180.00000000000003,399.99999999999994,AA2024-T3,AA2024-T3,10166.157798063105
44.34155248635606,0.6999999999999998,0.9000000000000001,29.999999999999996,20.0,160.00000000000003,449.99999999999994,AA2024-T3,AA2024-T3,10163.277138108526
44.34155248635606,0.6999999999999998,0.9000000000000001,29.999999999999996,20.0,160.00000000000003,499.99999999999994,AA2024-T3,AA2024-T3,10163.277138108526
44.34155248635606,0.6999999999999998,0.8,29.999999999999996,20.0,160.00000000000003,449.99999999999994,AA2024-T3,AA2024-T3,10163.277138108526
44.34155248635606,0.6999999999999998,0.8,29.999999999999996,20.0,160.00000000000003,499.99999999999994,AA2024-T3,AA2024-T3,10163.277138108526
44.36576274376908,0.7999999999999999,0.9000000000000001,24.999999999999996,20.0,240.00000000000003,700.0,AA2024-T3,AA2024-T3,6884.412560164998
44.36576274376908,0.7999999999999999,0.8,24.999999999999996,20.0,240.00000000000003,700.0,AA2024-T3,AA2024-T3,6884.412560164997
44.36576274376908,0.7999999999999999,0.9000000000000001,24.999999999999996,20.0,240.00000000000003,749.9999999999999,AA2024-T3,AA2024-T3,6884.412560164998
44.36576274376908,0.7999999999999999,0.8,24.999999999999996,20.0,240.00000000000003,649.9999999999999,AA2024-T3,AA2024-T3,6884.412560164997
44.36576274376908,0.7999999999999999,0.8,24.999999999999996,20.0,240.00000000000003,749.9999999999999,AA2024-T3,AA2024-T3,6884.412560164997
44.36576274376908,0.7999999999999999,0.9000000000000001,24.999999999999996,20.0,240.00000000000003,649.9999999999999,AA2024-T3,AA2024-T3,6884.412560164998
44.420094658369536,0.7999999999999999,0.8,20.0,20.0,260.0,350.0,AA2024-T3,AA2024-T3,5907.270655342889
44.420094658369536,0.7999999999999999,0.9000000000000001,20.0,20.0,260.0,350.0,AA2024-T3,AA2024-T3,5907.270655342889
44.43904824470651,0.6999999999999998,0.8,20.0,20.0,120.00000000000001,300.0,AA2024-T3,AA2024-T3,791564.5782079083
44.43904824470651,0.6999999999999998,0.9000000000000001,20.0,20.0,120.00000000000001,300.0,AA2024-T3,AA2024-T3,791564.5782079083
44.4548824489817,0.7999999999999999,0.9000000000000001,24.999999999999996,20.0,260.0,549.9999999999999,AA2024-T3,AA2024-T3,6162.323167646102
44.4548824489817,0.7999999999999999,0.9000000000000001,24.999999999999996,20.0,260.0,599.9999999999999,AA2024-T3,AA2024-T3,6162.323167646102
44.4548824489817,0.7999999999999999,0.8,10.0,20.0,100.0,549.9999999999999,AA2024-T3,AA2024-T3,37411.134088286926
44.4548824489817,0.7999999999999999,0.8,10.0,20.0,100.0,599.9999999999999,AA2024-T3,AA2024-T3,37411.134088286926
44.4548824489817,0.7999999999999999,0.9000000000000001,10.0,20.0,100.0,549.9999999999999,AA2024-T3,AA2024-T3,37411.134088286926
44.4548824489817,0.7999999999999999,0.9000000000000001,10.0,20.0,100.0,599.9999999999999,AA2024-T3,AA2024-T3,37411.134088286926
44.4548824489817,0.7999999999999999,0.8,24.999999999999996,20.0,260.0,599.9999999999999,AA2024-T3,AA2024-T3,6162.3231676461
44.4548824489817,0.7999999999999999,0.8,24.999999999999996,20.0,260.0,549.9999999999999,AA2024-T3,AA2024-T3,6162.3231676461
44.46825199989345,0.6999999999999998,0.9000000000000001,20.0,20.0,100.0,549.9999999999999,AA2024-T3,AA2024-T3,20123.352909599176
44.46825199989345,0.6999999999999998,0.9000000000000001,20.0,20.0,100.0,599.9999999999999,AA2024-T3,AA2024-T3,20123.352909599176
44.46825199989345,0.6999999999999998,0.8,20.0,20.0,100.0,599.9999999999999,AA2024-T3,AA2024-T3,20123.352909599176
44.46825199989345,0.6999999999999998,0.8,20.0,20.0,100.0,549.9999999999999,AA2024-T3,AA2024-T3,20123.352909599176
44.46884253754476,0.7999999999999999,0.9000000000000001,14.999999999999998,20.0,220.00000000000003,300.0,AA2024-T3,AA2024-T3,7246.60905296481
44.46884253754476,0.7999999999999999,0.8,14.999999999999998,20.0,220.00000000000003,300.0,AA2024-T3,AA2024-T3,7246.609052964812
44.48162155080519,0.6,0.8,29.999999999999996,20.0,100.0,599.9999999999999,AA2024-T3,AA2024-T3,616694.946496106
44.48162155080519,0.6,0.8,29.999999999999996,20.0,100.0,549.9999999999999,AA2024-T3,AA2024-T3,616694.946496106
44.48162155080519,0.6,0.9000000000000001,29.999999999999996,20.0,100.0,549.9999999999999,AA2024-T3,AA2024-T3,616694.946496106
44.48162155080519,0.6,0.9000000000000001,29.999999999999996,20.0,100.0,599.9999999999999,AA2024-T3,AA2024-T3,616694.946496106
44.519791896781285,0.6999999999999998,0.8,24.999999999999996,20.0,140.0,350.0,AA2024-T3,AA2024-T3,994830.8148372027
44.519791896781285,0.6999999999999998,0.9000000000000001,24.999999999999996,20.0,140.0,350.0,AA2024-T3,AA2024-T3,994830.8148372027
44.52537593220651,0.6999999999999998,0.8,29.999999999999996,20.0,180.00000000000003,300.0,AA2024-T3,AA2024-T3,8406.80289943008
44.52537593220651,0.6999999999999998,0.9000000000000001,29.999999999999996,20.0,180.00000000000003,300.0,AA2024-T3,AA2024-T3,8406.80289943008
44.5412101364817,0.7999999999999999,0.9000000000000001,20.0,20.0,200.0,549.9999999999999,AA2024-T3,AA2024-T3,8797.07088340098
44.5412101364817,0.7999999999999999,0.8,20.0,20.0,200.0,599.9999999999999,AA2024-T3,AA2024-T3,8797.07088340098
44.5412101364817,0.7999999999999999,0.9000000000000001,20.0,20.0,200.0,599.9999999999999,AA2024-T3,AA2024-T3,8797.07088340098
44.5412101364817,0.7999999999999999,0.8,20.0,20.0,200.0,549.9999999999999,AA2024-T3,AA2024-T3,8797.07088340098
44.54400215419431,0.7999999999999999,0.8,14.999999999999998,20.0,160.00000000000003,499.99999999999994,AA2024-T3,AA2024-T3,1133187.8449331508
44.54400215419431,0.7999999999999999,0.9000000000000001,14.999999999999998,20.0,160.00000000000003,449.99999999999994,AA2024-T3,AA2024-T3,1133187.8449331508
44.54400215419431,0.7999999999999999,0.9000000000000001,14.999999999999998,20.0,160.00000000000003,499.99999999999994,AA2024-T3,AA2024-T3,1133187.8449331508
44.54400215419431,0.7999999999999999,0.8,14.999999999999998,20.0,160.00000000000003,449.99999999999994,AA2024-T3,AA2024-T3,1133187.8449331508
44.58158196251908,0.7999999999999999,0.8,29.999999999999996,20.0,280.0,749.9999999999999,AA2024-T3,AA2024-T3,5779.8701830799755
44.58158196251908,0.7999999999999999,0.9000000000000001,29.999999999999996,20.0,280.0,649.9999999999999,AA2024-T3,AA2024-T3,5779.8701830799755
44.58158196251908,0.7999999999999999,0.9000000000000001,14.999999999999998,20.0,140.0,700.0,AA2024-T3,AA2024-T3,18042.705099418126
44.58158196251908,0.7999999999999999,0.9000000000000001,14.999999999999998,20.0,140.0,749.9999999999999,AA2024-T3,AA2024-T3,955860.1703477212
44.58158196251908,0.7999999999999999,0.9000000000000001,14.999999999999998,20.0,140.0,649.9999999999999,AA2024-T3,AA2024-T3,955860.1703477212
44.58158196251908,0.7999999999999999,0.8,14.999999999999998,20.0,140.0,700.0,AA2024-T3,AA2024-T3,955860.1703477212
44.58158196251908,0.7999999999999999,0.8,14.999999999999998,20.0,140.0,749.9999999999999,AA2024-T3,AA2024-T3,955860.1703477212
44.58158196251908,0.7999999999999999,0.8,14.999999999999998,20.0,140.0,649.9999999999999,AA2024-T3,AA2024-T3,955860.1703477212
44.58158196251908,0.7999999999999999,0.8,29.999999999999996,20.0,280.0,700.0,AA2024-T3,AA2024-T3,5779.8701830799755
44.58158196251908,0.7999999999999999,0.8,29.999999999999996,20.0,280.0,649.9999999999999,AA2024-T3,AA2024-T3,5779.8701830799755
44.58158196251908,0.7999999999999999,0.9000000000000001,29.999999999999996,20.0,280.0,700.0,AA2024-T3,AA2024-T3,5779.8701830799755
44.58158196251908,0.7999999999999999,0.9000000000000001,29.999999999999996,20.0,280.0,749.9999999999999,AA2024-T3,AA2024-T3,5779.8701830799755
44.59275003336953,0.7999999999999999,0.8,20.0,20.0,240.00000000000003,350.0,AA2024-T3,AA2024-T3,6613.690613253648
44.59275003336953,0.7999999999999999,0.9000000000000001,20.0,20.0,240.00000000000003,350.0,AA2024-T3,AA2024-T3,6613.690613253648
44.59275003336953,0.7999999999999999,0.9000000000000001,10.0,20.0,120.00000000000001,350.0,AA2024-T3,AA2024-T3,270925.26461772097
44.59275003336953,0.7999999999999999,0.8,10.0,20.0,120.00000000000001,350.0,AA2024-T3,AA2024-T3,270925.26461772097
44.59495151343083,0.6999999999999998,0.8,24.999999999999996,20.0,120.00000000000001,649.9999999999999,AA2024-T3,AA2024-T3,792294.1575115243
44.59495151343083,0.6999999999999998,0.8,24.999999999999996,20.0,120.00000000000001,700.0,AA2024-T3,AA2024-T3,792294.1575115243
44.59495151343083,0.6999999999999998,0.8,24.999999999999996,20.0,120.00000000000001,749.9999999999999,AA2024-T3,AA2024-T3,792294.1575115243
44.59495151343083,0.6999999999999998,0.9000000000000001,24.999999999999996,20.0,120.00000000000001,649.9999999999999,AA2024-T3,AA2024-T3,792294.1575115243
44.59495151343083,0.6999999999999998,0.9000000000000001,24.999999999999996,20.0,120.00000000000001,749.9999999999999,AA2024-T3,AA2024-T3,792294.1575115243
44.59495151343083,0.6999999999999998,0.9000000000000001,24.999999999999996,20.0,120.00000000000001,700.0,AA2024-T3,AA2024-T3,792294.1575115243
44.63312185940693,0.7999999999999999,0.8,24.999999999999996,20.0,280.0,399.99999999999994,AA2024-T3,AA2024-T3,5546.095917689341
44.63312185940693,0.7999999999999999,0.8,20.0,20.0,220.00000000000003,399.99999999999994,AA2024-T3,AA2024-T3,7541.306819380607
44.63312185940693,0.7999999999999999,0.9000000000000001,20.0,20.0,220.00000000000003,399.99999999999994,AA2024-T3,AA2024-T3,7541.306819380607
44.63312185940693,0.7999999999999999,0.9000000000000001,24.999999999999996,20.0,280.0,399.99999999999994,AA2024-T3,AA2024-T3,5546.095917689341
44.635913877119535,0.7999999999999999,0.9000000000000001,14.999999999999998,20.0,180.00000000000003,350.0,AA2024-T3,AA2024-T3,10166.157798063105
44.635913877119535,0.7999999999999999,0.8,14.999999999999998,20.0,180.00000000000003,350.0,AA2024-T3,AA2024-T3,10166.157798063105
44.646491410318674,0.6999999999999998,0.8,29.999999999999996,20.0,160.00000000000003,399.99999999999994,AA2024-T3,AA2024-T3,10163.277138108526
44.646491410318674,0.6999999999999998,0.9000000000000001,29.999999999999996,20.0,160.00000000000003,399.99999999999994,AA2024-T3,AA2024-T3,10163.277138108526
44.6707016677317,0.7999999999999999,0.8,24.999999999999996,20.0,240.00000000000003,549.9999999999999,AA2024-T3,AA2024-T3,6884.412560164997
44.6707016677317,0.7999999999999999,0.8,24.999999999999996,20.0,240.00000000000003,599.9999999999999,AA2024-T3,AA2024-T3,6884.412560164997
44.6707016677317,0.7999999999999999,0.9000000000000001,24.999999999999996,20.0,240.00000000000003,599.9999999999999,AA2024-T3,AA2024-T3,6884.412560164998
44.6707016677317,0.7999999999999999,0.9000000000000001,24.999999999999996,20.0,240.00000000000003,549.9999999999999,AA2024-T3,AA2024-T3,6884.412560164998
44.68466175629476,0.7999999999999999,0.8,10.0,20.0,140.0,300.0,AA2024-T3,AA2024-T3,954671.4364402643
44.68466175629476,0.7999999999999999,0.9000000000000001,20.0,20.0,280.0,300.0,AA2024-T3,AA2024-T3,5312.4114288370865
44.68466175629476,0.7999999999999999,0.8,20.0,20.0,280.0,300.0,AA2024-T3,AA2024-T3,5312.4114288370865
44.68466175629476,0.7999999999999999,0.9000000000000001,10.0,20.0,140.0,300.0,AA2024-T3,AA2024-T3,954671.4364402643
44.754237337519086,0.7999999999999999,0.9000000000000001,20.0,20.0,180.00000000000003,649.9999999999999,AA2024-T3,AA2024-T3,10531.334870134036
44.754237337519086,0.7999999999999999,0.9000000000000001,20.0,20.0,180.00000000000003,700.0,AA2024-T3,AA2024-T3,10531.334870134036
44.754237337519086,0.7999999999999999,0.8,20.0,20.0,180.00000000000003,700.0,AA2024-T3,AA2024-T3,10531.334870134036
44.754237337519086,0.7999999999999999,0.8,20.0,20.0,180.00000000000003,749.9999999999999,AA2024-T3,AA2024-T3,10531.334870134036
44.754237337519086,0.7999999999999999,0.8,20.0,20.0,180.00000000000003,649.9999999999999,AA2024-T3,AA2024-T3,10531.334870134036
44.754237337519086,0.7999999999999999,0.9000000000000001,20.0,20.0,180.00000000000003,749.9999999999999,AA2024-T3,AA2024-T3,10531.334870134036
44.75982137294431,0.7999999999999999,0.9000000000000001,10.0,20.0,100.0,499.99999999999994,AA2024-T3,AA2024-T3,37411.134088286926
44.75982137294431,0.7999999999999999,0.9000000000000001,24.999999999999996,20.0,260.0,449.99999999999994,AA2024-T3,AA2024-T3,6162.323167646102
44.75982137294431,0.7999999999999999,0.8,24.999999999999996,20.0,260.0,499.99999999999994,AA2024-T3,AA2024-T3,6162.3231676461
44.75982137294431,0.7999999999999999,0.9000000000000001,24.999999999999996,20.0,260.0,499.99999999999994,AA2024-T3,AA2024-T3,6162.323167646102
44.75982137294431,0.7999999999999999,0.8,24.999999999999996,20.0,260.0,449.99999999999994,AA2024-T3,AA2024-T3,6162.3231676461
44.75982137294431,0.7999999999999999,0.8,10.0,20.0,100.0,499.99999999999994,AA2024-T3,AA2024-T3,37411.134088286926
44.75982137294431,0.7999999999999999,0.8,10.0,20.0,100.0,449.99999999999994,AA2024-T3,AA2024-T3,37411.134088286926
44.75982137294431,0.7999999999999999,0.9000000000000001,10.0,20.0,100.0,449.99999999999994,AA2024-T3,AA2024-T3,37411.134088286926
44.773190923856056,0.6999999999999998,0.9000000000000001,20.0,20.0,100.0,449.99999999999994,AA2024-T3,AA2024-T3,20123.352909599176
44.773190923856056,0.6999999999999998,0.8,20.0,20.0,100.0,499.99999999999994,AA2024-T3,AA2024-T3,20123.352909599176
44.773190923856056,0.6999999999999998,0.8,20.0,20.0,100.0,449.99999999999994,AA2024-T3,AA2024-T3,20123.352909599176
44.773190923856056,0.6999999999999998,0.9000000000000001,20.0,20.0,100.0,499.99999999999994,AA2024-T3,AA2024-T3,20123.352909599176
44.7865604747678,0.6,0.8,29.999999999999996,20.0,100.0,499.99999999999994,AA2024-T3,AA2024-T3,616694.946496106
44.7865604747678,0.6,0.8,29.999999999999996,20.0,100.0,449.99999999999994,AA2024-T3,AA2024-T3,616694.946496106
44.7865604747678,0.6,0.9000000000000001,29.999999999999996,20.0,100.0,499.99999999999994,AA2024-T3,AA2024-T3,616694.946496106
44.7865604747678,0.6,0.9000000000000001,29.999999999999996,20.0,100.0,449.99999999999994,AA2024-T3,AA2024-T3,616694.946496106
44.79740118126908,0.7999999999999999,0.9000000000000001,24.999999999999996,20.0,220.00000000000003,700.0,AA2024-T3,AA2024-T3,7836.017434042327
44.79740118126908,0.7999999999999999,0.9000000000000001,24.999999999999996,20.0,220.00000000000003,749.9999999999999,AA2024-T3,AA2024-T3,7836.017434042327
44.79740118126908,0.7999999999999999,0.8,24.999999999999996,20.0,220.00000000000003,700.0,AA2024-T3,AA2024-T3,7836.0174340423255
44.79740118126908,0.7999999999999999,0.8,24.999999999999996,20.0,220.00000000000003,649.9999999999999,AA2024-T3,AA2024-T3,7836.0174340423255
44.79740118126908,0.7999999999999999,0.8,24.999999999999996,20.0,220.00000000000003,749.9999999999999,AA2024-T3,AA2024-T3,7836.0174340423255
44.79740118126908,0.7999999999999999,0.9000000000000001,24.999999999999996,20.0,220.00000000000003,649.9999999999999,AA2024-T3,AA2024-T3,7836.017434042327
44.84614906044431,0.7999999999999999,0.8,20.0,20.0,200.0,449.99999999999994,AA2024-T3,AA2024-T3,8797.07088340098
44.84614906044431,0.7999999999999999,0.8,20.0,20.0,200.0,499.99999999999994,AA2024-T3,AA2024-T3,8797.07088340098
44.84614906044431,0.7999999999999999,0.9000000000000001,20.0,20.0,200.0,499.99999999999994,AA2024-T3,AA2024-T3,8797.07088340098
44.84614906044431,0.7999999999999999,0.9000000000000001,20.0,20.0,200.0,449.99999999999994,AA2024-T3,AA2024-T3,8797.07088340098
44.848941078156926,0.7999999999999999,0.8,14.999999999999998,20.0,160.00000000000003,399.99999999999994,AA2024-T3,AA2024-T3,1133187.8449331508
44.848941078156926,0.7999999999999999,0.9000000000000001,14.999999999999998,20.0,160.00000000000003,399.99999999999994,AA2024-T3,AA2024-T3,1133187.8449331508
44.857317131294764,0.7999999999999999,0.9000000000000001,14.999999999999998,20.0,200.0,300.0,AA2024-T3,AA2024-T3,8468.202053033736
44.857317131294764,0.7999999999999999,0.8,14.999999999999998,20.0,200.0,300.0,AA2024-T3,AA2024-T3,8468.202053033738
44.8865208864817,0.7999999999999999,0.9000000000000001,14.999999999999998,20.0,140.0,549.9999999999999,AA2024-T3,AA2024-T3,955860.1703477212
44.8865208864817,0.7999999999999999,0.9000000000000001,14.999999999999998,20.0,140.0,599.9999999999999,AA2024-T3,AA2024-T3,955860.1703477212
44.8865208864817,0.7999999999999999,0.9000000000000001,29.999999999999996,20.0,280.0,599.9999999999999,AA2024-T3,AA2024-T3,5779.8701830799755
44.8865208864817,0.7999999999999999,0.9000000000000001,29.999999999999996,20.0,280.0,549.9999999999999,AA2024-T3,AA2024-T3,5779.8701830799755
44.8865208864817,0.7999999999999999,0.8,29.999999999999996,20.0,280.0,549.9999999999999,AA2024-T3,AA2024-T3,5779.8701830799755
44.8865208864817,0.7999999999999999,0.8,29.999999999999996,20.0,280.0,599.9999999999999,AA2024-T3,AA2024-T3,5779.8701830799755
44.8865208864817,0.7999999999999999,0.8,14.999999999999998,20.0,140.0,549.9999999999999,AA2024-T3,AA2024-T3,955860.1703477212
44.8865208864817,0.7999999999999999,0.8,14.999999999999998,20.0,140.0,599.9999999999999,AA2024-T3,AA2024-T3,955860.1703477212
44.899890437393445,0.6999999999999998,0.8,24.999999999999996,20.0,120.00000000000001,599.9999999999999,AA2024-T3,AA2024-T3,792294.1575115243
44.899890437393445,0.6999999999999998,0.9000000000000001,24.999999999999996,20.0,120.00000000000001,599.9999999999999,AA2024-T3,AA2024-T3,792294.1575115243
44.899890437393445,0.6999999999999998,0.8,24.999999999999996,20.0,120.00000000000001,549.9999999999999,AA2024-T3,AA2024-T3,792294.1575115243
44.899890437393445,0.6999999999999998,0.9000000000000001,24.999999999999996,20.0,120.00000000000001,549.9999999999999,AA2024-T3,AA2024-T3,792294.1575115243
44.93806078336954,0.7999999999999999,0.9000000000000001,20.0,20.0,220.00000000000003,350.0,AA2024-T3,AA2024-T3,7541.306819380607
44.93806078336954,0.7999999999999999,0.8,20.0,20.0,220.00000000000003,350.0,AA2024-T3,AA2024-T3,7541.306819380607
44.93806078336954,0.7999999999999999,0.8,24.999999999999996,20.0,280.0,350.0,AA2024-T3,AA2024-T3,5546.095917689341
44.93806078336954,0.7999999999999999,0.9000000000000001,24.999999999999996,20.0,280.0,350.0,AA2024-T3,AA2024-T3,5546.095917689341
44.951430334281284,0.6999999999999998,0.8,29.999999999999996,20.0,160.00000000000003,350.0,AA2024-T3,AA2024-T3,10163.277138108526
44.951430334281284,0.6999999999999998,0.9000000000000001,29.999999999999996,20.0,160.00000000000003,350.0,AA2024-T3,AA2024-T3,10163.277138108526
44.97564059169431,0.7999999999999999,0.9000000000000001,24.999999999999996,20.0,240.00000000000003,449.99999999999994,AA2024-T3,AA2024-T3,6884.412560164998
44.97564059169431,0.7999999999999999,0.8,24.999999999999996,20.0,240.00000000000003,499.99999999999994,AA2024-T3,AA2024-T3,6884.412560164997
44.97564059169431,0.7999999999999999,0.8,24.999999999999996,20.0,240.00000000000003,449.99999999999994,AA2024-T3,AA2024-T3,6884.412560164997
44.97564059169431,0.7999999999999999,0.9000000000000001,24.999999999999996,20.0,240.00000000000003,499.99999999999994,AA2024-T3,AA2024-T3,6884.412560164998
45.02658995093083,0.6999999999999998,0.9000000000000001,29.999999999999996,20.0,140.0,700.0,AA2024-T3,AA2024-T3,995944.5462204594
45.02658995093083,0.6999999999999998,0.9000000000000001,29.999999999999996,20.0,140.0,749.9999999999999,AA2024-T3,AA2024-T3,995944.5462204594
45.02658995093083,0.6999999999999998,0.9000000000000001,29.999999999999996,20.0,140.0,649.9999999999999,AA2024-T3,AA2024-T3,995944.5462204594
45.02658995093083,0.6999999999999998,0.8,29.999999999999996,20.0,140.0,700.0,AA2024-T3,AA2024-T3,995944.5462204594
45.02658995093083,0.6999999999999998,0.8,29.999999999999996,20.0,140.0,749.9999999999999,AA2024-T3,AA2024-T3,995944.5462204594
45.02658995093083,0.6999999999999998,0.8,29.999999999999996,20.0,140.0,649.9999999999999,AA2024-T3,AA2024-T3,995944.5462204594
45.02997250629476,0.7999999999999999,0.8,20.0,20.0,260.0,300.0,AA2024-T3,AA2024-T3,5907.270655342889
45.02997250629476,0.7999999999999999,0.9000000000000001,20.0,20.0,260.0,300.0,AA2024-T3,AA2024-T3,5907.270655342889
45.059176261481696,0.7999999999999999,0.8,20.0,20.0,180.00000000000003,549.9999999999999,AA2024-T3,AA2024-T3,10531.334870134036
45.059176261481696,0.7999999999999999,0.8,20.0,20.0,180.00000000000003,599.9999999999999,AA2024-T3,AA2024-T3,10531.334870134036
45.059176261481696,0.7999999999999999,0.9000000000000001,20.0,20.0,180.00000000000003,599.9999999999999,AA2024-T3,AA2024-T3,10531.334870134036
45.059176261481696,0.7999999999999999,0.9000000000000001,20.0,20.0,180.00000000000003,549.9999999999999,AA2024-T3,AA2024-T3,10531.334870134036
45.064760296906925,0.7999999999999999,0.9000000000000001,24.999999999999996,20.0,260.0,399.99999999999994,AA2024-T3,AA2024-T3,6162.323167646102
45.064760296906925,0.7999999999999999,0.8,10.0,20.0,100.0,399.99999999999994,AA2024-T3,AA2024-T3,37411.134088286926
45.064760296906925,0.7999999999999999,0.8,24.999999999999996,20.0,260.0,399.99999999999994,AA2024-T3,AA2024-T3,6162.3231676461
45.064760296906925,0.7999999999999999,0.9000000000000001,10.0,20.0,100.0,399.99999999999994,AA2024-T3,AA2024-T3,37411.134088286926
45.07812984781867,0.6999999999999998,0.9000000000000001,20.0,20.0,100.0,399.99999999999994,AA2024-T3,AA2024-T3,20123.352909599176
45.07812984781867,0.6999999999999998,0.8,20.0,20.0,100.0,399.99999999999994,AA2024-T3,AA2024-T3,20123.352909599176
45.09149939873042,0.6,0.9000000000000001,29.999999999999996,20.0,100.0,399.99999999999994,AA2024-T3,AA2024-T3,616694.946496106
45.09149939873042,0.6,0.8,29.999999999999996,20.0,100.0,399.99999999999994,AA2024-T3,AA2024-T3,616694.946496106
45.09954808751908,0.7999999999999999,0.9000000000000001,29.999999999999996,20.0,260.0,749.9999999999999,AA2024-T3,AA2024-T3,6417.565124567659
45.09954808751908,0.7999999999999999,0.9000000000000001,29.999999999999996,20.0,260.0,700.0,AA2024-T3,AA2024-T3,6417.565124567659
45.09954808751908,0.7999999999999999,0.9000000000000001,29.999999999999996,20.0,260.0,649.9999999999999,AA2024-T3,AA2024-T3,6417.565124567659
45.09954808751908,0.7999999999999999,0.8,29.999999999999996,20.0,260.0,700.0,AA2024-T3,AA2024-T3,6417.565124567659
45.09954808751908,0.7999999999999999,0.8,29.999999999999996,20.0,260.0,749.9999999999999,AA2024-T3,AA2024-T3,6417.565124567659
45.09954808751908,0.7999999999999999,0.8,29.999999999999996,20.0,260.0,649.9999999999999,AA2024-T3,AA2024-T3,6417.565124567659
45.1023401052317,0.7999999999999999,0.9000000000000001,24.999999999999996,20.0,220.00000000000003,599.9999999999999,AA2024-T3,AA2024-T3,7836.017434042327
45.1023401052317,0.7999999999999999,0.9000000000000001,24.999999999999996,20.0,220.00000000000003,549.9999999999999,AA2024-T3,AA2024-T3,7836.017434042327
45.1023401052317,0.7999999999999999,0.8,24.999999999999996,20.0,220.00000000000003,599.9999999999999,AA2024-T3,AA2024-T3,7836.0174340423255
45.1023401052317,0.7999999999999999,0.8,24.999999999999996,20.0,220.00000000000003,549.9999999999999,AA2024-T3,AA2024-T3,7836.0174340423255
45.12966974470651,0.6999999999999998,0.9000000000000001,24.999999999999996,20.0,140.0,300.0,AA2024-T3,AA2024-T3,994830.8148372027
45.12966974470651,0.6999999999999998,0.8,24.999999999999996,20.0,140.0,300.0,AA2024-T3,AA2024-T3,994830.8148372027
45.15108798440693,0.7999999999999999,0.9000000000000001,20.0,20.0,200.0,399.99999999999994,AA2024-T3,AA2024-T3,8797.07088340098
45.15108798440693,0.7999999999999999,0.8,20.0,20.0,200.0,399.99999999999994,AA2024-T3,AA2024-T3,8797.07088340098
45.153880002119536,0.7999999999999999,0.8,14.999999999999998,20.0,160.00000000000003,350.0,AA2024-T3,AA2024-T3,1133187.8449331508
45.153880002119536,0.7999999999999999,0.9000000000000001,14.999999999999998,20.0,160.00000000000003,350.0,AA2024-T3,AA2024-T3,1133187.8449331508
45.19145981044431,0.7999999999999999,0.9000000000000001,29.999999999999996,20.0,280.0,499.99999999999994,AA2024-T3,AA2024-T3,5779.8701830799755
45.19145981044431,0.7999999999999999,0.9000000000000001,14.999999999999998,20.0,140.0,449.99999999999994,AA2024-T3,AA2024-T3,955860.1703477212
45.19145981044431,0.7999999999999999,0.8,14.999999999999998,20.0,140.0,449.99999999999994,AA2024-T3,AA2024-T3,955860.1703477212
45.19145981044431,0.7999999999999999,0.9000000000000001,14.999999999999998,20.0,140.0,499.99999999999994,AA2024-T3,AA2024-T3,955860.1703477212
45.19145981044431,0.7999999999999999,0.8,14.999999999999998,20.0,140.0,499.99999999999994,AA2024-T3,AA2024-T3,955860.1703477212
45.19145981044431,0.7999999999999999,0.9000000000000001,29.999999999999996,20.0,280.0,449.99999999999994,AA2024-T3,AA2024-T3,5779.8701830799755
45.19145981044431,0.7999999999999999,0.8,29.999999999999996,20.0,280.0,449.99999999999994,AA2024-T3,AA2024-T3,5779.8701830799755
45.19145981044431,0.7999999999999999,0.8,29.999999999999996,20.0,280.0,499.99999999999994,AA2024-T3,AA2024-T3,5779.8701830799755
45.20262788129476,0.7999999999999999,0.8,20.0,20.0,240.00000000000003,300.0,AA2024-T3,AA2024-T3,6613.690613253648
45.20262788129476,0.7999999999999999,0.9000000000000001,10.0,20.0,120.00000000000001,300.0,AA2024-T3,AA2024-T3,270925.26461772097
45.20262788129476,0.7999999999999999,0.8,10.0,20.0,120.00000000000001,300.0,AA2024-T3,AA2024-T3,270925.26461772097
45.20262788129476,0.7999999999999999,0.9000000000000001,20.0,20.0,240.00000000000003,300.0,AA2024-T3,AA2024-T3,6613.690613253648
45.204829361356055,0.6999999999999998,0.9000000000000001,24.999999999999996,20.0,120.00000000000001,499.99999999999994,AA2024-T3,AA2024-T3,792294.1575115243
45.204829361356055,0.6999999999999998,0.9000000000000001,24.999999999999996,20.0,120.00000000000001,449.99999999999994,AA2024-T3,AA2024-T3,792294.1575115243
45.204829361356055,0.6999999999999998,0.8,24.999999999999996,20.0,120.00000000000001,499.99999999999994,AA2024-T3,AA2024-T3,792294.1575115243
45.204829361356055,0.6999999999999998,0.8,24.999999999999996,20.0,120.00000000000001,449.99999999999994,AA2024-T3,AA2024-T3,792294.1575115243
45.24579172504476,0.7999999999999999,0.9000000000000001,14.999999999999998,20.0,180.00000000000003,300.0,AA2024-T3,AA2024-T3,10166.157798063105
45.24579172504476,0.7999999999999999,0.8,14.999999999999998,20.0,180.00000000000003,300.0,AA2024-T3,AA2024-T3,10166.157798063105
45.280579515656925,0.7999999999999999,0.8,24.999999999999996,20.0,240.00000000000003,399.99999999999994,AA2024-T3,AA2024-T3,6884.412560164997
45.280579515656925,0.7999999999999999,0.9000000000000001,24.999999999999996,20.0,240.00000000000003,399.99999999999994,AA2024-T3,AA2024-T3,6884.412560164998
45.33152887489345,0.6999999999999998,0.9000000000000001,29.999999999999996,20.0,140.0,549.9999999999999,AA2024-T3,AA2024-T3,995944.5462204594
45.33152887489345,0.6999999999999998,0.9000000000000001,29.999999999999996,20.0,140.0,599.9999999999999,AA2024-T3,AA2024-T3,995944.5462204594
45.33152887489345,0.6999999999999998,0.8,29.999999999999996,20.0,140.0,549.9999999999999,AA2024-T3,AA2024-T3,995944.5462204594
45.33152887489345,0.6999999999999998,0.8,29.999999999999996,20.0,140.0,599.9999999999999,AA2024-T3,AA2024-T3,995944.5462204594
45.35853115001908,0.7999999999999999,0.9000000000000001,14.999999999999998,20.0,120.00000000000001,649.9999999999999,AA2024-T3,AA2024-T3,271536.46319359523
45.35853115001908,0.7999999999999999,0.9000000000000001,29.999999999999996,20.0,240.00000000000003,749.9999999999999,AA2024-T3,AA2024-T3,7155.163227254495
45.35853115001908,0.7999999999999999,0.9000000000000001,29.999999999999996,20.0,240.00000000000003,649.9999999999999,AA2024-T3,AA2024-T3,7155.163227254495
45.35853115001908,0.7999999999999999,0.9000000000000001,14.999999999999998,20.0,120.00000000000001,749.9999999999999,AA2024-T3,AA2024-T3,271536.46319359523
45.35853115001908,0.7999999999999999,0.8,14.999999999999998,20.0,120.00000000000001,700.0,AA2024-T3,AA2024-T3,271536.46319359523
45.35853115001908,0.7999999999999999,0.8,14.999999999999998,20.0,120.00000000000001,749.9999999999999,AA2024-T3,AA2024-T3,271536.46319359523
45.35853115001908,0.7999999999999999,0.9000000000000001,14.999999999999998,20.0,120.00000000000001,700.0,AA2024-T3,AA2024-T3,35988.50590963735
45.35853115001908,0.7999999999999999,0.9000000000000001,29.999999999999996,20.0,240.00000000000003,700.0,AA2024-T3,AA2024-T3,7155.163227254495
45.35853115001908,0.7999999999999999,0.8,29.999999999999996,20.0,240.00000000000003,649.9999999999999,AA2024-T3,AA2024-T3,7155.163227254495
45.35853115001908,0.7999999999999999,0.8,29.999999999999996,20.0,240.00000000000003,749.9999999999999,AA2024-T3,AA2024-T3,7155.163227254495
45.35853115001908,0.7999999999999999,0.8,29.999999999999996,20.0,240.00000000000003,700.0,AA2024-T3,AA2024-T3,7155.163227254495
45.35853115001908,0.7999999999999999,0.8,14.999999999999998,20.0,120.00000000000001,649.9999999999999,AA2024-T3,AA2024-T3,271536.46319359523
45.364115185444305,0.7999999999999999,0.8,20.0,20.0,180.00000000000003,449.99999999999994,AA2024-T3,AA2024-T3,10531.334870134036
45.364115185444305,0.7999999999999999,0.8,20.0,20.0,180.00000000000003,499.99999999999994,AA2024-T3,AA2024-T3,10531.334870134036
45.364115185444305,0.7999999999999999,0.9000000000000001,20.0,20.0,180.00000000000003,499.99999999999994,AA2024-T3,AA2024-T3,10531.334870134036
45.364115185444305,0.7999999999999999,0.9000000000000001,20.0,20.0,180.00000000000003,449.99999999999994,AA2024-T3,AA2024-T3,10531.334870134036
45.369699220869535,0.7999999999999999,0.8,10.0,20.0,100.0,350.0,AA2024-T3,AA2024-T3,37411.134088286926
45.369699220869535,0.7999999999999999,0.9000000000000001,10.0,20.0,100.0,350.0,AA2024-T3,AA2024-T3,37411.134088286926
45.369699220869535,0.7999999999999999,0.8,24.999999999999996,20.0,260.0,350.0,AA2024-T3,AA2024-T3,6162.3231676461
45.369699220869535,0.7999999999999999,0.9000000000000001,24.999999999999996,20.0,260.0,350.0,AA2024-T3,AA2024-T3,6162.323167646102
45.38306877178128,0.6999999999999998,0.9000000000000001,20.0,20.0,100.0,350.0,AA2024-T3,AA2024-T3,20123.352909599176
45.38306877178128,0.6999999999999998,0.8,20.0,20.0,100.0,350.0,AA2024-T3,AA2024-T3,20123.352909599176
45.39643832269303,0.6,0.9000000000000001,29.999999999999996,20.0,100.0,350.0,AA2024-T3,AA2024-T3,616694.946496106
45.39643832269303,0.6,0.8,29.999999999999996,20.0,100.0,350.0,AA2024-T3,AA2024-T3,616694.946496106
45.4044870114817,0.7999999999999999,0.9000000000000001,29.999999999999996,20.0,260.0,599.9999999999999,AA2024-T3,AA2024-T3,6417.565124567659
45.4044870114817,0.7999999999999999,0.8,29.999999999999996,20.0,260.0,599.9999999999999,AA2024-T3,AA2024-T3,6417.565124567659
45.4044870114817,0.7999999999999999,0.9000000000000001,29.999999999999996,20.0,260.0,549.9999999999999,AA2024-T3,AA2024-T3,6417.565124567659
45.4044870114817,0.7999999999999999,0.8,29.999999999999996,20.0,260.0,549.9999999999999,AA2024-T3,AA2024-T3,6417.565124567659
45.40727902919431,0.7999999999999999,0.8,24.999999999999996,20.0,220.00000000000003,499.99999999999994,AA2024-T3,AA2024-T3,7836.0174340423255
45.40727902919431,0.7999999999999999,0.8,24.999999999999996,20.0,220.00000000000003,449.99999999999994,AA2024-T3,AA2024-T3,7836.0174340423255
45.40727902919431,0.7999999999999999,0.9000000000000001,24.999999999999996,20.0,220.00000000000003,449.99999999999994,AA2024-T3,AA2024-T3,7836.017434042327
45.40727902919431,0.7999999999999999,0.9000000000000001,24.999999999999996,20.0,220.00000000000003,499.99999999999994,AA2024-T3,AA2024-T3,7836.017434042327
45.44485883751908,0.7999999999999999,0.9000000000000001,24.999999999999996,20.0,200.0,649.9999999999999,AA2024-T3,AA2024-T3,9126.019816888802
45.44485883751908,0.7999999999999999,0.9000000000000001,20.0,20.0,160.00000000000003,700.0,AA2024-T3,AA2024-T3,1134313.4625349354
45.44485883751908,0.7999999999999999,0.9000000000000001,20.0,20.0,160.00000000000003,749.9999999999999,AA2024-T3,AA2024-T3,1134313.4625349354
45.44485883751908,0.7999999999999999,0.9000000000000001,24.999999999999996,20.0,200.0,700.0,AA2024-T3,AA2024-T3,9126.019816888802
45.44485883751908,0.7999999999999999,0.8,24.999999999999996,20.0,200.0,649.9999999999999,AA2024-T3,AA2024-T3,9126.019816888802
45.44485883751908,0.7999999999999999,0.9000000000000001,24.999999999999996,20.0,200.0,749.9999999999999,AA2024-T3,AA2024-T3,9126.019816888802
45.44485883751908,0.7999999999999999,0.8,24.999999999999996,20.0,200.0,700.0,AA2024-T3,AA2024-T3,9126.019816888802
45.44485883751908,0.7999999999999999,0.8,24.999999999999996,20.0,200.0,749.9999999999999,AA2024-T3,AA2024-T3,9126.019816888802
45.44485883751908,0.7999999999999999,0.8,20.0,20.0,160.00000000000003,649.9999999999999,AA2024-T3,AA2024-T3,1134313.4625349354
45.44485883751908,0.7999999999999999,0.8,20.0,20.0,160.00000000000003,749.9999999999999,AA2024-T3,AA2024-T3,1134313.4625349354
45.44485883751908,0.7999999999999999,0.9000000000000001,20.0,20.0,160.00000000000003,649.9999999999999,AA2024-T3,AA2024-T3,1134313.4625349354
45.44485883751908,0.7999999999999999,0.8,20.0,20.0,160.00000000000003,700.0,AA2024-T3,AA2024-T3,1134313.4625349354
45.45602690836954,0.7999999999999999,0.8,20.0,20.0,200.0,350.0,AA2024-T3,AA2024-T3,8797.07088340098
45.45602690836954,0.7999999999999999,0.9000000000000001,20.0,20.0,200.0,350.0,AA2024-T3,AA2024-T3,8797.07088340098
45.496398734406924,0.7999999999999999,0.9000000000000001,14.999999999999998,20.0,140.0,399.99999999999994,AA2024-T3,AA2024-T3,955860.1703477212
45.496398734406924,0.7999999999999999,0.8,14.999999999999998,20.0,140.0,399.99999999999994,AA2024-T3,AA2024-T3,955860.1703477212
45.496398734406924,0.7999999999999999,0.9000000000000001,29.999999999999996,20.0,280.0,399.99999999999994,AA2024-T3,AA2024-T3,5779.8701830799755
45.496398734406924,0.7999999999999999,0.8,29.999999999999996,20.0,280.0,399.99999999999994,AA2024-T3,AA2024-T3,5779.8701830799755
45.50976828531867,0.6999999999999998,0.8,24.999999999999996,20.0,120.00000000000001,399.99999999999994,AA2024-T3,AA2024-T3,792294.1575115243
45.50976828531867,0.6999999999999998,0.9000000000000001,24.999999999999996,20.0,120.00000000000001,399.99999999999994,AA2024-T3,AA2024-T3,792294.1575115243
45.54793863129476,0.7999999999999999,0.9000000000000001,20.0,20.0,220.00000000000003,300.0,AA2024-T3,AA2024-T3,7541.306819380607
45.54793863129476,0.7999999999999999,0.9000000000000001,24.999999999999996,20.0,280.0,300.0,AA2024-T3,AA2024-T3,5546.095917689341
45.54793863129476,0.7999999999999999,0.8,24.999999999999996,20.0,280.0,300.0,AA2024-T3,AA2024-T3,5546.095917689341
45.54793863129476,0.7999999999999999,0.8,20.0,20.0,220.00000000000003,300.0,AA2024-T3,AA2024-T3,7541.306819380607
45.56130818220651,0.6999999999999998,0.8,29.999999999999996,20.0,160.00000000000003,300.0,AA2024-T3,AA2024-T3,10163.277138108526
45.56130818220651,0.6999999999999998,0.9000000000000001,29.999999999999996,20.0,160.00000000000003,300.0,AA2024-T3,AA2024-T3,10163.277138108526
45.585518439619534,0.7999999999999999,0.8,24.999999999999996,20.0,240.00000000000003,350.0,AA2024-T3,AA2024-T3,6884.412560164997
45.585518439619534,0.7999999999999999,0.9000000000000001,24.999999999999996,20.0,240.00000000000003,350.0,AA2024-T3,AA2024-T3,6884.412560164998
45.63646779885606,0.6999999999999998,0.9000000000000001,29.999999999999996,20.0,140.0,449.99999999999994,AA2024-T3,AA2024-T3,995944.5462204594
45.63646779885606,0.6999999999999998,0.8,29.999999999999996,20.0,140.0,499.99999999999994,AA2024-T3,AA2024-T3,995944.5462204594
45.63646779885606,0.6999999999999998,0.9000000000000001,29.999999999999996,20.0,140.0,499.99999999999994,AA2024-T3,AA2024-T3,995944.5462204594
45.63646779885606,0.6999999999999998,0.8,29.999999999999996,20.0,140.0,449.99999999999994,AA2024-T3,AA2024-T3,995944.5462204594
45.6634700739817,0.7999999999999999,0.9000000000000001,29.999999999999996,20.0,240.00000000000003,549.9999999999999,AA2024-T3,AA2024-T3,7155.163227254495
45.6634700739817,0.7999999999999999,0.8,29.999999999999996,20.0,240.00000000000003,599.9999999999999,AA2024-T3,AA2024-T3,7155.163227254495
45.6634700739817,0.7999999999999999,0.8,29.999999999999996,20.0,240.00000000000003,549.9999999999999,AA2024-T3,AA2024-T3,7155.163227254495
45.6634700739817,0.7999999999999999,0.8,14.999999999999998,20.0,120.00000000000001,549.9999999999999,AA2024-T3,AA2024-T3,271536.46319359523
45.6634700739817,0.7999999999999999,0.9000000000000001,14.999999999999998,20.0,120.00000000000001,599.9999999999999,AA2024-T3,AA2024-T3,271536.46319359523
45.6634700739817,0.7999999999999999,0.9000000000000001,29.999999999999996,20.0,240.00000000000003,599.9999999999999,AA2024-T3,AA2024-T3,7155.163227254495
45.6634700739817,0.7999999999999999,0.9000000000000001,14.999999999999998,20.0,120.00000000000001,549.9999999999999,AA2024-T3,AA2024-T3,271536.46319359523
45.6634700739817,0.7999999999999999,0.8,14.999999999999998,20.0,120.00000000000001,599.9999999999999,AA2024-T3,AA2024-T3,271536.46319359523
45.66905410940693,0.7999999999999999,0.9000000000000001,20.0,20.0,180.00000000000003,399.99999999999994,AA2024-T3,AA2024-T3,10531.334870134036
45.66905410940693,0.7999999999999999,0.8,20.0,20.0,180.00000000000003,399.99999999999994,AA2024-T3,AA2024-T3,10531.334870134036
45.70942593544431,0.7999999999999999,0.9000000000000001,29.999999999999996,20.0,260.0,449.99999999999994,AA2024-T3,AA2024-T3,6417.565124567659
45.70942593544431,0.7999999999999999,0.8,29.999999999999996,20.0,260.0,449.99999999999994,AA2024-T3,AA2024-T3,6417.565124567659
45.70942593544431,0.7999999999999999,0.8,29.999999999999996,20.0,260.0,499.99999999999994,AA2024-T3,AA2024-T3,6417.565124567659
45.70942593544431,0.7999999999999999,0.9000000000000001,29.999999999999996,20.0,260.0,499.99999999999994,AA2024-T3,AA2024-T3,6417.565124567659
45.71221795315692,0.7999999999999999,0.8,24.999999999999996,20.0,220.00000000000003,399.99999999999994,AA2024-T3,AA2024-T3,7836.0174340423255
45.71221795315692,0.7999999999999999,0.9000000000000001,24.999999999999996,20.0,220.00000000000003,399.99999999999994,AA2024-T3,AA2024-T3,7836.017434042327
45.7497977614817,0.7999999999999999,0.9000000000000001,24.999999999999996,20.0,200.0,599.9999999999999,AA2024-T3,AA2024-T3,9126.019816888802
45.7497977614817,0.7999999999999999,0.9000000000000001,24.999999999999996,20.0,200.0,549.9999999999999,AA2024-T3,AA2024-T3,9126.019816888802
45.7497977614817,0.7999999999999999,0.8,24.999999999999996,20.0,200.0,549.9999999999999,AA2024-T3,AA2024-T3,9126.019816888802
45.7497977614817,0.7999999999999999,0.8,24.999999999999996,20.0,200.0,599.9999999999999,AA2024-T3,AA2024-T3,9126.019816888802
45.7497977614817,0.7999999999999999,0.9000000000000001,20.0,20.0,160.00000000000003,549.9999999999999,AA2024-T3,AA2024-T3,1134313.4625349354
45.7497977614817,0.7999999999999999,0.9000000000000001,20.0,20.0,160.00000000000003,599.9999999999999,AA2024-T3,AA2024-T3,1134313.4625349354
45.7497977614817,0.7999999999999999,0.8,20.0,20.0,160.00000000000003,599.9999999999999,AA2024-T3,AA2024-T3,1134313.4625349354
45.7497977614817,0.7999999999999999,0.8,20.0,20.0,160.00000000000003,549.9999999999999,AA2024-T3,AA2024-T3,1134313.4625349354
45.76375785004476,0.7999999999999999,0.8,14.999999999999998,20.0,160.00000000000003,300.0,AA2024-T3,AA2024-T3,1133187.8449331508
45.76375785004476,0.7999999999999999,0.9000000000000001,14.999999999999998,20.0,160.00000000000003,300.0,AA2024-T3,AA2024-T3,1133187.8449331508
45.80133765836953,0.7999999999999999,0.8,14.999999999999998,20.0,140.0,350.0,AA2024-T3,AA2024-T3,955860.1703477212
45.80133765836953,0.7999999999999999,0.9000000000000001,14.999999999999998,20.0,140.0,350.0,AA2024-T3,AA2024-T3,955860.1703477212
45.80133765836953,0.7999999999999999,0.9000000000000001,29.999999999999996,20.0,280.0,350.0,AA2024-T3,AA2024-T3,5779.8701830799755
45.80133765836953,0.7999999999999999,0.8,29.999999999999996,20.0,280.0,350.0,AA2024-T3,AA2024-T3,5779.8701830799755
45.81470720928128,0.6999999999999998,0.8,24.999999999999996,20.0,120.00000000000001,350.0,AA2024-T3,AA2024-T3,792294.1575115243
45.81470720928128,0.6999999999999998,0.9000000000000001,24.999999999999996,20.0,120.00000000000001,350.0,AA2024-T3,AA2024-T3,792294.1575115243
45.876497275019084,0.7999999999999999,0.8,29.999999999999996,20.0,220.00000000000003,649.9999999999999,AA2024-T3,AA2024-T3,8130.739961398085
45.876497275019084,0.7999999999999999,0.9000000000000001,29.999999999999996,20.0,220.00000000000003,700.0,AA2024-T3,AA2024-T3,8130.739961398085
45.876497275019084,0.7999999999999999,0.8,29.999999999999996,20.0,220.00000000000003,749.9999999999999,AA2024-T3,AA2024-T3,8130.739961398085
45.876497275019084,0.7999999999999999,0.9000000000000001,29.999999999999996,20.0,220.00000000000003,649.9999999999999,AA2024-T3,AA2024-T3,8130.739961398085
45.876497275019084,0.7999999999999999,0.8,29.999999999999996,20.0,220.00000000000003,700.0,AA2024-T3,AA2024-T3,8130.739961398085
45.876497275019084,0.7999999999999999,0.9000000000000001,29.999999999999996,20.0,220.00000000000003,749.9999999999999,AA2024-T3,AA2024-T3,8130.739961398085
45.94140672281867,0.6999999999999998,0.8,29.999999999999996,20.0,140.0,399.99999999999994,AA2024-T3,AA2024-T3,995944.5462204594
45.94140672281867,0.6999999999999998,0.9000000000000001,29.999999999999996,20.0,140.0,399.99999999999994,AA2024-T3,AA2024-T3,995944.5462204594
45.96840899794431,0.7999999999999999,0.9000000000000001,14.999999999999998,20.0,120.00000000000001,499.99999999999994,AA2024-T3,AA2024-T3,271536.46319359523
45.96840899794431,0.7999999999999999,0.9000000000000001,14.999999999999998,20.0,120.00000000000001,449.99999999999994,AA2024-T3,AA2024-T3,271536.46319359523
45.96840899794431,0.7999999999999999,0.8,14.999999999999998,20.0,120.00000000000001,499.99999999999994,AA2024-T3,AA2024-T3,271536.46319359523
45.96840899794431,0.7999999999999999,0.8,14.999999999999998,20.0,120.00000000000001,449.99999999999994,AA2024-T3,AA2024-T3,271536.46319359523
45.96840899794431,0.7999999999999999,0.8,29.999999999999996,20.0,240.00000000000003,499.99999999999994,AA2024-T3,AA2024-T3,7155.163227254495
45.96840899794431,0.7999999999999999,0.9000000000000001,29.999999999999996,20.0,240.00000000000003,449.99999999999994,AA2024-T3,AA2024-T3,7155.163227254495
45.96840899794431,0.7999999999999999,0.9000000000000001,29.999999999999996,20.0,240.00000000000003,499.99999999999994,AA2024-T3,AA2024-T3,7155.163227254495
45.96840899794431,0.7999999999999999,0.8,29.999999999999996,20.0,240.00000000000003,449.99999999999994,AA2024-T3,AA2024-T3,7155.163227254495
45.97399303336954,0.7999999999999999,0.9000000000000001,20.0,20.0,180.00000000000003,350.0,AA2024-T3,AA2024-T3,10531.334870134036
45.97399303336954,0.7999999999999999,0.8,20.0,20.0,180.00000000000003,350.0,AA2024-T3,AA2024-T3,10531.334870134036
45.97957706879476,0.7999999999999999,0.9000000000000001,24.999999999999996,20.0,260.0,300.0,AA2024-T3,AA2024-T3,6162.323167646102
45.97957706879476,0.7999999999999999,0.8,24.999999999999996,20.0,260.0,300.0,AA2024-T3,AA2024-T3,6162.3231676461
45.97957706879476,0.7999999999999999,0.8,10.0,20.0,100.0,300.0,AA2024-T3,AA2024-T3,37411.134088286926
45.97957706879476,0.7999999999999999,0.9000000000000001,10.0,20.0,100.0,300.0,AA2024-T3,AA2024-T3,37411.134088286926
45.99294661970651,0.6999999999999998,0.8,20.0,20.0,100.0,300.0,AA2024-T3,AA2024-T3,20123.352909599176
45.99294661970651,0.6999999999999998,0.9000000000000001,20.0,20.0,100.0,300.0,AA2024-T3,AA2024-T3,20123.352909599176
46.006316170618256,0.6,0.9000000000000001,29.999999999999996,20.0,100.0,300.0,AA2024-T3,AA2024-T3,616694.946496106
46.006316170618256,0.6,0.8,29.999999999999996,20.0,100.0,300.0,AA2024-T3,AA2024-T3,616694.946496106
46.014364859406925,0.7999999999999999,0.9000000000000001,29.999999999999996,20.0,260.0,399.99999999999994,AA2024-T3,AA2024-T3,6417.565124567659
46.014364859406925,0.7999999999999999,0.8,29.999999999999996,20.0,260.0,399.99999999999994,AA2024-T3,AA2024-T3,6417.565124567659
46.01715687711953,0.7999999999999999,0.8,24.999999999999996,20.0,220.00000000000003,350.0,AA2024-T3,AA2024-T3,7836.0174340423255
46.01715687711953,0.7999999999999999,0.9000000000000001,24.999999999999996,20.0,220.00000000000003,350.0,AA2024-T3,AA2024-T3,7836.017434042327
46.05473668544431,0.7999999999999999,0.8,24.999999999999996,20.0,200.0,499.99999999999994,AA2024-T3,AA2024-T3,9126.019816888802
46.05473668544431,0.7999999999999999,0.8,20.0,20.0,160.00000000000003,449.99999999999994,AA2024-T3,AA2024-T3,1134313.4625349354
46.05473668544431,0.7999999999999999,0.9000000000000001,24.999999999999996,20.0,200.0,499.99999999999994,AA2024-T3,AA2024-T3,9126.019816888802
46.05473668544431,0.7999999999999999,0.9000000000000001,24.999999999999996,20.0,200.0,449.99999999999994,AA2024-T3,AA2024-T3,9126.019816888802
46.05473668544431,0.7999999999999999,0.9000000000000001,20.0,20.0,160.00000000000003,499.99999999999994,AA2024-T3,AA2024-T3,1134313.4625349354
46.05473668544431,0.7999999999999999,0.8,20.0,20.0,160.00000000000003,499.99999999999994,AA2024-T3,AA2024-T3,1134313.4625349354
46.05473668544431,0.7999999999999999,0.9000000000000001,20.0,20.0,160.00000000000003,449.99999999999994,AA2024-T3,AA2024-T3,1134313.4625349354
46.05473668544431,0.7999999999999999,0.8,24.999999999999996,20.0,200.0,449.99999999999994,AA2024-T3,AA2024-T3,9126.019816888802
46.06590475629476,0.7999999999999999,0.8,20.0,20.0,200.0,300.0,AA2024-T3,AA2024-T3,8797.07088340098
46.06590475629476,0.7999999999999999,0.9000000000000001,20.0,20.0,200.0,300.0,AA2024-T3,AA2024-T3,8797.07088340098
46.09231649376908,0.7999999999999999,0.8,24.999999999999996,20.0,180.00000000000003,649.9999999999999,AA2024-T3,AA2024-T3,10896.545574628995
46.09231649376908,0.7999999999999999,0.8,24.999999999999996,20.0,180.00000000000003,749.9999999999999,AA2024-T3,AA2024-T3,10896.545574628995
46.09231649376908,0.7999999999999999,0.9000000000000001,24.999999999999996,20.0,180.00000000000003,649.9999999999999,AA2024-T3,AA2024-T3,10896.545574628997
46.09231649376908,0.7999999999999999,0.8,24.999999999999996,20.0,180.00000000000003,700.0,AA2024-T3,AA2024-T3,10896.545574628995
46.09231649376908,0.7999999999999999,0.9000000000000001,24.999999999999996,20.0,180.00000000000003,749.9999999999999,AA2024-T3,AA2024-T3,10896.545574628997
46.09231649376908,0.7999999999999999,0.9000000000000001,24.999999999999996,20.0,180.00000000000003,700.0,AA2024-T3,AA2024-T3,10896.545574628997
46.1814361989817,0.7999999999999999,0.8,29.999999999999996,20.0,220.00000000000003,549.9999999999999,AA2024-T3,AA2024-T3,8130.739961398085
46.1814361989817,0.7999999999999999,0.8,29.999999999999996,20.0,220.00000000000003,599.9999999999999,AA2024-T3,AA2024-T3,8130.739961398085
46.1814361989817,0.7999999999999999,0.9000000000000001,29.999999999999996,20.0,220.00000000000003,549.9999999999999,AA2024-T3,AA2024-T3,8130.739961398085
46.1814361989817,0.7999999999999999,0.9000000000000001,29.999999999999996,20.0,220.00000000000003,599.9999999999999,AA2024-T3,AA2024-T3,8130.739961398085
46.19539628754476,0.7999999999999999,0.9000000000000001,24.999999999999996,20.0,240.00000000000003,300.0,AA2024-T3,AA2024-T3,6884.412560164998
46.19539628754476,0.7999999999999999,0.8,24.999999999999996,20.0,240.00000000000003,300.0,AA2024-T3,AA2024-T3,6884.412560164997
46.24634564678128,0.6999999999999998,0.8,29.999999999999996,20.0,140.0,350.0,AA2024-T3,AA2024-T3,995944.5462204594
46.24634564678128,0.6999999999999998,0.9000000000000001,29.999999999999996,20.0,140.0,350.0,AA2024-T3,AA2024-T3,995944.5462204594
46.273347921906925,0.7999999999999999,0.8,29.999999999999996,20.0,240.00000000000003,399.99999999999994,AA2024-T3,AA2024-T3,7155.163227254495
46.273347921906925,0.7999999999999999,0.9000000000000001,29.999999999999996,20.0,240.00000000000003,399.99999999999994,AA2024-T3,AA2024-T3,7155.163227254495
46.273347921906925,0.7999999999999999,0.8,14.999999999999998,20.0,120.00000000000001,399.99999999999994,AA2024-T3,AA2024-T3,271536.46319359523
46.273347921906925,0.7999999999999999,0.9000000000000001,14.999999999999998,20.0,120.00000000000001,399.99999999999994,AA2024-T3,AA2024-T3,271536.46319359523
46.30813571251908,0.7999999999999999,0.8,20.0,20.0,140.0,749.9999999999999,AA2024-T3,AA2024-T3,956994.600900511
46.30813571251908,0.7999999999999999,0.9000000000000001,20.0,20.0,140.0,649.9999999999999,AA2024-T3,AA2024-T3,956994.600900511
46.30813571251908,0.7999999999999999,0.8,20.0,20.0,140.0,649.9999999999999,AA2024-T3,AA2024-T3,956994.600900511
46.30813571251908,0.7999999999999999,0.9000000000000001,20.0,20.0,140.0,749.9999999999999,AA2024-T3,AA2024-T3,956994.600900511
46.30813571251908,0.7999999999999999,0.9000000000000001,20.0,20.0,140.0,700.0,AA2024-T3,AA2024-T3,956994.600900511
46.30813571251908,0.7999999999999999,0.8,20.0,20.0,140.0,700.0,AA2024-T3,AA2024-T3,956994.600900511
46.319303783369534,0.7999999999999999,0.8,29.999999999999996,20.0,260.0,350.0,AA2024-T3,AA2024-T3,6417.565124567659
46.319303783369534,0.7999999999999999,0.9000000000000001,29.999999999999996,20.0,260.0,350.0,AA2024-T3,AA2024-T3,6417.565124567659
46.35967560940692,0.7999999999999999,0.8,24.999999999999996,20.0,200.0,399.99999999999994,AA2024-T3,AA2024-T3,9126.019816888802
46.35967560940692,0.7999999999999999,0.9000000000000001,24.999999999999996,20.0,200.0,399.99999999999994,AA2024-T3,AA2024-T3,9126.019816888802
46.35967560940692,0.7999999999999999,0.8,20.0,20.0,160.00000000000003,399.99999999999994,AA2024-T3,AA2024-T3,1134313.4625349354
46.35967560940692,0.7999999999999999,0.9000000000000001,20.0,20.0,160.00000000000003,399.99999999999994,AA2024-T3,AA2024-T3,1134313.4625349354
46.3972554177317,0.7999999999999999,0.9000000000000001,24.999999999999996,20.0,180.00000000000003,549.9999999999999,AA2024-T3,AA2024-T3,10896.545574628997
46.3972554177317,0.7999999999999999,0.9000000000000001,24.999999999999996,20.0,180.00000000000003,599.9999999999999,AA2024-T3,AA2024-T3,10896.545574628997
46.3972554177317,0.7999999999999999,0.8,24.999999999999996,20.0,180.00000000000003,599.9999999999999,AA2024-T3,AA2024-T3,10896.545574628995
46.3972554177317,0.7999999999999999,0.8,24.999999999999996,20.0,180.00000000000003,549.9999999999999,AA2024-T3,AA2024-T3,10896.545574628995
46.41121550629476,0.7999999999999999,0.8,14.999999999999998,20.0,140.0,300.0,AA2024-T3,AA2024-T3,955860.1703477212
46.41121550629476,0.7999999999999999,0.8,29.999999999999996,20.0,280.0,300.0,AA2024-T3,AA2024-T3,5779.8701830799755
46.41121550629476,0.7999999999999999,0.9000000000000001,29.999999999999996,20.0,280.0,300.0,AA2024-T3,AA2024-T3,5779.8701830799755
46.41121550629476,0.7999999999999999,0.9000000000000001,14.999999999999998,20.0,140.0,300.0,AA2024-T3,AA2024-T3,955860.1703477212
46.42458505720651,0.6999999999999998,0.8,24.999999999999996,20.0,120.00000000000001,300.0,AA2024-T3,AA2024-T3,792294.1575115243
46.42458505720651,0.6999999999999998,0.9000000000000001,24.999999999999996,20.0,120.00000000000001,300.0,AA2024-T3,AA2024-T3,792294.1575115243
46.48637512294431,0.7999999999999999,0.8,29.999999999999996,20.0,220.00000000000003,449.99999999999994,AA2024-T3,AA2024-T3,8130.739961398085
46.48637512294431,0.7999999999999999,0.9000000000000001,29.999999999999996,20.0,220.00000000000003,449.99999999999994,AA2024-T3,AA2024-T3,8130.739961398085
46.48637512294431,0.7999999999999999,0.8,29.999999999999996,20.0,220.00000000000003,499.99999999999994,AA2024-T3,AA2024-T3,8130.739961398085
46.48637512294431,0.7999999999999999,0.9000000000000001,29.999999999999996,20.0,220.00000000000003,499.99999999999994,AA2024-T3,AA2024-T3,8130.739961398085
46.52395493126908,0.7999999999999999,0.8,14.999999999999998,20.0,100.0,749.9999999999999,AA2024-T3,AA2024-T3,38063.45252791545
46.52395493126908,0.7999999999999999,0.8,14.999999999999998,20.0,100.0,700.0,AA2024-T3,AA2024-T3,38063.45252791545
46.52395493126908,0.7999999999999999,0.9000000000000001,14.999999999999998,20.0,100.0,749.9999999999999,AA2024-T3,AA2024-T3,38063.45252791545
46.52395493126908,0.7999999999999999,0.8,14.999999999999998,20.0,100.0,649.9999999999999,AA2024-T3,AA2024-T3,38063.45252791545
46.52395493126908,0.7999999999999999,0.9000000000000001,14.999999999999998,20.0,100.0,649.9999999999999,AA2024-T3,AA2024-T3,38063.45252791545
46.53732448218083,0.6999999999999998,0.8,24.999999999999996,20.0,100.0,649.9999999999999,AA2024-T3,AA2024-T3,20773.246000698102
46.53732448218083,0.6999999999999998,0.9000000000000001,24.999999999999996,20.0,100.0,749.9999999999999,AA2024-T3,AA2024-T3,20773.246000698102
46.53732448218083,0.6999999999999998,0.8,24.999999999999996,20.0,100.0,749.9999999999999,AA2024-T3,AA2024-T3,20773.246000698102
46.53732448218083,0.6999999999999998,0.9000000000000001,24.999999999999996,20.0,100.0,649.9999999999999,AA2024-T3,AA2024-T3,20773.246000698102
46.53732448218083,0.6999999999999998,0.9000000000000001,24.999999999999996,20.0,100.0,700.0,AA2024-T3,AA2024-T3,20773.246000698102
46.53732448218083,0.6999999999999998,0.8,24.999999999999996,20.0,100.0,700.0,AA2024-T3,AA2024-T3,20773.246000698102
46.578286845869535,0.7999999999999999,0.9000000000000001,14.999999999999998,20.0,120.00000000000001,350.0,AA2024-T3,AA2024-T3,271536.46319359523
46.578286845869535,0.7999999999999999,0.8,14.999999999999998,20.0,120.00000000000001,350.0,AA2024-T3,AA2024-T3,271536.46319359523
46.578286845869535,0.7999999999999999,0.8,29.999999999999996,20.0,240.00000000000003,350.0,AA2024-T3,AA2024-T3,7155.163227254495
46.578286845869535,0.7999999999999999,0.9000000000000001,29.999999999999996,20.0,240.00000000000003,350.0,AA2024-T3,AA2024-T3,7155.163227254495
46.58048832593083,0.6999999999999998,0.8,29.999999999999996,20.0,120.00000000000001,749.9999999999999,AA2024-T3,AA2024-T3,793007.3455665541
46.58048832593083,0.6999999999999998,0.8,29.999999999999996,20.0,120.00000000000001,649.9999999999999,AA2024-T3,AA2024-T3,793007.3455665541
46.58048832593083,0.6999999999999998,0.9000000000000001,29.999999999999996,20.0,120.00000000000001,649.9999999999999,AA2024-T3,AA2024-T3,793007.3455665541
46.58048832593083,0.6999999999999998,0.8,29.999999999999996,20.0,120.00000000000001,700.0,AA2024-T3,AA2024-T3,793007.3455665541
46.58048832593083,0.6999999999999998,0.9000000000000001,29.999999999999996,20.0,120.00000000000001,700.0,AA2024-T3,AA2024-T3,793007.3455665541
46.58048832593083,0.6999999999999998,0.9000000000000001,29.999999999999996,20.0,120.00000000000001,749.9999999999999,AA2024-T3,AA2024-T3,793007.3455665541
46.58387088129476,0.7999999999999999,0.8,20.0,20.0,180.00000000000003,300.0,AA2024-T3,AA2024-T3,10531.334870134036
46.58387088129476,0.7999999999999999,0.9000000000000001,20.0,20.0,180.00000000000003,300.0,AA2024-T3,AA2024-T3,10531.334870134036
46.6130746364817,0.7999999999999999,0.9000000000000001,20.0,20.0,140.0,549.9999999999999,AA2024-T3,AA2024-T3,956994.600900511
46.6130746364817,0.7999999999999999,0.8,20.0,20.0,140.0,599.9999999999999,AA2024-T3,AA2024-T3,956994.600900511
46.6130746364817,0.7999999999999999,0.8,20.0,20.0,140.0,549.9999999999999,AA2024-T3,AA2024-T3,956994.600900511
46.6130746364817,0.7999999999999999,0.9000000000000001,20.0,20.0,140.0,599.9999999999999,AA2024-T3,AA2024-T3,956994.600900511
46.62703472504476,0.7999999999999999,0.9000000000000001,24.999999999999996,20.0,220.00000000000003,300.0,AA2024-T3,AA2024-T3,7836.017434042327
46.62703472504476,0.7999999999999999,0.8,24.999999999999996,20.0,220.00000000000003,300.0,AA2024-T3,AA2024-T3,7836.0174340423255
46.65344646251908,0.7999999999999999,0.8,29.999999999999996,20.0,200.0,649.9999999999999,AA2024-T3,AA2024-T3,9455.042529566634
46.65344646251908,0.7999999999999999,0.8,29.999999999999996,20.0,200.0,749.9999999999999,AA2024-T3,AA2024-T3,9455.042529566634
46.65344646251908,0.7999999999999999,0.9000000000000001,29.999999999999996,20.0,200.0,749.9999999999999,AA2024-T3,AA2024-T3,9455.042529566634
46.65344646251908,0.7999999999999999,0.9000000000000001,29.999999999999996,20.0,200.0,649.9999999999999,AA2024-T3,AA2024-T3,9455.042529566634
46.65344646251908,0.7999999999999999,0.9000000000000001,29.999999999999996,20.0,200.0,700.0,AA2024-T3,AA2024-T3,9455.042529566634
46.65344646251908,0.7999999999999999,0.8,29.999999999999996,20.0,200.0,700.0,AA2024-T3,AA2024-T3,9455.042529566634
46.66461453336953,0.7999999999999999,0.8,20.0,20.0,160.00000000000003,350.0,AA2024-T3,AA2024-T3,1134313.4625349354
46.66461453336953,0.7999999999999999,0.8,24.999999999999996,20.0,200.0,350.0,AA2024-T3,AA2024-T3,9126.019816888802
46.66461453336953,0.7999999999999999,0.9000000000000001,24.999999999999996,20.0,200.0,350.0,AA2024-T3,AA2024-T3,9126.019816888802
46.66461453336953,0.7999999999999999,0.9000000000000001,20.0,20.0,160.00000000000003,350.0,AA2024-T3,AA2024-T3,1134313.4625349354
46.70219434169431,0.7999999999999999,0.8,24.999999999999996,20.0,180.00000000000003,449.99999999999994,AA2024-T3,AA2024-T3,10896.545574628995
46.70219434169431,0.7999999999999999,0.8,24.999999999999996,20.0,180.00000000000003,499.99999999999994,AA2024-T3,AA2024-T3,10896.545574628995
46.70219434169431,0.7999999999999999,0.9000000000000001,24.999999999999996,20.0,180.00000000000003,499.99999999999994,AA2024-T3,AA2024-T3,10896.545574628997
46.70219434169431,0.7999999999999999,0.9000000000000001,24.999999999999996,20.0,180.00000000000003,449.99999999999994,AA2024-T3,AA2024-T3,10896.545574628997
46.791314046906926,0.7999999999999999,0.9000000000000001,29.999999999999996,20.0,220.00000000000003,399.99999999999994,AA2024-T3,AA2024-T3,8130.739961398085
46.791314046906926,0.7999999999999999,0.8,29.999999999999996,20.0,220.00000000000003,399.99999999999994,AA2024-T3,AA2024-T3,8130.739961398085
46.8288938552317,0.7999999999999999,0.8,14.999999999999998,20.0,100.0,599.9999999999999,AA2024-T3,AA2024-T3,38063.45252791545
46.8288938552317,0.7999999999999999,0.9000000000000001,14.999999999999998,20.0,100.0,549.9999999999999,AA2024-T3,AA2024-T3,38063.45252791545
46.8288938552317,0.7999999999999999,0.8,14.999999999999998,20.0,100.0,549.9999999999999,AA2024-T3,AA2024-T3,38063.45252791545
46.8288938552317,0.7999999999999999,0.9000000000000001,14.999999999999998,20.0,100.0,599.9999999999999,AA2024-T3,AA2024-T3,38063.45252791545
46.842263406143445,0.6999999999999998,0.9000000000000001,24.999999999999996,20.0,100.0,599.9999999999999,AA2024-T3,AA2024-T3,20773.246000698102
46.842263406143445,0.6999999999999998,0.8,24.999999999999996,20.0,100.0,599.9999999999999,AA2024-T3,AA2024-T3,20773.246000698102
46.842263406143445,0.6999999999999998,0.8,24.999999999999996,20.0,100.0,549.9999999999999,AA2024-T3,AA2024-T3,20773.246000698102
46.842263406143445,0.6999999999999998,0.9000000000000001,24.999999999999996,20.0,100.0,549.9999999999999,AA2024-T3,AA2024-T3,20773.246000698102
46.85622349470651,0.6999999999999998,0.9000000000000001,29.999999999999996,20.0,140.0,300.0,AA2024-T3,AA2024-T3,995944.5462204594
46.85622349470651,0.6999999999999998,0.8,29.999999999999996,20.0,140.0,300.0,AA2024-T3,AA2024-T3,995944.5462204594
46.885427249893446,0.6999999999999998,0.8,29.999999999999996,20.0,120.00000000000001,549.9999999999999,AA2024-T3,AA2024-T3,793007.3455665541
46.885427249893446,0.6999999999999998,0.9000000000000001,29.999999999999996,20.0,120.00000000000001,599.9999999999999,AA2024-T3,AA2024-T3,793007.3455665541
46.885427249893446,0.6999999999999998,0.9000000000000001,29.999999999999996,20.0,120.00000000000001,549.9999999999999,AA2024-T3,AA2024-T3,793007.3455665541
46.885427249893446,0.6999999999999998,0.8,29.999999999999996,20.0,120.00000000000001,599.9999999999999,AA2024-T3,AA2024-T3,793007.3455665541
46.91801356044431,0.7999999999999999,0.8,20.0,20.0,140.0,499.99999999999994,AA2024-T3,AA2024-T3,956994.600900511
46.91801356044431,0.7999999999999999,0.9000000000000001,20.0,20.0,140.0,449.99999999999994,AA2024-T3,AA2024-T3,956994.600900511
46.91801356044431,0.7999999999999999,0.9000000000000001,20.0,20.0,140.0,499.99999999999994,AA2024-T3,AA2024-T3,956994.600900511
46.91801356044431,0.7999999999999999,0.8,20.0,20.0,140.0,449.99999999999994,AA2024-T3,AA2024-T3,956994.600900511
46.92918163129476,0.7999999999999999,0.8,29.999999999999996,20.0,260.0,300.0,AA2024-T3,AA2024-T3,6417.565124567659
46.92918163129476,0.7999999999999999,0.9000000000000001,29.999999999999996,20.0,260.0,300.0,AA2024-T3,AA2024-T3,6417.565124567659
46.95559336876908,0.7999999999999999,0.9000000000000001,24.999999999999996,20.0,160.00000000000003,649.9999999999999,AA2024-T3,AA2024-T3,1135392.4997982131
46.95559336876908,0.7999999999999999,0.8,24.999999999999996,20.0,160.00000000000003,749.9999999999999,AA2024-T3,AA2024-T3,1135392.4997982131
46.95559336876908,0.7999999999999999,0.8,24.999999999999996,20.0,160.00000000000003,700.0,AA2024-T3,AA2024-T3,1135392.4997982131
46.95559336876908,0.7999999999999999,0.8,24.999999999999996,20.0,160.00000000000003,649.9999999999999,AA2024-T3,AA2024-T3,1135392.4997982131
46.95559336876908,0.7999999999999999,0.9000000000000001,24.999999999999996,20.0,160.00000000000003,700.0,AA2024-T3,AA2024-T3,1135392.4997982131
46.95559336876908,0.7999999999999999,0.9000000000000001,24.999999999999996,20.0,160.00000000000003,749.9999999999999,AA2024-T3,AA2024-T3,1135392.4997982131
46.958385386481694,0.7999999999999999,0.8,29.999999999999996,20.0,200.0,599.9999999999999,AA2024-T3,AA2024-T3,9455.042529566634
46.958385386481694,0.7999999999999999,0.8,29.999999999999996,20.0,200.0,549.9999999999999,AA2024-T3,AA2024-T3,9455.042529566634
46.958385386481694,0.7999999999999999,0.9000000000000001,29.999999999999996,20.0,200.0,549.9999999999999,AA2024-T3,AA2024-T3,9455.042529566634
46.958385386481694,0.7999999999999999,0.9000000000000001,29.999999999999996,20.0,200.0,599.9999999999999,AA2024-T3,AA2024-T3,9455.042529566634
47.007133265656925,0.7999999999999999,0.8,24.999999999999996,20.0,180.00000000000003,399.99999999999994,AA2024-T3,AA2024-T3,10896.545574628995
47.007133265656925,0.7999999999999999,0.9000000000000001,24.999999999999996,20.0,180.00000000000003,399.99999999999994,AA2024-T3,AA2024-T3,10896.545574628997
47.096252970869536,0.7999999999999999,0.9000000000000001,29.999999999999996,20.0,220.00000000000003,350.0,AA2024-T3,AA2024-T3,8130.739961398085
47.096252970869536,0.7999999999999999,0.8,29.999999999999996,20.0,220.00000000000003,350.0,AA2024-T3,AA2024-T3,8130.739961398085
47.13383277919431,0.7999999999999999,0.8,14.999999999999998,20.0,100.0,449.99999999999994,AA2024-T3,AA2024-T3,38063.45252791545
47.13383277919431,0.7999999999999999,0.8,14.999999999999998,20.0,100.0,499.99999999999994,AA2024-T3,AA2024-T3,38063.45252791545
47.13383277919431,0.7999999999999999,0.9000000000000001,14.999999999999998,20.0,100.0,499.99999999999994,AA2024-T3,AA2024-T3,38063.45252791545
47.13383277919431,0.7999999999999999,0.9000000000000001,14.999999999999998,20.0,100.0,449.99999999999994,AA2024-T3,AA2024-T3,38063.45252791545
47.147202330106055,0.6999999999999998,0.8,24.999999999999996,20.0,100.0,449.99999999999994,AA2024-T3,AA2024-T3,20773.246000698102
47.147202330106055,0.6999999999999998,0.9000000000000001,24.999999999999996,20.0,100.0,499.99999999999994,AA2024-T3,AA2024-T3,20773.246000698102
47.147202330106055,0.6999999999999998,0.9000000000000001,24.999999999999996,20.0,100.0,449.99999999999994,AA2024-T3,AA2024-T3,20773.246000698102
47.147202330106055,0.6999999999999998,0.8,24.999999999999996,20.0,100.0,499.99999999999994,AA2024-T3,AA2024-T3,20773.246000698102
47.18816469379476,0.7999999999999999,0.8,14.999999999999998,20.0,120.00000000000001,300.0,AA2024-T3,AA2024-T3,271536.46319359523
47.18816469379476,0.7999999999999999,0.9000000000000001,29.999999999999996,20.0,240.00000000000003,300.0,AA2024-T3,AA2024-T3,7155.163227254495
47.18816469379476,0.7999999999999999,0.9000000000000001,14.999999999999998,20.0,120.00000000000001,300.0,AA2024-T3,AA2024-T3,271536.46319359523
47.18816469379476,0.7999999999999999,0.8,29.999999999999996,20.0,240.00000000000003,300.0,AA2024-T3,AA2024-T3,7155.163227254495
47.190366173856056,0.6999999999999998,0.9000000000000001,29.999999999999996,20.0,120.00000000000001,449.99999999999994,AA2024-T3,AA2024-T3,793007.3455665541
47.190366173856056,0.6999999999999998,0.8,29.999999999999996,20.0,120.00000000000001,449.99999999999994,AA2024-T3,AA2024-T3,793007.3455665541
47.190366173856056,0.6999999999999998,0.8,29.999999999999996,20.0,120.00000000000001,499.99999999999994,AA2024-T3,AA2024-T3,793007.3455665541
47.190366173856056,0.6999999999999998,0.9000000000000001,29.999999999999996,20.0,120.00000000000001,499.99999999999994,AA2024-T3,AA2024-T3,793007.3455665541
47.222952484406925,0.7999999999999999,0.9000000000000001,20.0,20.0,140.0,399.99999999999994,AA2024-T3,AA2024-T3,956994.600900511
47.222952484406925,0.7999999999999999,0.8,20.0,20.0,140.0,399.99999999999994,AA2024-T3,AA2024-T3,956994.600900511
47.260532292731696,0.7999999999999999,0.9000000000000001,24.999999999999996,20.0,160.00000000000003,599.9999999999999,AA2024-T3,AA2024-T3,1135392.4997982131
47.260532292731696,0.7999999999999999,0.8,24.999999999999996,20.0,160.00000000000003,549.9999999999999,AA2024-T3,AA2024-T3,1135392.4997982131
47.260532292731696,0.7999999999999999,0.9000000000000001,24.999999999999996,20.0,160.00000000000003,549.9999999999999,AA2024-T3,AA2024-T3,1135392.4997982131
47.260532292731696,0.7999999999999999,0.8,24.999999999999996,20.0,160.00000000000003,599.9999999999999,AA2024-T3,AA2024-T3,1135392.4997982131
47.263324310444304,0.7999999999999999,0.9000000000000001,29.999999999999996,20.0,200.0,449.99999999999994,AA2024-T3,AA2024-T3,9455.042529566634
47.263324310444304,0.7999999999999999,0.8,29.999999999999996,20.0,200.0,449.99999999999994,AA2024-T3,AA2024-T3,9455.042529566634
47.263324310444304,0.7999999999999999,0.8,29.999999999999996,20.0,200.0,499.99999999999994,AA2024-T3,AA2024-T3,9455.042529566634
47.263324310444304,0.7999999999999999,0.9000000000000001,29.999999999999996,20.0,200.0,499.99999999999994,AA2024-T3,AA2024-T3,9455.042529566634
47.27449238129476,0.7999999999999999,0.8,24.999999999999996,20.0,200.0,300.0,AA2024-T3,AA2024-T3,9126.019816888802
47.27449238129476,0.7999999999999999,0.8,20.0,20.0,160.00000000000003,300.0,AA2024-T3,AA2024-T3,1134313.4625349354
47.27449238129476,0.7999999999999999,0.9000000000000001,20.0,20.0,160.00000000000003,300.0,AA2024-T3,AA2024-T3,1134313.4625349354
47.27449238129476,0.7999999999999999,0.9000000000000001,24.999999999999996,20.0,200.0,300.0,AA2024-T3,AA2024-T3,9126.019816888802
47.312072189619535,0.7999999999999999,0.9000000000000001,24.999999999999996,20.0,180.00000000000003,350.0,AA2024-T3,AA2024-T3,10896.545574628997
47.312072189619535,0.7999999999999999,0.8,24.999999999999996,20.0,180.00000000000003,350.0,AA2024-T3,AA2024-T3,10896.545574628995
47.344067962519084,0.7999999999999999,0.8,20.0,20.0,120.00000000000001,749.9999999999999,AA2024-T3,AA2024-T3,272141.75836376764
47.344067962519084,0.7999999999999999,0.8,20.0,20.0,120.00000000000001,649.9999999999999,AA2024-T3,AA2024-T3,272141.75836376764
47.344067962519084,0.7999999999999999,0.9000000000000001,20.0,20.0,120.00000000000001,749.9999999999999,AA2024-T3,AA2024-T3,272141.75836376764
47.344067962519084,0.7999999999999999,0.8,20.0,20.0,120.00000000000001,700.0,AA2024-T3,AA2024-T3,272141.75836376764
47.344067962519084,0.7999999999999999,0.9000000000000001,20.0,20.0,120.00000000000001,700.0,AA2024-T3,AA2024-T3,272141.75836376764
47.344067962519084,0.7999999999999999,0.9000000000000001,20.0,20.0,120.00000000000001,649.9999999999999,AA2024-T3,AA2024-T3,272141.75836376764
47.43039565001908,0.7999999999999999,0.8,29.999999999999996,20.0,180.00000000000003,749.9999999999999,AA2024-T3,AA2024-T3,11261.787012201088
47.43039565001908,0.7999999999999999,0.8,29.999999999999996,20.0,180.00000000000003,700.0,AA2024-T3,AA2024-T3,11261.787012201088
47.43039565001908,0.7999999999999999,0.8,29.999999999999996,20.0,180.00000000000003,649.9999999999999,AA2024-T3,AA2024-T3,11261.787012201088
47.43039565001908,0.7999999999999999,0.9000000000000001,29.999999999999996,20.0,180.00000000000003,700.0,AA2024-T3,AA2024-T3,11261.787012201088
47.43039565001908,0.7999999999999999,0.9000000000000001,29.999999999999996,20.0,180.00000000000003,749.9999999999999,AA2024-T3,AA2024-T3,11261.787012201088
47.43039565001908,0.7999999999999999,0.9000000000000001,29.999999999999996,20.0,180.00000000000003,649.9999999999999,AA2024-T3,AA2024-T3,11261.787012201088
47.438771703156924,0.7999999999999999,0.8,14.999999999999998,20.0,100.0,399.99999999999994,AA2024-T3,AA2024-T3,38063.45252791545
47.438771703156924,0.7999999999999999,0.9000000000000001,14.999999999999998,20.0,100.0,399.99999999999994,AA2024-T3,AA2024-T3,38063.45252791545
47.45214125406867,0.6999999999999998,0.8,24.999999999999996,20.0,100.0,399.99999999999994,AA2024-T3,AA2024-T3,20773.246000698102
47.45214125406867,0.6999999999999998,0.9000000000000001,24.999999999999996,20.0,100.0,399.99999999999994,AA2024-T3,AA2024-T3,20773.246000698102
47.49530509781867,0.6999999999999998,0.9000000000000001,29.999999999999996,20.0,120.00000000000001,399.99999999999994,AA2024-T3,AA2024-T3,793007.3455665541
47.49530509781867,0.6999999999999998,0.8,29.999999999999996,20.0,120.00000000000001,399.99999999999994,AA2024-T3,AA2024-T3,793007.3455665541
47.527891408369534,0.7999999999999999,0.9000000000000001,20.0,20.0,140.0,350.0,AA2024-T3,AA2024-T3,956994.600900511
47.527891408369534,0.7999999999999999,0.8,20.0,20.0,140.0,350.0,AA2024-T3,AA2024-T3,956994.600900511
47.565471216694306,0.7999999999999999,0.8,24.999999999999996,20.0,160.00000000000003,499.99999999999994,AA2024-T3,AA2024-T3,1135392.4997982131
47.565471216694306,0.7999999999999999,0.9000000000000001,24.999999999999996,20.0,160.00000000000003,449.99999999999994,AA2024-T3,AA2024-T3,1135392.4997982131
47.565471216694306,0.7999999999999999,0.8,24.999999999999996,20.0,160.00000000000003,449.99999999999994,AA2024-T3,AA2024-T3,1135392.4997982131
47.565471216694306,0.7999999999999999,0.9000000000000001,24.999999999999996,20.0,160.00000000000003,499.99999999999994,AA2024-T3,AA2024-T3,1135392.4997982131
47.56826323440692,0.7999999999999999,0.9000000000000001,29.999999999999996,20.0,200.0,399.99999999999994,AA2024-T3,AA2024-T3,9455.042529566634
47.56826323440692,0.7999999999999999,0.8,29.999999999999996,20.0,200.0,399.99999999999994,AA2024-T3,AA2024-T3,9455.042529566634
47.6490068864817,0.7999999999999999,0.8,20.0,20.0,120.00000000000001,599.9999999999999,AA2024-T3,AA2024-T3,272141.75836376764
47.6490068864817,0.7999999999999999,0.9000000000000001,20.0,20.0,120.00000000000001,599.9999999999999,AA2024-T3,AA2024-T3,272141.75836376764
47.6490068864817,0.7999999999999999,0.8,20.0,20.0,120.00000000000001,549.9999999999999,AA2024-T3,AA2024-T3,272141.75836376764
47.6490068864817,0.7999999999999999,0.9000000000000001,20.0,20.0,120.00000000000001,549.9999999999999,AA2024-T3,AA2024-T3,272141.75836376764
47.70613081879476,0.7999999999999999,0.9000000000000001,29.999999999999996,20.0,220.00000000000003,300.0,AA2024-T3,AA2024-T3,8130.739961398085
47.70613081879476,0.7999999999999999,0.8,29.999999999999996,20.0,220.00000000000003,300.0,AA2024-T3,AA2024-T3,8130.739961398085
47.735334573981696,0.7999999999999999,0.8,29.999999999999996,20.0,180.00000000000003,599.9999999999999,AA2024-T3,AA2024-T3,11261.787012201088
47.735334573981696,0.7999999999999999,0.9000000000000001,29.999999999999996,20.0,180.00000000000003,549.9999999999999,AA2024-T3,AA2024-T3,11261.787012201088
47.735334573981696,0.7999999999999999,0.9000000000000001,29.999999999999996,20.0,180.00000000000003,599.9999999999999,AA2024-T3,AA2024-T3,11261.787012201088
47.735334573981696,0.7999999999999999,0.8,29.999999999999996,20.0,180.00000000000003,549.9999999999999,AA2024-T3,AA2024-T3,11261.787012201088
47.74371062711953,0.7999999999999999,0.8,14.999999999999998,20.0,100.0,350.0,AA2024-T3,AA2024-T3,38063.45252791545
47.74371062711953,0.7999999999999999,0.9000000000000001,14.999999999999998,20.0,100.0,350.0,AA2024-T3,AA2024-T3,38063.45252791545
47.75708017803128,0.6999999999999998,0.8,24.999999999999996,20.0,100.0,350.0,AA2024-T3,AA2024-T3,20773.246000698102
47.75708017803128,0.6999999999999998,0.9000000000000001,24.999999999999996,20.0,100.0,350.0,AA2024-T3,AA2024-T3,20773.246000698102
47.80024402178128,0.6999999999999998,0.8,29.999999999999996,20.0,120.00000000000001,350.0,AA2024-T3,AA2024-T3,793007.3455665541
47.80024402178128,0.6999999999999998,0.9000000000000001,29.999999999999996,20.0,120.00000000000001,350.0,AA2024-T3,AA2024-T3,793007.3455665541
47.87041014065692,0.7999999999999999,0.9000000000000001,24.999999999999996,20.0,160.00000000000003,399.99999999999994,AA2024-T3,AA2024-T3,1135392.4997982131
47.87041014065692,0.7999999999999999,0.8,24.999999999999996,20.0,160.00000000000003,399.99999999999994,AA2024-T3,AA2024-T3,1135392.4997982131
47.87320215836953,0.7999999999999999,0.8,29.999999999999996,20.0,200.0,350.0,AA2024-T3,AA2024-T3,9455.042529566634
47.87320215836953,0.7999999999999999,0.9000000000000001,29.999999999999996,20.0,200.0,350.0,AA2024-T3,AA2024-T3,9455.042529566634
47.92195003754476,0.7999999999999999,0.8,24.999999999999996,20.0,180.00000000000003,300.0,AA2024-T3,AA2024-T3,10896.545574628995
47.92195003754476,0.7999999999999999,0.9000000000000001,24.999999999999996,20.0,180.00000000000003,300.0,AA2024-T3,AA2024-T3,10896.545574628997
47.95394581044431,0.7999999999999999,0.9000000000000001,20.0,20.0,120.00000000000001,499.99999999999994,AA2024-T3,AA2024-T3,272141.75836376764
47.95394581044431,0.7999999999999999,0.8,20.0,20.0,120.00000000000001,449.99999999999994,AA2024-T3,AA2024-T3,272141.75836376764
47.95394581044431,0.7999999999999999,0.9000000000000001,20.0,20.0,120.00000000000001,449.99999999999994,AA2024-T3,AA2024-T3,272141.75836376764
47.95394581044431,0.7999999999999999,0.8,20.0,20.0,120.00000000000001,499.99999999999994,AA2024-T3,AA2024-T3,272141.75836376764
48.03468946251908,0.7999999999999999,0.9000000000000001,24.999999999999996,20.0,140.0,749.9999999999999,AA2024-T3,AA2024-T3,958080.6737214078
48.03468946251908,0.7999999999999999,0.8,24.999999999999996,20.0,140.0,700.0,AA2024-T3,AA2024-T3,958080.6737214078
48.03468946251908,0.7999999999999999,0.8,24.999999999999996,20.0,140.0,649.9999999999999,AA2024-T3,AA2024-T3,958080.6737214078
48.03468946251908,0.7999999999999999,0.8,24.999999999999996,20.0,140.0,749.9999999999999,AA2024-T3,AA2024-T3,958080.6737214078
48.03468946251908,0.7999999999999999,0.9000000000000001,24.999999999999996,20.0,140.0,649.9999999999999,AA2024-T3,AA2024-T3,958080.6737214078
48.03468946251908,0.7999999999999999,0.9000000000000001,24.999999999999996,20.0,140.0,700.0,AA2024-T3,AA2024-T3,958080.6737214078
48.040273497944305,0.7999999999999999,0.8,29.999999999999996,20.0,180.00000000000003,449.99999999999994,AA2024-T3,AA2024-T3,11261.787012201088
48.040273497944305,0.7999999999999999,0.9000000000000001,29.999999999999996,20.0,180.00000000000003,449.99999999999994,AA2024-T3,AA2024-T3,11261.787012201088
48.040273497944305,0.7999999999999999,0.9000000000000001,29.999999999999996,20.0,180.00000000000003,499.99999999999994,AA2024-T3,AA2024-T3,11261.787012201088
48.040273497944305,0.7999999999999999,0.8,29.999999999999996,20.0,180.00000000000003,499.99999999999994,AA2024-T3,AA2024-T3,11261.787012201088
48.13776925629476,0.7999999999999999,0.8,20.0,20.0,140.0,300.0,AA2024-T3,AA2024-T3,956994.600900511
48.13776925629476,0.7999999999999999,0.9000000000000001,20.0,20.0,140.0,300.0,AA2024-T3,AA2024-T3,956994.600900511
48.17534906461953,0.7999999999999999,0.9000000000000001,24.999999999999996,20.0,160.00000000000003,350.0,AA2024-T3,AA2024-T3,1135392.4997982131
48.17534906461953,0.7999999999999999,0.8,24.999999999999996,20.0,160.00000000000003,350.0,AA2024-T3,AA2024-T3,1135392.4997982131
48.25888473440693,0.7999999999999999,0.9000000000000001,20.0,20.0,120.00000000000001,399.99999999999994,AA2024-T3,AA2024-T3,272141.75836376764
48.25888473440693,0.7999999999999999,0.8,20.0,20.0,120.00000000000001,399.99999999999994,AA2024-T3,AA2024-T3,272141.75836376764
48.3396283864817,0.7999999999999999,0.8,24.999999999999996,20.0,140.0,549.9999999999999,AA2024-T3,AA2024-T3,958080.6737214078
48.3396283864817,0.7999999999999999,0.9000000000000001,24.999999999999996,20.0,140.0,599.9999999999999,AA2024-T3,AA2024-T3,958080.6737214078
48.3396283864817,0.7999999999999999,0.8,24.999999999999996,20.0,140.0,599.9999999999999,AA2024-T3,AA2024-T3,958080.6737214078
48.3396283864817,0.7999999999999999,0.9000000000000001,24.999999999999996,20.0,140.0,549.9999999999999,AA2024-T3,AA2024-T3,958080.6737214078
48.34521242190692,0.7999999999999999,0.8,29.999999999999996,20.0,180.00000000000003,399.99999999999994,AA2024-T3,AA2024-T3,11261.787012201088
48.34521242190692,0.7999999999999999,0.9000000000000001,29.999999999999996,20.0,180.00000000000003,399.99999999999994,AA2024-T3,AA2024-T3,11261.787012201088
48.35358847504476,0.7999999999999999,0.8,14.999999999999998,20.0,100.0,300.0,AA2024-T3,AA2024-T3,38063.45252791545
48.35358847504476,0.7999999999999999,0.9000000000000001,14.999999999999998,20.0,100.0,300.0,AA2024-T3,AA2024-T3,38063.45252791545
48.36695802595651,0.6999999999999998,0.8,24.999999999999996,20.0,100.0,300.0,AA2024-T3,AA2024-T3,20773.246000698102
48.36695802595651,0.6999999999999998,0.9000000000000001,24.999999999999996,20.0,100.0,300.0,AA2024-T3,AA2024-T3,20773.246000698102
48.41012186970651,0.6999999999999998,0.8,29.999999999999996,20.0,120.00000000000001,300.0,AA2024-T3,AA2024-T3,793007.3455665541
48.41012186970651,0.6999999999999998,0.9000000000000001,29.999999999999996,20.0,120.00000000000001,300.0,AA2024-T3,AA2024-T3,793007.3455665541
48.46632790001908,0.7999999999999999,0.9000000000000001,29.999999999999996,20.0,160.00000000000003,749.9999999999999,AA2024-T3,AA2024-T3,1136429.3789070188
48.46632790001908,0.7999999999999999,0.9000000000000001,29.999999999999996,20.0,160.00000000000003,700.0,AA2024-T3,AA2024-T3,1136429.3789070188
48.46632790001908,0.7999999999999999,0.9000000000000001,29.999999999999996,20.0,160.00000000000003,649.9999999999999,AA2024-T3,AA2024-T3,1136429.3789070188
48.46632790001908,0.7999999999999999,0.8,29.999999999999996,20.0,160.00000000000003,649.9999999999999,AA2024-T3,AA2024-T3,1136429.3789070188
48.46632790001908,0.7999999999999999,0.8,29.999999999999996,20.0,160.00000000000003,700.0,AA2024-T3,AA2024-T3,1136429.3789070188
48.46632790001908,0.7999999999999999,0.8,29.999999999999996,20.0,160.00000000000003,749.9999999999999,AA2024-T3,AA2024-T3,1136429.3789070188
48.483080006294756,0.7999999999999999,0.9000000000000001,29.999999999999996,20.0,200.0,300.0,AA2024-T3,AA2024-T3,9455.042529566634
48.483080006294756,0.7999999999999999,0.8,29.999999999999996,20.0,200.0,300.0,AA2024-T3,AA2024-T3,9455.042529566634
48.563823658369536,0.7999999999999999,0.9000000000000001,20.0,20.0,120.00000000000001,350.0,AA2024-T3,AA2024-T3,272141.75836376764
48.563823658369536,0.7999999999999999,0.8,20.0,20.0,120.00000000000001,350.0,AA2024-T3,AA2024-T3,272141.75836376764
48.64456731044431,0.7999999999999999,0.9000000000000001,24.999999999999996,20.0,140.0,449.99999999999994,AA2024-T3,AA2024-T3,958080.6737214078
48.64456731044431,0.7999999999999999,0.8,24.999999999999996,20.0,140.0,449.99999999999994,AA2024-T3,AA2024-T3,958080.6737214078
48.64456731044431,0.7999999999999999,0.9000000000000001,24.999999999999996,20.0,140.0,499.99999999999994,AA2024-T3,AA2024-T3,958080.6737214078
48.64456731044431,0.7999999999999999,0.8,24.999999999999996,20.0,140.0,499.99999999999994,AA2024-T3,AA2024-T3,958080.6737214078
48.65015134586953,0.7999999999999999,0.9000000000000001,29.999999999999996,20.0,180.00000000000003,350.0,AA2024-T3,AA2024-T3,11261.787012201088
48.65015134586953,0.7999999999999999,0.8,29.999999999999996,20.0,180.00000000000003,350.0,AA2024-T3,AA2024-T3,11261.787012201088
48.7712668239817,0.7999999999999999,0.8,29.999999999999996,20.0,160.00000000000003,599.9999999999999,AA2024-T3,AA2024-T3,1136429.3789070188
48.7712668239817,0.7999999999999999,0.9000000000000001,29.999999999999996,20.0,160.00000000000003,549.9999999999999,AA2024-T3,AA2024-T3,1136429.3789070188
48.7712668239817,0.7999999999999999,0.8,29.999999999999996,20.0,160.00000000000003,549.9999999999999,AA2024-T3,AA2024-T3,1136429.3789070188
48.7712668239817,0.7999999999999999,0.9000000000000001,29.999999999999996,20.0,160.00000000000003,599.9999999999999,AA2024-T3,AA2024-T3,1136429.3789070188
48.78522691254476,0.7999999999999999,0.8,24.999999999999996,20.0,160.00000000000003,300.0,AA2024-T3,AA2024-T3,1135392.4997982131
48.78522691254476,0.7999999999999999,0.9000000000000001,24.999999999999996,20.0,160.00000000000003,300.0,AA2024-T3,AA2024-T3,1135392.4997982131
48.89796633751908,0.7999999999999999,0.8,20.0,20.0,100.0,649.9999999999999,AA2024-T3,AA2024-T3,38715.42944713607
48.89796633751908,0.7999999999999999,0.8,20.0,20.0,100.0,700.0,AA2024-T3,AA2024-T3,38715.42944713607
48.89796633751908,0.7999999999999999,0.8,20.0,20.0,100.0,749.9999999999999,AA2024-T3,AA2024-T3,38715.42944713607
48.89796633751908,0.7999999999999999,0.9000000000000001,20.0,20.0,100.0,700.0,AA2024-T3,AA2024-T3,38715.42944713607
48.89796633751908,0.7999999999999999,0.9000000000000001,20.0,20.0,100.0,649.9999999999999,AA2024-T3,AA2024-T3,38715.42944713607
48.89796633751908,0.7999999999999999,0.9000000000000001,20.0,20.0,100.0,749.9999999999999,AA2024-T3,AA2024-T3,38715.42944713607
48.91133588843083,0.6999999999999998,0.9000000000000001,29.999999999999996,20.0,100.0,700.0,AA2024-T3,AA2024-T3,21423.040106242082
48.91133588843083,0.6999999999999998,0.9000000000000001,29.999999999999996,20.0,100.0,749.9999999999999,AA2024-T3,AA2024-T3,21423.040106242082
48.91133588843083,0.6999999999999998,0.9000000000000001,29.999999999999996,20.0,100.0,649.9999999999999,AA2024-T3,AA2024-T3,21423.040106242082
48.91133588843083,0.6999999999999998,0.8,29.999999999999996,20.0,100.0,749.9999999999999,AA2024-T3,AA2024-T3,21423.040106242082
48.91133588843083,0.6999999999999998,0.8,29.999999999999996,20.0,100.0,700.0,AA2024-T3,AA2024-T3,21423.040106242082
48.91133588843083,0.6999999999999998,0.8,29.999999999999996,20.0,100.0,649.9999999999999,AA2024-T3,AA2024-T3,21423.040106242082
48.949506234406925,0.7999999999999999,0.9000000000000001,24.999999999999996,20.0,140.0,399.99999999999994,AA2024-T3,AA2024-T3,958080.6737214078
48.949506234406925,0.7999999999999999,0.8,24.999999999999996,20.0,140.0,399.99999999999994,AA2024-T3,AA2024-T3,958080.6737214078
49.07620574794431,0.7999999999999999,0.8,29.999999999999996,20.0,160.00000000000003,449.99999999999994,AA2024-T3,AA2024-T3,1136429.3789070188
49.07620574794431,0.7999999999999999,0.8,29.999999999999996,20.0,160.00000000000003,499.99999999999994,AA2024-T3,AA2024-T3,1136429.3789070188
49.07620574794431,0.7999999999999999,0.9000000000000001,29.999999999999996,20.0,160.00000000000003,449.99999999999994,AA2024-T3,AA2024-T3,1136429.3789070188
49.07620574794431,0.7999999999999999,0.9000000000000001,29.999999999999996,20.0,160.00000000000003,499.99999999999994,AA2024-T3,AA2024-T3,1136429.3789070188
49.17370150629476,0.7999999999999999,0.9000000000000001,20.0,20.0,120.00000000000001,300.0,AA2024-T3,AA2024-T3,272141.75836376764
49.17370150629476,0.7999999999999999,0.8,20.0,20.0,120.00000000000001,300.0,AA2024-T3,AA2024-T3,272141.75836376764
49.202905261481696,0.7999999999999999,0.8,20.0,20.0,100.0,599.9999999999999,AA2024-T3,AA2024-T3,38715.42944713607
49.202905261481696,0.7999999999999999,0.8,20.0,20.0,100.0,549.9999999999999,AA2024-T3,AA2024-T3,38715.42944713607
49.202905261481696,0.7999999999999999,0.9000000000000001,20.0,20.0,100.0,599.9999999999999,AA2024-T3,AA2024-T3,38715.42944713607
49.202905261481696,0.7999999999999999,0.9000000000000001,20.0,20.0,100.0,549.9999999999999,AA2024-T3,AA2024-T3,38715.42944713607
49.21627481239344,0.6999999999999998,0.9000000000000001,29.999999999999996,20.0,100.0,549.9999999999999,AA2024-T3,AA2024-T3,21423.040106242082
49.21627481239344,0.6999999999999998,0.8,29.999999999999996,20.0,100.0,549.9999999999999,AA2024-T3,AA2024-T3,21423.040106242082
49.21627481239344,0.6999999999999998,0.9000000000000001,29.999999999999996,20.0,100.0,599.9999999999999,AA2024-T3,AA2024-T3,21423.040106242082
49.21627481239344,0.6999999999999998,0.8,29.999999999999996,20.0,100.0,599.9999999999999,AA2024-T3,AA2024-T3,21423.040106242082
49.254445158369535,0.7999999999999999,0.9000000000000001,24.999999999999996,20.0,140.0,350.0,AA2024-T3,AA2024-T3,958080.6737214078
49.254445158369535,0.7999999999999999,0.8,24.999999999999996,20.0,140.0,350.0,AA2024-T3,AA2024-T3,958080.6737214078
49.26002919379476,0.7999999999999999,0.9000000000000001,29.999999999999996,20.0,180.00000000000003,300.0,AA2024-T3,AA2024-T3,11261.787012201088
49.26002919379476,0.7999999999999999,0.8,29.999999999999996,20.0,180.00000000000003,300.0,AA2024-T3,AA2024-T3,11261.787012201088
49.32960477501908,0.7999999999999999,0.8,24.999999999999996,20.0,120.00000000000001,649.9999999999999,AA2024-T3,AA2024-T3,272741.8819553913
49.32960477501908,0.7999999999999999,0.8,24.999999999999996,20.0,120.00000000000001,700.0,AA2024-T3,AA2024-T3,272741.8819553913
49.32960477501908,0.7999999999999999,0.9000000000000001,24.999999999999996,20.0,120.00000000000001,649.9999999999999,AA2024-T3,AA2024-T3,272741.8819553913
49.32960477501908,0.7999999999999999,0.9000000000000001,24.999999999999996,20.0,120.00000000000001,700.0,AA2024-T3,AA2024-T3,272741.8819553913
49.32960477501908,0.7999999999999999,0.8,24.999999999999996,20.0,120.00000000000001,749.9999999999999,AA2024-T3,AA2024-T3,272741.8819553913
49.32960477501908,0.7999999999999999,0.9000000000000001,24.999999999999996,20.0,120.00000000000001,749.9999999999999,AA2024-T3,AA2024-T3,272741.8819553913
49.381144671906924,0.7999999999999999,0.8,29.999999999999996,20.0,160.00000000000003,399.99999999999994,AA2024-T3,AA2024-T3,1136429.3789070188
49.381144671906924,0.7999999999999999,0.9000000000000001,29.999999999999996,20.0,160.00000000000003,399.99999999999994,AA2024-T3,AA2024-T3,1136429.3789070188
49.507844185444306,0.7999999999999999,0.8,20.0,20.0,100.0,499.99999999999994,AA2024-T3,AA2024-T3,38715.42944713607
49.507844185444306,0.7999999999999999,0.9000000000000001,20.0,20.0,100.0,449.99999999999994,AA2024-T3,AA2024-T3,38715.42944713607
49.507844185444306,0.7999999999999999,0.9000000000000001,20.0,20.0,100.0,499.99999999999994,AA2024-T3,AA2024-T3,38715.42944713607
49.507844185444306,0.7999999999999999,0.8,20.0,20.0,100.0,449.99999999999994,AA2024-T3,AA2024-T3,38715.42944713607
49.52121373635605,0.6999999999999998,0.9000000000000001,29.999999999999996,20.0,100.0,499.99999999999994,AA2024-T3,AA2024-T3,21423.040106242082
49.52121373635605,0.6999999999999998,0.8,29.999999999999996,20.0,100.0,449.99999999999994,AA2024-T3,AA2024-T3,21423.040106242082
49.52121373635605,0.6999999999999998,0.8,29.999999999999996,20.0,100.0,499.99999999999994,AA2024-T3,AA2024-T3,21423.040106242082
49.52121373635605,0.6999999999999998,0.9000000000000001,29.999999999999996,20.0,100.0,449.99999999999994,AA2024-T3,AA2024-T3,21423.040106242082
49.634543698981695,0.7999999999999999,0.8,24.999999999999996,20.0,120.00000000000001,599.9999999999999,AA2024-T3,AA2024-T3,272741.8819553913
49.634543698981695,0.7999999999999999,0.9000000000000001,24.999999999999996,20.0,120.00000000000001,549.9999999999999,AA2024-T3,AA2024-T3,272741.8819553913
49.634543698981695,0.7999999999999999,0.9000000000000001,24.999999999999996,20.0,120.00000000000001,599.9999999999999,AA2024-T3,AA2024-T3,272741.8819553913
49.634543698981695,0.7999999999999999,0.8,24.999999999999996,20.0,120.00000000000001,549.9999999999999,AA2024-T3,AA2024-T3,272741.8819553913
49.68608359586953,0.7999999999999999,0.9000000000000001,29.999999999999996,20.0,160.00000000000003,350.0,AA2024-T3,AA2024-T3,1136429.3789070188
49.68608359586953,0.7999999999999999,0.8,29.999999999999996,20.0,160.00000000000003,350.0,AA2024-T3,AA2024-T3,1136429.3789070188
49.76124321251908,0.7999999999999999,0.9000000000000001,29.999999999999996,20.0,140.0,649.9999999999999,AA2024-T3,AA2024-T3,959123.4970215269
49.76124321251908,0.7999999999999999,0.9000000000000001,29.999999999999996,20.0,140.0,700.0,AA2024-T3,AA2024-T3,959123.4970215269
49.76124321251908,0.7999999999999999,0.8,29.999999999999996,20.0,140.0,649.9999999999999,AA2024-T3,AA2024-T3,959123.4970215269
49.76124321251908,0.7999999999999999,0.9000000000000001,29.999999999999996,20.0,140.0,749.9999999999999,AA2024-T3,AA2024-T3,959123.4970215269
49.76124321251908,0.7999999999999999,0.8,29.999999999999996,20.0,140.0,749.9999999999999,AA2024-T3,AA2024-T3,959123.4970215269
49.76124321251908,0.7999999999999999,0.8,29.999999999999996,20.0,140.0,700.0,AA2024-T3,AA2024-T3,959123.4970215269
49.81278310940692,0.7999999999999999,0.9000000000000001,20.0,20.0,100.0,399.99999999999994,AA2024-T3,AA2024-T3,38715.42944713607
49.81278310940692,0.7999999999999999,0.8,20.0,20.0,100.0,399.99999999999994,AA2024-T3,AA2024-T3,38715.42944713607
49.82615266031867,0.6999999999999998,0.8,29.999999999999996,20.0,100.0,399.99999999999994,AA2024-T3,AA2024-T3,21423.040106242082
49.82615266031867,0.6999999999999998,0.9000000000000001,29.999999999999996,20.0,100.0,399.99999999999994,AA2024-T3,AA2024-T3,21423.040106242082
49.86432300629476,0.7999999999999999,0.8,24.999999999999996,20.0,140.0,300.0,AA2024-T3,AA2024-T3,958080.6737214078
49.86432300629476,0.7999999999999999,0.9000000000000001,24.999999999999996,20.0,140.0,300.0,AA2024-T3,AA2024-T3,958080.6737214078
49.939482622944304,0.7999999999999999,0.9000000000000001,24.999999999999996,20.0,120.00000000000001,499.99999999999994,AA2024-T3,AA2024-T3,272741.8819553913
49.939482622944304,0.7999999999999999,0.9000000000000001,24.999999999999996,20.0,120.00000000000001,449.99999999999994,AA2024-T3,AA2024-T3,272741.8819553913
49.939482622944304,0.7999999999999999,0.8,24.999999999999996,20.0,120.00000000000001,449.99999999999994,AA2024-T3,AA2024-T3,272741.8819553913
49.939482622944304,0.7999999999999999,0.8,24.999999999999996,20.0,120.00000000000001,499.99999999999994,AA2024-T3,AA2024-T3,272741.8819553913
50.0661821364817,0.7999999999999999,0.9000000000000001,29.999999999999996,20.0,140.0,549.9999999999999,AA2024-T3,AA2024-T3,959123.4970215269
50.0661821364817,0.7999999999999999,0.9000000000000001,29.999999999999996,20.0,140.0,599.9999999999999,AA2024-T3,AA2024-T3,959123.4970215269
50.0661821364817,0.7999999999999999,0.8,29.999999999999996,20.0,140.0,599.9999999999999,AA2024-T3,AA2024-T3,959123.4970215269
50.0661821364817,0.7999999999999999,0.8,29.999999999999996,20.0,140.0,549.9999999999999,AA2024-T3,AA2024-T3,959123.4970215269
50.11772203336953,0.7999999999999999,0.8,20.0,20.0,100.0,350.0,AA2024-T3,AA2024-T3,38715.42944713607
50.11772203336953,0.7999999999999999,0.9000000000000001,20.0,20.0,100.0,350.0,AA2024-T3,AA2024-T3,38715.42944713607
50.13109158428128,0.6999999999999998,0.9000000000000001,29.999999999999996,20.0,100.0,350.0,AA2024-T3,AA2024-T3,21423.040106242082
50.13109158428128,0.6999999999999998,0.8,29.999999999999996,20.0,100.0,350.0,AA2024-T3,AA2024-T3,21423.040106242082
50.24442154690692,0.7999999999999999,0.8,24.999999999999996,20.0,120.00000000000001,399.99999999999994,AA2024-T3,AA2024-T3,272741.8819553913
50.24442154690692,0.7999999999999999,0.9000000000000001,24.999999999999996,20.0,120.00000000000001,399.99999999999994,AA2024-T3,AA2024-T3,272741.8819553913
50.29596144379476,0.7999999999999999,0.9000000000000001,29.999999999999996,20.0,160.00000000000003,300.0,AA2024-T3,AA2024-T3,1136429.3789070188
50.29596144379476,0.7999999999999999,0.8,29.999999999999996,20.0,160.00000000000003,300.0,AA2024-T3,AA2024-T3,1136429.3789070188
50.37112106044431,0.7999999999999999,0.8,29.999999999999996,20.0,140.0,449.99999999999994,AA2024-T3,AA2024-T3,959123.4970215269
50.37112106044431,0.7999999999999999,0.8,29.999999999999996,20.0,140.0,499.99999999999994,AA2024-T3,AA2024-T3,959123.4970215269
50.37112106044431,0.7999999999999999,0.9000000000000001,29.999999999999996,20.0,140.0,449.99999999999994,AA2024-T3,AA2024-T3,959123.4970215269
50.37112106044431,0.7999999999999999,0.9000000000000001,29.999999999999996,20.0,140.0,499.99999999999994,AA2024-T3,AA2024-T3,959123.4970215269
50.54936047086953,0.7999999999999999,0.9000000000000001,24.999999999999996,20.0,120.00000000000001,350.0,AA2024-T3,AA2024-T3,272741.8819553913
50.54936047086953,0.7999999999999999,0.8,24.999999999999996,20.0,120.00000000000001,350.0,AA2024-T3,AA2024-T3,272741.8819553913
50.67605998440692,0.7999999999999999,0.8,29.999999999999996,20.0,140.0,399.99999999999994,AA2024-T3,AA2024-T3,959123.4970215269
50.67605998440692,0.7999999999999999,0.9000000000000001,29.999999999999996,20.0,140.0,399.99999999999994,AA2024-T3,AA2024-T3,959123.4970215269
50.72759988129476,0.7999999999999999,0.9000000000000001,20.0,20.0,100.0,300.0,AA2024-T3,AA2024-T3,38715.42944713607
50.72759988129476,0.7999999999999999,0.8,20.0,20.0,100.0,300.0,AA2024-T3,AA2024-T3,38715.42944713607
50.740969432206505,0.6999999999999998,0.8,29.999999999999996,20.0,100.0,300.0,AA2024-T3,AA2024-T3,21423.040106242082
50.740969432206505,0.6999999999999998,0.9000000000000001,29.999999999999996,20.0,100.0,300.0,AA2024-T3,AA2024-T3,21423.040106242082
50.98099890836953,0.7999999999999999,0.8,29.999999999999996,20.0,140.0,350.0,AA2024-T3,AA2024-T3,959123.4970215269
50.98099890836953,0.7999999999999999,0.9000000000000001,29.999999999999996,20.0,140.0,350.0,AA2024-T3,AA2024-T3,959123.4970215269
51.159238318794756,0.7999999999999999,0.9000000000000001,24.999999999999996,20.0,120.00000000000001,300.0,AA2024-T3,AA2024-T3,272741.8819553913
51.159238318794756,0.7999999999999999,0.8,24.999999999999996,20.0,120.00000000000001,300.0,AA2024-T3,AA2024-T3,272741.8819553913
51.27197774376908,0.7999999999999999,0.9000000000000001,24.999999999999996,20.0,100.0,649.9999999999999,AA2024-T3,AA2024-T3,39367.11363457848
51.27197774376908,0.7999999999999999,0.8,24.999999999999996,20.0,100.0,649.9999999999999,AA2024-T3,AA2024-T3,39367.113634578476
51.27197774376908,0.7999999999999999,0.9000000000000001,24.999999999999996,20.0,100.0,749.9999999999999,AA2024-T3,AA2024-T3,39367.11363457848
51.27197774376908,0.7999999999999999,0.9000000000000001,24.999999999999996,20.0,100.0,700.0,AA2024-T3,AA2024-T3,39367.11363457848
51.27197774376908,0.7999999999999999,0.8,24.999999999999996,20.0,100.0,749.9999999999999,AA2024-T3,AA2024-T3,39367.113634578476
51.27197774376908,0.7999999999999999,0.8,24.999999999999996,20.0,100.0,700.0,AA2024-T3,AA2024-T3,39367.113634578476
51.31514158751908,0.7999999999999999,0.8,29.999999999999996,20.0,120.00000000000001,649.9999999999999,AA2024-T3,AA2024-T3,273337.4496325791
51.31514158751908,0.7999999999999999,0.9000000000000001,29.999999999999996,20.0,120.00000000000001,749.9999999999999,AA2024-T3,AA2024-T3,273337.4496325791
51.31514158751908,0.7999999999999999,0.8,29.999999999999996,20.0,120.00000000000001,700.0,AA2024-T3,AA2024-T3,273337.4496325791
51.31514158751908,0.7999999999999999,0.8,29.999999999999996,20.0,120.00000000000001,749.9999999999999,AA2024-T3,AA2024-T3,273337.4496325791
51.31514158751908,0.7999999999999999,0.9000000000000001,29.999999999999996,20.0,120.00000000000001,700.0,AA2024-T3,AA2024-T3,273337.4496325791
51.31514158751908,0.7999999999999999,0.9000000000000001,29.999999999999996,20.0,120.00000000000001,649.9999999999999,AA2024-T3,AA2024-T3,273337.4496325791
51.576916667731695,0.7999999999999999,0.9000000000000001,24.999999999999996,20.0,100.0,549.9999999999999,AA2024-T3,AA2024-T3,39367.11363457848
51.576916667731695,0.7999999999999999,0.8,24.999999999999996,20.0,100.0,599.9999999999999,AA2024-T3,AA2024-T3,39367.113634578476
51.576916667731695,0.7999999999999999,0.8,24.999999999999996,20.0,100.0,549.9999999999999,AA2024-T3,AA2024-T3,39367.113634578476
51.576916667731695,0.7999999999999999,0.9000000000000001,24.999999999999996,20.0,100.0,599.9999999999999,AA2024-T3,AA2024-T3,39367.11363457848
51.59087675629476,0.7999999999999999,0.9000000000000001,29.999999999999996,20.0,140.0,300.0,AA2024-T3,AA2024-T3,959123.4970215269
51.59087675629476,0.7999999999999999,0.8,29.999999999999996,20.0,140.0,300.0,AA2024-T3,AA2024-T3,959123.4970215269
51.620080511481696,0.7999999999999999,0.9000000000000001,29.999999999999996,20.0,120.00000000000001,549.9999999999999,AA2024-T3,AA2024-T3,273337.4496325791
51.620080511481696,0.7999999999999999,0.9000000000000001,29.999999999999996,20.0,120.00000000000001,599.9999999999999,AA2024-T3,AA2024-T3,273337.4496325791
51.620080511481696,0.7999999999999999,0.8,29.999999999999996,20.0,120.00000000000001,599.9999999999999,AA2024-T3,AA2024-T3,273337.4496325791
51.620080511481696,0.7999999999999999,0.8,29.999999999999996,20.0,120.00000000000001,549.9999999999999,AA2024-T3,AA2024-T3,273337.4496325791
51.881855591694304,0.7999999999999999,0.9000000000000001,24.999999999999996,20.0,100.0,499.99999999999994,AA2024-T3,AA2024-T3,39367.11363457848
51.881855591694304,0.7999999999999999,0.8,24.999999999999996,20.0,100.0,449.99999999999994,AA2024-T3,AA2024-T3,39367.113634578476
51.881855591694304,0.7999999999999999,0.9000000000000001,24.999999999999996,20.0,100.0,449.99999999999994,AA2024-T3,AA2024-T3,39367.11363457848
51.881855591694304,0.7999999999999999,0.8,24.999999999999996,20.0,100.0,499.99999999999994,AA2024-T3,AA2024-T3,39367.113634578476
51.925019435444305,0.7999999999999999,0.9000000000000001,29.999999999999996,20.0,120.00000000000001,499.99999999999994,AA2024-T3,AA2024-T3,273337.4496325791
51.925019435444305,0.7999999999999999,0.8,29.999999999999996,20.0,120.00000000000001,499.99999999999994,AA2024-T3,AA2024-T3,273337.4496325791
51.925019435444305,0.7999999999999999,0.8,29.999999999999996,20.0,120.00000000000001,449.99999999999994,AA2024-T3,AA2024-T3,273337.4496325791
51.925019435444305,0.7999999999999999,0.9000000000000001,29.999999999999996,20.0,120.00000000000001,449.99999999999994,AA2024-T3,AA2024-T3,273337.4496325791
52.18679451565692,0.7999999999999999,0.8,24.999999999999996,20.0,100.0,399.99999999999994,AA2024-T3,AA2024-T3,39367.113634578476
52.18679451565692,0.7999999999999999,0.9000000000000001,24.999999999999996,20.0,100.0,399.99999999999994,AA2024-T3,AA2024-T3,39367.11363457848
52.22995835940692,0.7999999999999999,0.9000000000000001,29.999999999999996,20.0,120.00000000000001,399.99999999999994,AA2024-T3,AA2024-T3,273337.4496325791
52.22995835940692,0.7999999999999999,0.8,29.999999999999996,20.0,120.00000000000001,399.99999999999994,AA2024-T3,AA2024-T3,273337.4496325791
52.49173343961953,0.7999999999999999,0.8,24.999999999999996,20.0,100.0,350.0,AA2024-T3,AA2024-T3,39367.113634578476
52.49173343961953,0.7999999999999999,0.9000000000000001,24.999999999999996,20.0,100.0,350.0,AA2024-T3,AA2024-T3,39367.11363457848
52.53489728336953,0.7999999999999999,0.8,29.999999999999996,20.0,120.00000000000001,350.0,AA2024-T3,AA2024-T3,273337.4496325791
52.53489728336953,0.7999999999999999,0.9000000000000001,29.999999999999996,20.0,120.00000000000001,350.0,AA2024-T3,AA2024-T3,273337.4496325791
53.101611287544756,0.7999999999999999,0.8,24.999999999999996,20.0,100.0,300.0,AA2024-T3,AA2024-T3,39367.113634578476
53.101611287544756,0.7999999999999999,0.9000000000000001,24.999999999999996,20.0,100.0,300.0,AA2024-T3,AA2024-T3,39367.11363457848
53.14477513129476,0.7999999999999999,0.9000000000000001,29.999999999999996,20.0,120.00000000000001,300.0,AA2024-T3,AA2024-T3,273337.4496325791
53.14477513129476,0.7999999999999999,0.8,29.999999999999996,20.0,120.00000000000001,300.0,AA2024-T3,AA2024-T3,273337.4496325791
53.645989150019076,0.7999999999999999,0.9000000000000001,29.999999999999996,20.0,100.0,749.9999999999999,AA2024-T3,AA2024-T3,40018.54500821246
53.645989150019076,0.7999999999999999,0.9000000000000001,29.999999999999996,20.0,100.0,700.0,AA2024-T3,AA2024-T3,40018.54500821246
53.645989150019076,0.7999999999999999,0.8,29.999999999999996,20.0,100.0,649.9999999999999,AA2024-T3,AA2024-T3,40018.54500821246
53.645989150019076,0.7999999999999999,0.8,29.999999999999996,20.0,100.0,700.0,AA2024-T3,AA2024-T3,40018.54500821246
53.645989150019076,0.7999999999999999,0.8,29.999999999999996,20.0,100.0,749.9999999999999,AA2024-T3,AA2024-T3,40018.54500821246
53.645989150019076,0.7999999999999999,0.9000000000000001,29.999999999999996,20.0,100.0,649.9999999999999,AA2024-T3,AA2024-T3,40018.54500821246
53.95092807398169,0.7999999999999999,0.9000000000000001,29.999999999999996,20.0,100.0,599.9999999999999,AA2024-T3,AA2024-T3,40018.54500821246
53.95092807398169,0.7999999999999999,0.8,29.999999999999996,20.0,100.0,599.9999999999999,AA2024-T3,AA2024-T3,40018.54500821246
53.95092807398169,0.7999999999999999,0.8,29.999999999999996,20.0,100.0,549.9999999999999,AA2024-T3,AA2024-T3,40018.54500821246
53.95092807398169,0.7999999999999999,0.9000000000000001,29.999999999999996,20.0,100.0,549.9999999999999,AA2024-T3,AA2024-T3,40018.54500821246
54.2558669979443,0.7999999999999999,0.8,29.999999999999996,20.0,100.0,499.99999999999994,AA2024-T3,AA2024-T3,40018.54500821246
54.2558669979443,0.7999999999999999,0.9000000000000001,29.999999999999996,20.0,100.0,449.99999999999994,AA2024-T3,AA2024-T3,40018.54500821246
54.2558669979443,0.7999999999999999,0.9000000000000001,29.999999999999996,20.0,100.0,499.99999999999994,AA2024-T3,AA2024-T3,40018.54500821246
54.2558669979443,0.7999999999999999,0.8,29.999999999999996,20.0,100.0,449.99999999999994,AA2024-T3,AA2024-T3,40018.54500821246
54.56080592190692,0.7999999999999999,0.8,29.999999999999996,20.0,100.0,399.99999999999994,AA2024-T3,AA2024-T3,40018.54500821246
54.56080592190692,0.7999999999999999,0.9000000000000001,29.999999999999996,20.0,100.0,399.99999999999994,AA2024-T3,AA2024-T3,40018.54500821246
54.86574484586953,0.7999999999999999,0.9000000000000001,29.999999999999996,20.0,100.0,350.0,AA2024-T3,AA2024-T3,40018.54500821246
54.86574484586953,0.7999999999999999,0.8,29.999999999999996,20.0,100.0,350.0,AA2024-T3,AA2024-T3,40018.54500821246
55.475622693794755,0.7999999999999999,0.9000000000000001,29.999999999999996,20.0,100.0,300.0,AA2024-T3,AA2024-T3,40018.54500821246
55.475622693794755,0.7999999999999999,0.8,29.999999999999996,20.0,100.0,300.0,AA2024-T3,AA2024-T3,40018.54500821246
