mass [kg],rivet spacing [mm],stringer type,skin thickness [mm],stringer thickness [mm],stringer cross-section area [mm2],frame cross-section area [mm2],stringer pitch [mm],frame pitch [mm],stringer/frame material,skin material,stress margin [%]
24.798645627503046,33.02052503682091,z,0.3,0.8,35.0,20.0,200.0,449.99999999999994,AA2024-T3,AA2024-T3,2919.455291421721
24.798645627503046,33.02052503682091,j,0.3,0.8,35.0,20.0,200.0,449.99999999999994,AA2024-T3,AA2024-T3,2919.455291421721
24.798645627503046,33.02052503682091,z,0.3,0.9000000000000001,35.0,20.0,200.0,449.99999999999994,AA2024-T3,AA2024-T3,2919.455291421721
24.798645627503046,33.02052503682091,formed z,0.3,0.8,35.0,20.0,200.0,449.99999999999994,AA2024-T3,AA2024-T3,2919.455291421721
24.798645627503046,33.02052503682091,j,0.3,0.9000000000000001,35.0,20.0,200.0,449.99999999999994,AA2024-T3,AA2024-T3,2919.455291421721
24.798645627503046,33.02052503682091,formed z,0.3,0.9000000000000001,35.0,20.0,200.0,449.99999999999994,AA2024-T3,AA2024-T3,2919.455291421721
25.10358455146566,33.02052503682091,j,0.3,0.8,35.0,20.0,200.0,399.99999999999994,AA2024-T3,AA2024-T3,2919.455291421721
25.10358455146566,33.02052503682091,z,0.3,0.9000000000000001,35.0,20.0,200.0,399.99999999999994,AA2024-T3,AA2024-T3,2919.455291421721
25.10358455146566,33.02052503682091,formed z,0.3,0.9000000000000001,35.0,20.0,200.0,399.99999999999994,AA2024-T3,AA2024-T3,2919.455291421721
25.10358455146566,33.02052503682091,z,0.3,0.8,35.0,20.0,200.0,399.99999999999994,AA2024-T3,AA2024-T3,2919.455291421721
25.10358455146566,33.02052503682091,formed z,0.3,0.8,35.0,20.0,200.0,399.99999999999994,AA2024-T3,AA2024-T3,2919.455291421721
25.10358455146566,33.02052503682091,j,0.3,0.9000000000000001,35.0,20.0,200.0,399.99999999999994,AA2024-T3,AA2024-T3,2919.455291421721
25.40852347542827,33.02052503682091,formed z,0.3,0.8,35.0,20.0,200.0,350.0,AA2024-T3,AA2024-T3,2919.455291421721
25.40852347542827,33.02052503682091,formed z,0.3,0.9000000000000001,35.0,20.0,200.0,350.0,AA2024-T3,AA2024-T3,2919.455291421721
25.40852347542827,33.02052503682091,z,0.3,0.8,35.0,20.0,200.0,350.0,AA2024-T3,AA2024-T3,2919.455291421721
25.40852347542827,33.02052503682091,j,0.3,0.8,35.0,20.0,200.0,350.0,AA2024-T3,AA2024-T3,2919.455291421721
25.40852347542827,33.02052503682091,j,0.3,0.9000000000000001,35.0,20.0,200.0,350.0,AA2024-T3,AA2024-T3,2919.455291421721
25.40852347542827,33.02052503682091,z,0.3,0.9000000000000001,35.0,20.0,200.0,350.0,AA2024-T3,AA2024-T3,2919.455291421721
25.705086346253044,33.67437300557709,z,0.3,0.9000000000000001,35.0,20.0,180.00000000000003,449.99999999999994,AA2024-T3,AA2024-T3,3269.4126175796414
25.705086346253044,33.67437300557709,formed z,0.3,0.8,35.0,20.0,180.00000000000003,449.99999999999994,AA2024-T3,AA2024-T3,3269.4126175796414
25.705086346253044,33.67437300557709,z,0.3,0.8,35.0,20.0,180.00000000000003,449.99999999999994,AA2024-T3,AA2024-T3,3269.4126175796414
25.705086346253044,33.67437300557709,formed z,0.3,0.9000000000000001,35.0,20.0,180.00000000000003,449.99999999999994,AA2024-T3,AA2024-T3,3269.4126175796414
25.705086346253044,33.67437300557709,j,0.3,0.8,35.0,20.0,180.00000000000003,449.99999999999994,AA2024-T3,AA2024-T3,3269.412617579642
25.705086346253044,33.67437300557709,j,0.3,0.9000000000000001,35.0,20.0,180.00000000000003,449.99999999999994,AA2024-T3,AA2024-T3,3269.412617579642
26.007233252503042,33.88951910531061,j,0.3,0.8,40.0,20.0,200.0,449.99999999999994,AA2024-T3,AA2024-T3,3247.710747225235
26.007233252503042,33.88951910531061,z,0.3,0.8,40.0,20.0,200.0,449.99999999999994,AA2024-T3,AA2024-T3,3247.710747225235
26.007233252503042,33.88951910531061,formed z,0.3,0.9000000000000001,40.0,20.0,200.0,449.99999999999994,AA2024-T3,AA2024-T3,3247.7107472252355
26.007233252503042,33.88951910531061,z,0.3,0.9000000000000001,40.0,20.0,200.0,449.99999999999994,AA2024-T3,AA2024-T3,3247.710747225235
26.007233252503042,33.88951910531061,formed z,0.3,0.8,40.0,20.0,200.0,449.99999999999994,AA2024-T3,AA2024-T3,3247.710747225235
26.007233252503042,33.88951910531061,j,0.3,0.9000000000000001,40.0,20.0,200.0,449.99999999999994,AA2024-T3,AA2024-T3,3247.710747225235
26.010025270215657,33.67437300557709,formed z,0.3,0.9000000000000001,35.0,20.0,180.00000000000003,399.99999999999994,AA2024-T3,AA2024-T3,3269.4126175796414
26.010025270215657,33.67437300557709,z,0.3,0.8,35.0,20.0,180.00000000000003,399.99999999999994,AA2024-T3,AA2024-T3,3269.4126175796414
26.010025270215657,33.67437300557709,j,0.3,0.8,35.0,20.0,180.00000000000003,399.99999999999994,AA2024-T3,AA2024-T3,3269.412617579642
26.010025270215657,33.67437300557709,j,0.3,0.9000000000000001,35.0,20.0,180.00000000000003,399.99999999999994,AA2024-T3,AA2024-T3,3269.412617579642
26.010025270215657,33.67437300557709,formed z,0.3,0.8,35.0,20.0,180.00000000000003,399.99999999999994,AA2024-T3,AA2024-T3,3269.4126175796414
26.010025270215657,33.67437300557709,z,0.3,0.9000000000000001,35.0,20.0,180.00000000000003,399.99999999999994,AA2024-T3,AA2024-T3,3269.4126175796414
26.018401323353498,33.02052503682091,z,0.3,0.8,35.0,20.0,200.0,300.0,AA2024-T3,AA2024-T3,2919.455291421721
26.018401323353498,33.02052503682091,j,0.3,0.9000000000000001,35.0,20.0,200.0,300.0,AA2024-T3,AA2024-T3,2919.455291421721
26.018401323353498,33.02052503682091,z,0.3,0.9000000000000001,35.0,20.0,200.0,300.0,AA2024-T3,AA2024-T3,2919.455291421721
26.018401323353498,33.02052503682091,formed z,0.3,0.8,35.0,20.0,200.0,300.0,AA2024-T3,AA2024-T3,2919.455291421721
26.018401323353498,33.02052503682091,j,0.3,0.8,35.0,20.0,200.0,300.0,AA2024-T3,AA2024-T3,2919.455291421721
26.018401323353498,33.02052503682091,formed z,0.3,0.9000000000000001,35.0,20.0,200.0,300.0,AA2024-T3,AA2024-T3,2919.455291421721
26.31217217646566,33.88951910531061,formed z,0.3,0.9000000000000001,40.0,20.0,200.0,399.99999999999994,AA2024-T3,AA2024-T3,3247.7107472252355
26.31217217646566,33.88951910531061,formed z,0.3,0.8,40.0,20.0,200.0,399.99999999999994,AA2024-T3,AA2024-T3,3247.710747225235
26.31217217646566,33.88951910531061,j,0.3,0.8,40.0,20.0,200.0,399.99999999999994,AA2024-T3,AA2024-T3,3247.710747225235
26.31217217646566,33.88951910531061,z,0.3,0.8,40.0,20.0,200.0,399.99999999999994,AA2024-T3,AA2024-T3,3247.710747225235
26.31217217646566,33.88951910531061,j,0.3,0.9000000000000001,40.0,20.0,200.0,399.99999999999994,AA2024-T3,AA2024-T3,3247.710747225235
26.31217217646566,33.88951910531061,z,0.3,0.9000000000000001,40.0,20.0,200.0,399.99999999999994,AA2024-T3,AA2024-T3,3247.710747225235
26.31496419417827,33.67437300557709,z,0.3,0.9000000000000001,35.0,20.0,180.00000000000003,350.0,AA2024-T3,AA2024-T3,3269.4126175796414
26.31496419417827,33.67437300557709,formed z,0.3,0.9000000000000001,35.0,20.0,180.00000000000003,350.0,AA2024-T3,AA2024-T3,3269.4126175796414
26.31496419417827,33.67437300557709,j,0.3,0.8,35.0,20.0,180.00000000000003,350.0,AA2024-T3,AA2024-T3,3269.412617579642
26.31496419417827,33.67437300557709,formed z,0.3,0.8,35.0,20.0,180.00000000000003,350.0,AA2024-T3,AA2024-T3,3269.4126175796414
26.31496419417827,33.67437300557709,z,0.3,0.8,35.0,20.0,180.00000000000003,350.0,AA2024-T3,AA2024-T3,3269.4126175796414
26.31496419417827,33.67437300557709,j,0.3,0.9000000000000001,35.0,20.0,180.00000000000003,350.0,AA2024-T3,AA2024-T3,3269.412617579642
26.617111100428268,33.88951910531061,j,0.3,0.9000000000000001,40.0,20.0,200.0,350.0,AA2024-T3,AA2024-T3,3247.710747225235
26.617111100428268,33.88951910531061,z,0.3,0.9000000000000001,40.0,20.0,200.0,350.0,AA2024-T3,AA2024-T3,3247.710747225235
26.617111100428268,33.88951910531061,z,0.3,0.8,40.0,20.0,200.0,350.0,AA2024-T3,AA2024-T3,3247.710747225235
26.617111100428268,33.88951910531061,j,0.3,0.8,40.0,20.0,200.0,350.0,AA2024-T3,AA2024-T3,3247.710747225235
26.617111100428268,33.88951910531061,formed z,0.3,0.9000000000000001,40.0,20.0,200.0,350.0,AA2024-T3,AA2024-T3,3247.7107472252355
26.617111100428268,33.88951910531061,formed z,0.3,0.8,40.0,20.0,200.0,350.0,AA2024-T3,AA2024-T3,3247.710747225235
26.913673971253044,34.526914556627204,formed z,0.3,0.9000000000000001,35.0,20.0,160.00000000000003,449.99999999999994,AA2024-T3,AA2024-T3,3724.1128869141335
26.913673971253044,34.526914556627204,z,0.3,0.8,35.0,20.0,160.00000000000003,449.99999999999994,AA2024-T3,AA2024-T3,3724.1128869141335
26.913673971253044,34.526914556627204,j,0.3,0.9000000000000001,35.0,20.0,160.00000000000003,449.99999999999994,AA2024-T3,AA2024-T3,3724.1128869141344
26.913673971253044,34.526914556627204,formed z,0.3,0.8,35.0,20.0,160.00000000000003,449.99999999999994,AA2024-T3,AA2024-T3,3724.1128869141335
26.913673971253044,34.526914556627204,j,0.3,0.8,35.0,20.0,160.00000000000003,449.99999999999994,AA2024-T3,AA2024-T3,3724.1128869141344
26.913673971253044,34.526914556627204,z,0.3,0.9000000000000001,35.0,20.0,160.00000000000003,449.99999999999994,AA2024-T3,AA2024-T3,3724.1128869141335
26.924842042103496,33.67437300557709,formed z,0.3,0.9000000000000001,35.0,20.0,180.00000000000003,300.0,AA2024-T3,AA2024-T3,3269.4126175796414
26.924842042103496,33.67437300557709,formed z,0.3,0.8,35.0,20.0,180.00000000000003,300.0,AA2024-T3,AA2024-T3,3269.4126175796414
26.924842042103496,33.67437300557709,z,0.3,0.8,35.0,20.0,180.00000000000003,300.0,AA2024-T3,AA2024-T3,3269.4126175796414
26.924842042103496,33.67437300557709,j,0.3,0.9000000000000001,35.0,20.0,180.00000000000003,300.0,AA2024-T3,AA2024-T3,3269.412617579642
26.924842042103496,33.67437300557709,j,0.3,0.8,35.0,20.0,180.00000000000003,300.0,AA2024-T3,AA2024-T3,3269.412617579642
26.924842042103496,33.67437300557709,z,0.3,0.9000000000000001,35.0,20.0,180.00000000000003,300.0,AA2024-T3,AA2024-T3,3269.4126175796414
27.043165502503044,34.61701300396313,z,0.3,0.8,40.0,20.0,180.00000000000003,449.99999999999994,AA2024-T3,AA2024-T3,3633.4429826067835
27.043165502503044,34.61701300396313,z,0.3,0.9000000000000001,40.0,20.0,180.00000000000003,449.99999999999994,AA2024-T3,AA2024-T3,3633.4429826067835
27.043165502503044,34.61701300396313,formed z,0.3,0.9000000000000001,40.0,20.0,180.00000000000003,449.99999999999994,AA2024-T3,AA2024-T3,3633.442982606784
27.043165502503044,34.61701300396313,j,0.3,0.8,40.0,20.0,180.00000000000003,449.99999999999994,AA2024-T3,AA2024-T3,3633.4429826067835
27.043165502503044,34.61701300396313,formed z,0.3,0.8,40.0,20.0,180.00000000000003,449.99999999999994,AA2024-T3,AA2024-T3,3633.4429826067835
27.043165502503044,34.61701300396313,j,0.3,0.9000000000000001,40.0,20.0,180.00000000000003,449.99999999999994,AA2024-T3,AA2024-T3,3633.4429826067835
27.21582087750304,34.736780747085774,j,0.3,0.9000000000000001,44.99999999999999,20.0,200.0,449.99999999999994,AA2024-T3,AA2024-T3,3576.1657537234564
27.21582087750304,34.736780747085774,z,0.3,0.8,44.99999999999999,20.0,200.0,449.99999999999994,AA2024-T3,AA2024-T3,3576.165753723457
27.21582087750304,34.736780747085774,formed z,0.3,0.9000000000000001,44.99999999999999,20.0,200.0,449.99999999999994,AA2024-T3,AA2024-T3,3576.1657537234564
27.21582087750304,34.736780747085774,z,0.3,0.9000000000000001,44.99999999999999,20.0,200.0,449.99999999999994,AA2024-T3,AA2024-T3,3576.165753723457
27.21582087750304,34.736780747085774,j,0.3,0.8,44.99999999999999,20.0,200.0,449.99999999999994,AA2024-T3,AA2024-T3,3576.1657537234564
27.21582087750304,34.736780747085774,formed z,0.3,0.8,44.99999999999999,20.0,200.0,449.99999999999994,AA2024-T3,AA2024-T3,3576.165753723457
27.218612895215657,34.526914556627204,formed z,0.3,0.9000000000000001,35.0,20.0,160.00000000000003,399.99999999999994,AA2024-T3,AA2024-T3,3724.1128869141335
27.218612895215657,34.526914556627204,formed z,0.3,0.8,35.0,20.0,160.00000000000003,399.99999999999994,AA2024-T3,AA2024-T3,3724.1128869141335
27.218612895215657,34.526914556627204,j,0.3,0.9000000000000001,35.0,20.0,160.00000000000003,399.99999999999994,AA2024-T3,AA2024-T3,3724.1128869141344
27.218612895215657,34.526914556627204,z,0.3,0.8,35.0,20.0,160.00000000000003,399.99999999999994,AA2024-T3,AA2024-T3,3724.1128869141335
27.218612895215657,34.526914556627204,z,0.3,0.9000000000000001,35.0,20.0,160.00000000000003,399.99999999999994,AA2024-T3,AA2024-T3,3724.1128869141335
27.218612895215657,34.526914556627204,j,0.3,0.8,35.0,20.0,160.00000000000003,399.99999999999994,AA2024-T3,AA2024-T3,3724.1128869141344
27.226988948353494,33.88951910531061,j,0.3,0.8,40.0,20.0,200.0,300.0,AA2024-T3,AA2024-T3,3247.710747225235
27.226988948353494,33.88951910531061,formed z,0.3,0.9000000000000001,40.0,20.0,200.0,300.0,AA2024-T3,AA2024-T3,3247.7107472252355
27.226988948353494,33.88951910531061,formed z,0.3,0.8,40.0,20.0,200.0,300.0,AA2024-T3,AA2024-T3,3247.710747225235
27.226988948353494,33.88951910531061,z,0.3,0.9000000000000001,40.0,20.0,200.0,300.0,AA2024-T3,AA2024-T3,3247.710747225235
27.226988948353494,33.88951910531061,z,0.3,0.8,40.0,20.0,200.0,300.0,AA2024-T3,AA2024-T3,3247.710747225235
27.226988948353494,33.88951910531061,j,0.3,0.9000000000000001,40.0,20.0,200.0,300.0,AA2024-T3,AA2024-T3,3247.710747225235
27.348104426465657,34.61701300396313,z,0.3,0.8,40.0,20.0,180.00000000000003,399.99999999999994,AA2024-T3,AA2024-T3,3633.4429826067835
27.348104426465657,34.61701300396313,formed z,0.3,0.8,40.0,20.0,180.00000000000003,399.99999999999994,AA2024-T3,AA2024-T3,3633.4429826067835
27.348104426465657,34.61701300396313,j,0.3,0.9000000000000001,40.0,20.0,180.00000000000003,399.99999999999994,AA2024-T3,AA2024-T3,3633.4429826067835
27.348104426465657,34.61701300396313,z,0.3,0.9000000000000001,40.0,20.0,180.00000000000003,399.99999999999994,AA2024-T3,AA2024-T3,3633.4429826067835
27.348104426465657,34.61701300396313,formed z,0.3,0.9000000000000001,40.0,20.0,180.00000000000003,399.99999999999994,AA2024-T3,AA2024-T3,3633.442982606784
27.348104426465657,34.61701300396313,j,0.3,0.8,40.0,20.0,180.00000000000003,399.99999999999994,AA2024-T3,AA2024-T3,3633.4429826067835
27.520759801465655,34.736780747085774,j,0.3,0.8,44.99999999999999,20.0,200.0,399.99999999999994,AA2024-T3,AA2024-T3,3576.1657537234564
27.520759801465655,34.736780747085774,formed z,0.3,0.8,44.99999999999999,20.0,200.0,399.99999999999994,AA2024-T3,AA2024-T3,3576.165753723457
27.520759801465655,34.736780747085774,formed z,0.3,0.9000000000000001,44.99999999999999,20.0,200.0,399.99999999999994,AA2024-T3,AA2024-T3,3576.1657537234564
27.520759801465655,34.736780747085774,z,0.3,0.9000000000000001,44.99999999999999,20.0,200.0,399.99999999999994,AA2024-T3,AA2024-T3,3576.165753723457
27.520759801465655,34.736780747085774,z,0.3,0.8,44.99999999999999,20.0,200.0,399.99999999999994,AA2024-T3,AA2024-T3,3576.165753723457
27.520759801465655,34.736780747085774,j,0.3,0.9000000000000001,44.99999999999999,20.0,200.0,399.99999999999994,AA2024-T3,AA2024-T3,3576.1657537234564
27.52355181917827,34.526914556627204,formed z,0.3,0.9000000000000001,35.0,20.0,160.00000000000003,350.0,AA2024-T3,AA2024-T3,3724.1128869141335
27.52355181917827,34.526914556627204,z,0.3,0.9000000000000001,35.0,20.0,160.00000000000003,350.0,AA2024-T3,AA2024-T3,3724.1128869141335
27.52355181917827,34.526914556627204,z,0.3,0.8,35.0,20.0,160.00000000000003,350.0,AA2024-T3,AA2024-T3,3724.1128869141335
27.52355181917827,34.526914556627204,j,0.3,0.9000000000000001,35.0,20.0,160.00000000000003,350.0,AA2024-T3,AA2024-T3,3724.1128869141344
27.52355181917827,34.526914556627204,formed z,0.3,0.8,35.0,20.0,160.00000000000003,350.0,AA2024-T3,AA2024-T3,3724.1128869141335
27.52355181917827,34.526914556627204,j,0.3,0.8,35.0,20.0,160.00000000000003,350.0,AA2024-T3,AA2024-T3,3724.1128869141344
27.65304335042827,34.61701300396313,j,0.3,0.9000000000000001,40.0,20.0,180.00000000000003,350.0,AA2024-T3,AA2024-T3,3633.4429826067835
27.65304335042827,34.61701300396313,z,0.3,0.9000000000000001,40.0,20.0,180.00000000000003,350.0,AA2024-T3,AA2024-T3,3633.4429826067835
27.65304335042827,34.61701300396313,j,0.3,0.8,40.0,20.0,180.00000000000003,350.0,AA2024-T3,AA2024-T3,3633.4429826067835
27.65304335042827,34.61701300396313,formed z,0.3,0.9000000000000001,40.0,20.0,180.00000000000003,350.0,AA2024-T3,AA2024-T3,3633.442982606784
27.65304335042827,34.61701300396313,z,0.3,0.8,40.0,20.0,180.00000000000003,350.0,AA2024-T3,AA2024-T3,3633.4429826067835
27.65304335042827,34.61701300396313,formed z,0.3,0.8,40.0,20.0,180.00000000000003,350.0,AA2024-T3,AA2024-T3,3633.4429826067835
27.825698725428268,34.736780747085774,formed z,0.3,0.9000000000000001,44.99999999999999,20.0,200.0,350.0,AA2024-T3,AA2024-T3,3576.1657537234564
27.825698725428268,34.736780747085774,formed z,0.3,0.8,44.99999999999999,20.0,200.0,350.0,AA2024-T3,AA2024-T3,3576.165753723457
27.825698725428268,34.736780747085774,j,0.3,0.9000000000000001,44.99999999999999,20.0,200.0,350.0,AA2024-T3,AA2024-T3,3576.1657537234564
27.825698725428268,34.736780747085774,j,0.3,0.8,44.99999999999999,20.0,200.0,350.0,AA2024-T3,AA2024-T3,3576.1657537234564
27.825698725428268,34.736780747085774,z,0.3,0.9000000000000001,44.99999999999999,20.0,200.0,350.0,AA2024-T3,AA2024-T3,3576.165753723457
27.825698725428268,34.736780747085774,z,0.3,0.8,44.99999999999999,20.0,200.0,350.0,AA2024-T3,AA2024-T3,3576.165753723457
28.133429667103496,34.526914556627204,j,0.3,0.9000000000000001,35.0,20.0,160.00000000000003,300.0,AA2024-T3,AA2024-T3,3724.1128869141344
28.133429667103496,34.526914556627204,formed z,0.3,0.8,35.0,20.0,160.00000000000003,300.0,AA2024-T3,AA2024-T3,3724.1128869141335
28.133429667103496,34.526914556627204,formed z,0.3,0.9000000000000001,35.0,20.0,160.00000000000003,300.0,AA2024-T3,AA2024-T3,3724.1128869141335
28.133429667103496,34.526914556627204,j,0.3,0.8,35.0,20.0,160.00000000000003,300.0,AA2024-T3,AA2024-T3,3724.1128869141344
28.133429667103496,34.526914556627204,z,0.3,0.8,35.0,20.0,160.00000000000003,300.0,AA2024-T3,AA2024-T3,3724.1128869141335
28.133429667103496,34.526914556627204,z,0.3,0.9000000000000001,35.0,20.0,160.00000000000003,300.0,AA2024-T3,AA2024-T3,3724.1128869141335
28.262921198353496,34.61701300396313,formed z,0.3,0.9000000000000001,40.0,20.0,180.00000000000003,300.0,AA2024-T3,AA2024-T3,3633.442982606784
28.262921198353496,34.61701300396313,z,0.3,0.9000000000000001,40.0,20.0,180.00000000000003,300.0,AA2024-T3,AA2024-T3,3633.4429826067835
28.262921198353496,34.61701300396313,j,0.3,0.9000000000000001,40.0,20.0,180.00000000000003,300.0,AA2024-T3,AA2024-T3,3633.4429826067835
28.262921198353496,34.61701300396313,z,0.3,0.8,40.0,20.0,180.00000000000003,300.0,AA2024-T3,AA2024-T3,3633.4429826067835
28.262921198353496,34.61701300396313,j,0.3,0.8,40.0,20.0,180.00000000000003,300.0,AA2024-T3,AA2024-T3,3633.4429826067835
28.262921198353496,34.61701300396313,formed z,0.3,0.8,40.0,20.0,180.00000000000003,300.0,AA2024-T3,AA2024-T3,3633.4429826067835
28.381244658753044,35.534656060167045,j,0.3,0.9000000000000001,44.99999999999999,20.0,180.00000000000003,449.99999999999994,AA2024-T3,AA2024-T3,3997.6465895541146
28.381244658753044,35.534656060167045,formed z,0.3,0.8,44.99999999999999,20.0,180.00000000000003,449.99999999999994,AA2024-T3,AA2024-T3,3997.6465895541155
28.381244658753044,35.534656060167045,z,0.3,0.8,44.99999999999999,20.0,180.00000000000003,449.99999999999994,AA2024-T3,AA2024-T3,3997.6465895541155
28.381244658753044,35.534656060167045,z,0.3,0.9000000000000001,44.99999999999999,20.0,180.00000000000003,449.99999999999994,AA2024-T3,AA2024-T3,3997.646589554116
28.381244658753044,35.534656060167045,formed z,0.3,0.9000000000000001,44.99999999999999,20.0,180.00000000000003,449.99999999999994,AA2024-T3,AA2024-T3,3997.6465895541146
28.381244658753044,35.534656060167045,j,0.3,0.8,44.99999999999999,20.0,180.00000000000003,449.99999999999994,AA2024-T3,AA2024-T3,3997.6465895541146
28.42440850250304,35.563863234370444,j,0.3,0.8,35.0,20.0,140.0,449.99999999999994,AA2024-T3,AA2024-T3,4313.927657183332
28.42440850250304,35.563863234370444,j,0.3,0.8,40.0,20.0,160.00000000000003,449.99999999999994,AA2024-T3,AA2024-T3,4135.02890503436
28.42440850250304,35.563863234370444,z,0.3,0.8,49.99999999999999,20.0,200.0,449.99999999999994,AA2024-T3,AA2024-T3,3904.7930994580156
28.42440850250304,35.563863234370444,z,0.3,0.8,40.0,20.0,160.00000000000003,449.99999999999994,AA2024-T3,AA2024-T3,4135.02890503436
28.42440850250304,35.563863234370444,formed z,0.3,0.8,40.0,20.0,160.00000000000003,449.99999999999994,AA2024-T3,AA2024-T3,4135.02890503436
28.42440850250304,35.563863234370444,formed z,0.3,0.9000000000000001,40.0,20.0,160.00000000000003,449.99999999999994,AA2024-T3,AA2024-T3,4135.028905034361
28.42440850250304,35.563863234370444,j,0.3,0.9000000000000001,35.0,20.0,140.0,449.99999999999994,AA2024-T3,AA2024-T3,4313.927657183332
28.42440850250304,35.563863234370444,z,0.3,0.9000000000000001,49.99999999999999,20.0,200.0,449.99999999999994,AA2024-T3,AA2024-T3,3904.7930994580156
28.42440850250304,35.563863234370444,j,0.3,0.9000000000000001,40.0,20.0,160.00000000000003,449.99999999999994,AA2024-T3,AA2024-T3,4135.02890503436
28.42440850250304,35.563863234370444,z,0.3,0.8,35.0,20.0,140.0,449.99999999999994,AA2024-T3,AA2024-T3,4313.927657183331
28.42440850250304,35.563863234370444,j,0.3,0.8,49.99999999999999,20.0,200.0,449.99999999999994,AA2024-T3,AA2024-T3,3904.793099458017
28.42440850250304,35.563863234370444,formed z,0.3,0.8,35.0,20.0,140.0,449.99999999999994,AA2024-T3,AA2024-T3,4313.927657183331
28.42440850250304,35.563863234370444,j,0.3,0.9000000000000001,49.99999999999999,20.0,200.0,449.99999999999994,AA2024-T3,AA2024-T3,3904.7930994580156
28.42440850250304,35.563863234370444,formed z,0.3,0.9000000000000001,35.0,20.0,140.0,449.99999999999994,AA2024-T3,AA2024-T3,4313.927657183331
28.42440850250304,35.563863234370444,z,0.3,0.9000000000000001,40.0,20.0,160.00000000000003,449.99999999999994,AA2024-T3,AA2024-T3,4135.02890503436
28.42440850250304,35.563863234370444,formed z,0.3,0.9000000000000001,49.99999999999999,20.0,200.0,449.99999999999994,AA2024-T3,AA2024-T3,3904.7930994580156
28.42440850250304,35.563863234370444,formed z,0.3,0.8,49.99999999999999,20.0,200.0,449.99999999999994,AA2024-T3,AA2024-T3,3904.7930994580156
28.42440850250304,35.563863234370444,z,0.3,0.9000000000000001,35.0,20.0,140.0,449.99999999999994,AA2024-T3,AA2024-T3,4313.927657183331
28.435576573353494,34.736780747085774,formed z,0.3,0.9000000000000001,44.99999999999999,20.0,200.0,300.0,AA2024-T3,AA2024-T3,3576.1657537234564
28.435576573353494,34.736780747085774,j,0.3,0.9000000000000001,44.99999999999999,20.0,200.0,300.0,AA2024-T3,AA2024-T3,3576.1657537234564
28.435576573353494,34.736780747085774,j,0.3,0.8,44.99999999999999,20.0,200.0,300.0,AA2024-T3,AA2024-T3,3576.1657537234564
28.435576573353494,34.736780747085774,formed z,0.3,0.8,44.99999999999999,20.0,200.0,300.0,AA2024-T3,AA2024-T3,3576.165753723457
28.435576573353494,34.736780747085774,z,0.3,0.9000000000000001,44.99999999999999,20.0,200.0,300.0,AA2024-T3,AA2024-T3,3576.165753723457
28.435576573353494,34.736780747085774,z,0.3,0.8,44.99999999999999,20.0,200.0,300.0,AA2024-T3,AA2024-T3,3576.165753723457
28.686183582715657,35.534656060167045,z,0.3,0.9000000000000001,44.99999999999999,20.0,180.00000000000003,399.99999999999994,AA2024-T3,AA2024-T3,3997.646589554116
28.686183582715657,35.534656060167045,formed z,0.3,0.9000000000000001,44.99999999999999,20.0,180.00000000000003,399.99999999999994,AA2024-T3,AA2024-T3,3997.6465895541146
28.686183582715657,35.534656060167045,j,0.3,0.9000000000000001,44.99999999999999,20.0,180.00000000000003,399.99999999999994,AA2024-T3,AA2024-T3,3997.6465895541146
28.686183582715657,35.534656060167045,formed z,0.3,0.8,44.99999999999999,20.0,180.00000000000003,399.99999999999994,AA2024-T3,AA2024-T3,3997.6465895541155
28.686183582715657,35.534656060167045,z,0.3,0.8,44.99999999999999,20.0,180.00000000000003,399.99999999999994,AA2024-T3,AA2024-T3,3997.6465895541155
28.686183582715657,35.534656060167045,j,0.3,0.8,44.99999999999999,20.0,180.00000000000003,399.99999999999994,AA2024-T3,AA2024-T3,3997.6465895541146
28.729347426465655,35.563863234370444,j,0.3,0.9000000000000001,35.0,20.0,140.0,399.99999999999994,AA2024-T3,AA2024-T3,4313.927657183332
28.729347426465655,35.563863234370444,formed z,0.3,0.9000000000000001,40.0,20.0,160.00000000000003,399.99999999999994,AA2024-T3,AA2024-T3,4135.028905034361
28.729347426465655,35.563863234370444,formed z,0.3,0.9000000000000001,35.0,20.0,140.0,399.99999999999994,AA2024-T3,AA2024-T3,4313.927657183331
28.729347426465655,35.563863234370444,formed z,0.3,0.9000000000000001,49.99999999999999,20.0,200.0,399.99999999999994,AA2024-T3,AA2024-T3,3904.7930994580156
28.729347426465655,35.563863234370444,j,0.3,0.9000000000000001,49.99999999999999,20.0,200.0,399.99999999999994,AA2024-T3,AA2024-T3,3904.7930994580156
28.729347426465655,35.563863234370444,z,0.3,0.8,49.99999999999999,20.0,200.0,399.99999999999994,AA2024-T3,AA2024-T3,3904.7930994580156
28.729347426465655,35.563863234370444,z,0.3,0.8,35.0,20.0,140.0,399.99999999999994,AA2024-T3,AA2024-T3,4313.927657183331
28.729347426465655,35.563863234370444,z,0.3,0.8,40.0,20.0,160.00000000000003,399.99999999999994,AA2024-T3,AA2024-T3,4135.02890503436
28.729347426465655,35.563863234370444,j,0.3,0.9000000000000001,40.0,20.0,160.00000000000003,399.99999999999994,AA2024-T3,AA2024-T3,4135.02890503436
28.729347426465655,35.563863234370444,z,0.3,0.9000000000000001,49.99999999999999,20.0,200.0,399.99999999999994,AA2024-T3,AA2024-T3,3904.7930994580156
28.729347426465655,35.563863234370444,j,0.3,0.8,40.0,20.0,160.00000000000003,399.99999999999994,AA2024-T3,AA2024-T3,4135.02890503436
28.729347426465655,35.563863234370444,j,0.3,0.8,49.99999999999999,20.0,200.0,399.99999999999994,AA2024-T3,AA2024-T3,3904.793099458017
28.729347426465655,35.563863234370444,j,0.3,0.8,35.0,20.0,140.0,399.99999999999994,AA2024-T3,AA2024-T3,4313.927657183332
28.729347426465655,35.563863234370444,formed z,0.3,0.8,40.0,20.0,160.00000000000003,399.99999999999994,AA2024-T3,AA2024-T3,4135.02890503436
28.729347426465655,35.563863234370444,z,0.3,0.9000000000000001,40.0,20.0,160.00000000000003,399.99999999999994,AA2024-T3,AA2024-T3,4135.02890503436
28.729347426465655,35.563863234370444,formed z,0.3,0.8,35.0,20.0,140.0,399.99999999999994,AA2024-T3,AA2024-T3,4313.927657183331
28.729347426465655,35.563863234370444,formed z,0.3,0.8,49.99999999999999,20.0,200.0,399.99999999999994,AA2024-T3,AA2024-T3,3904.7930994580156
28.729347426465655,35.563863234370444,z,0.3,0.9000000000000001,35.0,20.0,140.0,399.99999999999994,AA2024-T3,AA2024-T3,4313.927657183331
28.99112250667827,35.534656060167045,formed z,0.3,0.9000000000000001,44.99999999999999,20.0,180.00000000000003,350.0,AA2024-T3,AA2024-T3,3997.6465895541146
28.99112250667827,35.534656060167045,z,0.3,0.9000000000000001,44.99999999999999,20.0,180.00000000000003,350.0,AA2024-T3,AA2024-T3,3997.646589554116
28.99112250667827,35.534656060167045,z,0.3,0.8,44.99999999999999,20.0,180.00000000000003,350.0,AA2024-T3,AA2024-T3,3997.6465895541155
28.99112250667827,35.534656060167045,formed z,0.3,0.8,44.99999999999999,20.0,180.00000000000003,350.0,AA2024-T3,AA2024-T3,3997.6465895541155
28.99112250667827,35.534656060167045,j,0.3,0.9000000000000001,44.99999999999999,20.0,180.00000000000003,350.0,AA2024-T3,AA2024-T3,3997.6465895541146
28.99112250667827,35.534656060167045,j,0.3,0.8,44.99999999999999,20.0,180.00000000000003,350.0,AA2024-T3,AA2024-T3,3997.6465895541146
29.034286350428268,35.563863234370444,z,0.3,0.8,40.0,20.0,160.00000000000003,350.0,AA2024-T3,AA2024-T3,4135.02890503436
29.034286350428268,35.563863234370444,z,0.3,0.8,35.0,20.0,140.0,350.0,AA2024-T3,AA2024-T3,4313.927657183331
29.034286350428268,35.563863234370444,j,0.3,0.8,35.0,20.0,140.0,350.0,AA2024-T3,AA2024-T3,4313.927657183332
29.034286350428268,35.563863234370444,j,0.3,0.8,49.99999999999999,20.0,200.0,350.0,AA2024-T3,AA2024-T3,3904.793099458017
29.034286350428268,35.563863234370444,j,0.3,0.9000000000000001,40.0,20.0,160.00000000000003,350.0,AA2024-T3,AA2024-T3,4135.02890503436
29.034286350428268,35.563863234370444,z,0.3,0.8,49.99999999999999,20.0,200.0,350.0,AA2024-T3,AA2024-T3,3904.7930994580156
29.034286350428268,35.563863234370444,formed z,0.3,0.9000000000000001,40.0,20.0,160.00000000000003,350.0,AA2024-T3,AA2024-T3,4135.028905034361
29.034286350428268,35.563863234370444,j,0.3,0.9000000000000001,35.0,20.0,140.0,350.0,AA2024-T3,AA2024-T3,4313.927657183332
29.034286350428268,35.563863234370444,formed z,0.3,0.8,40.0,20.0,160.00000000000003,350.0,AA2024-T3,AA2024-T3,4135.02890503436
29.034286350428268,35.563863234370444,z,0.3,0.9000000000000001,49.99999999999999,20.0,200.0,350.0,AA2024-T3,AA2024-T3,3904.7930994580156
29.034286350428268,35.563863234370444,j,0.3,0.9000000000000001,49.99999999999999,20.0,200.0,350.0,AA2024-T3,AA2024-T3,3904.7930994580156
29.034286350428268,35.563863234370444,formed z,0.3,0.8,35.0,20.0,140.0,350.0,AA2024-T3,AA2024-T3,4313.927657183331
29.034286350428268,35.563863234370444,formed z,0.3,0.9000000000000001,35.0,20.0,140.0,350.0,AA2024-T3,AA2024-T3,4313.927657183331
29.034286350428268,35.563863234370444,z,0.3,0.9000000000000001,40.0,20.0,160.00000000000003,350.0,AA2024-T3,AA2024-T3,4135.02890503436
29.034286350428268,35.563863234370444,j,0.3,0.8,40.0,20.0,160.00000000000003,350.0,AA2024-T3,AA2024-T3,4135.02890503436
29.034286350428268,35.563863234370444,formed z,0.3,0.9000000000000001,49.99999999999999,20.0,200.0,350.0,AA2024-T3,AA2024-T3,3904.7930994580156
29.034286350428268,35.563863234370444,formed z,0.3,0.8,49.99999999999999,20.0,200.0,350.0,AA2024-T3,AA2024-T3,3904.7930994580156
29.034286350428268,35.563863234370444,z,0.3,0.9000000000000001,35.0,20.0,140.0,350.0,AA2024-T3,AA2024-T3,4313.927657183331
29.5332988890913,48.408198108606264,formed z,0.39999999999999997,0.9000000000000001,35.0,20.0,200.0,449.99999999999994,AA2024-T3,AA2024-T3,3575.6514127661035
29.5332988890913,48.408198108606264,z,0.39999999999999997,0.9000000000000001,35.0,20.0,200.0,449.99999999999994,AA2024-T3,AA2024-T3,3575.6514127661035
29.5332988890913,48.408198108606264,z,0.39999999999999997,0.8,35.0,20.0,200.0,449.99999999999994,AA2024-T3,AA2024-T3,3575.6514127661035
29.5332988890913,48.408198108606264,j,0.39999999999999997,0.9000000000000001,35.0,20.0,200.0,449.99999999999994,AA2024-T3,AA2024-T3,3575.6514127661035
29.5332988890913,48.408198108606264,formed z,0.39999999999999997,0.8,35.0,20.0,200.0,449.99999999999994,AA2024-T3,AA2024-T3,3575.6514127661035
29.5332988890913,48.408198108606264,j,0.39999999999999997,0.8,35.0,20.0,200.0,449.99999999999994,AA2024-T3,AA2024-T3,3575.6514127661035
29.601000354603496,35.534656060167045,formed z,0.3,0.8,44.99999999999999,20.0,180.00000000000003,300.0,AA2024-T3,AA2024-T3,3997.6465895541155
29.601000354603496,35.534656060167045,j,0.3,0.8,44.99999999999999,20.0,180.00000000000003,300.0,AA2024-T3,AA2024-T3,3997.6465895541146
29.601000354603496,35.534656060167045,formed z,0.3,0.9000000000000001,44.99999999999999,20.0,180.00000000000003,300.0,AA2024-T3,AA2024-T3,3997.6465895541146
29.601000354603496,35.534656060167045,z,0.3,0.8,44.99999999999999,20.0,180.00000000000003,300.0,AA2024-T3,AA2024-T3,3997.6465895541155
29.601000354603496,35.534656060167045,z,0.3,0.9000000000000001,44.99999999999999,20.0,180.00000000000003,300.0,AA2024-T3,AA2024-T3,3997.646589554116
29.601000354603496,35.534656060167045,j,0.3,0.9000000000000001,44.99999999999999,20.0,180.00000000000003,300.0,AA2024-T3,AA2024-T3,3997.6465895541146
29.63299612750304,36.372143181766205,j,0.3,0.9000000000000001,54.99999999999999,20.0,200.0,449.99999999999994,AA2024-T3,AA2024-T3,4233.570305398087
29.63299612750304,36.372143181766205,j,0.3,0.8,54.99999999999999,20.0,200.0,449.99999999999994,AA2024-T3,AA2024-T3,4233.570305398087
29.63299612750304,36.372143181766205,formed z,0.3,0.9000000000000001,54.99999999999999,20.0,200.0,449.99999999999994,AA2024-T3,AA2024-T3,4233.570305398087
29.63299612750304,36.372143181766205,z,0.3,0.8,54.99999999999999,20.0,200.0,449.99999999999994,AA2024-T3,AA2024-T3,4233.570305398087
29.63299612750304,36.372143181766205,z,0.3,0.9000000000000001,54.99999999999999,20.0,200.0,449.99999999999994,AA2024-T3,AA2024-T3,4233.570305398087
29.63299612750304,36.372143181766205,formed z,0.3,0.8,54.99999999999999,20.0,200.0,449.99999999999994,AA2024-T3,AA2024-T3,4233.570305398087
29.644164198353494,35.563863234370444,j,0.3,0.9000000000000001,35.0,20.0,140.0,300.0,AA2024-T3,AA2024-T3,4313.927657183332
29.644164198353494,35.563863234370444,j,0.3,0.8,49.99999999999999,20.0,200.0,300.0,AA2024-T3,AA2024-T3,3904.793099458017
29.644164198353494,35.563863234370444,formed z,0.3,0.8,40.0,20.0,160.00000000000003,300.0,AA2024-T3,AA2024-T3,4135.02890503436
29.644164198353494,35.563863234370444,formed z,0.3,0.9000000000000001,40.0,20.0,160.00000000000003,300.0,AA2024-T3,AA2024-T3,4135.028905034361
29.644164198353494,35.563863234370444,j,0.3,0.8,35.0,20.0,140.0,300.0,AA2024-T3,AA2024-T3,4313.927657183332
29.644164198353494,35.563863234370444,z,0.3,0.8,40.0,20.0,160.00000000000003,300.0,AA2024-T3,AA2024-T3,4135.02890503436
29.644164198353494,35.563863234370444,z,0.3,0.9000000000000001,35.0,20.0,140.0,300.0,AA2024-T3,AA2024-T3,4313.927657183331
29.644164198353494,35.563863234370444,formed z,0.3,0.9000000000000001,49.99999999999999,20.0,200.0,300.0,AA2024-T3,AA2024-T3,3904.7930994580156
29.644164198353494,35.563863234370444,j,0.3,0.9000000000000001,49.99999999999999,20.0,200.0,300.0,AA2024-T3,AA2024-T3,3904.7930994580156
29.644164198353494,35.563863234370444,z,0.3,0.8,35.0,20.0,140.0,300.0,AA2024-T3,AA2024-T3,4313.927657183331
29.644164198353494,35.563863234370444,j,0.3,0.9000000000000001,40.0,20.0,160.00000000000003,300.0,AA2024-T3,AA2024-T3,4135.02890503436
29.644164198353494,35.563863234370444,z,0.3,0.8,49.99999999999999,20.0,200.0,300.0,AA2024-T3,AA2024-T3,3904.7930994580156
29.644164198353494,35.563863234370444,z,0.3,0.9000000000000001,49.99999999999999,20.0,200.0,300.0,AA2024-T3,AA2024-T3,3904.7930994580156
29.644164198353494,35.563863234370444,formed z,0.3,0.8,35.0,20.0,140.0,300.0,AA2024-T3,AA2024-T3,4313.927657183331
29.644164198353494,35.563863234370444,z,0.3,0.9000000000000001,40.0,20.0,160.00000000000003,300.0,AA2024-T3,AA2024-T3,4135.02890503436
29.644164198353494,35.563863234370444,formed z,0.3,0.8,49.99999999999999,20.0,200.0,300.0,AA2024-T3,AA2024-T3,3904.7930994580156
29.644164198353494,35.563863234370444,j,0.3,0.8,40.0,20.0,160.00000000000003,300.0,AA2024-T3,AA2024-T3,4135.02890503436
29.644164198353494,35.563863234370444,formed z,0.3,0.9000000000000001,35.0,20.0,140.0,300.0,AA2024-T3,AA2024-T3,4313.927657183331
29.719323815003044,36.42919122506263,z,0.3,0.9000000000000001,49.99999999999999,20.0,180.00000000000003,449.99999999999994,AA2024-T3,AA2024-T3,4361.99845160622
29.719323815003044,36.42919122506263,z,0.3,0.8,49.99999999999999,20.0,180.00000000000003,449.99999999999994,AA2024-T3,AA2024-T3,4361.99845160622
29.719323815003044,36.42919122506263,j,0.3,0.8,49.99999999999999,20.0,180.00000000000003,449.99999999999994,AA2024-T3,AA2024-T3,4361.998451606221
29.719323815003044,36.42919122506263,formed z,0.3,0.9000000000000001,49.99999999999999,20.0,180.00000000000003,449.99999999999994,AA2024-T3,AA2024-T3,4361.99845160622
29.719323815003044,36.42919122506263,j,0.3,0.9000000000000001,49.99999999999999,20.0,180.00000000000003,449.99999999999994,AA2024-T3,AA2024-T3,4361.99845160622
29.719323815003044,36.42919122506263,formed z,0.3,0.8,49.99999999999999,20.0,180.00000000000003,449.99999999999994,AA2024-T3,AA2024-T3,4361.99845160622
29.83823781305391,48.408198108606264,z,0.39999999999999997,0.8,35.0,20.0,200.0,399.99999999999994,AA2024-T3,AA2024-T3,3575.6514127661035
29.83823781305391,48.408198108606264,j,0.39999999999999997,0.8,35.0,20.0,200.0,399.99999999999994,AA2024-T3,AA2024-T3,3575.6514127661035
29.83823781305391,48.408198108606264,j,0.39999999999999997,0.9000000000000001,35.0,20.0,200.0,399.99999999999994,AA2024-T3,AA2024-T3,3575.6514127661035
29.83823781305391,48.408198108606264,z,0.39999999999999997,0.9000000000000001,35.0,20.0,200.0,399.99999999999994,AA2024-T3,AA2024-T3,3575.6514127661035
29.83823781305391,48.408198108606264,formed z,0.39999999999999997,0.8,35.0,20.0,200.0,399.99999999999994,AA2024-T3,AA2024-T3,3575.6514127661035
29.83823781305391,48.408198108606264,formed z,0.39999999999999997,0.9000000000000001,35.0,20.0,200.0,399.99999999999994,AA2024-T3,AA2024-T3,3575.6514127661035
29.935143033753043,36.57142200551375,z,0.3,0.8,44.99999999999999,20.0,160.00000000000003,449.99999999999994,AA2024-T3,AA2024-T3,4546.162386004285
29.935143033753043,36.57142200551375,j,0.3,0.9000000000000001,44.99999999999999,20.0,160.00000000000003,449.99999999999994,AA2024-T3,AA2024-T3,4546.162386004285
29.935143033753043,36.57142200551375,formed z,0.3,0.9000000000000001,44.99999999999999,20.0,160.00000000000003,449.99999999999994,AA2024-T3,AA2024-T3,4546.162386004285
29.935143033753043,36.57142200551375,j,0.3,0.8,44.99999999999999,20.0,160.00000000000003,449.99999999999994,AA2024-T3,AA2024-T3,4546.162386004285
29.935143033753043,36.57142200551375,z,0.3,0.9000000000000001,44.99999999999999,20.0,160.00000000000003,449.99999999999994,AA2024-T3,AA2024-T3,4546.1623860042855
29.935143033753043,36.57142200551375,formed z,0.3,0.8,44.99999999999999,20.0,160.00000000000003,449.99999999999994,AA2024-T3,AA2024-T3,4546.162386004285
29.937935051465658,36.372143181766205,formed z,0.3,0.9000000000000001,54.99999999999999,20.0,200.0,399.99999999999994,AA2024-T3,AA2024-T3,4233.570305398087
29.937935051465658,36.372143181766205,z,0.3,0.8,54.99999999999999,20.0,200.0,399.99999999999994,AA2024-T3,AA2024-T3,4233.570305398087
29.937935051465658,36.372143181766205,z,0.3,0.9000000000000001,54.99999999999999,20.0,200.0,399.99999999999994,AA2024-T3,AA2024-T3,4233.570305398087
29.937935051465658,36.372143181766205,j,0.3,0.9000000000000001,54.99999999999999,20.0,200.0,399.99999999999994,AA2024-T3,AA2024-T3,4233.570305398087
29.937935051465658,36.372143181766205,j,0.3,0.8,54.99999999999999,20.0,200.0,399.99999999999994,AA2024-T3,AA2024-T3,4233.570305398087
29.937935051465658,36.372143181766205,formed z,0.3,0.8,54.99999999999999,20.0,200.0,399.99999999999994,AA2024-T3,AA2024-T3,4233.570305398087
30.024262738965657,36.42919122506263,j,0.3,0.8,49.99999999999999,20.0,180.00000000000003,399.99999999999994,AA2024-T3,AA2024-T3,4361.998451606221
30.024262738965657,36.42919122506263,formed z,0.3,0.8,49.99999999999999,20.0,180.00000000000003,399.99999999999994,AA2024-T3,AA2024-T3,4361.99845160622
30.024262738965657,36.42919122506263,j,0.3,0.9000000000000001,49.99999999999999,20.0,180.00000000000003,399.99999999999994,AA2024-T3,AA2024-T3,4361.99845160622
30.024262738965657,36.42919122506263,z,0.3,0.8,49.99999999999999,20.0,180.00000000000003,399.99999999999994,AA2024-T3,AA2024-T3,4361.99845160622
30.024262738965657,36.42919122506263,z,0.3,0.9000000000000001,49.99999999999999,20.0,180.00000000000003,399.99999999999994,AA2024-T3,AA2024-T3,4361.99845160622
30.024262738965657,36.42919122506263,formed z,0.3,0.9000000000000001,49.99999999999999,20.0,180.00000000000003,399.99999999999994,AA2024-T3,AA2024-T3,4361.99845160622
30.14317673701652,48.408198108606264,j,0.39999999999999997,0.9000000000000001,35.0,20.0,200.0,350.0,AA2024-T3,AA2024-T3,3575.6514127661035
30.14317673701652,48.408198108606264,z,0.39999999999999997,0.8,35.0,20.0,200.0,350.0,AA2024-T3,AA2024-T3,3575.6514127661035
30.14317673701652,48.408198108606264,z,0.39999999999999997,0.9000000000000001,35.0,20.0,200.0,350.0,AA2024-T3,AA2024-T3,3575.6514127661035
30.14317673701652,48.408198108606264,j,0.39999999999999997,0.8,35.0,20.0,200.0,350.0,AA2024-T3,AA2024-T3,3575.6514127661035
30.14317673701652,48.408198108606264,formed z,0.39999999999999997,0.8,35.0,20.0,200.0,350.0,AA2024-T3,AA2024-T3,3575.6514127661035
30.14317673701652,48.408198108606264,formed z,0.39999999999999997,0.9000000000000001,35.0,20.0,200.0,350.0,AA2024-T3,AA2024-T3,3575.6514127661035
30.150962252503042,36.71310177169142,z,0.3,0.8,40.0,20.0,140.0,449.99999999999994,AA2024-T3,AA2024-T3,4783.934317405431
30.150962252503042,36.71310177169142,formed z,0.3,0.9000000000000001,40.0,20.0,140.0,449.99999999999994,AA2024-T3,AA2024-T3,4783.934317405432
30.150962252503042,36.71310177169142,j,0.3,0.9000000000000001,40.0,20.0,140.0,449.99999999999994,AA2024-T3,AA2024-T3,4783.934317405431
30.150962252503042,36.71310177169142,z,0.3,0.9000000000000001,40.0,20.0,140.0,449.99999999999994,AA2024-T3,AA2024-T3,4783.934317405431
30.150962252503042,36.71310177169142,j,0.3,0.8,40.0,20.0,140.0,449.99999999999994,AA2024-T3,AA2024-T3,4783.934317405431
30.150962252503042,36.71310177169142,formed z,0.3,0.8,40.0,20.0,140.0,449.99999999999994,AA2024-T3,AA2024-T3,4783.934317405431
30.23728994000304,36.76962082175786,z,0.3,0.9000000000000001,35.0,20.0,120.00000000000001,449.99999999999994,AA2024-T3,AA2024-T3,5085.278904150131
30.23728994000304,36.76962082175786,z,0.3,0.8,35.0,20.0,120.00000000000001,449.99999999999994,AA2024-T3,AA2024-T3,5085.278904150131
30.23728994000304,36.76962082175786,j,0.3,0.8,35.0,20.0,120.00000000000001,449.99999999999994,AA2024-T3,AA2024-T3,5085.278904150131
30.23728994000304,36.76962082175786,formed z,0.3,0.9000000000000001,35.0,20.0,120.00000000000001,449.99999999999994,AA2024-T3,AA2024-T3,5085.278904150131
30.23728994000304,36.76962082175786,formed z,0.3,0.8,35.0,20.0,120.00000000000001,449.99999999999994,AA2024-T3,AA2024-T3,5085.278904150131
30.23728994000304,36.76962082175786,j,0.3,0.9000000000000001,35.0,20.0,120.00000000000001,449.99999999999994,AA2024-T3,AA2024-T3,5085.278904150131
30.240081957715653,36.57142200551375,j,0.3,0.8,44.99999999999999,20.0,160.00000000000003,399.99999999999994,AA2024-T3,AA2024-T3,4546.162386004285
30.240081957715653,36.57142200551375,z,0.3,0.9000000000000001,44.99999999999999,20.0,160.00000000000003,399.99999999999994,AA2024-T3,AA2024-T3,4546.1623860042855
30.240081957715653,36.57142200551375,z,0.3,0.8,44.99999999999999,20.0,160.00000000000003,399.99999999999994,AA2024-T3,AA2024-T3,4546.162386004285
30.240081957715653,36.57142200551375,formed z,0.3,0.9000000000000001,44.99999999999999,20.0,160.00000000000003,399.99999999999994,AA2024-T3,AA2024-T3,4546.162386004285
30.240081957715653,36.57142200551375,j,0.3,0.9000000000000001,44.99999999999999,20.0,160.00000000000003,399.99999999999994,AA2024-T3,AA2024-T3,4546.162386004285
30.240081957715653,36.57142200551375,formed z,0.3,0.8,44.99999999999999,20.0,160.00000000000003,399.99999999999994,AA2024-T3,AA2024-T3,4546.162386004285
30.242873975428267,36.372143181766205,formed z,0.3,0.9000000000000001,54.99999999999999,20.0,200.0,350.0,AA2024-T3,AA2024-T3,4233.570305398087
30.242873975428267,36.372143181766205,j,0.3,0.8,54.99999999999999,20.0,200.0,350.0,AA2024-T3,AA2024-T3,4233.570305398087
30.242873975428267,36.372143181766205,z,0.3,0.9000000000000001,54.99999999999999,20.0,200.0,350.0,AA2024-T3,AA2024-T3,4233.570305398087
30.242873975428267,36.372143181766205,j,0.3,0.9000000000000001,54.99999999999999,20.0,200.0,350.0,AA2024-T3,AA2024-T3,4233.570305398087
30.242873975428267,36.372143181766205,z,0.3,0.8,54.99999999999999,20.0,200.0,350.0,AA2024-T3,AA2024-T3,4233.570305398087
30.242873975428267,36.372143181766205,formed z,0.3,0.8,54.99999999999999,20.0,200.0,350.0,AA2024-T3,AA2024-T3,4233.570305398087
30.32920166292827,36.42919122506263,z,0.3,0.9000000000000001,49.99999999999999,20.0,180.00000000000003,350.0,AA2024-T3,AA2024-T3,4361.99845160622
30.32920166292827,36.42919122506263,j,0.3,0.9000000000000001,49.99999999999999,20.0,180.00000000000003,350.0,AA2024-T3,AA2024-T3,4361.99845160622
30.32920166292827,36.42919122506263,formed z,0.3,0.9000000000000001,49.99999999999999,20.0,180.00000000000003,350.0,AA2024-T3,AA2024-T3,4361.99845160622
30.32920166292827,36.42919122506263,formed z,0.3,0.8,49.99999999999999,20.0,180.00000000000003,350.0,AA2024-T3,AA2024-T3,4361.99845160622
30.32920166292827,36.42919122506263,j,0.3,0.8,49.99999999999999,20.0,180.00000000000003,350.0,AA2024-T3,AA2024-T3,4361.998451606221
30.32920166292827,36.42919122506263,z,0.3,0.8,49.99999999999999,20.0,180.00000000000003,350.0,AA2024-T3,AA2024-T3,4361.99845160622
30.439739607841297,49.20243441908742,z,0.39999999999999997,0.9000000000000001,35.0,20.0,180.00000000000003,449.99999999999994,AA2024-T3,AA2024-T3,4028.751386694191
30.439739607841297,49.20243441908742,j,0.39999999999999997,0.8,35.0,20.0,180.00000000000003,449.99999999999994,AA2024-T3,AA2024-T3,4028.751386694191
30.439739607841297,49.20243441908742,z,0.39999999999999997,0.8,35.0,20.0,180.00000000000003,449.99999999999994,AA2024-T3,AA2024-T3,4028.751386694191
30.439739607841297,49.20243441908742,j,0.39999999999999997,0.9000000000000001,35.0,20.0,180.00000000000003,449.99999999999994,AA2024-T3,AA2024-T3,4028.751386694191
30.439739607841297,49.20243441908742,formed z,0.39999999999999997,0.9000000000000001,35.0,20.0,180.00000000000003,449.99999999999994,AA2024-T3,AA2024-T3,4028.751386694191
30.439739607841297,49.20243441908742,formed z,0.39999999999999997,0.8,35.0,20.0,180.00000000000003,449.99999999999994,AA2024-T3,AA2024-T3,4028.751386694191
30.455901176465655,36.71310177169142,z,0.3,0.9000000000000001,40.0,20.0,140.0,399.99999999999994,AA2024-T3,AA2024-T3,4783.934317405431
30.455901176465655,36.71310177169142,z,0.3,0.8,40.0,20.0,140.0,399.99999999999994,AA2024-T3,AA2024-T3,4783.934317405431
30.455901176465655,36.71310177169142,formed z,0.3,0.8,40.0,20.0,140.0,399.99999999999994,AA2024-T3,AA2024-T3,4783.934317405431
30.455901176465655,36.71310177169142,j,0.3,0.9000000000000001,40.0,20.0,140.0,399.99999999999994,AA2024-T3,AA2024-T3,4783.934317405431
30.455901176465655,36.71310177169142,formed z,0.3,0.9000000000000001,40.0,20.0,140.0,399.99999999999994,AA2024-T3,AA2024-T3,4783.934317405432
30.455901176465655,36.71310177169142,j,0.3,0.8,40.0,20.0,140.0,399.99999999999994,AA2024-T3,AA2024-T3,4783.934317405431
30.542228863965654,36.76962082175786,formed z,0.3,0.9000000000000001,35.0,20.0,120.00000000000001,399.99999999999994,AA2024-T3,AA2024-T3,5085.278904150131
30.542228863965654,36.76962082175786,z,0.3,0.9000000000000001,35.0,20.0,120.00000000000001,399.99999999999994,AA2024-T3,AA2024-T3,5085.278904150131
30.542228863965654,36.76962082175786,j,0.3,0.8,35.0,20.0,120.00000000000001,399.99999999999994,AA2024-T3,AA2024-T3,5085.278904150131
30.542228863965654,36.76962082175786,formed z,0.3,0.8,35.0,20.0,120.00000000000001,399.99999999999994,AA2024-T3,AA2024-T3,5085.278904150131
30.542228863965654,36.76962082175786,j,0.3,0.9000000000000001,35.0,20.0,120.00000000000001,399.99999999999994,AA2024-T3,AA2024-T3,5085.278904150131
30.542228863965654,36.76962082175786,z,0.3,0.8,35.0,20.0,120.00000000000001,399.99999999999994,AA2024-T3,AA2024-T3,5085.278904150131
30.54502088167827,36.57142200551375,z,0.3,0.9000000000000001,44.99999999999999,20.0,160.00000000000003,350.0,AA2024-T3,AA2024-T3,4546.1623860042855
30.54502088167827,36.57142200551375,j,0.3,0.8,44.99999999999999,20.0,160.00000000000003,350.0,AA2024-T3,AA2024-T3,4546.162386004285
30.54502088167827,36.57142200551375,formed z,0.3,0.8,44.99999999999999,20.0,160.00000000000003,350.0,AA2024-T3,AA2024-T3,4546.162386004285
30.54502088167827,36.57142200551375,z,0.3,0.8,44.99999999999999,20.0,160.00000000000003,350.0,AA2024-T3,AA2024-T3,4546.162386004285
30.54502088167827,36.57142200551375,j,0.3,0.9000000000000001,44.99999999999999,20.0,160.00000000000003,350.0,AA2024-T3,AA2024-T3,4546.162386004285
30.54502088167827,36.57142200551375,formed z,0.3,0.9000000000000001,44.99999999999999,20.0,160.00000000000003,350.0,AA2024-T3,AA2024-T3,4546.162386004285
30.7418865140913,49.464345970730356,formed z,0.39999999999999997,0.9000000000000001,40.0,20.0,200.0,449.99999999999994,AA2024-T3,AA2024-T3,3903.689472466581
30.7418865140913,49.464345970730356,formed z,0.39999999999999997,0.8,40.0,20.0,200.0,449.99999999999994,AA2024-T3,AA2024-T3,3903.68947246658
30.7418865140913,49.464345970730356,j,0.39999999999999997,0.8,40.0,20.0,200.0,449.99999999999994,AA2024-T3,AA2024-T3,3903.68947246658
30.7418865140913,49.464345970730356,z,0.39999999999999997,0.9000000000000001,40.0,20.0,200.0,449.99999999999994,AA2024-T3,AA2024-T3,3903.68947246658
30.7418865140913,49.464345970730356,z,0.39999999999999997,0.8,40.0,20.0,200.0,449.99999999999994,AA2024-T3,AA2024-T3,3903.68947246658
30.7418865140913,49.464345970730356,j,0.39999999999999997,0.9000000000000001,40.0,20.0,200.0,449.99999999999994,AA2024-T3,AA2024-T3,3903.68947246658
30.74467853180391,49.20243441908742,formed z,0.39999999999999997,0.9000000000000001,35.0,20.0,180.00000000000003,399.99999999999994,AA2024-T3,AA2024-T3,4028.751386694191
30.74467853180391,49.20243441908742,formed z,0.39999999999999997,0.8,35.0,20.0,180.00000000000003,399.99999999999994,AA2024-T3,AA2024-T3,4028.751386694191
30.74467853180391,49.20243441908742,j,0.39999999999999997,0.9000000000000001,35.0,20.0,180.00000000000003,399.99999999999994,AA2024-T3,AA2024-T3,4028.751386694191
30.74467853180391,49.20243441908742,z,0.39999999999999997,0.8,35.0,20.0,180.00000000000003,399.99999999999994,AA2024-T3,AA2024-T3,4028.751386694191
30.74467853180391,49.20243441908742,j,0.39999999999999997,0.8,35.0,20.0,180.00000000000003,399.99999999999994,AA2024-T3,AA2024-T3,4028.751386694191
30.74467853180391,49.20243441908742,z,0.39999999999999997,0.9000000000000001,35.0,20.0,180.00000000000003,399.99999999999994,AA2024-T3,AA2024-T3,4028.751386694191
30.753054584941747,48.408198108606264,formed z,0.39999999999999997,0.8,35.0,20.0,200.0,300.0,AA2024-T3,AA2024-T3,3575.6514127661035
30.753054584941747,48.408198108606264,z,0.39999999999999997,0.8,35.0,20.0,200.0,300.0,AA2024-T3,AA2024-T3,3575.6514127661035
30.753054584941747,48.408198108606264,j,0.39999999999999997,0.9000000000000001,35.0,20.0,200.0,300.0,AA2024-T3,AA2024-T3,3575.6514127661035
30.753054584941747,48.408198108606264,j,0.39999999999999997,0.8,35.0,20.0,200.0,300.0,AA2024-T3,AA2024-T3,3575.6514127661035
30.753054584941747,48.408198108606264,z,0.39999999999999997,0.9000000000000001,35.0,20.0,200.0,300.0,AA2024-T3,AA2024-T3,3575.6514127661035
30.753054584941747,48.408198108606264,formed z,0.39999999999999997,0.9000000000000001,35.0,20.0,200.0,300.0,AA2024-T3,AA2024-T3,3575.6514127661035
30.76084010042827,36.71310177169142,z,0.3,0.8,40.0,20.0,140.0,350.0,AA2024-T3,AA2024-T3,4783.934317405431
30.76084010042827,36.71310177169142,j,0.3,0.8,40.0,20.0,140.0,350.0,AA2024-T3,AA2024-T3,4783.934317405431
30.76084010042827,36.71310177169142,j,0.3,0.9000000000000001,40.0,20.0,140.0,350.0,AA2024-T3,AA2024-T3,4783.934317405431
30.76084010042827,36.71310177169142,formed z,0.3,0.8,40.0,20.0,140.0,350.0,AA2024-T3,AA2024-T3,4783.934317405431
30.76084010042827,36.71310177169142,z,0.3,0.9000000000000001,40.0,20.0,140.0,350.0,AA2024-T3,AA2024-T3,4783.934317405431
30.76084010042827,36.71310177169142,formed z,0.3,0.9000000000000001,40.0,20.0,140.0,350.0,AA2024-T3,AA2024-T3,4783.934317405432
30.84158375250304,37.162847457061176,j,0.3,0.8,59.99999999999999,20.0,200.0,449.99999999999994,AA2024-T3,AA2024-T3,4562.478639017979
30.84158375250304,37.162847457061176,formed z,0.3,0.8,59.99999999999999,20.0,200.0,449.99999999999994,AA2024-T3,AA2024-T3,4562.47863901798
30.84158375250304,37.162847457061176,j,0.3,0.9000000000000001,59.99999999999999,20.0,200.0,449.99999999999994,AA2024-T3,AA2024-T3,4562.478639017979
30.84158375250304,37.162847457061176,z,0.3,0.9000000000000001,59.99999999999999,20.0,200.0,449.99999999999994,AA2024-T3,AA2024-T3,4562.47863901798
30.84158375250304,37.162847457061176,z,0.3,0.8,59.99999999999999,20.0,200.0,449.99999999999994,AA2024-T3,AA2024-T3,4562.478639017979
30.84158375250304,37.162847457061176,formed z,0.3,0.9000000000000001,59.99999999999999,20.0,200.0,449.99999999999994,AA2024-T3,AA2024-T3,4562.478639017979
30.847167787928267,36.76962082175786,z,0.3,0.9000000000000001,35.0,20.0,120.00000000000001,350.0,AA2024-T3,AA2024-T3,5085.278904150131
30.847167787928267,36.76962082175786,formed z,0.3,0.9000000000000001,35.0,20.0,120.00000000000001,350.0,AA2024-T3,AA2024-T3,5085.278904150131
30.847167787928267,36.76962082175786,j,0.3,0.8,35.0,20.0,120.00000000000001,350.0,AA2024-T3,AA2024-T3,5085.278904150131
30.847167787928267,36.76962082175786,z,0.3,0.8,35.0,20.0,120.00000000000001,350.0,AA2024-T3,AA2024-T3,5085.278904150131
30.847167787928267,36.76962082175786,formed z,0.3,0.8,35.0,20.0,120.00000000000001,350.0,AA2024-T3,AA2024-T3,5085.278904150131
30.847167787928267,36.76962082175786,j,0.3,0.9000000000000001,35.0,20.0,120.00000000000001,350.0,AA2024-T3,AA2024-T3,5085.278904150131
30.852751823353493,36.372143181766205,formed z,0.3,0.9000000000000001,54.99999999999999,20.0,200.0,300.0,AA2024-T3,AA2024-T3,4233.570305398087
30.852751823353493,36.372143181766205,z,0.3,0.8,54.99999999999999,20.0,200.0,300.0,AA2024-T3,AA2024-T3,4233.570305398087
30.852751823353493,36.372143181766205,z,0.3,0.9000000000000001,54.99999999999999,20.0,200.0,300.0,AA2024-T3,AA2024-T3,4233.570305398087
30.852751823353493,36.372143181766205,j,0.3,0.9000000000000001,54.99999999999999,20.0,200.0,300.0,AA2024-T3,AA2024-T3,4233.570305398087
30.852751823353493,36.372143181766205,formed z,0.3,0.8,54.99999999999999,20.0,200.0,300.0,AA2024-T3,AA2024-T3,4233.570305398087
30.852751823353493,36.372143181766205,j,0.3,0.8,54.99999999999999,20.0,200.0,300.0,AA2024-T3,AA2024-T3,4233.570305398087
30.939079510853496,36.42919122506263,j,0.3,0.9000000000000001,49.99999999999999,20.0,180.00000000000003,300.0,AA2024-T3,AA2024-T3,4361.99845160622
30.939079510853496,36.42919122506263,z,0.3,0.9000000000000001,49.99999999999999,20.0,180.00000000000003,300.0,AA2024-T3,AA2024-T3,4361.99845160622
30.939079510853496,36.42919122506263,formed z,0.3,0.9000000000000001,49.99999999999999,20.0,180.00000000000003,300.0,AA2024-T3,AA2024-T3,4361.99845160622
30.939079510853496,36.42919122506263,z,0.3,0.8,49.99999999999999,20.0,180.00000000000003,300.0,AA2024-T3,AA2024-T3,4361.99845160622
30.939079510853496,36.42919122506263,formed z,0.3,0.8,49.99999999999999,20.0,180.00000000000003,300.0,AA2024-T3,AA2024-T3,4361.99845160622
30.939079510853496,36.42919122506263,j,0.3,0.8,49.99999999999999,20.0,180.00000000000003,300.0,AA2024-T3,AA2024-T3,4361.998451606221
31.046825438053908,49.464345970730356,j,0.39999999999999997,0.8,40.0,20.0,200.0,399.99999999999994,AA2024-T3,AA2024-T3,3903.68947246658
31.046825438053908,49.464345970730356,formed z,0.39999999999999997,0.9000000000000001,40.0,20.0,200.0,399.99999999999994,AA2024-T3,AA2024-T3,3903.689472466581
31.046825438053908,49.464345970730356,z,0.39999999999999997,0.8,40.0,20.0,200.0,399.99999999999994,AA2024-T3,AA2024-T3,3903.68947246658
31.046825438053908,49.464345970730356,j,0.39999999999999997,0.9000000000000001,40.0,20.0,200.0,399.99999999999994,AA2024-T3,AA2024-T3,3903.68947246658
31.046825438053908,49.464345970730356,z,0.39999999999999997,0.9000000000000001,40.0,20.0,200.0,399.99999999999994,AA2024-T3,AA2024-T3,3903.68947246658
31.046825438053908,49.464345970730356,formed z,0.39999999999999997,0.8,40.0,20.0,200.0,399.99999999999994,AA2024-T3,AA2024-T3,3903.68947246658
31.04961745576652,49.20243441908742,formed z,0.39999999999999997,0.9000000000000001,35.0,20.0,180.00000000000003,350.0,AA2024-T3,AA2024-T3,4028.751386694191
31.04961745576652,49.20243441908742,j,0.39999999999999997,0.8,35.0,20.0,180.00000000000003,350.0,AA2024-T3,AA2024-T3,4028.751386694191
31.04961745576652,49.20243441908742,z,0.39999999999999997,0.9000000000000001,35.0,20.0,180.00000000000003,350.0,AA2024-T3,AA2024-T3,4028.751386694191
31.04961745576652,49.20243441908742,z,0.39999999999999997,0.8,35.0,20.0,180.00000000000003,350.0,AA2024-T3,AA2024-T3,4028.751386694191
31.04961745576652,49.20243441908742,formed z,0.39999999999999997,0.8,35.0,20.0,180.00000000000003,350.0,AA2024-T3,AA2024-T3,4028.751386694191
31.04961745576652,49.20243441908742,j,0.39999999999999997,0.9000000000000001,35.0,20.0,180.00000000000003,350.0,AA2024-T3,AA2024-T3,4028.751386694191
31.05740297125304,37.302280966584256,z,0.3,0.8,54.99999999999999,20.0,180.00000000000003,449.99999999999994,AA2024-T3,AA2024-T3,4726.478166684465
31.05740297125304,37.302280966584256,z,0.3,0.9000000000000001,54.99999999999999,20.0,180.00000000000003,449.99999999999994,AA2024-T3,AA2024-T3,4726.478166684465
31.05740297125304,37.302280966584256,j,0.3,0.9000000000000001,54.99999999999999,20.0,180.00000000000003,449.99999999999994,AA2024-T3,AA2024-T3,4726.478166684465
31.05740297125304,37.302280966584256,formed z,0.3,0.9000000000000001,54.99999999999999,20.0,180.00000000000003,449.99999999999994,AA2024-T3,AA2024-T3,4726.478166684466
31.05740297125304,37.302280966584256,formed z,0.3,0.8,54.99999999999999,20.0,180.00000000000003,449.99999999999994,AA2024-T3,AA2024-T3,4726.478166684465
31.05740297125304,37.302280966584256,j,0.3,0.8,54.99999999999999,20.0,180.00000000000003,449.99999999999994,AA2024-T3,AA2024-T3,4726.478166684465
31.14652267646565,37.162847457061176,z,0.3,0.8,59.99999999999999,20.0,200.0,399.99999999999994,AA2024-T3,AA2024-T3,4562.478639017979
31.14652267646565,37.162847457061176,formed z,0.3,0.9000000000000001,59.99999999999999,20.0,200.0,399.99999999999994,AA2024-T3,AA2024-T3,4562.478639017979
31.14652267646565,37.162847457061176,j,0.3,0.9000000000000001,59.99999999999999,20.0,200.0,399.99999999999994,AA2024-T3,AA2024-T3,4562.478639017979
31.14652267646565,37.162847457061176,j,0.3,0.8,59.99999999999999,20.0,200.0,399.99999999999994,AA2024-T3,AA2024-T3,4562.478639017979
31.14652267646565,37.162847457061176,formed z,0.3,0.8,59.99999999999999,20.0,200.0,399.99999999999994,AA2024-T3,AA2024-T3,4562.47863901798
31.14652267646565,37.162847457061176,z,0.3,0.9000000000000001,59.99999999999999,20.0,200.0,399.99999999999994,AA2024-T3,AA2024-T3,4562.47863901798
31.154898729603495,36.57142200551375,z,0.3,0.9000000000000001,44.99999999999999,20.0,160.00000000000003,300.0,AA2024-T3,AA2024-T3,4546.1623860042855
31.154898729603495,36.57142200551375,formed z,0.3,0.8,44.99999999999999,20.0,160.00000000000003,300.0,AA2024-T3,AA2024-T3,4546.162386004285
31.154898729603495,36.57142200551375,z,0.3,0.8,44.99999999999999,20.0,160.00000000000003,300.0,AA2024-T3,AA2024-T3,4546.162386004285
31.154898729603495,36.57142200551375,formed z,0.3,0.9000000000000001,44.99999999999999,20.0,160.00000000000003,300.0,AA2024-T3,AA2024-T3,4546.162386004285
31.154898729603495,36.57142200551375,j,0.3,0.8,44.99999999999999,20.0,160.00000000000003,300.0,AA2024-T3,AA2024-T3,4546.162386004285
31.154898729603495,36.57142200551375,j,0.3,0.9000000000000001,44.99999999999999,20.0,160.00000000000003,300.0,AA2024-T3,AA2024-T3,4546.162386004285
31.351764362016517,49.464345970730356,formed z,0.39999999999999997,0.8,40.0,20.0,200.0,350.0,AA2024-T3,AA2024-T3,3903.68947246658
31.351764362016517,49.464345970730356,formed z,0.39999999999999997,0.9000000000000001,40.0,20.0,200.0,350.0,AA2024-T3,AA2024-T3,3903.689472466581
31.351764362016517,49.464345970730356,j,0.39999999999999997,0.9000000000000001,40.0,20.0,200.0,350.0,AA2024-T3,AA2024-T3,3903.68947246658
31.351764362016517,49.464345970730356,z,0.39999999999999997,0.9000000000000001,40.0,20.0,200.0,350.0,AA2024-T3,AA2024-T3,3903.68947246658
31.351764362016517,49.464345970730356,j,0.39999999999999997,0.8,40.0,20.0,200.0,350.0,AA2024-T3,AA2024-T3,3903.68947246658
31.351764362016517,49.464345970730356,z,0.39999999999999997,0.8,40.0,20.0,200.0,350.0,AA2024-T3,AA2024-T3,3903.68947246658
31.362341895215657,37.302280966584256,z,0.3,0.8,54.99999999999999,20.0,180.00000000000003,399.99999999999994,AA2024-T3,AA2024-T3,4726.478166684465
31.362341895215657,37.302280966584256,z,0.3,0.9000000000000001,54.99999999999999,20.0,180.00000000000003,399.99999999999994,AA2024-T3,AA2024-T3,4726.478166684465
31.362341895215657,37.302280966584256,j,0.3,0.9000000000000001,54.99999999999999,20.0,180.00000000000003,399.99999999999994,AA2024-T3,AA2024-T3,4726.478166684465
31.362341895215657,37.302280966584256,j,0.3,0.8,54.99999999999999,20.0,180.00000000000003,399.99999999999994,AA2024-T3,AA2024-T3,4726.478166684465
31.362341895215657,37.302280966584256,formed z,0.3,0.8,54.99999999999999,20.0,180.00000000000003,399.99999999999994,AA2024-T3,AA2024-T3,4726.478166684465
31.362341895215657,37.302280966584256,formed z,0.3,0.9000000000000001,54.99999999999999,20.0,180.00000000000003,399.99999999999994,AA2024-T3,AA2024-T3,4726.478166684466
31.370717948353494,36.71310177169142,z,0.3,0.8,40.0,20.0,140.0,300.0,AA2024-T3,AA2024-T3,4783.934317405431
31.370717948353494,36.71310177169142,j,0.3,0.9000000000000001,40.0,20.0,140.0,300.0,AA2024-T3,AA2024-T3,4783.934317405431
31.370717948353494,36.71310177169142,j,0.3,0.8,40.0,20.0,140.0,300.0,AA2024-T3,AA2024-T3,4783.934317405431
31.370717948353494,36.71310177169142,formed z,0.3,0.9000000000000001,40.0,20.0,140.0,300.0,AA2024-T3,AA2024-T3,4783.934317405432
31.370717948353494,36.71310177169142,z,0.3,0.9000000000000001,40.0,20.0,140.0,300.0,AA2024-T3,AA2024-T3,4783.934317405431
31.370717948353494,36.71310177169142,formed z,0.3,0.8,40.0,20.0,140.0,300.0,AA2024-T3,AA2024-T3,4783.934317405431
31.44587756500304,37.551956631549125,j,0.3,0.8,49.99999999999999,20.0,160.00000000000003,449.99999999999994,AA2024-T3,AA2024-T3,4957.480044693854
31.44587756500304,37.551956631549125,z,0.3,0.9000000000000001,49.99999999999999,20.0,160.00000000000003,449.99999999999994,AA2024-T3,AA2024-T3,4957.4800446938525
31.44587756500304,37.551956631549125,formed z,0.3,0.9000000000000001,49.99999999999999,20.0,160.00000000000003,449.99999999999994,AA2024-T3,AA2024-T3,4957.4800446938525
31.44587756500304,37.551956631549125,z,0.3,0.8,49.99999999999999,20.0,160.00000000000003,449.99999999999994,AA2024-T3,AA2024-T3,4957.4800446938525
31.44587756500304,37.551956631549125,j,0.3,0.9000000000000001,49.99999999999999,20.0,160.00000000000003,449.99999999999994,AA2024-T3,AA2024-T3,4957.4800446938525
31.44587756500304,37.551956631549125,formed z,0.3,0.8,49.99999999999999,20.0,160.00000000000003,449.99999999999994,AA2024-T3,AA2024-T3,4957.4800446938525
31.451461600428267,37.162847457061176,z,0.3,0.8,59.99999999999999,20.0,200.0,350.0,AA2024-T3,AA2024-T3,4562.478639017979
31.451461600428267,37.162847457061176,formed z,0.3,0.9000000000000001,59.99999999999999,20.0,200.0,350.0,AA2024-T3,AA2024-T3,4562.478639017979
31.451461600428267,37.162847457061176,z,0.3,0.9000000000000001,59.99999999999999,20.0,200.0,350.0,AA2024-T3,AA2024-T3,4562.47863901798
31.451461600428267,37.162847457061176,formed z,0.3,0.8,59.99999999999999,20.0,200.0,350.0,AA2024-T3,AA2024-T3,4562.47863901798
31.451461600428267,37.162847457061176,j,0.3,0.9000000000000001,59.99999999999999,20.0,200.0,350.0,AA2024-T3,AA2024-T3,4562.478639017979
31.451461600428267,37.162847457061176,j,0.3,0.8,59.99999999999999,20.0,200.0,350.0,AA2024-T3,AA2024-T3,4562.478639017979
31.457045635853493,36.76962082175786,j,0.3,0.8,35.0,20.0,120.00000000000001,300.0,AA2024-T3,AA2024-T3,5085.278904150131
31.457045635853493,36.76962082175786,formed z,0.3,0.8,35.0,20.0,120.00000000000001,300.0,AA2024-T3,AA2024-T3,5085.278904150131
31.457045635853493,36.76962082175786,j,0.3,0.9000000000000001,35.0,20.0,120.00000000000001,300.0,AA2024-T3,AA2024-T3,5085.278904150131
31.457045635853493,36.76962082175786,z,0.3,0.8,35.0,20.0,120.00000000000001,300.0,AA2024-T3,AA2024-T3,5085.278904150131
31.457045635853493,36.76962082175786,z,0.3,0.9000000000000001,35.0,20.0,120.00000000000001,300.0,AA2024-T3,AA2024-T3,5085.278904150131
31.457045635853493,36.76962082175786,formed z,0.3,0.9000000000000001,35.0,20.0,120.00000000000001,300.0,AA2024-T3,AA2024-T3,5085.278904150131
31.648327232841297,50.24188920566818,z,0.39999999999999997,0.8,35.0,20.0,160.00000000000003,449.99999999999994,AA2024-T3,AA2024-T3,4624.780250582375
31.648327232841297,50.24188920566818,j,0.39999999999999997,0.8,35.0,20.0,160.00000000000003,449.99999999999994,AA2024-T3,AA2024-T3,4624.780250582375
31.648327232841297,50.24188920566818,z,0.39999999999999997,0.9000000000000001,35.0,20.0,160.00000000000003,449.99999999999994,AA2024-T3,AA2024-T3,4624.780250582375
31.648327232841297,50.24188920566818,formed z,0.39999999999999997,0.8,35.0,20.0,160.00000000000003,449.99999999999994,AA2024-T3,AA2024-T3,4624.780250582375
31.648327232841297,50.24188920566818,j,0.39999999999999997,0.9000000000000001,35.0,20.0,160.00000000000003,449.99999999999994,AA2024-T3,AA2024-T3,4624.780250582375
31.648327232841297,50.24188920566818,formed z,0.39999999999999997,0.9000000000000001,35.0,20.0,160.00000000000003,449.99999999999994,AA2024-T3,AA2024-T3,4624.780250582375
31.659495303691745,49.20243441908742,z,0.39999999999999997,0.9000000000000001,35.0,20.0,180.00000000000003,300.0,AA2024-T3,AA2024-T3,4028.751386694191
31.659495303691745,49.20243441908742,j,0.39999999999999997,0.8,35.0,20.0,180.00000000000003,300.0,AA2024-T3,AA2024-T3,4028.751386694191
31.659495303691745,49.20243441908742,formed z,0.39999999999999997,0.8,35.0,20.0,180.00000000000003,300.0,AA2024-T3,AA2024-T3,4028.751386694191
31.659495303691745,49.20243441908742,formed z,0.39999999999999997,0.9000000000000001,35.0,20.0,180.00000000000003,300.0,AA2024-T3,AA2024-T3,4028.751386694191
31.659495303691745,49.20243441908742,j,0.39999999999999997,0.9000000000000001,35.0,20.0,180.00000000000003,300.0,AA2024-T3,AA2024-T3,4028.751386694191
31.659495303691745,49.20243441908742,z,0.39999999999999997,0.8,35.0,20.0,180.00000000000003,300.0,AA2024-T3,AA2024-T3,4028.751386694191
31.667280819178266,37.302280966584256,j,0.3,0.8,54.99999999999999,20.0,180.00000000000003,350.0,AA2024-T3,AA2024-T3,4726.478166684465
31.667280819178266,37.302280966584256,z,0.3,0.8,54.99999999999999,20.0,180.00000000000003,350.0,AA2024-T3,AA2024-T3,4726.478166684465
31.667280819178266,37.302280966584256,formed z,0.3,0.9000000000000001,54.99999999999999,20.0,180.00000000000003,350.0,AA2024-T3,AA2024-T3,4726.478166684466
31.667280819178266,37.302280966584256,z,0.3,0.9000000000000001,54.99999999999999,20.0,180.00000000000003,350.0,AA2024-T3,AA2024-T3,4726.478166684465
31.667280819178266,37.302280966584256,formed z,0.3,0.8,54.99999999999999,20.0,180.00000000000003,350.0,AA2024-T3,AA2024-T3,4726.478166684465
31.667280819178266,37.302280966584256,j,0.3,0.9000000000000001,54.99999999999999,20.0,180.00000000000003,350.0,AA2024-T3,AA2024-T3,4726.478166684465
31.750816488965654,37.551956631549125,formed z,0.3,0.8,49.99999999999999,20.0,160.00000000000003,399.99999999999994,AA2024-T3,AA2024-T3,4957.4800446938525
31.750816488965654,37.551956631549125,j,0.3,0.9000000000000001,49.99999999999999,20.0,160.00000000000003,399.99999999999994,AA2024-T3,AA2024-T3,4957.4800446938525
31.750816488965654,37.551956631549125,z,0.3,0.8,49.99999999999999,20.0,160.00000000000003,399.99999999999994,AA2024-T3,AA2024-T3,4957.4800446938525
31.750816488965654,37.551956631549125,z,0.3,0.9000000000000001,49.99999999999999,20.0,160.00000000000003,399.99999999999994,AA2024-T3,AA2024-T3,4957.4800446938525
31.750816488965654,37.551956631549125,j,0.3,0.8,49.99999999999999,20.0,160.00000000000003,399.99999999999994,AA2024-T3,AA2024-T3,4957.480044693854
31.750816488965654,37.551956631549125,formed z,0.3,0.9000000000000001,49.99999999999999,20.0,160.00000000000003,399.99999999999994,AA2024-T3,AA2024-T3,4957.4800446938525
31.777818764091297,50.35198666150832,z,0.39999999999999997,0.9000000000000001,40.0,20.0,180.00000000000003,449.99999999999994,AA2024-T3,AA2024-T3,4392.620487060753
31.777818764091297,50.35198666150832,z,0.39999999999999997,0.8,40.0,20.0,180.00000000000003,449.99999999999994,AA2024-T3,AA2024-T3,4392.620487060753
31.777818764091297,50.35198666150832,formed z,0.39999999999999997,0.8,40.0,20.0,180.00000000000003,449.99999999999994,AA2024-T3,AA2024-T3,4392.620487060753
31.777818764091297,50.35198666150832,j,0.39999999999999997,0.8,40.0,20.0,180.00000000000003,449.99999999999994,AA2024-T3,AA2024-T3,4392.620487060753
31.777818764091297,50.35198666150832,formed z,0.39999999999999997,0.9000000000000001,40.0,20.0,180.00000000000003,449.99999999999994,AA2024-T3,AA2024-T3,4392.6204870607535
31.777818764091297,50.35198666150832,j,0.39999999999999997,0.9000000000000001,40.0,20.0,180.00000000000003,449.99999999999994,AA2024-T3,AA2024-T3,4392.620487060753
31.877516002503043,37.82744129919624,j,0.3,0.9000000000000001,44.99999999999999,20.0,140.0,449.99999999999994,AA2024-T3,AA2024-T3,5254.162008159953
31.877516002503043,37.82744129919624,formed z,0.3,0.9000000000000001,44.99999999999999,20.0,140.0,449.99999999999994,AA2024-T3,AA2024-T3,5254.162008159953
31.877516002503043,37.82744129919624,z,0.3,0.9000000000000001,44.99999999999999,20.0,140.0,449.99999999999994,AA2024-T3,AA2024-T3,5254.162008159956
31.877516002503043,37.82744129919624,z,0.3,0.8,44.99999999999999,20.0,140.0,449.99999999999994,AA2024-T3,AA2024-T3,5254.162008159955
31.877516002503043,37.82744129919624,formed z,0.3,0.8,44.99999999999999,20.0,140.0,449.99999999999994,AA2024-T3,AA2024-T3,5254.162008159955
31.877516002503043,37.82744129919624,j,0.3,0.8,44.99999999999999,20.0,140.0,449.99999999999994,AA2024-T3,AA2024-T3,5254.162008159953
31.950474139091295,50.49840988092739,j,0.39999999999999997,0.8,44.99999999999999,20.0,200.0,449.99999999999994,AA2024-T3,AA2024-T3,4231.912546438853
31.950474139091295,50.49840988092739,formed z,0.39999999999999997,0.8,44.99999999999999,20.0,200.0,449.99999999999994,AA2024-T3,AA2024-T3,4231.9125464388535
31.950474139091295,50.49840988092739,z,0.39999999999999997,0.8,44.99999999999999,20.0,200.0,449.99999999999994,AA2024-T3,AA2024-T3,4231.9125464388535
31.950474139091295,50.49840988092739,formed z,0.39999999999999997,0.9000000000000001,44.99999999999999,20.0,200.0,449.99999999999994,AA2024-T3,AA2024-T3,4231.912546438853
31.950474139091295,50.49840988092739,z,0.39999999999999997,0.9000000000000001,44.99999999999999,20.0,200.0,449.99999999999994,AA2024-T3,AA2024-T3,4231.912546438854
31.950474139091295,50.49840988092739,j,0.39999999999999997,0.9000000000000001,44.99999999999999,20.0,200.0,449.99999999999994,AA2024-T3,AA2024-T3,4231.912546438853
31.95326615680391,50.24188920566818,z,0.39999999999999997,0.8,35.0,20.0,160.00000000000003,399.99999999999994,AA2024-T3,AA2024-T3,4624.780250582375
31.95326615680391,50.24188920566818,j,0.39999999999999997,0.9000000000000001,35.0,20.0,160.00000000000003,399.99999999999994,AA2024-T3,AA2024-T3,4624.780250582375
31.95326615680391,50.24188920566818,j,0.39999999999999997,0.8,35.0,20.0,160.00000000000003,399.99999999999994,AA2024-T3,AA2024-T3,4624.780250582375
31.95326615680391,50.24188920566818,formed z,0.39999999999999997,0.9000000000000001,35.0,20.0,160.00000000000003,399.99999999999994,AA2024-T3,AA2024-T3,4624.780250582375
31.95326615680391,50.24188920566818,z,0.39999999999999997,0.9000000000000001,35.0,20.0,160.00000000000003,399.99999999999994,AA2024-T3,AA2024-T3,4624.780250582375
31.95326615680391,50.24188920566818,formed z,0.39999999999999997,0.8,35.0,20.0,160.00000000000003,399.99999999999994,AA2024-T3,AA2024-T3,4624.780250582375
31.961642209941743,49.464345970730356,j,0.39999999999999997,0.8,40.0,20.0,200.0,300.0,AA2024-T3,AA2024-T3,3903.68947246658
31.961642209941743,49.464345970730356,z,0.39999999999999997,0.8,40.0,20.0,200.0,300.0,AA2024-T3,AA2024-T3,3903.68947246658
31.961642209941743,49.464345970730356,z,0.39999999999999997,0.9000000000000001,40.0,20.0,200.0,300.0,AA2024-T3,AA2024-T3,3903.68947246658
31.961642209941743,49.464345970730356,formed z,0.39999999999999997,0.9000000000000001,40.0,20.0,200.0,300.0,AA2024-T3,AA2024-T3,3903.689472466581
31.961642209941743,49.464345970730356,formed z,0.39999999999999997,0.8,40.0,20.0,200.0,300.0,AA2024-T3,AA2024-T3,3903.68947246658
31.961642209941743,49.464345970730356,j,0.39999999999999997,0.9000000000000001,40.0,20.0,200.0,300.0,AA2024-T3,AA2024-T3,3903.68947246658
32.05017137750304,37.93707504010679,z,0.3,0.9000000000000001,65.0,20.0,200.0,449.99999999999994,AA2024-T3,AA2024-T3,4891.502364996113
32.05017137750304,37.93707504010679,j,0.3,0.8,65.0,20.0,200.0,449.99999999999994,AA2024-T3,AA2024-T3,4891.502364996114
32.05017137750304,37.93707504010679,formed z,0.3,0.9000000000000001,65.0,20.0,200.0,449.99999999999994,AA2024-T3,AA2024-T3,4891.502364996113
32.05017137750304,37.93707504010679,z,0.3,0.8,65.0,20.0,200.0,449.99999999999994,AA2024-T3,AA2024-T3,4891.502364996113
32.05017137750304,37.93707504010679,j,0.3,0.9000000000000001,65.0,20.0,200.0,449.99999999999994,AA2024-T3,AA2024-T3,4891.502364996113
32.05017137750304,37.93707504010679,formed z,0.3,0.8,65.0,20.0,200.0,449.99999999999994,AA2024-T3,AA2024-T3,4891.502364996113
32.055755412928264,37.551956631549125,z,0.3,0.9000000000000001,49.99999999999999,20.0,160.00000000000003,350.0,AA2024-T3,AA2024-T3,4957.4800446938525
32.055755412928264,37.551956631549125,formed z,0.3,0.8,49.99999999999999,20.0,160.00000000000003,350.0,AA2024-T3,AA2024-T3,4957.4800446938525
32.055755412928264,37.551956631549125,formed z,0.3,0.9000000000000001,49.99999999999999,20.0,160.00000000000003,350.0,AA2024-T3,AA2024-T3,4957.4800446938525
32.055755412928264,37.551956631549125,z,0.3,0.8,49.99999999999999,20.0,160.00000000000003,350.0,AA2024-T3,AA2024-T3,4957.4800446938525
32.055755412928264,37.551956631549125,j,0.3,0.8,49.99999999999999,20.0,160.00000000000003,350.0,AA2024-T3,AA2024-T3,4957.480044693854
32.055755412928264,37.551956631549125,j,0.3,0.9000000000000001,49.99999999999999,20.0,160.00000000000003,350.0,AA2024-T3,AA2024-T3,4957.4800446938525
32.06133944835349,37.162847457061176,z,0.3,0.8,59.99999999999999,20.0,200.0,300.0,AA2024-T3,AA2024-T3,4562.478639017979
32.06133944835349,37.162847457061176,z,0.3,0.9000000000000001,59.99999999999999,20.0,200.0,300.0,AA2024-T3,AA2024-T3,4562.47863901798
32.06133944835349,37.162847457061176,formed z,0.3,0.8,59.99999999999999,20.0,200.0,300.0,AA2024-T3,AA2024-T3,4562.47863901798
32.06133944835349,37.162847457061176,j,0.3,0.8,59.99999999999999,20.0,200.0,300.0,AA2024-T3,AA2024-T3,4562.478639017979
32.06133944835349,37.162847457061176,j,0.3,0.9000000000000001,59.99999999999999,20.0,200.0,300.0,AA2024-T3,AA2024-T3,4562.478639017979
32.06133944835349,37.162847457061176,formed z,0.3,0.9000000000000001,59.99999999999999,20.0,200.0,300.0,AA2024-T3,AA2024-T3,4562.478639017979
32.08275768805391,50.35198666150832,z,0.39999999999999997,0.8,40.0,20.0,180.00000000000003,399.99999999999994,AA2024-T3,AA2024-T3,4392.620487060753
32.08275768805391,50.35198666150832,j,0.39999999999999997,0.8,40.0,20.0,180.00000000000003,399.99999999999994,AA2024-T3,AA2024-T3,4392.620487060753
32.08275768805391,50.35198666150832,formed z,0.39999999999999997,0.8,40.0,20.0,180.00000000000003,399.99999999999994,AA2024-T3,AA2024-T3,4392.620487060753
32.08275768805391,50.35198666150832,formed z,0.39999999999999997,0.9000000000000001,40.0,20.0,180.00000000000003,399.99999999999994,AA2024-T3,AA2024-T3,4392.6204870607535
32.08275768805391,50.35198666150832,j,0.39999999999999997,0.9000000000000001,40.0,20.0,180.00000000000003,399.99999999999994,AA2024-T3,AA2024-T3,4392.620487060753
32.08275768805391,50.35198666150832,z,0.39999999999999997,0.9000000000000001,40.0,20.0,180.00000000000003,399.99999999999994,AA2024-T3,AA2024-T3,4392.620487060753
32.18245492646565,37.82744129919624,z,0.3,0.9000000000000001,44.99999999999999,20.0,140.0,399.99999999999994,AA2024-T3,AA2024-T3,5254.162008159956
32.18245492646565,37.82744129919624,formed z,0.3,0.9000000000000001,44.99999999999999,20.0,140.0,399.99999999999994,AA2024-T3,AA2024-T3,5254.162008159953
32.18245492646565,37.82744129919624,j,0.3,0.8,44.99999999999999,20.0,140.0,399.99999999999994,AA2024-T3,AA2024-T3,5254.162008159953
32.18245492646565,37.82744129919624,z,0.3,0.8,44.99999999999999,20.0,140.0,399.99999999999994,AA2024-T3,AA2024-T3,5254.162008159955
32.18245492646565,37.82744129919624,formed z,0.3,0.8,44.99999999999999,20.0,140.0,399.99999999999994,AA2024-T3,AA2024-T3,5254.162008159955
32.18245492646565,37.82744129919624,j,0.3,0.9000000000000001,44.99999999999999,20.0,140.0,399.99999999999994,AA2024-T3,AA2024-T3,5254.162008159953
32.22282675250304,38.04639286388725,j,0.3,0.8,40.0,20.0,120.00000000000001,449.99999999999994,AA2024-T3,AA2024-T3,5627.460905291874
32.22282675250304,38.04639286388725,formed z,0.3,0.9000000000000001,40.0,20.0,120.00000000000001,449.99999999999994,AA2024-T3,AA2024-T3,5627.460905291876
32.22282675250304,38.04639286388725,formed z,0.3,0.8,40.0,20.0,120.00000000000001,449.99999999999994,AA2024-T3,AA2024-T3,5627.460905291874
32.22282675250304,38.04639286388725,z,0.3,0.9000000000000001,40.0,20.0,120.00000000000001,449.99999999999994,AA2024-T3,AA2024-T3,5627.460905291874
32.22282675250304,38.04639286388725,z,0.3,0.8,40.0,20.0,120.00000000000001,449.99999999999994,AA2024-T3,AA2024-T3,5627.460905291874
32.22282675250304,38.04639286388725,j,0.3,0.9000000000000001,40.0,20.0,120.00000000000001,449.99999999999994,AA2024-T3,AA2024-T3,5627.460905291874
32.25541306305391,50.49840988092739,z,0.39999999999999997,0.8,44.99999999999999,20.0,200.0,399.99999999999994,AA2024-T3,AA2024-T3,4231.9125464388535
32.25541306305391,50.49840988092739,formed z,0.39999999999999997,0.9000000000000001,44.99999999999999,20.0,200.0,399.99999999999994,AA2024-T3,AA2024-T3,4231.912546438853
32.25541306305391,50.49840988092739,j,0.39999999999999997,0.8,44.99999999999999,20.0,200.0,399.99999999999994,AA2024-T3,AA2024-T3,4231.912546438853
32.25541306305391,50.49840988092739,z,0.39999999999999997,0.9000000000000001,44.99999999999999,20.0,200.0,399.99999999999994,AA2024-T3,AA2024-T3,4231.912546438854
32.25541306305391,50.49840988092739,j,0.39999999999999997,0.9000000000000001,44.99999999999999,20.0,200.0,399.99999999999994,AA2024-T3,AA2024-T3,4231.912546438853
32.25541306305391,50.49840988092739,formed z,0.39999999999999997,0.8,44.99999999999999,20.0,200.0,399.99999999999994,AA2024-T3,AA2024-T3,4231.9125464388535
32.258205080766515,50.24188920566818,j,0.39999999999999997,0.8,35.0,20.0,160.00000000000003,350.0,AA2024-T3,AA2024-T3,4624.780250582375
32.258205080766515,50.24188920566818,j,0.39999999999999997,0.9000000000000001,35.0,20.0,160.00000000000003,350.0,AA2024-T3,AA2024-T3,4624.780250582375
32.258205080766515,50.24188920566818,formed z,0.39999999999999997,0.9000000000000001,35.0,20.0,160.00000000000003,350.0,AA2024-T3,AA2024-T3,4624.780250582375
32.258205080766515,50.24188920566818,z,0.39999999999999997,0.9000000000000001,35.0,20.0,160.00000000000003,350.0,AA2024-T3,AA2024-T3,4624.780250582375
32.258205080766515,50.24188920566818,formed z,0.39999999999999997,0.8,35.0,20.0,160.00000000000003,350.0,AA2024-T3,AA2024-T3,4624.780250582375
32.258205080766515,50.24188920566818,z,0.39999999999999997,0.8,35.0,20.0,160.00000000000003,350.0,AA2024-T3,AA2024-T3,4624.780250582375
32.27715866710349,37.302280966584256,z,0.3,0.8,54.99999999999999,20.0,180.00000000000003,300.0,AA2024-T3,AA2024-T3,4726.478166684465
32.27715866710349,37.302280966584256,j,0.3,0.9000000000000001,54.99999999999999,20.0,180.00000000000003,300.0,AA2024-T3,AA2024-T3,4726.478166684465
32.27715866710349,37.302280966584256,formed z,0.3,0.8,54.99999999999999,20.0,180.00000000000003,300.0,AA2024-T3,AA2024-T3,4726.478166684465
32.27715866710349,37.302280966584256,formed z,0.3,0.9000000000000001,54.99999999999999,20.0,180.00000000000003,300.0,AA2024-T3,AA2024-T3,4726.478166684466
32.27715866710349,37.302280966584256,j,0.3,0.8,54.99999999999999,20.0,180.00000000000003,300.0,AA2024-T3,AA2024-T3,4726.478166684465
32.27715866710349,37.302280966584256,z,0.3,0.9000000000000001,54.99999999999999,20.0,180.00000000000003,300.0,AA2024-T3,AA2024-T3,4726.478166684465
32.35511030146566,37.93707504010679,z,0.3,0.9000000000000001,65.0,20.0,200.0,399.99999999999994,AA2024-T3,AA2024-T3,4891.502364996113
32.35511030146566,37.93707504010679,formed z,0.3,0.8,65.0,20.0,200.0,399.99999999999994,AA2024-T3,AA2024-T3,4891.502364996113
32.35511030146566,37.93707504010679,z,0.3,0.8,65.0,20.0,200.0,399.99999999999994,AA2024-T3,AA2024-T3,4891.502364996113
32.35511030146566,37.93707504010679,j,0.3,0.9000000000000001,65.0,20.0,200.0,399.99999999999994,AA2024-T3,AA2024-T3,4891.502364996113
32.35511030146566,37.93707504010679,j,0.3,0.8,65.0,20.0,200.0,399.99999999999994,AA2024-T3,AA2024-T3,4891.502364996114
32.35511030146566,37.93707504010679,formed z,0.3,0.9000000000000001,65.0,20.0,200.0,399.99999999999994,AA2024-T3,AA2024-T3,4891.502364996113
32.38769661201652,50.35198666150832,j,0.39999999999999997,0.9000000000000001,40.0,20.0,180.00000000000003,350.0,AA2024-T3,AA2024-T3,4392.620487060753
32.38769661201652,50.35198666150832,formed z,0.39999999999999997,0.8,40.0,20.0,180.00000000000003,350.0,AA2024-T3,AA2024-T3,4392.620487060753
32.38769661201652,50.35198666150832,formed z,0.39999999999999997,0.9000000000000001,40.0,20.0,180.00000000000003,350.0,AA2024-T3,AA2024-T3,4392.6204870607535
32.38769661201652,50.35198666150832,z,0.39999999999999997,0.9000000000000001,40.0,20.0,180.00000000000003,350.0,AA2024-T3,AA2024-T3,4392.620487060753
32.38769661201652,50.35198666150832,z,0.39999999999999997,0.8,40.0,20.0,180.00000000000003,350.0,AA2024-T3,AA2024-T3,4392.620487060753
32.38769661201652,50.35198666150832,j,0.39999999999999997,0.8,40.0,20.0,180.00000000000003,350.0,AA2024-T3,AA2024-T3,4392.620487060753
32.395482127503044,38.155397485910264,formed z,0.3,0.8,59.99999999999999,20.0,180.00000000000003,449.99999999999994,AA2024-T3,AA2024-T3,5091.068912022248
32.395482127503044,38.155397485910264,z,0.3,0.9000000000000001,59.99999999999999,20.0,180.00000000000003,449.99999999999994,AA2024-T3,AA2024-T3,5091.068912022248
32.395482127503044,38.155397485910264,j,0.3,0.9000000000000001,59.99999999999999,20.0,180.00000000000003,449.99999999999994,AA2024-T3,AA2024-T3,5091.068912022247
32.395482127503044,38.155397485910264,formed z,0.3,0.9000000000000001,59.99999999999999,20.0,180.00000000000003,449.99999999999994,AA2024-T3,AA2024-T3,5091.068912022247
32.395482127503044,38.155397485910264,z,0.3,0.8,59.99999999999999,20.0,180.00000000000003,449.99999999999994,AA2024-T3,AA2024-T3,5091.068912022247
32.395482127503044,38.155397485910264,j,0.3,0.8,59.99999999999999,20.0,180.00000000000003,449.99999999999994,AA2024-T3,AA2024-T3,5091.068912022247
32.48739385042827,37.82744129919624,z,0.3,0.9000000000000001,44.99999999999999,20.0,140.0,350.0,AA2024-T3,AA2024-T3,5254.162008159956
32.48739385042827,37.82744129919624,j,0.3,0.9000000000000001,44.99999999999999,20.0,140.0,350.0,AA2024-T3,AA2024-T3,5254.162008159953
32.48739385042827,37.82744129919624,j,0.3,0.8,44.99999999999999,20.0,140.0,350.0,AA2024-T3,AA2024-T3,5254.162008159953
32.48739385042827,37.82744129919624,formed z,0.3,0.8,44.99999999999999,20.0,140.0,350.0,AA2024-T3,AA2024-T3,5254.162008159955
32.48739385042827,37.82744129919624,z,0.3,0.8,44.99999999999999,20.0,140.0,350.0,AA2024-T3,AA2024-T3,5254.162008159955
32.48739385042827,37.82744129919624,formed z,0.3,0.9000000000000001,44.99999999999999,20.0,140.0,350.0,AA2024-T3,AA2024-T3,5254.162008159953
32.527765676465656,38.04639286388725,j,0.3,0.9000000000000001,40.0,20.0,120.00000000000001,399.99999999999994,AA2024-T3,AA2024-T3,5627.460905291874
32.527765676465656,38.04639286388725,formed z,0.3,0.8,40.0,20.0,120.00000000000001,399.99999999999994,AA2024-T3,AA2024-T3,5627.460905291874
32.527765676465656,38.04639286388725,formed z,0.3,0.9000000000000001,40.0,20.0,120.00000000000001,399.99999999999994,AA2024-T3,AA2024-T3,5627.460905291876
32.527765676465656,38.04639286388725,z,0.3,0.9000000000000001,40.0,20.0,120.00000000000001,399.99999999999994,AA2024-T3,AA2024-T3,5627.460905291874
32.527765676465656,38.04639286388725,j,0.3,0.8,40.0,20.0,120.00000000000001,399.99999999999994,AA2024-T3,AA2024-T3,5627.460905291874
32.527765676465656,38.04639286388725,z,0.3,0.8,40.0,20.0,120.00000000000001,399.99999999999994,AA2024-T3,AA2024-T3,5627.460905291874
32.56035198701652,50.49840988092739,j,0.39999999999999997,0.9000000000000001,44.99999999999999,20.0,200.0,350.0,AA2024-T3,AA2024-T3,4231.912546438853
32.56035198701652,50.49840988092739,formed z,0.39999999999999997,0.8,44.99999999999999,20.0,200.0,350.0,AA2024-T3,AA2024-T3,4231.9125464388535
32.56035198701652,50.49840988092739,z,0.39999999999999997,0.9000000000000001,44.99999999999999,20.0,200.0,350.0,AA2024-T3,AA2024-T3,4231.912546438854
32.56035198701652,50.49840988092739,j,0.39999999999999997,0.8,44.99999999999999,20.0,200.0,350.0,AA2024-T3,AA2024-T3,4231.912546438853
32.56035198701652,50.49840988092739,formed z,0.39999999999999997,0.9000000000000001,44.99999999999999,20.0,200.0,350.0,AA2024-T3,AA2024-T3,4231.912546438853
32.56035198701652,50.49840988092739,z,0.39999999999999997,0.8,44.99999999999999,20.0,200.0,350.0,AA2024-T3,AA2024-T3,4231.9125464388535
32.66004922542827,37.93707504010679,formed z,0.3,0.8,65.0,20.0,200.0,350.0,AA2024-T3,AA2024-T3,4891.502364996113
32.66004922542827,37.93707504010679,j,0.3,0.8,65.0,20.0,200.0,350.0,AA2024-T3,AA2024-T3,4891.502364996114
32.66004922542827,37.93707504010679,j,0.3,0.9000000000000001,65.0,20.0,200.0,350.0,AA2024-T3,AA2024-T3,4891.502364996113
32.66004922542827,37.93707504010679,z,0.3,0.9000000000000001,65.0,20.0,200.0,350.0,AA2024-T3,AA2024-T3,4891.502364996113
32.66004922542827,37.93707504010679,formed z,0.3,0.9000000000000001,65.0,20.0,200.0,350.0,AA2024-T3,AA2024-T3,4891.502364996113
32.66004922542827,37.93707504010679,z,0.3,0.8,65.0,20.0,200.0,350.0,AA2024-T3,AA2024-T3,4891.502364996113
32.6656332608535,37.551956631549125,z,0.3,0.8,49.99999999999999,20.0,160.00000000000003,300.0,AA2024-T3,AA2024-T3,4957.4800446938525
32.6656332608535,37.551956631549125,z,0.3,0.9000000000000001,49.99999999999999,20.0,160.00000000000003,300.0,AA2024-T3,AA2024-T3,4957.4800446938525
32.6656332608535,37.551956631549125,j,0.3,0.8,49.99999999999999,20.0,160.00000000000003,300.0,AA2024-T3,AA2024-T3,4957.480044693854
32.6656332608535,37.551956631549125,j,0.3,0.9000000000000001,49.99999999999999,20.0,160.00000000000003,300.0,AA2024-T3,AA2024-T3,4957.4800446938525
32.6656332608535,37.551956631549125,formed z,0.3,0.8,49.99999999999999,20.0,160.00000000000003,300.0,AA2024-T3,AA2024-T3,4957.4800446938525
32.6656332608535,37.551956631549125,formed z,0.3,0.9000000000000001,49.99999999999999,20.0,160.00000000000003,300.0,AA2024-T3,AA2024-T3,4957.4800446938525
32.70042105146565,38.155397485910264,j,0.3,0.9000000000000001,59.99999999999999,20.0,180.00000000000003,399.99999999999994,AA2024-T3,AA2024-T3,5091.068912022247
32.70042105146565,38.155397485910264,j,0.3,0.8,59.99999999999999,20.0,180.00000000000003,399.99999999999994,AA2024-T3,AA2024-T3,5091.068912022247
32.70042105146565,38.155397485910264,formed z,0.3,0.8,59.99999999999999,20.0,180.00000000000003,399.99999999999994,AA2024-T3,AA2024-T3,5091.068912022248
32.70042105146565,38.155397485910264,z,0.3,0.8,59.99999999999999,20.0,180.00000000000003,399.99999999999994,AA2024-T3,AA2024-T3,5091.068912022247
32.70042105146565,38.155397485910264,z,0.3,0.9000000000000001,59.99999999999999,20.0,180.00000000000003,399.99999999999994,AA2024-T3,AA2024-T3,5091.068912022248
32.70042105146565,38.155397485910264,formed z,0.3,0.9000000000000001,59.99999999999999,20.0,180.00000000000003,399.99999999999994,AA2024-T3,AA2024-T3,5091.068912022247
32.832704600428265,38.04639286388725,formed z,0.3,0.8,40.0,20.0,120.00000000000001,350.0,AA2024-T3,AA2024-T3,5627.460905291874
32.832704600428265,38.04639286388725,j,0.3,0.9000000000000001,40.0,20.0,120.00000000000001,350.0,AA2024-T3,AA2024-T3,5627.460905291874
32.832704600428265,38.04639286388725,formed z,0.3,0.9000000000000001,40.0,20.0,120.00000000000001,350.0,AA2024-T3,AA2024-T3,5627.460905291876
32.832704600428265,38.04639286388725,z,0.3,0.8,40.0,20.0,120.00000000000001,350.0,AA2024-T3,AA2024-T3,5627.460905291874
32.832704600428265,38.04639286388725,z,0.3,0.9000000000000001,40.0,20.0,120.00000000000001,350.0,AA2024-T3,AA2024-T3,5627.460905291874
32.832704600428265,38.04639286388725,j,0.3,0.8,40.0,20.0,120.00000000000001,350.0,AA2024-T3,AA2024-T3,5627.460905291874
32.86808292869175,50.24188920566818,z,0.39999999999999997,0.8,35.0,20.0,160.00000000000003,300.0,AA2024-T3,AA2024-T3,4624.780250582375
32.86808292869175,50.24188920566818,z,0.39999999999999997,0.9000000000000001,35.0,20.0,160.00000000000003,300.0,AA2024-T3,AA2024-T3,4624.780250582375
32.86808292869175,50.24188920566818,j,0.39999999999999997,0.9000000000000001,35.0,20.0,160.00000000000003,300.0,AA2024-T3,AA2024-T3,4624.780250582375
32.86808292869175,50.24188920566818,formed z,0.39999999999999997,0.9000000000000001,35.0,20.0,160.00000000000003,300.0,AA2024-T3,AA2024-T3,4624.780250582375
32.86808292869175,50.24188920566818,formed z,0.39999999999999997,0.8,35.0,20.0,160.00000000000003,300.0,AA2024-T3,AA2024-T3,4624.780250582375
32.86808292869175,50.24188920566818,j,0.39999999999999997,0.8,35.0,20.0,160.00000000000003,300.0,AA2024-T3,AA2024-T3,4624.780250582375
32.95661209625304,38.50753155176421,z,0.3,0.9000000000000001,54.99999999999999,20.0,160.00000000000003,449.99999999999994,AA2024-T3,AA2024-T3,5368.955059105055
32.95661209625304,38.50753155176421,j,0.3,0.8,54.99999999999999,20.0,160.00000000000003,449.99999999999994,AA2024-T3,AA2024-T3,5368.955059105055
32.95661209625304,38.50753155176421,j,0.3,0.9000000000000001,54.99999999999999,20.0,160.00000000000003,449.99999999999994,AA2024-T3,AA2024-T3,5368.955059105055
32.95661209625304,38.50753155176421,z,0.3,0.9000000000000001,35.0,20.0,100.0,449.99999999999994,AA2024-T3,AA2024-T3,6241.631317826566
32.95661209625304,38.50753155176421,j,0.3,0.8,35.0,20.0,100.0,449.99999999999994,AA2024-T3,AA2024-T3,6241.631317826566
32.95661209625304,38.50753155176421,formed z,0.3,0.9000000000000001,35.0,20.0,100.0,449.99999999999994,AA2024-T3,AA2024-T3,6241.631317826566
32.95661209625304,38.50753155176421,formed z,0.3,0.9000000000000001,54.99999999999999,20.0,160.00000000000003,449.99999999999994,AA2024-T3,AA2024-T3,5368.955059105056
32.95661209625304,38.50753155176421,formed z,0.3,0.8,54.99999999999999,20.0,160.00000000000003,449.99999999999994,AA2024-T3,AA2024-T3,5368.955059105055
32.95661209625304,38.50753155176421,z,0.3,0.8,54.99999999999999,20.0,160.00000000000003,449.99999999999994,AA2024-T3,AA2024-T3,5368.955059105055
32.95661209625304,38.50753155176421,z,0.3,0.8,35.0,20.0,100.0,449.99999999999994,AA2024-T3,AA2024-T3,6241.631317826566
32.95661209625304,38.50753155176421,j,0.3,0.9000000000000001,35.0,20.0,100.0,449.99999999999994,AA2024-T3,AA2024-T3,6241.631317826566
32.95661209625304,38.50753155176421,formed z,0.3,0.8,35.0,20.0,100.0,449.99999999999994,AA2024-T3,AA2024-T3,6241.631317826566
32.997574459941745,50.35198666150832,formed z,0.39999999999999997,0.8,40.0,20.0,180.00000000000003,300.0,AA2024-T3,AA2024-T3,4392.620487060753
32.997574459941745,50.35198666150832,j,0.39999999999999997,0.9000000000000001,40.0,20.0,180.00000000000003,300.0,AA2024-T3,AA2024-T3,4392.620487060753
32.997574459941745,50.35198666150832,z,0.39999999999999997,0.8,40.0,20.0,180.00000000000003,300.0,AA2024-T3,AA2024-T3,4392.620487060753
32.997574459941745,50.35198666150832,j,0.39999999999999997,0.8,40.0,20.0,180.00000000000003,300.0,AA2024-T3,AA2024-T3,4392.620487060753
32.997574459941745,50.35198666150832,formed z,0.39999999999999997,0.9000000000000001,40.0,20.0,180.00000000000003,300.0,AA2024-T3,AA2024-T3,4392.6204870607535
32.997574459941745,50.35198666150832,z,0.39999999999999997,0.9000000000000001,40.0,20.0,180.00000000000003,300.0,AA2024-T3,AA2024-T3,4392.620487060753
33.00535997542826,38.155397485910264,z,0.3,0.9000000000000001,59.99999999999999,20.0,180.00000000000003,350.0,AA2024-T3,AA2024-T3,5091.068912022248
33.00535997542826,38.155397485910264,formed z,0.3,0.9000000000000001,59.99999999999999,20.0,180.00000000000003,350.0,AA2024-T3,AA2024-T3,5091.068912022247
33.00535997542826,38.155397485910264,formed z,0.3,0.8,59.99999999999999,20.0,180.00000000000003,350.0,AA2024-T3,AA2024-T3,5091.068912022248
33.00535997542826,38.155397485910264,j,0.3,0.8,59.99999999999999,20.0,180.00000000000003,350.0,AA2024-T3,AA2024-T3,5091.068912022247
33.00535997542826,38.155397485910264,j,0.3,0.9000000000000001,59.99999999999999,20.0,180.00000000000003,350.0,AA2024-T3,AA2024-T3,5091.068912022247
33.00535997542826,38.155397485910264,z,0.3,0.8,59.99999999999999,20.0,180.00000000000003,350.0,AA2024-T3,AA2024-T3,5091.068912022247
33.097271698353495,37.82744129919624,z,0.3,0.8,44.99999999999999,20.0,140.0,300.0,AA2024-T3,AA2024-T3,5254.162008159955
33.097271698353495,37.82744129919624,formed z,0.3,0.9000000000000001,44.99999999999999,20.0,140.0,300.0,AA2024-T3,AA2024-T3,5254.162008159953
33.097271698353495,37.82744129919624,formed z,0.3,0.8,44.99999999999999,20.0,140.0,300.0,AA2024-T3,AA2024-T3,5254.162008159955
33.097271698353495,37.82744129919624,j,0.3,0.9000000000000001,44.99999999999999,20.0,140.0,300.0,AA2024-T3,AA2024-T3,5254.162008159953
33.097271698353495,37.82744129919624,z,0.3,0.9000000000000001,44.99999999999999,20.0,140.0,300.0,AA2024-T3,AA2024-T3,5254.162008159956
33.097271698353495,37.82744129919624,j,0.3,0.8,44.99999999999999,20.0,140.0,300.0,AA2024-T3,AA2024-T3,5254.162008159953
33.1158979203413,51.47587365705243,formed z,0.39999999999999997,0.8,44.99999999999999,20.0,180.00000000000003,449.99999999999994,AA2024-T3,AA2024-T3,4756.6499600487205
33.1158979203413,51.47587365705243,z,0.39999999999999997,0.9000000000000001,44.99999999999999,20.0,180.00000000000003,449.99999999999994,AA2024-T3,AA2024-T3,4756.649960048721
33.1158979203413,51.47587365705243,j,0.39999999999999997,0.9000000000000001,44.99999999999999,20.0,180.00000000000003,449.99999999999994,AA2024-T3,AA2024-T3,4756.64996004872
33.1158979203413,51.47587365705243,z,0.39999999999999997,0.8,44.99999999999999,20.0,180.00000000000003,449.99999999999994,AA2024-T3,AA2024-T3,4756.6499600487205
33.1158979203413,51.47587365705243,j,0.39999999999999997,0.8,44.99999999999999,20.0,180.00000000000003,449.99999999999994,AA2024-T3,AA2024-T3,4756.64996004872
33.1158979203413,51.47587365705243,formed z,0.39999999999999997,0.9000000000000001,44.99999999999999,20.0,180.00000000000003,449.99999999999994,AA2024-T3,AA2024-T3,4756.64996004872
33.15906176409129,51.51171981881583,z,0.39999999999999997,0.8,49.99999999999999,20.0,200.0,449.99999999999994,AA2024-T3,AA2024-T3,4560.299286882333
33.15906176409129,51.51171981881583,j,0.39999999999999997,0.8,40.0,20.0,160.00000000000003,449.99999999999994,AA2024-T3,AA2024-T3,5035.5474055549475
33.15906176409129,51.51171981881583,formed z,0.39999999999999997,0.8,49.99999999999999,20.0,200.0,449.99999999999994,AA2024-T3,AA2024-T3,4560.299286882333
33.15906176409129,51.51171981881583,z,0.39999999999999997,0.8,40.0,20.0,160.00000000000003,449.99999999999994,AA2024-T3,AA2024-T3,5035.5474055549475
33.15906176409129,51.51171981881583,j,0.39999999999999997,0.9000000000000001,35.0,20.0,140.0,449.99999999999994,AA2024-T3,AA2024-T3,5419.064765324943
33.15906176409129,51.51171981881583,formed z,0.39999999999999997,0.9000000000000001,35.0,20.0,140.0,449.99999999999994,AA2024-T3,AA2024-T3,5419.064765324943
33.15906176409129,51.51171981881583,formed z,0.39999999999999997,0.9000000000000001,49.99999999999999,20.0,200.0,449.99999999999994,AA2024-T3,AA2024-T3,4560.299286882333
33.15906176409129,51.51171981881583,z,0.39999999999999997,0.9000000000000001,35.0,20.0,140.0,449.99999999999994,AA2024-T3,AA2024-T3,5419.064765324943
33.15906176409129,51.51171981881583,j,0.39999999999999997,0.8,35.0,20.0,140.0,449.99999999999994,AA2024-T3,AA2024-T3,5419.064765324943
33.15906176409129,51.51171981881583,z,0.39999999999999997,0.8,35.0,20.0,140.0,449.99999999999994,AA2024-T3,AA2024-T3,5419.064765324943
33.15906176409129,51.51171981881583,j,0.39999999999999997,0.9000000000000001,40.0,20.0,160.00000000000003,449.99999999999994,AA2024-T3,AA2024-T3,5035.5474055549475
33.15906176409129,51.51171981881583,formed z,0.39999999999999997,0.8,35.0,20.0,140.0,449.99999999999994,AA2024-T3,AA2024-T3,5419.064765324943
33.15906176409129,51.51171981881583,formed z,0.39999999999999997,0.9000000000000001,40.0,20.0,160.00000000000003,449.99999999999994,AA2024-T3,AA2024-T3,5035.5474055549475
33.15906176409129,51.51171981881583,z,0.39999999999999997,0.9000000000000001,49.99999999999999,20.0,200.0,449.99999999999994,AA2024-T3,AA2024-T3,4560.299286882333
33.15906176409129,51.51171981881583,z,0.39999999999999997,0.9000000000000001,40.0,20.0,160.00000000000003,449.99999999999994,AA2024-T3,AA2024-T3,5035.5474055549475
33.15906176409129,51.51171981881583,j,0.39999999999999997,0.8,49.99999999999999,20.0,200.0,449.99999999999994,AA2024-T3,AA2024-T3,4560.299286882335
33.15906176409129,51.51171981881583,j,0.39999999999999997,0.9000000000000001,49.99999999999999,20.0,200.0,449.99999999999994,AA2024-T3,AA2024-T3,4560.299286882333
33.15906176409129,51.51171981881583,formed z,0.39999999999999997,0.8,40.0,20.0,160.00000000000003,449.99999999999994,AA2024-T3,AA2024-T3,5035.5474055549475
33.17022983494174,50.49840988092739,z,0.39999999999999997,0.8,44.99999999999999,20.0,200.0,300.0,AA2024-T3,AA2024-T3,4231.9125464388535
33.17022983494174,50.49840988092739,formed z,0.39999999999999997,0.8,44.99999999999999,20.0,200.0,300.0,AA2024-T3,AA2024-T3,4231.9125464388535
33.17022983494174,50.49840988092739,j,0.39999999999999997,0.9000000000000001,44.99999999999999,20.0,200.0,300.0,AA2024-T3,AA2024-T3,4231.912546438853
33.17022983494174,50.49840988092739,z,0.39999999999999997,0.9000000000000001,44.99999999999999,20.0,200.0,300.0,AA2024-T3,AA2024-T3,4231.912546438854
33.17022983494174,50.49840988092739,formed z,0.39999999999999997,0.9000000000000001,44.99999999999999,20.0,200.0,300.0,AA2024-T3,AA2024-T3,4231.912546438853
33.17022983494174,50.49840988092739,j,0.39999999999999997,0.8,44.99999999999999,20.0,200.0,300.0,AA2024-T3,AA2024-T3,4231.912546438853
33.25875900250304,38.695814942711706,z,0.3,0.8,70.0,20.0,200.0,449.99999999999994,AA2024-T3,AA2024-T3,5077.594756145434
33.25875900250304,38.695814942711706,z,0.3,0.9000000000000001,70.0,20.0,200.0,449.99999999999994,AA2024-T3,AA2024-T3,5220.628168829618
33.25875900250304,38.695814942711706,j,0.3,0.8,70.0,20.0,200.0,449.99999999999994,AA2024-T3,AA2024-T3,5220.6281688296185
33.25875900250304,38.695814942711706,formed z,0.3,0.9000000000000001,70.0,20.0,200.0,449.99999999999994,AA2024-T3,AA2024-T3,5220.6281688296185
33.25875900250304,38.695814942711706,j,0.3,0.9000000000000001,70.0,20.0,200.0,449.99999999999994,AA2024-T3,AA2024-T3,5220.6281688296185
33.25875900250304,38.695814942711706,formed z,0.3,0.8,70.0,20.0,200.0,449.99999999999994,AA2024-T3,AA2024-T3,5220.6281688296185
33.26155102021565,38.50753155176421,j,0.3,0.9000000000000001,35.0,20.0,100.0,399.99999999999994,AA2024-T3,AA2024-T3,6241.631317826566
33.26155102021565,38.50753155176421,z,0.3,0.8,35.0,20.0,100.0,399.99999999999994,AA2024-T3,AA2024-T3,6241.631317826566
33.26155102021565,38.50753155176421,formed z,0.3,0.9000000000000001,54.99999999999999,20.0,160.00000000000003,399.99999999999994,AA2024-T3,AA2024-T3,5368.955059105056
33.26155102021565,38.50753155176421,z,0.3,0.9000000000000001,35.0,20.0,100.0,399.99999999999994,AA2024-T3,AA2024-T3,6241.631317826566
33.26155102021565,38.50753155176421,z,0.3,0.8,54.99999999999999,20.0,160.00000000000003,399.99999999999994,AA2024-T3,AA2024-T3,5368.955059105055
33.26155102021565,38.50753155176421,j,0.3,0.9000000000000001,54.99999999999999,20.0,160.00000000000003,399.99999999999994,AA2024-T3,AA2024-T3,5368.955059105055
33.26155102021565,38.50753155176421,formed z,0.3,0.8,54.99999999999999,20.0,160.00000000000003,399.99999999999994,AA2024-T3,AA2024-T3,5368.955059105055
33.26155102021565,38.50753155176421,formed z,0.3,0.9000000000000001,35.0,20.0,100.0,399.99999999999994,AA2024-T3,AA2024-T3,6241.631317826566
33.26155102021565,38.50753155176421,z,0.3,0.9000000000000001,54.99999999999999,20.0,160.00000000000003,399.99999999999994,AA2024-T3,AA2024-T3,5368.955059105055
33.26155102021565,38.50753155176421,j,0.3,0.8,54.99999999999999,20.0,160.00000000000003,399.99999999999994,AA2024-T3,AA2024-T3,5368.955059105055
33.26155102021565,38.50753155176421,formed z,0.3,0.8,35.0,20.0,100.0,399.99999999999994,AA2024-T3,AA2024-T3,6241.631317826566
33.26155102021565,38.50753155176421,j,0.3,0.8,35.0,20.0,100.0,399.99999999999994,AA2024-T3,AA2024-T3,6241.631317826566
33.26992707335349,37.93707504010679,z,0.3,0.9000000000000001,65.0,20.0,200.0,300.0,AA2024-T3,AA2024-T3,4891.502364996113
33.26992707335349,37.93707504010679,j,0.3,0.9000000000000001,65.0,20.0,200.0,300.0,AA2024-T3,AA2024-T3,4891.502364996113
33.26992707335349,37.93707504010679,j,0.3,0.8,65.0,20.0,200.0,300.0,AA2024-T3,AA2024-T3,4891.502364996114
33.26992707335349,37.93707504010679,formed z,0.3,0.8,65.0,20.0,200.0,300.0,AA2024-T3,AA2024-T3,4891.502364996113
33.26992707335349,37.93707504010679,formed z,0.3,0.9000000000000001,65.0,20.0,200.0,300.0,AA2024-T3,AA2024-T3,4891.502364996113
33.26992707335349,37.93707504010679,z,0.3,0.8,65.0,20.0,200.0,300.0,AA2024-T3,AA2024-T3,4891.502364996113
33.420836844303906,51.47587365705243,z,0.39999999999999997,0.9000000000000001,44.99999999999999,20.0,180.00000000000003,399.99999999999994,AA2024-T3,AA2024-T3,4756.649960048721
33.420836844303906,51.47587365705243,j,0.39999999999999997,0.9000000000000001,44.99999999999999,20.0,180.00000000000003,399.99999999999994,AA2024-T3,AA2024-T3,4756.64996004872
33.420836844303906,51.47587365705243,z,0.39999999999999997,0.8,44.99999999999999,20.0,180.00000000000003,399.99999999999994,AA2024-T3,AA2024-T3,4756.6499600487205
33.420836844303906,51.47587365705243,j,0.39999999999999997,0.8,44.99999999999999,20.0,180.00000000000003,399.99999999999994,AA2024-T3,AA2024-T3,4756.64996004872
33.420836844303906,51.47587365705243,formed z,0.39999999999999997,0.8,44.99999999999999,20.0,180.00000000000003,399.99999999999994,AA2024-T3,AA2024-T3,4756.6499600487205
33.420836844303906,51.47587365705243,formed z,0.39999999999999997,0.9000000000000001,44.99999999999999,20.0,180.00000000000003,399.99999999999994,AA2024-T3,AA2024-T3,4756.64996004872
33.44258244835349,38.04639286388725,formed z,0.3,0.9000000000000001,40.0,20.0,120.00000000000001,300.0,AA2024-T3,AA2024-T3,5627.460905291876
33.44258244835349,38.04639286388725,j,0.3,0.8,40.0,20.0,120.00000000000001,300.0,AA2024-T3,AA2024-T3,5627.460905291874
33.44258244835349,38.04639286388725,z,0.3,0.9000000000000001,40.0,20.0,120.00000000000001,300.0,AA2024-T3,AA2024-T3,5627.460905291874
33.44258244835349,38.04639286388725,z,0.3,0.8,40.0,20.0,120.00000000000001,300.0,AA2024-T3,AA2024-T3,5627.460905291874
33.44258244835349,38.04639286388725,j,0.3,0.9000000000000001,40.0,20.0,120.00000000000001,300.0,AA2024-T3,AA2024-T3,5627.460905291874
33.44258244835349,38.04639286388725,formed z,0.3,0.8,40.0,20.0,120.00000000000001,300.0,AA2024-T3,AA2024-T3,5627.460905291874
33.46400068805391,51.51171981881583,formed z,0.39999999999999997,0.9000000000000001,40.0,20.0,160.00000000000003,399.99999999999994,AA2024-T3,AA2024-T3,5035.5474055549475
33.46400068805391,51.51171981881583,j,0.39999999999999997,0.9000000000000001,40.0,20.0,160.00000000000003,399.99999999999994,AA2024-T3,AA2024-T3,5035.5474055549475
33.46400068805391,51.51171981881583,formed z,0.39999999999999997,0.9000000000000001,35.0,20.0,140.0,399.99999999999994,AA2024-T3,AA2024-T3,5419.064765324943
33.46400068805391,51.51171981881583,j,0.39999999999999997,0.8,49.99999999999999,20.0,200.0,399.99999999999994,AA2024-T3,AA2024-T3,4560.299286882335
33.46400068805391,51.51171981881583,j,0.39999999999999997,0.9000000000000001,49.99999999999999,20.0,200.0,399.99999999999994,AA2024-T3,AA2024-T3,4560.299286882333
33.46400068805391,51.51171981881583,z,0.39999999999999997,0.9000000000000001,49.99999999999999,20.0,200.0,399.99999999999994,AA2024-T3,AA2024-T3,4560.299286882333
33.46400068805391,51.51171981881583,formed z,0.39999999999999997,0.8,35.0,20.0,140.0,399.99999999999994,AA2024-T3,AA2024-T3,5419.064765324943
33.46400068805391,51.51171981881583,z,0.39999999999999997,0.9000000000000001,40.0,20.0,160.00000000000003,399.99999999999994,AA2024-T3,AA2024-T3,5035.5474055549475
33.46400068805391,51.51171981881583,z,0.39999999999999997,0.8,49.99999999999999,20.0,200.0,399.99999999999994,AA2024-T3,AA2024-T3,4560.299286882333
33.46400068805391,51.51171981881583,z,0.39999999999999997,0.8,40.0,20.0,160.00000000000003,399.99999999999994,AA2024-T3,AA2024-T3,5035.5474055549475
33.46400068805391,51.51171981881583,z,0.39999999999999997,0.8,35.0,20.0,140.0,399.99999999999994,AA2024-T3,AA2024-T3,5419.064765324943
33.46400068805391,51.51171981881583,j,0.39999999999999997,0.8,40.0,20.0,160.00000000000003,399.99999999999994,AA2024-T3,AA2024-T3,5035.5474055549475
33.46400068805391,51.51171981881583,formed z,0.39999999999999997,0.8,49.99999999999999,20.0,200.0,399.99999999999994,AA2024-T3,AA2024-T3,4560.299286882333
33.46400068805391,51.51171981881583,formed z,0.39999999999999997,0.9000000000000001,49.99999999999999,20.0,200.0,399.99999999999994,AA2024-T3,AA2024-T3,4560.299286882333
33.46400068805391,51.51171981881583,formed z,0.39999999999999997,0.8,40.0,20.0,160.00000000000003,399.99999999999994,AA2024-T3,AA2024-T3,5035.5474055549475
33.46400068805391,51.51171981881583,j,0.39999999999999997,0.8,35.0,20.0,140.0,399.99999999999994,AA2024-T3,AA2024-T3,5419.064765324943
33.46400068805391,51.51171981881583,j,0.39999999999999997,0.9000000000000001,35.0,20.0,140.0,399.99999999999994,AA2024-T3,AA2024-T3,5419.064765324943
33.46400068805391,51.51171981881583,z,0.39999999999999997,0.9000000000000001,35.0,20.0,140.0,399.99999999999994,AA2024-T3,AA2024-T3,5419.064765324943
33.56369792646565,38.695814942711706,j,0.3,0.8,70.0,20.0,200.0,399.99999999999994,AA2024-T3,AA2024-T3,5220.6281688296185
33.56369792646565,38.695814942711706,z,0.3,0.9000000000000001,70.0,20.0,200.0,399.99999999999994,AA2024-T3,AA2024-T3,5220.628168829618
33.56369792646565,38.695814942711706,formed z,0.3,0.8,70.0,20.0,200.0,399.99999999999994,AA2024-T3,AA2024-T3,5220.6281688296185
33.56369792646565,38.695814942711706,z,0.3,0.8,70.0,20.0,200.0,399.99999999999994,AA2024-T3,AA2024-T3,5091.728295070147
33.56369792646565,38.695814942711706,j,0.3,0.9000000000000001,70.0,20.0,200.0,399.99999999999994,AA2024-T3,AA2024-T3,5220.6281688296185
33.56369792646565,38.695814942711706,formed z,0.3,0.9000000000000001,70.0,20.0,200.0,399.99999999999994,AA2024-T3,AA2024-T3,5220.6281688296185
33.566489944178265,38.50753155176421,j,0.3,0.9000000000000001,35.0,20.0,100.0,350.0,AA2024-T3,AA2024-T3,6241.631317826566
33.566489944178265,38.50753155176421,formed z,0.3,0.8,35.0,20.0,100.0,350.0,AA2024-T3,AA2024-T3,6241.631317826566
33.566489944178265,38.50753155176421,formed z,0.3,0.9000000000000001,54.99999999999999,20.0,160.00000000000003,350.0,AA2024-T3,AA2024-T3,5368.955059105056
33.566489944178265,38.50753155176421,z,0.3,0.9000000000000001,35.0,20.0,100.0,350.0,AA2024-T3,AA2024-T3,6241.631317826566
33.566489944178265,38.50753155176421,formed z,0.3,0.8,54.99999999999999,20.0,160.00000000000003,350.0,AA2024-T3,AA2024-T3,5368.955059105055
33.566489944178265,38.50753155176421,z,0.3,0.8,35.0,20.0,100.0,350.0,AA2024-T3,AA2024-T3,6241.631317826566
33.566489944178265,38.50753155176421,formed z,0.3,0.9000000000000001,35.0,20.0,100.0,350.0,AA2024-T3,AA2024-T3,6241.631317826566
33.566489944178265,38.50753155176421,z,0.3,0.8,54.99999999999999,20.0,160.00000000000003,350.0,AA2024-T3,AA2024-T3,5368.955059105055
33.566489944178265,38.50753155176421,j,0.3,0.8,54.99999999999999,20.0,160.00000000000003,350.0,AA2024-T3,AA2024-T3,5368.955059105055
33.566489944178265,38.50753155176421,j,0.3,0.8,35.0,20.0,100.0,350.0,AA2024-T3,AA2024-T3,6241.631317826566
33.566489944178265,38.50753155176421,j,0.3,0.9000000000000001,54.99999999999999,20.0,160.00000000000003,350.0,AA2024-T3,AA2024-T3,5368.955059105055
33.566489944178265,38.50753155176421,z,0.3,0.9000000000000001,54.99999999999999,20.0,160.00000000000003,350.0,AA2024-T3,AA2024-T3,5368.955059105055
33.60406975250304,38.909880349208265,z,0.3,0.8,49.99999999999999,20.0,140.0,449.99999999999994,AA2024-T3,AA2024-T3,5724.574691860096
33.60406975250304,38.909880349208265,z,0.3,0.9000000000000001,49.99999999999999,20.0,140.0,449.99999999999994,AA2024-T3,AA2024-T3,5724.574691860096
33.60406975250304,38.909880349208265,formed z,0.3,0.9000000000000001,49.99999999999999,20.0,140.0,449.99999999999994,AA2024-T3,AA2024-T3,5724.574691860096
33.60406975250304,38.909880349208265,formed z,0.3,0.8,49.99999999999999,20.0,140.0,449.99999999999994,AA2024-T3,AA2024-T3,5724.574691860096
33.60406975250304,38.909880349208265,j,0.3,0.8,49.99999999999999,20.0,140.0,449.99999999999994,AA2024-T3,AA2024-T3,5724.574691860097
33.60406975250304,38.909880349208265,j,0.3,0.9000000000000001,49.99999999999999,20.0,140.0,449.99999999999994,AA2024-T3,AA2024-T3,5724.574691860096
33.615237823353496,38.155397485910264,z,0.3,0.8,59.99999999999999,20.0,180.00000000000003,300.0,AA2024-T3,AA2024-T3,5091.068912022247
33.615237823353496,38.155397485910264,j,0.3,0.9000000000000001,59.99999999999999,20.0,180.00000000000003,300.0,AA2024-T3,AA2024-T3,5091.068912022247
33.615237823353496,38.155397485910264,formed z,0.3,0.9000000000000001,59.99999999999999,20.0,180.00000000000003,300.0,AA2024-T3,AA2024-T3,5091.068912022247
33.615237823353496,38.155397485910264,formed z,0.3,0.8,59.99999999999999,20.0,180.00000000000003,300.0,AA2024-T3,AA2024-T3,5091.068912022248
33.615237823353496,38.155397485910264,j,0.3,0.8,59.99999999999999,20.0,180.00000000000003,300.0,AA2024-T3,AA2024-T3,5091.068912022247
33.615237823353496,38.155397485910264,z,0.3,0.9000000000000001,59.99999999999999,20.0,180.00000000000003,300.0,AA2024-T3,AA2024-T3,5091.068912022248
33.725775768266516,51.47587365705243,formed z,0.39999999999999997,0.8,44.99999999999999,20.0,180.00000000000003,350.0,AA2024-T3,AA2024-T3,4756.6499600487205
33.725775768266516,51.47587365705243,j,0.39999999999999997,0.8,44.99999999999999,20.0,180.00000000000003,350.0,AA2024-T3,AA2024-T3,4756.64996004872
33.725775768266516,51.47587365705243,j,0.39999999999999997,0.9000000000000001,44.99999999999999,20.0,180.00000000000003,350.0,AA2024-T3,AA2024-T3,4756.64996004872
33.725775768266516,51.47587365705243,z,0.39999999999999997,0.9000000000000001,44.99999999999999,20.0,180.00000000000003,350.0,AA2024-T3,AA2024-T3,4756.649960048721
33.725775768266516,51.47587365705243,formed z,0.39999999999999997,0.9000000000000001,44.99999999999999,20.0,180.00000000000003,350.0,AA2024-T3,AA2024-T3,4756.64996004872
33.725775768266516,51.47587365705243,z,0.39999999999999997,0.8,44.99999999999999,20.0,180.00000000000003,350.0,AA2024-T3,AA2024-T3,4756.6499600487205
33.73356128375304,38.9898518759128,formed z,0.3,0.9000000000000001,65.0,20.0,180.00000000000003,449.99999999999994,AA2024-T3,AA2024-T3,5455.756692208704
33.73356128375304,38.9898518759128,z,0.3,0.9000000000000001,65.0,20.0,180.00000000000003,449.99999999999994,AA2024-T3,AA2024-T3,5455.756692208704
33.73356128375304,38.9898518759128,j,0.3,0.8,65.0,20.0,180.00000000000003,449.99999999999994,AA2024-T3,AA2024-T3,5455.756692208705
33.73356128375304,38.9898518759128,j,0.3,0.9000000000000001,65.0,20.0,180.00000000000003,449.99999999999994,AA2024-T3,AA2024-T3,5455.756692208704
33.73356128375304,38.9898518759128,z,0.3,0.8,65.0,20.0,180.00000000000003,449.99999999999994,AA2024-T3,AA2024-T3,5455.756692208704
33.73356128375304,38.9898518759128,formed z,0.3,0.8,65.0,20.0,180.00000000000003,449.99999999999994,AA2024-T3,AA2024-T3,5455.756692208704
33.76893961201652,51.51171981881583,z,0.39999999999999997,0.8,49.99999999999999,20.0,200.0,350.0,AA2024-T3,AA2024-T3,4560.299286882333
33.76893961201652,51.51171981881583,formed z,0.39999999999999997,0.9000000000000001,40.0,20.0,160.00000000000003,350.0,AA2024-T3,AA2024-T3,5035.5474055549475
33.76893961201652,51.51171981881583,z,0.39999999999999997,0.8,40.0,20.0,160.00000000000003,350.0,AA2024-T3,AA2024-T3,5035.5474055549475
33.76893961201652,51.51171981881583,z,0.39999999999999997,0.8,35.0,20.0,140.0,350.0,AA2024-T3,AA2024-T3,5419.064765324943
33.76893961201652,51.51171981881583,formed z,0.39999999999999997,0.9000000000000001,49.99999999999999,20.0,200.0,350.0,AA2024-T3,AA2024-T3,4560.299286882333
33.76893961201652,51.51171981881583,z,0.39999999999999997,0.9000000000000001,35.0,20.0,140.0,350.0,AA2024-T3,AA2024-T3,5419.064765324943
33.76893961201652,51.51171981881583,formed z,0.39999999999999997,0.8,35.0,20.0,140.0,350.0,AA2024-T3,AA2024-T3,5419.064765324943
33.76893961201652,51.51171981881583,j,0.39999999999999997,0.9000000000000001,35.0,20.0,140.0,350.0,AA2024-T3,AA2024-T3,5419.064765324943
33.76893961201652,51.51171981881583,formed z,0.39999999999999997,0.9000000000000001,35.0,20.0,140.0,350.0,AA2024-T3,AA2024-T3,5419.064765324943
33.76893961201652,51.51171981881583,formed z,0.39999999999999997,0.8,40.0,20.0,160.00000000000003,350.0,AA2024-T3,AA2024-T3,5035.5474055549475
33.76893961201652,51.51171981881583,j,0.39999999999999997,0.9000000000000001,40.0,20.0,160.00000000000003,350.0,AA2024-T3,AA2024-T3,5035.5474055549475
33.76893961201652,51.51171981881583,z,0.39999999999999997,0.9000000000000001,49.99999999999999,20.0,200.0,350.0,AA2024-T3,AA2024-T3,4560.299286882333
33.76893961201652,51.51171981881583,j,0.39999999999999997,0.8,40.0,20.0,160.00000000000003,350.0,AA2024-T3,AA2024-T3,5035.5474055549475
33.76893961201652,51.51171981881583,j,0.39999999999999997,0.9000000000000001,49.99999999999999,20.0,200.0,350.0,AA2024-T3,AA2024-T3,4560.299286882333
33.76893961201652,51.51171981881583,j,0.39999999999999997,0.8,35.0,20.0,140.0,350.0,AA2024-T3,AA2024-T3,5419.064765324943
33.76893961201652,51.51171981881583,z,0.39999999999999997,0.9000000000000001,40.0,20.0,160.00000000000003,350.0,AA2024-T3,AA2024-T3,5035.5474055549475
33.76893961201652,51.51171981881583,formed z,0.39999999999999997,0.8,49.99999999999999,20.0,200.0,350.0,AA2024-T3,AA2024-T3,4560.299286882333
33.76893961201652,51.51171981881583,j,0.39999999999999997,0.8,49.99999999999999,20.0,200.0,350.0,AA2024-T3,AA2024-T3,4560.299286882335
33.86863685042827,38.695814942711706,z,0.3,0.9000000000000001,70.0,20.0,200.0,350.0,AA2024-T3,AA2024-T3,5220.628168829618
33.86863685042827,38.695814942711706,z,0.3,0.8,70.0,20.0,200.0,350.0,AA2024-T3,AA2024-T3,5105.752644689959
33.86863685042827,38.695814942711706,j,0.3,0.9000000000000001,70.0,20.0,200.0,350.0,AA2024-T3,AA2024-T3,5220.6281688296185
33.86863685042827,38.695814942711706,j,0.3,0.8,70.0,20.0,200.0,350.0,AA2024-T3,AA2024-T3,5220.6281688296185
33.86863685042827,38.695814942711706,formed z,0.3,0.8,70.0,20.0,200.0,350.0,AA2024-T3,AA2024-T3,5220.6281688296185
33.86863685042827,38.695814942711706,formed z,0.3,0.9000000000000001,70.0,20.0,200.0,350.0,AA2024-T3,AA2024-T3,5220.6281688296185
33.90900867646565,38.909880349208265,j,0.3,0.8,49.99999999999999,20.0,140.0,399.99999999999994,AA2024-T3,AA2024-T3,5724.574691860097
33.90900867646565,38.909880349208265,j,0.3,0.9000000000000001,49.99999999999999,20.0,140.0,399.99999999999994,AA2024-T3,AA2024-T3,5724.574691860096
33.90900867646565,38.909880349208265,z,0.3,0.8,49.99999999999999,20.0,140.0,399.99999999999994,AA2024-T3,AA2024-T3,5724.574691860096
33.90900867646565,38.909880349208265,formed z,0.3,0.9000000000000001,49.99999999999999,20.0,140.0,399.99999999999994,AA2024-T3,AA2024-T3,5724.574691860096
33.90900867646565,38.909880349208265,formed z,0.3,0.8,49.99999999999999,20.0,140.0,399.99999999999994,AA2024-T3,AA2024-T3,5724.574691860096
33.90900867646565,38.909880349208265,z,0.3,0.9000000000000001,49.99999999999999,20.0,140.0,399.99999999999994,AA2024-T3,AA2024-T3,5724.574691860096
34.03850020771566,38.9898518759128,j,0.3,0.9000000000000001,65.0,20.0,180.00000000000003,399.99999999999994,AA2024-T3,AA2024-T3,5455.756692208704
34.03850020771566,38.9898518759128,z,0.3,0.9000000000000001,65.0,20.0,180.00000000000003,399.99999999999994,AA2024-T3,AA2024-T3,5455.756692208704
34.03850020771566,38.9898518759128,j,0.3,0.8,65.0,20.0,180.00000000000003,399.99999999999994,AA2024-T3,AA2024-T3,5455.756692208705
34.03850020771566,38.9898518759128,z,0.3,0.8,65.0,20.0,180.00000000000003,399.99999999999994,AA2024-T3,AA2024-T3,5455.756692208704
34.03850020771566,38.9898518759128,formed z,0.3,0.9000000000000001,65.0,20.0,180.00000000000003,399.99999999999994,AA2024-T3,AA2024-T3,5455.756692208704
34.03850020771566,38.9898518759128,formed z,0.3,0.8,65.0,20.0,180.00000000000003,399.99999999999994,AA2024-T3,AA2024-T3,5455.756692208704
34.17636779210349,38.50753155176421,formed z,0.3,0.8,35.0,20.0,100.0,300.0,AA2024-T3,AA2024-T3,6241.631317826566
34.17636779210349,38.50753155176421,z,0.3,0.8,54.99999999999999,20.0,160.00000000000003,300.0,AA2024-T3,AA2024-T3,5368.955059105055
34.17636779210349,38.50753155176421,formed z,0.3,0.9000000000000001,35.0,20.0,100.0,300.0,AA2024-T3,AA2024-T3,6241.631317826566
34.17636779210349,38.50753155176421,z,0.3,0.8,35.0,20.0,100.0,300.0,AA2024-T3,AA2024-T3,6241.631317826566
34.17636779210349,38.50753155176421,z,0.3,0.9000000000000001,35.0,20.0,100.0,300.0,AA2024-T3,AA2024-T3,6241.631317826566
34.17636779210349,38.50753155176421,j,0.3,0.8,35.0,20.0,100.0,300.0,AA2024-T3,AA2024-T3,6241.631317826566
34.17636779210349,38.50753155176421,j,0.3,0.8,54.99999999999999,20.0,160.00000000000003,300.0,AA2024-T3,AA2024-T3,5368.955059105055
34.17636779210349,38.50753155176421,formed z,0.3,0.8,54.99999999999999,20.0,160.00000000000003,300.0,AA2024-T3,AA2024-T3,5368.955059105055
34.17636779210349,38.50753155176421,formed z,0.3,0.9000000000000001,54.99999999999999,20.0,160.00000000000003,300.0,AA2024-T3,AA2024-T3,5368.955059105056
34.17636779210349,38.50753155176421,j,0.3,0.9000000000000001,54.99999999999999,20.0,160.00000000000003,300.0,AA2024-T3,AA2024-T3,5368.955059105055
34.17636779210349,38.50753155176421,j,0.3,0.9000000000000001,35.0,20.0,100.0,300.0,AA2024-T3,AA2024-T3,6241.631317826566
34.17636779210349,38.50753155176421,z,0.3,0.9000000000000001,54.99999999999999,20.0,160.00000000000003,300.0,AA2024-T3,AA2024-T3,5368.955059105055
34.20836356500304,39.28168790327946,formed z,0.3,0.8,44.99999999999999,20.0,120.00000000000001,449.99999999999994,AA2024-T3,AA2024-T3,6169.709211197892
34.20836356500304,39.28168790327946,j,0.3,0.9000000000000001,44.99999999999999,20.0,120.00000000000001,449.99999999999994,AA2024-T3,AA2024-T3,6169.709211197891
34.20836356500304,39.28168790327946,j,0.3,0.8,44.99999999999999,20.0,120.00000000000001,449.99999999999994,AA2024-T3,AA2024-T3,6169.709211197891
34.20836356500304,39.28168790327946,z,0.3,0.8,44.99999999999999,20.0,120.00000000000001,449.99999999999994,AA2024-T3,AA2024-T3,6169.709211197892
34.20836356500304,39.28168790327946,z,0.3,0.9000000000000001,44.99999999999999,20.0,120.00000000000001,449.99999999999994,AA2024-T3,AA2024-T3,6169.709211197894
34.20836356500304,39.28168790327946,formed z,0.3,0.9000000000000001,44.99999999999999,20.0,120.00000000000001,449.99999999999994,AA2024-T3,AA2024-T3,6169.709211197891
34.21394760042827,38.909880349208265,j,0.3,0.8,49.99999999999999,20.0,140.0,350.0,AA2024-T3,AA2024-T3,5724.574691860097
34.21394760042827,38.909880349208265,z,0.3,0.9000000000000001,49.99999999999999,20.0,140.0,350.0,AA2024-T3,AA2024-T3,5724.574691860096
34.21394760042827,38.909880349208265,formed z,0.3,0.9000000000000001,49.99999999999999,20.0,140.0,350.0,AA2024-T3,AA2024-T3,5724.574691860096
34.21394760042827,38.909880349208265,formed z,0.3,0.8,49.99999999999999,20.0,140.0,350.0,AA2024-T3,AA2024-T3,5724.574691860096
34.21394760042827,38.909880349208265,z,0.3,0.8,49.99999999999999,20.0,140.0,350.0,AA2024-T3,AA2024-T3,5724.574691860096
34.21394760042827,38.909880349208265,j,0.3,0.9000000000000001,49.99999999999999,20.0,140.0,350.0,AA2024-T3,AA2024-T3,5724.574691860096
34.26795215067956,65.5302681533506,j,0.5,0.9000000000000001,35.0,20.0,200.0,449.99999999999994,AA2024-T3,AA2024-T3,4513.452005139679
34.26795215067956,65.5302681533506,j,0.5,0.8,35.0,20.0,200.0,449.99999999999994,AA2024-T3,AA2024-T3,4513.452005139679
34.26795215067956,65.5302681533506,z,0.5,0.9000000000000001,35.0,20.0,200.0,449.99999999999994,AA2024-T3,AA2024-T3,4513.452005139679
34.26795215067956,65.5302681533506,formed z,0.5,0.8,35.0,20.0,200.0,449.99999999999994,AA2024-T3,AA2024-T3,4513.452005139679
34.26795215067956,65.5302681533506,z,0.5,0.8,35.0,20.0,200.0,449.99999999999994,AA2024-T3,AA2024-T3,4513.452005139679
34.26795215067956,65.5302681533506,formed z,0.5,0.9000000000000001,35.0,20.0,200.0,449.99999999999994,AA2024-T3,AA2024-T3,4513.452005139679
34.33565361619175,51.47587365705243,formed z,0.39999999999999997,0.8,44.99999999999999,20.0,180.00000000000003,300.0,AA2024-T3,AA2024-T3,4756.6499600487205
34.33565361619175,51.47587365705243,j,0.39999999999999997,0.8,44.99999999999999,20.0,180.00000000000003,300.0,AA2024-T3,AA2024-T3,4756.64996004872
34.33565361619175,51.47587365705243,z,0.39999999999999997,0.8,44.99999999999999,20.0,180.00000000000003,300.0,AA2024-T3,AA2024-T3,4756.6499600487205
34.33565361619175,51.47587365705243,formed z,0.39999999999999997,0.9000000000000001,44.99999999999999,20.0,180.00000000000003,300.0,AA2024-T3,AA2024-T3,4756.64996004872
34.33565361619175,51.47587365705243,z,0.39999999999999997,0.9000000000000001,44.99999999999999,20.0,180.00000000000003,300.0,AA2024-T3,AA2024-T3,4756.649960048721
34.33565361619175,51.47587365705243,j,0.39999999999999997,0.9000000000000001,44.99999999999999,20.0,180.00000000000003,300.0,AA2024-T3,AA2024-T3,4756.64996004872
34.34343913167827,38.9898518759128,formed z,0.3,0.9000000000000001,65.0,20.0,180.00000000000003,350.0,AA2024-T3,AA2024-T3,5455.756692208704
34.34343913167827,38.9898518759128,formed z,0.3,0.8,65.0,20.0,180.00000000000003,350.0,AA2024-T3,AA2024-T3,5455.756692208704
34.34343913167827,38.9898518759128,z,0.3,0.9000000000000001,65.0,20.0,180.00000000000003,350.0,AA2024-T3,AA2024-T3,5455.756692208704
34.34343913167827,38.9898518759128,j,0.3,0.9000000000000001,65.0,20.0,180.00000000000003,350.0,AA2024-T3,AA2024-T3,5455.756692208704
34.34343913167827,38.9898518759128,j,0.3,0.8,65.0,20.0,180.00000000000003,350.0,AA2024-T3,AA2024-T3,5455.756692208705
34.34343913167827,38.9898518759128,z,0.3,0.8,65.0,20.0,180.00000000000003,350.0,AA2024-T3,AA2024-T3,5455.756692208704
34.3676493890913,52.505477398860215,z,0.39999999999999997,0.9000000000000001,54.99999999999999,20.0,200.0,449.99999999999994,AA2024-T3,AA2024-T3,4888.83150863355
34.3676493890913,52.505477398860215,formed z,0.39999999999999997,0.8,54.99999999999999,20.0,200.0,449.99999999999994,AA2024-T3,AA2024-T3,4888.83150863355
34.3676493890913,52.505477398860215,j,0.39999999999999997,0.9000000000000001,54.99999999999999,20.0,200.0,449.99999999999994,AA2024-T3,AA2024-T3,4888.83150863355
34.3676493890913,52.505477398860215,formed z,0.39999999999999997,0.9000000000000001,54.99999999999999,20.0,200.0,449.99999999999994,AA2024-T3,AA2024-T3,4888.831508633551
34.3676493890913,52.505477398860215,z,0.39999999999999997,0.8,54.99999999999999,20.0,200.0,449.99999999999994,AA2024-T3,AA2024-T3,4888.83150863355
34.3676493890913,52.505477398860215,j,0.39999999999999997,0.8,54.99999999999999,20.0,200.0,449.99999999999994,AA2024-T3,AA2024-T3,4888.83150863355
34.37881745994174,51.51171981881583,z,0.39999999999999997,0.8,40.0,20.0,160.00000000000003,300.0,AA2024-T3,AA2024-T3,5035.5474055549475
34.37881745994174,51.51171981881583,formed z,0.39999999999999997,0.8,35.0,20.0,140.0,300.0,AA2024-T3,AA2024-T3,5419.064765324943
34.37881745994174,51.51171981881583,formed z,0.39999999999999997,0.9000000000000001,49.99999999999999,20.0,200.0,300.0,AA2024-T3,AA2024-T3,4560.299286882333
34.37881745994174,51.51171981881583,z,0.39999999999999997,0.9000000000000001,49.99999999999999,20.0,200.0,300.0,AA2024-T3,AA2024-T3,4560.299286882333
34.37881745994174,51.51171981881583,z,0.39999999999999997,0.9000000000000001,40.0,20.0,160.00000000000003,300.0,AA2024-T3,AA2024-T3,5035.5474055549475
34.37881745994174,51.51171981881583,j,0.39999999999999997,0.8,35.0,20.0,140.0,300.0,AA2024-T3,AA2024-T3,5419.064765324943
34.37881745994174,51.51171981881583,formed z,0.39999999999999997,0.9000000000000001,35.0,20.0,140.0,300.0,AA2024-T3,AA2024-T3,5419.064765324943
34.37881745994174,51.51171981881583,j,0.39999999999999997,0.9000000000000001,35.0,20.0,140.0,300.0,AA2024-T3,AA2024-T3,5419.064765324943
34.37881745994174,51.51171981881583,j,0.39999999999999997,0.8,49.99999999999999,20.0,200.0,300.0,AA2024-T3,AA2024-T3,4560.299286882335
34.37881745994174,51.51171981881583,formed z,0.39999999999999997,0.8,49.99999999999999,20.0,200.0,300.0,AA2024-T3,AA2024-T3,4560.299286882333
34.37881745994174,51.51171981881583,j,0.39999999999999997,0.8,40.0,20.0,160.00000000000003,300.0,AA2024-T3,AA2024-T3,5035.5474055549475
34.37881745994174,51.51171981881583,j,0.39999999999999997,0.9000000000000001,40.0,20.0,160.00000000000003,300.0,AA2024-T3,AA2024-T3,5035.5474055549475
34.37881745994174,51.51171981881583,j,0.39999999999999997,0.9000000000000001,49.99999999999999,20.0,200.0,300.0,AA2024-T3,AA2024-T3,4560.299286882333
34.37881745994174,51.51171981881583,formed z,0.39999999999999997,0.9000000000000001,40.0,20.0,160.00000000000003,300.0,AA2024-T3,AA2024-T3,5035.5474055549475
34.37881745994174,51.51171981881583,formed z,0.39999999999999997,0.8,40.0,20.0,160.00000000000003,300.0,AA2024-T3,AA2024-T3,5035.5474055549475
34.37881745994174,51.51171981881583,z,0.39999999999999997,0.9000000000000001,35.0,20.0,140.0,300.0,AA2024-T3,AA2024-T3,5419.064765324943
34.37881745994174,51.51171981881583,z,0.39999999999999997,0.8,35.0,20.0,140.0,300.0,AA2024-T3,AA2024-T3,5419.064765324943
34.37881745994174,51.51171981881583,z,0.39999999999999997,0.8,49.99999999999999,20.0,200.0,300.0,AA2024-T3,AA2024-T3,4560.299286882333
34.4539770765913,52.575741333365315,z,0.39999999999999997,0.9000000000000001,49.99999999999999,20.0,180.00000000000003,449.99999999999994,AA2024-T3,AA2024-T3,5120.82008771284
34.4539770765913,52.575741333365315,formed z,0.39999999999999997,0.8,49.99999999999999,20.0,180.00000000000003,449.99999999999994,AA2024-T3,AA2024-T3,5120.82008771284
34.4539770765913,52.575741333365315,j,0.39999999999999997,0.8,49.99999999999999,20.0,180.00000000000003,449.99999999999994,AA2024-T3,AA2024-T3,5120.820087712842
34.4539770765913,52.575741333365315,j,0.39999999999999997,0.9000000000000001,49.99999999999999,20.0,180.00000000000003,449.99999999999994,AA2024-T3,AA2024-T3,5120.82008771284
34.4539770765913,52.575741333365315,z,0.39999999999999997,0.8,49.99999999999999,20.0,180.00000000000003,449.99999999999994,AA2024-T3,AA2024-T3,5120.82008771284
34.4539770765913,52.575741333365315,formed z,0.39999999999999997,0.9000000000000001,49.99999999999999,20.0,180.00000000000003,449.99999999999994,AA2024-T3,AA2024-T3,5120.82008771284
34.46734662750304,39.43996102384593,formed z,0.3,0.8,59.99999999999999,20.0,160.00000000000003,449.99999999999994,AA2024-T3,AA2024-T3,5780.5655742765575
34.46734662750304,39.43996102384593,formed z,0.3,0.9000000000000001,59.99999999999999,20.0,160.00000000000003,449.99999999999994,AA2024-T3,AA2024-T3,5780.565574276557
34.46734662750304,39.43996102384593,z,0.3,0.8,59.99999999999999,20.0,160.00000000000003,449.99999999999994,AA2024-T3,AA2024-T3,5780.565574276557
34.46734662750304,39.43996102384593,j,0.3,0.8,59.99999999999999,20.0,160.00000000000003,449.99999999999994,AA2024-T3,AA2024-T3,5780.565574276557
34.46734662750304,39.43996102384593,j,0.3,0.9000000000000001,59.99999999999999,20.0,160.00000000000003,449.99999999999994,AA2024-T3,AA2024-T3,5780.565574276557
34.46734662750304,39.43996102384593,z,0.3,0.9000000000000001,59.99999999999999,20.0,160.00000000000003,449.99999999999994,AA2024-T3,AA2024-T3,5780.5655742765575
34.47851469835349,38.695814942711706,z,0.3,0.8,70.0,20.0,200.0,300.0,AA2024-T3,AA2024-T3,5119.6700097610155
34.47851469835349,38.695814942711706,z,0.3,0.9000000000000001,70.0,20.0,200.0,300.0,AA2024-T3,AA2024-T3,5220.628168829618
34.47851469835349,38.695814942711706,formed z,0.3,0.9000000000000001,70.0,20.0,200.0,300.0,AA2024-T3,AA2024-T3,5220.6281688296185
34.47851469835349,38.695814942711706,j,0.3,0.8,70.0,20.0,200.0,300.0,AA2024-T3,AA2024-T3,5220.6281688296185
34.47851469835349,38.695814942711706,j,0.3,0.9000000000000001,70.0,20.0,200.0,300.0,AA2024-T3,AA2024-T3,5220.6281688296185
34.47851469835349,38.695814942711706,formed z,0.3,0.8,70.0,20.0,200.0,300.0,AA2024-T3,AA2024-T3,5220.6281688296185
34.51330248896565,39.28168790327946,formed z,0.3,0.8,44.99999999999999,20.0,120.00000000000001,399.99999999999994,AA2024-T3,AA2024-T3,6169.709211197892
34.51330248896565,39.28168790327946,z,0.3,0.9000000000000001,44.99999999999999,20.0,120.00000000000001,399.99999999999994,AA2024-T3,AA2024-T3,6169.709211197894
34.51330248896565,39.28168790327946,j,0.3,0.8,44.99999999999999,20.0,120.00000000000001,399.99999999999994,AA2024-T3,AA2024-T3,6169.709211197891
34.51330248896565,39.28168790327946,formed z,0.3,0.9000000000000001,44.99999999999999,20.0,120.00000000000001,399.99999999999994,AA2024-T3,AA2024-T3,6169.709211197891
34.51330248896565,39.28168790327946,z,0.3,0.8,44.99999999999999,20.0,120.00000000000001,399.99999999999994,AA2024-T3,AA2024-T3,6169.709211197892
34.51330248896565,39.28168790327946,j,0.3,0.9000000000000001,44.99999999999999,20.0,120.00000000000001,399.99999999999994,AA2024-T3,AA2024-T3,6169.709211197891
34.57289107464217,65.5302681533506,z,0.5,0.8,35.0,20.0,200.0,399.99999999999994,AA2024-T3,AA2024-T3,4513.452005139679
34.57289107464217,65.5302681533506,z,0.5,0.9000000000000001,35.0,20.0,200.0,399.99999999999994,AA2024-T3,AA2024-T3,4513.452005139679
34.57289107464217,65.5302681533506,j,0.5,0.8,35.0,20.0,200.0,399.99999999999994,AA2024-T3,AA2024-T3,4513.452005139679
34.57289107464217,65.5302681533506,formed z,0.5,0.8,35.0,20.0,200.0,399.99999999999994,AA2024-T3,AA2024-T3,4513.452005139679
34.57289107464217,65.5302681533506,j,0.5,0.9000000000000001,35.0,20.0,200.0,399.99999999999994,AA2024-T3,AA2024-T3,4513.452005139679
34.57289107464217,65.5302681533506,formed z,0.5,0.9000000000000001,35.0,20.0,200.0,399.99999999999994,AA2024-T3,AA2024-T3,4513.452005139679
34.66979629534129,52.75099171039091,z,0.39999999999999997,0.9000000000000001,44.99999999999999,20.0,160.00000000000003,449.99999999999994,AA2024-T3,AA2024-T3,5446.51375939448
34.66979629534129,52.75099171039091,z,0.39999999999999997,0.8,44.99999999999999,20.0,160.00000000000003,449.99999999999994,AA2024-T3,AA2024-T3,5446.513759394479
34.66979629534129,52.75099171039091,j,0.39999999999999997,0.9000000000000001,44.99999999999999,20.0,160.00000000000003,449.99999999999994,AA2024-T3,AA2024-T3,5446.513759394478
34.66979629534129,52.75099171039091,formed z,0.39999999999999997,0.9000000000000001,44.99999999999999,20.0,160.00000000000003,449.99999999999994,AA2024-T3,AA2024-T3,5446.513759394478
34.66979629534129,52.75099171039091,j,0.39999999999999997,0.8,44.99999999999999,20.0,160.00000000000003,449.99999999999994,AA2024-T3,AA2024-T3,5446.513759394478
34.66979629534129,52.75099171039091,formed z,0.39999999999999997,0.8,44.99999999999999,20.0,160.00000000000003,449.99999999999994,AA2024-T3,AA2024-T3,5446.513759394479
34.67258831305391,52.505477398860215,z,0.39999999999999997,0.9000000000000001,54.99999999999999,20.0,200.0,399.99999999999994,AA2024-T3,AA2024-T3,4888.83150863355
34.67258831305391,52.505477398860215,formed z,0.39999999999999997,0.8,54.99999999999999,20.0,200.0,399.99999999999994,AA2024-T3,AA2024-T3,4888.83150863355
34.67258831305391,52.505477398860215,z,0.39999999999999997,0.8,54.99999999999999,20.0,200.0,399.99999999999994,AA2024-T3,AA2024-T3,4888.83150863355
34.67258831305391,52.505477398860215,j,0.39999999999999997,0.8,54.99999999999999,20.0,200.0,399.99999999999994,AA2024-T3,AA2024-T3,4888.83150863355
34.67258831305391,52.505477398860215,formed z,0.39999999999999997,0.9000000000000001,54.99999999999999,20.0,200.0,399.99999999999994,AA2024-T3,AA2024-T3,4888.831508633551
34.67258831305391,52.505477398860215,j,0.39999999999999997,0.9000000000000001,54.99999999999999,20.0,200.0,399.99999999999994,AA2024-T3,AA2024-T3,4888.83150863355
34.75891600055391,52.575741333365315,z,0.39999999999999997,0.8,49.99999999999999,20.0,180.00000000000003,399.99999999999994,AA2024-T3,AA2024-T3,5120.82008771284
34.75891600055391,52.575741333365315,formed z,0.39999999999999997,0.9000000000000001,49.99999999999999,20.0,180.00000000000003,399.99999999999994,AA2024-T3,AA2024-T3,5120.82008771284
34.75891600055391,52.575741333365315,formed z,0.39999999999999997,0.8,49.99999999999999,20.0,180.00000000000003,399.99999999999994,AA2024-T3,AA2024-T3,5120.82008771284
34.75891600055391,52.575741333365315,z,0.39999999999999997,0.9000000000000001,49.99999999999999,20.0,180.00000000000003,399.99999999999994,AA2024-T3,AA2024-T3,5120.82008771284
34.75891600055391,52.575741333365315,j,0.39999999999999997,0.9000000000000001,49.99999999999999,20.0,180.00000000000003,399.99999999999994,AA2024-T3,AA2024-T3,5120.82008771284
34.75891600055391,52.575741333365315,j,0.39999999999999997,0.8,49.99999999999999,20.0,180.00000000000003,399.99999999999994,AA2024-T3,AA2024-T3,5120.820087712842
34.77228555146566,39.43996102384593,formed z,0.3,0.8,59.99999999999999,20.0,160.00000000000003,399.99999999999994,AA2024-T3,AA2024-T3,5780.5655742765575
34.77228555146566,39.43996102384593,formed z,0.3,0.9000000000000001,59.99999999999999,20.0,160.00000000000003,399.99999999999994,AA2024-T3,AA2024-T3,5780.565574276557
34.77228555146566,39.43996102384593,j,0.3,0.9000000000000001,59.99999999999999,20.0,160.00000000000003,399.99999999999994,AA2024-T3,AA2024-T3,5780.565574276557
34.77228555146566,39.43996102384593,z,0.3,0.9000000000000001,59.99999999999999,20.0,160.00000000000003,399.99999999999994,AA2024-T3,AA2024-T3,5780.5655742765575
34.77228555146566,39.43996102384593,z,0.3,0.8,59.99999999999999,20.0,160.00000000000003,399.99999999999994,AA2024-T3,AA2024-T3,5780.565574276557
34.77228555146566,39.43996102384593,j,0.3,0.8,59.99999999999999,20.0,160.00000000000003,399.99999999999994,AA2024-T3,AA2024-T3,5780.565574276557
34.818241412928266,39.28168790327946,j,0.3,0.9000000000000001,44.99999999999999,20.0,120.00000000000001,350.0,AA2024-T3,AA2024-T3,6169.709211197891
34.818241412928266,39.28168790327946,formed z,0.3,0.8,44.99999999999999,20.0,120.00000000000001,350.0,AA2024-T3,AA2024-T3,6169.709211197892
34.818241412928266,39.28168790327946,z,0.3,0.9000000000000001,44.99999999999999,20.0,120.00000000000001,350.0,AA2024-T3,AA2024-T3,6169.709211197894
34.818241412928266,39.28168790327946,j,0.3,0.8,44.99999999999999,20.0,120.00000000000001,350.0,AA2024-T3,AA2024-T3,6169.709211197891
34.818241412928266,39.28168790327946,z,0.3,0.8,44.99999999999999,20.0,120.00000000000001,350.0,AA2024-T3,AA2024-T3,6169.709211197892
34.818241412928266,39.28168790327946,formed z,0.3,0.9000000000000001,44.99999999999999,20.0,120.00000000000001,350.0,AA2024-T3,AA2024-T3,6169.709211197891
34.82382544835349,38.909880349208265,j,0.3,0.9000000000000001,49.99999999999999,20.0,140.0,300.0,AA2024-T3,AA2024-T3,5724.574691860096
34.82382544835349,38.909880349208265,formed z,0.3,0.9000000000000001,49.99999999999999,20.0,140.0,300.0,AA2024-T3,AA2024-T3,5724.574691860096
34.82382544835349,38.909880349208265,z,0.3,0.9000000000000001,49.99999999999999,20.0,140.0,300.0,AA2024-T3,AA2024-T3,5724.574691860096
34.82382544835349,38.909880349208265,j,0.3,0.8,49.99999999999999,20.0,140.0,300.0,AA2024-T3,AA2024-T3,5724.574691860097
34.82382544835349,38.909880349208265,formed z,0.3,0.8,49.99999999999999,20.0,140.0,300.0,AA2024-T3,AA2024-T3,5724.574691860096
34.82382544835349,38.909880349208265,z,0.3,0.8,49.99999999999999,20.0,140.0,300.0,AA2024-T3,AA2024-T3,5724.574691860096
34.87782999860478,65.5302681533506,z,0.5,0.9000000000000001,35.0,20.0,200.0,350.0,AA2024-T3,AA2024-T3,4513.452005139679
34.87782999860478,65.5302681533506,formed z,0.5,0.8,35.0,20.0,200.0,350.0,AA2024-T3,AA2024-T3,4513.452005139679
34.87782999860478,65.5302681533506,j,0.5,0.9000000000000001,35.0,20.0,200.0,350.0,AA2024-T3,AA2024-T3,4513.452005139679
34.87782999860478,65.5302681533506,formed z,0.5,0.9000000000000001,35.0,20.0,200.0,350.0,AA2024-T3,AA2024-T3,4513.452005139679
34.87782999860478,65.5302681533506,j,0.5,0.8,35.0,20.0,200.0,350.0,AA2024-T3,AA2024-T3,4513.452005139679
34.87782999860478,65.5302681533506,z,0.5,0.8,35.0,20.0,200.0,350.0,AA2024-T3,AA2024-T3,4513.452005139679
34.8856155140913,52.925661791861636,z,0.39999999999999997,0.9000000000000001,40.0,20.0,140.0,449.99999999999994,AA2024-T3,AA2024-T3,5889.012028405967
34.8856155140913,52.925661791861636,j,0.39999999999999997,0.8,40.0,20.0,140.0,449.99999999999994,AA2024-T3,AA2024-T3,5889.012028405967
34.8856155140913,52.925661791861636,formed z,0.39999999999999997,0.9000000000000001,40.0,20.0,140.0,449.99999999999994,AA2024-T3,AA2024-T3,5889.012028405967
34.8856155140913,52.925661791861636,formed z,0.39999999999999997,0.8,40.0,20.0,140.0,449.99999999999994,AA2024-T3,AA2024-T3,5889.012028405967
34.8856155140913,52.925661791861636,j,0.39999999999999997,0.9000000000000001,40.0,20.0,140.0,449.99999999999994,AA2024-T3,AA2024-T3,5889.012028405967
34.8856155140913,52.925661791861636,z,0.39999999999999997,0.8,40.0,20.0,140.0,449.99999999999994,AA2024-T3,AA2024-T3,5889.012028405967
34.95331697960349,38.9898518759128,z,0.3,0.9000000000000001,65.0,20.0,180.00000000000003,300.0,AA2024-T3,AA2024-T3,5455.756692208704
34.95331697960349,38.9898518759128,j,0.3,0.8,65.0,20.0,180.00000000000003,300.0,AA2024-T3,AA2024-T3,5455.756692208705
34.95331697960349,38.9898518759128,formed z,0.3,0.9000000000000001,65.0,20.0,180.00000000000003,300.0,AA2024-T3,AA2024-T3,5455.756692208704
34.95331697960349,38.9898518759128,formed z,0.3,0.8,65.0,20.0,180.00000000000003,300.0,AA2024-T3,AA2024-T3,5455.756692208704
34.95331697960349,38.9898518759128,z,0.3,0.8,65.0,20.0,180.00000000000003,300.0,AA2024-T3,AA2024-T3,5455.756692208704
34.95331697960349,38.9898518759128,j,0.3,0.9000000000000001,65.0,20.0,180.00000000000003,300.0,AA2024-T3,AA2024-T3,5455.756692208704
34.971943201591294,52.99536862761914,formed z,0.39999999999999997,0.8,35.0,20.0,120.00000000000001,449.99999999999994,AA2024-T3,AA2024-T3,6508.15888455592
34.971943201591294,52.99536862761914,j,0.39999999999999997,0.9000000000000001,35.0,20.0,120.00000000000001,449.99999999999994,AA2024-T3,AA2024-T3,6508.15888455592
34.971943201591294,52.99536862761914,z,0.39999999999999997,0.9000000000000001,35.0,20.0,120.00000000000001,449.99999999999994,AA2024-T3,AA2024-T3,6508.15888455592
34.971943201591294,52.99536862761914,z,0.39999999999999997,0.8,35.0,20.0,120.00000000000001,449.99999999999994,AA2024-T3,AA2024-T3,6508.15888455592
34.971943201591294,52.99536862761914,formed z,0.39999999999999997,0.9000000000000001,35.0,20.0,120.00000000000001,449.99999999999994,AA2024-T3,AA2024-T3,6508.15888455592
34.971943201591294,52.99536862761914,j,0.39999999999999997,0.8,35.0,20.0,120.00000000000001,449.99999999999994,AA2024-T3,AA2024-T3,6508.15888455592
34.97473521930391,52.75099171039091,formed z,0.39999999999999997,0.9000000000000001,44.99999999999999,20.0,160.00000000000003,399.99999999999994,AA2024-T3,AA2024-T3,5446.513759394478
34.97473521930391,52.75099171039091,formed z,0.39999999999999997,0.8,44.99999999999999,20.0,160.00000000000003,399.99999999999994,AA2024-T3,AA2024-T3,5446.513759394479
34.97473521930391,52.75099171039091,z,0.39999999999999997,0.8,44.99999999999999,20.0,160.00000000000003,399.99999999999994,AA2024-T3,AA2024-T3,5446.513759394479
34.97473521930391,52.75099171039091,z,0.39999999999999997,0.9000000000000001,44.99999999999999,20.0,160.00000000000003,399.99999999999994,AA2024-T3,AA2024-T3,5446.51375939448
34.97473521930391,52.75099171039091,j,0.39999999999999997,0.9000000000000001,44.99999999999999,20.0,160.00000000000003,399.99999999999994,AA2024-T3,AA2024-T3,5446.513759394478
34.97473521930391,52.75099171039091,j,0.39999999999999997,0.8,44.99999999999999,20.0,160.00000000000003,399.99999999999994,AA2024-T3,AA2024-T3,5446.513759394478
34.97752723701652,52.505477398860215,j,0.39999999999999997,0.8,54.99999999999999,20.0,200.0,350.0,AA2024-T3,AA2024-T3,4888.83150863355
34.97752723701652,52.505477398860215,z,0.39999999999999997,0.8,54.99999999999999,20.0,200.0,350.0,AA2024-T3,AA2024-T3,4888.83150863355
34.97752723701652,52.505477398860215,formed z,0.39999999999999997,0.8,54.99999999999999,20.0,200.0,350.0,AA2024-T3,AA2024-T3,4888.83150863355
34.97752723701652,52.505477398860215,j,0.39999999999999997,0.9000000000000001,54.99999999999999,20.0,200.0,350.0,AA2024-T3,AA2024-T3,4888.83150863355
34.97752723701652,52.505477398860215,formed z,0.39999999999999997,0.9000000000000001,54.99999999999999,20.0,200.0,350.0,AA2024-T3,AA2024-T3,4888.831508633551
34.97752723701652,52.505477398860215,z,0.39999999999999997,0.9000000000000001,54.99999999999999,20.0,200.0,350.0,AA2024-T3,AA2024-T3,4888.83150863355
35.06385492451652,52.575741333365315,z,0.39999999999999997,0.8,49.99999999999999,20.0,180.00000000000003,350.0,AA2024-T3,AA2024-T3,5120.82008771284
35.06385492451652,52.575741333365315,formed z,0.39999999999999997,0.9000000000000001,49.99999999999999,20.0,180.00000000000003,350.0,AA2024-T3,AA2024-T3,5120.82008771284
35.06385492451652,52.575741333365315,j,0.39999999999999997,0.9000000000000001,49.99999999999999,20.0,180.00000000000003,350.0,AA2024-T3,AA2024-T3,5120.82008771284
35.06385492451652,52.575741333365315,j,0.39999999999999997,0.8,49.99999999999999,20.0,180.00000000000003,350.0,AA2024-T3,AA2024-T3,5120.820087712842
35.06385492451652,52.575741333365315,z,0.39999999999999997,0.9000000000000001,49.99999999999999,20.0,180.00000000000003,350.0,AA2024-T3,AA2024-T3,5120.82008771284
35.06385492451652,52.575741333365315,formed z,0.39999999999999997,0.8,49.99999999999999,20.0,180.00000000000003,350.0,AA2024-T3,AA2024-T3,5120.82008771284
35.07164044000304,39.80681777413807,formed z,0.3,0.9000000000000001,70.0,20.0,180.00000000000003,449.99999999999994,AA2024-T3,AA2024-T3,5820.529769157301
35.07164044000304,39.80681777413807,j,0.3,0.8,70.0,20.0,180.00000000000003,449.99999999999994,AA2024-T3,AA2024-T3,5820.529769157301
35.07164044000304,39.80681777413807,j,0.3,0.9000000000000001,70.0,20.0,180.00000000000003,449.99999999999994,AA2024-T3,AA2024-T3,5820.529769157301
35.07164044000304,39.80681777413807,z,0.3,0.9000000000000001,70.0,20.0,180.00000000000003,449.99999999999994,AA2024-T3,AA2024-T3,5820.5297691573005
35.07164044000304,39.80681777413807,formed z,0.3,0.8,70.0,20.0,180.00000000000003,449.99999999999994,AA2024-T3,AA2024-T3,5820.529769157301
35.07164044000304,39.80681777413807,z,0.3,0.8,70.0,20.0,180.00000000000003,449.99999999999994,AA2024-T3,AA2024-T3,5661.94720592033
35.07722447542827,39.43996102384593,z,0.3,0.8,59.99999999999999,20.0,160.00000000000003,350.0,AA2024-T3,AA2024-T3,5780.565574276557
35.07722447542827,39.43996102384593,formed z,0.3,0.8,59.99999999999999,20.0,160.00000000000003,350.0,AA2024-T3,AA2024-T3,5780.5655742765575
35.07722447542827,39.43996102384593,j,0.3,0.8,59.99999999999999,20.0,160.00000000000003,350.0,AA2024-T3,AA2024-T3,5780.565574276557
35.07722447542827,39.43996102384593,z,0.3,0.9000000000000001,59.99999999999999,20.0,160.00000000000003,350.0,AA2024-T3,AA2024-T3,5780.5655742765575
35.07722447542827,39.43996102384593,formed z,0.3,0.9000000000000001,59.99999999999999,20.0,160.00000000000003,350.0,AA2024-T3,AA2024-T3,5780.565574276557
35.07722447542827,39.43996102384593,j,0.3,0.9000000000000001,59.99999999999999,20.0,160.00000000000003,350.0,AA2024-T3,AA2024-T3,5780.565574276557
35.17439286942955,66.44810212868374,j,0.5,0.9000000000000001,35.0,20.0,180.00000000000003,449.99999999999994,AA2024-T3,AA2024-T3,5130.896861125938
35.17439286942955,66.44810212868374,formed z,0.5,0.9000000000000001,35.0,20.0,180.00000000000003,449.99999999999994,AA2024-T3,AA2024-T3,5130.896861125937
35.17439286942955,66.44810212868374,z,0.5,0.9000000000000001,35.0,20.0,180.00000000000003,449.99999999999994,AA2024-T3,AA2024-T3,5130.896861125937
35.17439286942955,66.44810212868374,j,0.5,0.8,35.0,20.0,180.00000000000003,449.99999999999994,AA2024-T3,AA2024-T3,5130.896861125938
35.17439286942955,66.44810212868374,formed z,0.5,0.8,35.0,20.0,180.00000000000003,449.99999999999994,AA2024-T3,AA2024-T3,5130.896861125937
35.17439286942955,66.44810212868374,z,0.5,0.8,35.0,20.0,180.00000000000003,449.99999999999994,AA2024-T3,AA2024-T3,5130.896861125937
35.19055443805391,52.925661791861636,j,0.39999999999999997,0.8,40.0,20.0,140.0,399.99999999999994,AA2024-T3,AA2024-T3,5889.012028405967
35.19055443805391,52.925661791861636,formed z,0.39999999999999997,0.8,40.0,20.0,140.0,399.99999999999994,AA2024-T3,AA2024-T3,5889.012028405967
35.19055443805391,52.925661791861636,j,0.39999999999999997,0.9000000000000001,40.0,20.0,140.0,399.99999999999994,AA2024-T3,AA2024-T3,5889.012028405967
35.19055443805391,52.925661791861636,z,0.39999999999999997,0.9000000000000001,40.0,20.0,140.0,399.99999999999994,AA2024-T3,AA2024-T3,5889.012028405967
35.19055443805391,52.925661791861636,z,0.39999999999999997,0.8,40.0,20.0,140.0,399.99999999999994,AA2024-T3,AA2024-T3,5889.012028405967
35.19055443805391,52.925661791861636,formed z,0.39999999999999997,0.9000000000000001,40.0,20.0,140.0,399.99999999999994,AA2024-T3,AA2024-T3,5889.012028405967
35.27688212555391,52.99536862761914,z,0.39999999999999997,0.8,35.0,20.0,120.00000000000001,399.99999999999994,AA2024-T3,AA2024-T3,6508.15888455592
35.27688212555391,52.99536862761914,z,0.39999999999999997,0.9000000000000001,35.0,20.0,120.00000000000001,399.99999999999994,AA2024-T3,AA2024-T3,6508.15888455592
35.27688212555391,52.99536862761914,j,0.39999999999999997,0.9000000000000001,35.0,20.0,120.00000000000001,399.99999999999994,AA2024-T3,AA2024-T3,6508.15888455592
35.27688212555391,52.99536862761914,formed z,0.39999999999999997,0.9000000000000001,35.0,20.0,120.00000000000001,399.99999999999994,AA2024-T3,AA2024-T3,6508.15888455592
35.27688212555391,52.99536862761914,formed z,0.39999999999999997,0.8,35.0,20.0,120.00000000000001,399.99999999999994,AA2024-T3,AA2024-T3,6508.15888455592
35.27688212555391,52.99536862761914,j,0.39999999999999997,0.8,35.0,20.0,120.00000000000001,399.99999999999994,AA2024-T3,AA2024-T3,6508.15888455592
35.27967414326652,52.75099171039091,j,0.39999999999999997,0.9000000000000001,44.99999999999999,20.0,160.00000000000003,350.0,AA2024-T3,AA2024-T3,5446.513759394478
35.27967414326652,52.75099171039091,formed z,0.39999999999999997,0.8,44.99999999999999,20.0,160.00000000000003,350.0,AA2024-T3,AA2024-T3,5446.513759394479
35.27967414326652,52.75099171039091,j,0.39999999999999997,0.8,44.99999999999999,20.0,160.00000000000003,350.0,AA2024-T3,AA2024-T3,5446.513759394478
35.27967414326652,52.75099171039091,formed z,0.39999999999999997,0.9000000000000001,44.99999999999999,20.0,160.00000000000003,350.0,AA2024-T3,AA2024-T3,5446.513759394478
35.27967414326652,52.75099171039091,z,0.39999999999999997,0.9000000000000001,44.99999999999999,20.0,160.00000000000003,350.0,AA2024-T3,AA2024-T3,5446.51375939448
35.27967414326652,52.75099171039091,z,0.39999999999999997,0.8,44.99999999999999,20.0,160.00000000000003,350.0,AA2024-T3,AA2024-T3,5446.513759394479
35.33062350250304,39.96301117702806,formed z,0.3,0.8,54.99999999999999,20.0,140.0,449.99999999999994,AA2024-T3,AA2024-T3,6195.143761349312
35.33062350250304,39.96301117702806,j,0.3,0.8,54.99999999999999,20.0,140.0,449.99999999999994,AA2024-T3,AA2024-T3,6195.143761349312
35.33062350250304,39.96301117702806,z,0.3,0.8,54.99999999999999,20.0,140.0,449.99999999999994,AA2024-T3,AA2024-T3,6195.143761349312
35.33062350250304,39.96301117702806,formed z,0.3,0.8,40.0,20.0,100.0,449.99999999999994,AA2024-T3,AA2024-T3,6890.340925132391
35.33062350250304,39.96301117702806,z,0.3,0.9000000000000001,54.99999999999999,20.0,140.0,449.99999999999994,AA2024-T3,AA2024-T3,6195.143761349312
35.33062350250304,39.96301117702806,z,0.3,0.9000000000000001,40.0,20.0,100.0,449.99999999999994,AA2024-T3,AA2024-T3,6890.340925132391
35.33062350250304,39.96301117702806,j,0.3,0.9000000000000001,54.99999999999999,20.0,140.0,449.99999999999994,AA2024-T3,AA2024-T3,6195.143761349312
35.33062350250304,39.96301117702806,j,0.3,0.9000000000000001,40.0,20.0,100.0,449.99999999999994,AA2024-T3,AA2024-T3,6890.340925132391
35.33062350250304,39.96301117702806,z,0.3,0.8,40.0,20.0,100.0,449.99999999999994,AA2024-T3,AA2024-T3,6890.340925132391
35.33062350250304,39.96301117702806,formed z,0.3,0.9000000000000001,40.0,20.0,100.0,449.99999999999994,AA2024-T3,AA2024-T3,6890.340925132394
35.33062350250304,39.96301117702806,formed z,0.3,0.9000000000000001,54.99999999999999,20.0,140.0,449.99999999999994,AA2024-T3,AA2024-T3,6195.143761349313
35.33062350250304,39.96301117702806,j,0.3,0.8,40.0,20.0,100.0,449.99999999999994,AA2024-T3,AA2024-T3,6890.340925132391
35.37657936396565,39.80681777413807,z,0.3,0.8,70.0,20.0,180.00000000000003,399.99999999999994,AA2024-T3,AA2024-T3,5677.616948187177
35.37657936396565,39.80681777413807,j,0.3,0.8,70.0,20.0,180.00000000000003,399.99999999999994,AA2024-T3,AA2024-T3,5820.529769157301
35.37657936396565,39.80681777413807,z,0.3,0.9000000000000001,70.0,20.0,180.00000000000003,399.99999999999994,AA2024-T3,AA2024-T3,5820.5297691573005
35.37657936396565,39.80681777413807,formed z,0.3,0.9000000000000001,70.0,20.0,180.00000000000003,399.99999999999994,AA2024-T3,AA2024-T3,5820.529769157301
35.37657936396565,39.80681777413807,formed z,0.3,0.8,70.0,20.0,180.00000000000003,399.99999999999994,AA2024-T3,AA2024-T3,5820.529769157301
35.37657936396565,39.80681777413807,j,0.3,0.9000000000000001,70.0,20.0,180.00000000000003,399.99999999999994,AA2024-T3,AA2024-T3,5820.529769157301
35.42811926085349,39.28168790327946,z,0.3,0.9000000000000001,44.99999999999999,20.0,120.00000000000001,300.0,AA2024-T3,AA2024-T3,6169.709211197894
35.42811926085349,39.28168790327946,formed z,0.3,0.8,44.99999999999999,20.0,120.00000000000001,300.0,AA2024-T3,AA2024-T3,6169.709211197892
35.42811926085349,39.28168790327946,formed z,0.3,0.9000000000000001,44.99999999999999,20.0,120.00000000000001,300.0,AA2024-T3,AA2024-T3,6169.709211197891
35.42811926085349,39.28168790327946,z,0.3,0.8,44.99999999999999,20.0,120.00000000000001,300.0,AA2024-T3,AA2024-T3,6169.709211197892
35.42811926085349,39.28168790327946,j,0.3,0.8,44.99999999999999,20.0,120.00000000000001,300.0,AA2024-T3,AA2024-T3,6169.709211197891
35.42811926085349,39.28168790327946,j,0.3,0.9000000000000001,44.99999999999999,20.0,120.00000000000001,300.0,AA2024-T3,AA2024-T3,6169.709211197891
35.476539775679555,66.75124233991433,formed z,0.5,0.9000000000000001,40.0,20.0,200.0,449.99999999999994,AA2024-T3,AA2024-T3,4841.4925403066045
35.476539775679555,66.75124233991433,j,0.5,0.9000000000000001,40.0,20.0,200.0,449.99999999999994,AA2024-T3,AA2024-T3,4841.492540306604
35.476539775679555,66.75124233991433,j,0.5,0.8,40.0,20.0,200.0,449.99999999999994,AA2024-T3,AA2024-T3,4841.492540306604
35.476539775679555,66.75124233991433,formed z,0.5,0.8,40.0,20.0,200.0,449.99999999999994,AA2024-T3,AA2024-T3,4841.492540306604
35.476539775679555,66.75124233991433,z,0.5,0.9000000000000001,40.0,20.0,200.0,449.99999999999994,AA2024-T3,AA2024-T3,4841.492540306604
35.476539775679555,66.75124233991433,z,0.5,0.8,40.0,20.0,200.0,449.99999999999994,AA2024-T3,AA2024-T3,4841.492540306604
35.47933179339217,66.44810212868374,z,0.5,0.9000000000000001,35.0,20.0,180.00000000000003,399.99999999999994,AA2024-T3,AA2024-T3,5130.896861125937
35.47933179339217,66.44810212868374,z,0.5,0.8,35.0,20.0,180.00000000000003,399.99999999999994,AA2024-T3,AA2024-T3,5130.896861125937
35.47933179339217,66.44810212868374,formed z,0.5,0.9000000000000001,35.0,20.0,180.00000000000003,399.99999999999994,AA2024-T3,AA2024-T3,5130.896861125937
35.47933179339217,66.44810212868374,formed z,0.5,0.8,35.0,20.0,180.00000000000003,399.99999999999994,AA2024-T3,AA2024-T3,5130.896861125937
35.47933179339217,66.44810212868374,j,0.5,0.8,35.0,20.0,180.00000000000003,399.99999999999994,AA2024-T3,AA2024-T3,5130.896861125938
35.47933179339217,66.44810212868374,j,0.5,0.9000000000000001,35.0,20.0,180.00000000000003,399.99999999999994,AA2024-T3,AA2024-T3,5130.896861125938
35.487707846530014,65.5302681533506,formed z,0.5,0.8,35.0,20.0,200.0,300.0,AA2024-T3,AA2024-T3,4513.452005139679
35.487707846530014,65.5302681533506,formed z,0.5,0.9000000000000001,35.0,20.0,200.0,300.0,AA2024-T3,AA2024-T3,4513.452005139679
35.487707846530014,65.5302681533506,j,0.5,0.9000000000000001,35.0,20.0,200.0,300.0,AA2024-T3,AA2024-T3,4513.452005139679
35.487707846530014,65.5302681533506,z,0.5,0.8,35.0,20.0,200.0,300.0,AA2024-T3,AA2024-T3,4513.452005139679
35.487707846530014,65.5302681533506,z,0.5,0.9000000000000001,35.0,20.0,200.0,300.0,AA2024-T3,AA2024-T3,4513.452005139679
35.487707846530014,65.5302681533506,j,0.5,0.8,35.0,20.0,200.0,300.0,AA2024-T3,AA2024-T3,4513.452005139679
35.49549336201652,52.925661791861636,j,0.39999999999999997,0.8,40.0,20.0,140.0,350.0,AA2024-T3,AA2024-T3,5889.012028405967
35.49549336201652,52.925661791861636,j,0.39999999999999997,0.9000000000000001,40.0,20.0,140.0,350.0,AA2024-T3,AA2024-T3,5889.012028405967
35.49549336201652,52.925661791861636,formed z,0.39999999999999997,0.9000000000000001,40.0,20.0,140.0,350.0,AA2024-T3,AA2024-T3,5889.012028405967
35.49549336201652,52.925661791861636,formed z,0.39999999999999997,0.8,40.0,20.0,140.0,350.0,AA2024-T3,AA2024-T3,5889.012028405967
35.49549336201652,52.925661791861636,z,0.39999999999999997,0.9000000000000001,40.0,20.0,140.0,350.0,AA2024-T3,AA2024-T3,5889.012028405967
35.49549336201652,52.925661791861636,z,0.39999999999999997,0.8,40.0,20.0,140.0,350.0,AA2024-T3,AA2024-T3,5889.012028405967
35.57623701409129,53.48077257362929,z,0.39999999999999997,0.9000000000000001,59.99999999999999,20.0,200.0,449.99999999999994,AA2024-T3,AA2024-T3,5217.4936244095325
35.57623701409129,53.48077257362929,formed z,0.39999999999999997,0.9000000000000001,59.99999999999999,20.0,200.0,449.99999999999994,AA2024-T3,AA2024-T3,5217.493624409532
35.57623701409129,53.48077257362929,j,0.39999999999999997,0.9000000000000001,59.99999999999999,20.0,200.0,449.99999999999994,AA2024-T3,AA2024-T3,5217.493624409532
35.57623701409129,53.48077257362929,z,0.39999999999999997,0.8,59.99999999999999,20.0,200.0,449.99999999999994,AA2024-T3,AA2024-T3,5217.493624409532
35.57623701409129,53.48077257362929,formed z,0.39999999999999997,0.8,59.99999999999999,20.0,200.0,449.99999999999994,AA2024-T3,AA2024-T3,5217.4936244095325
35.57623701409129,53.48077257362929,j,0.39999999999999997,0.8,59.99999999999999,20.0,200.0,449.99999999999994,AA2024-T3,AA2024-T3,5217.493624409532
35.58182104951652,52.99536862761914,z,0.39999999999999997,0.9000000000000001,35.0,20.0,120.00000000000001,350.0,AA2024-T3,AA2024-T3,6508.15888455592
35.58182104951652,52.99536862761914,j,0.39999999999999997,0.8,35.0,20.0,120.00000000000001,350.0,AA2024-T3,AA2024-T3,6508.15888455592
35.58182104951652,52.99536862761914,formed z,0.39999999999999997,0.8,35.0,20.0,120.00000000000001,350.0,AA2024-T3,AA2024-T3,6508.15888455592
35.58182104951652,52.99536862761914,j,0.39999999999999997,0.9000000000000001,35.0,20.0,120.00000000000001,350.0,AA2024-T3,AA2024-T3,6508.15888455592
35.58182104951652,52.99536862761914,formed z,0.39999999999999997,0.9000000000000001,35.0,20.0,120.00000000000001,350.0,AA2024-T3,AA2024-T3,6508.15888455592
35.58182104951652,52.99536862761914,z,0.39999999999999997,0.8,35.0,20.0,120.00000000000001,350.0,AA2024-T3,AA2024-T3,6508.15888455592
35.58740508494174,52.505477398860215,formed z,0.39999999999999997,0.8,54.99999999999999,20.0,200.0,300.0,AA2024-T3,AA2024-T3,4888.83150863355
35.58740508494174,52.505477398860215,j,0.39999999999999997,0.9000000000000001,54.99999999999999,20.0,200.0,300.0,AA2024-T3,AA2024-T3,4888.83150863355
35.58740508494174,52.505477398860215,z,0.39999999999999997,0.8,54.99999999999999,20.0,200.0,300.0,AA2024-T3,AA2024-T3,4888.83150863355
35.58740508494174,52.505477398860215,formed z,0.39999999999999997,0.9000000000000001,54.99999999999999,20.0,200.0,300.0,AA2024-T3,AA2024-T3,4888.831508633551
35.58740508494174,52.505477398860215,j,0.39999999999999997,0.8,54.99999999999999,20.0,200.0,300.0,AA2024-T3,AA2024-T3,4888.83150863355
35.58740508494174,52.505477398860215,z,0.39999999999999997,0.9000000000000001,54.99999999999999,20.0,200.0,300.0,AA2024-T3,AA2024-T3,4888.83150863355
35.635562426465654,39.96301117702806,formed z,0.3,0.8,54.99999999999999,20.0,140.0,399.99999999999994,AA2024-T3,AA2024-T3,6195.143761349312
35.635562426465654,39.96301117702806,z,0.3,0.9000000000000001,40.0,20.0,100.0,399.99999999999994,AA2024-T3,AA2024-T3,6890.340925132391
35.635562426465654,39.96301117702806,z,0.3,0.8,54.99999999999999,20.0,140.0,399.99999999999994,AA2024-T3,AA2024-T3,6195.143761349312
35.635562426465654,39.96301117702806,j,0.3,0.9000000000000001,40.0,20.0,100.0,399.99999999999994,AA2024-T3,AA2024-T3,6890.340925132391
35.635562426465654,39.96301117702806,j,0.3,0.9000000000000001,54.99999999999999,20.0,140.0,399.99999999999994,AA2024-T3,AA2024-T3,6195.143761349312
35.635562426465654,39.96301117702806,formed z,0.3,0.9000000000000001,40.0,20.0,100.0,399.99999999999994,AA2024-T3,AA2024-T3,6890.340925132394
35.635562426465654,39.96301117702806,z,0.3,0.8,40.0,20.0,100.0,399.99999999999994,AA2024-T3,AA2024-T3,6890.340925132391
35.635562426465654,39.96301117702806,j,0.3,0.8,54.99999999999999,20.0,140.0,399.99999999999994,AA2024-T3,AA2024-T3,6195.143761349312
35.635562426465654,39.96301117702806,formed z,0.3,0.8,40.0,20.0,100.0,399.99999999999994,AA2024-T3,AA2024-T3,6890.340925132391
35.635562426465654,39.96301117702806,j,0.3,0.8,40.0,20.0,100.0,399.99999999999994,AA2024-T3,AA2024-T3,6890.340925132391
35.635562426465654,39.96301117702806,formed z,0.3,0.9000000000000001,54.99999999999999,20.0,140.0,399.99999999999994,AA2024-T3,AA2024-T3,6195.143761349313
35.635562426465654,39.96301117702806,z,0.3,0.9000000000000001,54.99999999999999,20.0,140.0,399.99999999999994,AA2024-T3,AA2024-T3,6195.143761349312
35.673732772441745,52.575741333365315,formed z,0.39999999999999997,0.8,49.99999999999999,20.0,180.00000000000003,300.0,AA2024-T3,AA2024-T3,5120.82008771284
35.673732772441745,52.575741333365315,formed z,0.39999999999999997,0.9000000000000001,49.99999999999999,20.0,180.00000000000003,300.0,AA2024-T3,AA2024-T3,5120.82008771284
35.673732772441745,52.575741333365315,z,0.39999999999999997,0.9000000000000001,49.99999999999999,20.0,180.00000000000003,300.0,AA2024-T3,AA2024-T3,5120.82008771284
35.673732772441745,52.575741333365315,z,0.39999999999999997,0.8,49.99999999999999,20.0,180.00000000000003,300.0,AA2024-T3,AA2024-T3,5120.82008771284
35.673732772441745,52.575741333365315,j,0.39999999999999997,0.9000000000000001,49.99999999999999,20.0,180.00000000000003,300.0,AA2024-T3,AA2024-T3,5120.82008771284
35.673732772441745,52.575741333365315,j,0.39999999999999997,0.8,49.99999999999999,20.0,180.00000000000003,300.0,AA2024-T3,AA2024-T3,5120.820087712842
35.68151828792826,39.80681777413807,j,0.3,0.8,70.0,20.0,180.00000000000003,350.0,AA2024-T3,AA2024-T3,5820.529769157301
35.68151828792826,39.80681777413807,j,0.3,0.9000000000000001,70.0,20.0,180.00000000000003,350.0,AA2024-T3,AA2024-T3,5820.529769157301
35.68151828792826,39.80681777413807,z,0.3,0.8,70.0,20.0,180.00000000000003,350.0,AA2024-T3,AA2024-T3,5693.165689126115
35.68151828792826,39.80681777413807,formed z,0.3,0.8,70.0,20.0,180.00000000000003,350.0,AA2024-T3,AA2024-T3,5820.529769157301
35.68151828792826,39.80681777413807,formed z,0.3,0.9000000000000001,70.0,20.0,180.00000000000003,350.0,AA2024-T3,AA2024-T3,5820.529769157301
35.68151828792826,39.80681777413807,z,0.3,0.9000000000000001,70.0,20.0,180.00000000000003,350.0,AA2024-T3,AA2024-T3,5820.5297691573005
35.68710232335349,39.43996102384593,formed z,0.3,0.9000000000000001,59.99999999999999,20.0,160.00000000000003,300.0,AA2024-T3,AA2024-T3,5780.565574276557
35.68710232335349,39.43996102384593,z,0.3,0.8,59.99999999999999,20.0,160.00000000000003,300.0,AA2024-T3,AA2024-T3,5780.565574276557
35.68710232335349,39.43996102384593,j,0.3,0.8,59.99999999999999,20.0,160.00000000000003,300.0,AA2024-T3,AA2024-T3,5780.565574276557
35.68710232335349,39.43996102384593,formed z,0.3,0.8,59.99999999999999,20.0,160.00000000000003,300.0,AA2024-T3,AA2024-T3,5780.5655742765575
35.68710232335349,39.43996102384593,j,0.3,0.9000000000000001,59.99999999999999,20.0,160.00000000000003,300.0,AA2024-T3,AA2024-T3,5780.565574276557
35.68710232335349,39.43996102384593,z,0.3,0.9000000000000001,59.99999999999999,20.0,160.00000000000003,300.0,AA2024-T3,AA2024-T3,5780.5655742765575
35.78147869964217,66.75124233991433,z,0.5,0.9000000000000001,40.0,20.0,200.0,399.99999999999994,AA2024-T3,AA2024-T3,4841.492540306604
35.78147869964217,66.75124233991433,formed z,0.5,0.9000000000000001,40.0,20.0,200.0,399.99999999999994,AA2024-T3,AA2024-T3,4841.4925403066045
35.78147869964217,66.75124233991433,z,0.5,0.8,40.0,20.0,200.0,399.99999999999994,AA2024-T3,AA2024-T3,4841.492540306604
35.78147869964217,66.75124233991433,j,0.5,0.8,40.0,20.0,200.0,399.99999999999994,AA2024-T3,AA2024-T3,4841.492540306604
35.78147869964217,66.75124233991433,j,0.5,0.9000000000000001,40.0,20.0,200.0,399.99999999999994,AA2024-T3,AA2024-T3,4841.492540306604
35.78147869964217,66.75124233991433,formed z,0.5,0.8,40.0,20.0,200.0,399.99999999999994,AA2024-T3,AA2024-T3,4841.492540306604
35.78427071735479,66.44810212868374,j,0.5,0.8,35.0,20.0,180.00000000000003,350.0,AA2024-T3,AA2024-T3,5130.896861125938
35.78427071735479,66.44810212868374,z,0.5,0.8,35.0,20.0,180.00000000000003,350.0,AA2024-T3,AA2024-T3,5130.896861125937
35.78427071735479,66.44810212868374,formed z,0.5,0.8,35.0,20.0,180.00000000000003,350.0,AA2024-T3,AA2024-T3,5130.896861125937
35.78427071735479,66.44810212868374,j,0.5,0.9000000000000001,35.0,20.0,180.00000000000003,350.0,AA2024-T3,AA2024-T3,5130.896861125938
35.78427071735479,66.44810212868374,z,0.5,0.9000000000000001,35.0,20.0,180.00000000000003,350.0,AA2024-T3,AA2024-T3,5130.896861125937
35.78427071735479,66.44810212868374,formed z,0.5,0.9000000000000001,35.0,20.0,180.00000000000003,350.0,AA2024-T3,AA2024-T3,5130.896861125937
35.7920562328413,53.653066871792625,formed z,0.39999999999999997,0.8,54.99999999999999,20.0,180.00000000000003,449.99999999999994,AA2024-T3,AA2024-T3,5485.1142572960825
35.7920562328413,53.653066871792625,formed z,0.39999999999999997,0.9000000000000001,54.99999999999999,20.0,180.00000000000003,449.99999999999994,AA2024-T3,AA2024-T3,5485.114257296083
35.7920562328413,53.653066871792625,j,0.39999999999999997,0.9000000000000001,54.99999999999999,20.0,180.00000000000003,449.99999999999994,AA2024-T3,AA2024-T3,5485.1142572960825
35.7920562328413,53.653066871792625,z,0.39999999999999997,0.9000000000000001,54.99999999999999,20.0,180.00000000000003,449.99999999999994,AA2024-T3,AA2024-T3,5485.1142572960825
35.7920562328413,53.653066871792625,j,0.39999999999999997,0.8,54.99999999999999,20.0,180.00000000000003,449.99999999999994,AA2024-T3,AA2024-T3,5485.1142572960825
35.7920562328413,53.653066871792625,z,0.39999999999999997,0.8,54.99999999999999,20.0,180.00000000000003,449.99999999999994,AA2024-T3,AA2024-T3,5485.1142572960825
35.88117593805391,53.48077257362929,z,0.39999999999999997,0.9000000000000001,59.99999999999999,20.0,200.0,399.99999999999994,AA2024-T3,AA2024-T3,5217.4936244095325
35.88117593805391,53.48077257362929,z,0.39999999999999997,0.8,59.99999999999999,20.0,200.0,399.99999999999994,AA2024-T3,AA2024-T3,5217.493624409532
35.88117593805391,53.48077257362929,j,0.39999999999999997,0.9000000000000001,59.99999999999999,20.0,200.0,399.99999999999994,AA2024-T3,AA2024-T3,5217.493624409532
35.88117593805391,53.48077257362929,j,0.39999999999999997,0.8,59.99999999999999,20.0,200.0,399.99999999999994,AA2024-T3,AA2024-T3,5217.493624409532
35.88117593805391,53.48077257362929,formed z,0.39999999999999997,0.9000000000000001,59.99999999999999,20.0,200.0,399.99999999999994,AA2024-T3,AA2024-T3,5217.493624409532
35.88117593805391,53.48077257362929,formed z,0.39999999999999997,0.8,59.99999999999999,20.0,200.0,399.99999999999994,AA2024-T3,AA2024-T3,5217.4936244095325
35.889551991191745,52.75099171039091,j,0.39999999999999997,0.8,44.99999999999999,20.0,160.00000000000003,300.0,AA2024-T3,AA2024-T3,5446.513759394478
35.889551991191745,52.75099171039091,j,0.39999999999999997,0.9000000000000001,44.99999999999999,20.0,160.00000000000003,300.0,AA2024-T3,AA2024-T3,5446.513759394478
35.889551991191745,52.75099171039091,formed z,0.39999999999999997,0.8,44.99999999999999,20.0,160.00000000000003,300.0,AA2024-T3,AA2024-T3,5446.513759394479
35.889551991191745,52.75099171039091,z,0.39999999999999997,0.9000000000000001,44.99999999999999,20.0,160.00000000000003,300.0,AA2024-T3,AA2024-T3,5446.51375939448
35.889551991191745,52.75099171039091,z,0.39999999999999997,0.8,44.99999999999999,20.0,160.00000000000003,300.0,AA2024-T3,AA2024-T3,5446.513759394479
35.889551991191745,52.75099171039091,formed z,0.39999999999999997,0.9000000000000001,44.99999999999999,20.0,160.00000000000003,300.0,AA2024-T3,AA2024-T3,5446.513759394478
35.94050135042826,39.96301117702806,formed z,0.3,0.8,40.0,20.0,100.0,350.0,AA2024-T3,AA2024-T3,6890.340925132391
35.94050135042826,39.96301117702806,formed z,0.3,0.9000000000000001,40.0,20.0,100.0,350.0,AA2024-T3,AA2024-T3,6890.340925132394
35.94050135042826,39.96301117702806,z,0.3,0.8,40.0,20.0,100.0,350.0,AA2024-T3,AA2024-T3,6890.340925132391
35.94050135042826,39.96301117702806,j,0.3,0.8,54.99999999999999,20.0,140.0,350.0,AA2024-T3,AA2024-T3,6195.143761349312
35.94050135042826,39.96301117702806,j,0.3,0.8,40.0,20.0,100.0,350.0,AA2024-T3,AA2024-T3,6890.340925132391
35.94050135042826,39.96301117702806,formed z,0.3,0.8,54.99999999999999,20.0,140.0,350.0,AA2024-T3,AA2024-T3,6195.143761349312
35.94050135042826,39.96301117702806,z,0.3,0.9000000000000001,54.99999999999999,20.0,140.0,350.0,AA2024-T3,AA2024-T3,6195.143761349312
35.94050135042826,39.96301117702806,formed z,0.3,0.9000000000000001,54.99999999999999,20.0,140.0,350.0,AA2024-T3,AA2024-T3,6195.143761349313
35.94050135042826,39.96301117702806,j,0.3,0.9000000000000001,40.0,20.0,100.0,350.0,AA2024-T3,AA2024-T3,6890.340925132391
35.94050135042826,39.96301117702806,j,0.3,0.9000000000000001,54.99999999999999,20.0,140.0,350.0,AA2024-T3,AA2024-T3,6195.143761349312
35.94050135042826,39.96301117702806,z,0.3,0.8,54.99999999999999,20.0,140.0,350.0,AA2024-T3,AA2024-T3,6195.143761349312
35.94050135042826,39.96301117702806,z,0.3,0.9000000000000001,40.0,20.0,100.0,350.0,AA2024-T3,AA2024-T3,6890.340925132391
35.978081158753035,40.35084961825286,j,0.3,0.8,65.0,20.0,160.00000000000003,449.99999999999994,AA2024-T3,AA2024-T3,6192.293603381768
35.978081158753035,40.35084961825286,formed z,0.3,0.9000000000000001,65.0,20.0,160.00000000000003,449.99999999999994,AA2024-T3,AA2024-T3,6192.293603381766
35.978081158753035,40.35084961825286,formed z,0.3,0.8,65.0,20.0,160.00000000000003,449.99999999999994,AA2024-T3,AA2024-T3,6192.293603381767
35.978081158753035,40.35084961825286,j,0.3,0.9000000000000001,65.0,20.0,160.00000000000003,449.99999999999994,AA2024-T3,AA2024-T3,6192.293603381767
35.978081158753035,40.35084961825286,z,0.3,0.8,65.0,20.0,160.00000000000003,449.99999999999994,AA2024-T3,AA2024-T3,6192.293603381766
35.978081158753035,40.35084961825286,z,0.3,0.9000000000000001,65.0,20.0,160.00000000000003,449.99999999999994,AA2024-T3,AA2024-T3,6192.293603381767
36.08641762360478,66.75124233991433,z,0.5,0.8,40.0,20.0,200.0,350.0,AA2024-T3,AA2024-T3,4841.492540306604
36.08641762360478,66.75124233991433,j,0.5,0.8,40.0,20.0,200.0,350.0,AA2024-T3,AA2024-T3,4841.492540306604
36.08641762360478,66.75124233991433,j,0.5,0.9000000000000001,40.0,20.0,200.0,350.0,AA2024-T3,AA2024-T3,4841.492540306604
36.08641762360478,66.75124233991433,formed z,0.5,0.9000000000000001,40.0,20.0,200.0,350.0,AA2024-T3,AA2024-T3,4841.4925403066045
36.08641762360478,66.75124233991433,formed z,0.5,0.8,40.0,20.0,200.0,350.0,AA2024-T3,AA2024-T3,4841.492540306604
36.08641762360478,66.75124233991433,z,0.5,0.9000000000000001,40.0,20.0,200.0,350.0,AA2024-T3,AA2024-T3,4841.492540306604
36.09699515680391,53.653066871792625,j,0.39999999999999997,0.8,54.99999999999999,20.0,180.00000000000003,399.99999999999994,AA2024-T3,AA2024-T3,5485.1142572960825
36.09699515680391,53.653066871792625,formed z,0.39999999999999997,0.8,54.99999999999999,20.0,180.00000000000003,399.99999999999994,AA2024-T3,AA2024-T3,5485.1142572960825
36.09699515680391,53.653066871792625,z,0.39999999999999997,0.8,54.99999999999999,20.0,180.00000000000003,399.99999999999994,AA2024-T3,AA2024-T3,5485.1142572960825
36.09699515680391,53.653066871792625,j,0.39999999999999997,0.9000000000000001,54.99999999999999,20.0,180.00000000000003,399.99999999999994,AA2024-T3,AA2024-T3,5485.1142572960825
36.09699515680391,53.653066871792625,z,0.39999999999999997,0.9000000000000001,54.99999999999999,20.0,180.00000000000003,399.99999999999994,AA2024-T3,AA2024-T3,5485.1142572960825
36.09699515680391,53.653066871792625,formed z,0.39999999999999997,0.9000000000000001,54.99999999999999,20.0,180.00000000000003,399.99999999999994,AA2024-T3,AA2024-T3,5485.114257296083
36.105371209941744,52.925661791861636,formed z,0.39999999999999997,0.9000000000000001,40.0,20.0,140.0,300.0,AA2024-T3,AA2024-T3,5889.012028405967
36.105371209941744,52.925661791861636,j,0.39999999999999997,0.9000000000000001,40.0,20.0,140.0,300.0,AA2024-T3,AA2024-T3,5889.012028405967
36.105371209941744,52.925661791861636,j,0.39999999999999997,0.8,40.0,20.0,140.0,300.0,AA2024-T3,AA2024-T3,5889.012028405967
36.105371209941744,52.925661791861636,z,0.39999999999999997,0.9000000000000001,40.0,20.0,140.0,300.0,AA2024-T3,AA2024-T3,5889.012028405967
36.105371209941744,52.925661791861636,formed z,0.39999999999999997,0.8,40.0,20.0,140.0,300.0,AA2024-T3,AA2024-T3,5889.012028405967
36.105371209941744,52.925661791861636,z,0.39999999999999997,0.8,40.0,20.0,140.0,300.0,AA2024-T3,AA2024-T3,5889.012028405967
36.180530826591294,53.96181033070774,z,0.39999999999999997,0.8,49.99999999999999,20.0,160.00000000000003,449.99999999999994,AA2024-T3,AA2024-T3,5857.6531017237385
36.180530826591294,53.96181033070774,j,0.39999999999999997,0.8,49.99999999999999,20.0,160.00000000000003,449.99999999999994,AA2024-T3,AA2024-T3,5857.65310172374
36.180530826591294,53.96181033070774,j,0.39999999999999997,0.9000000000000001,49.99999999999999,20.0,160.00000000000003,449.99999999999994,AA2024-T3,AA2024-T3,5857.6531017237385
36.180530826591294,53.96181033070774,formed z,0.39999999999999997,0.9000000000000001,49.99999999999999,20.0,160.00000000000003,449.99999999999994,AA2024-T3,AA2024-T3,5857.6531017237385
36.180530826591294,53.96181033070774,formed z,0.39999999999999997,0.8,49.99999999999999,20.0,160.00000000000003,449.99999999999994,AA2024-T3,AA2024-T3,5857.6531017237385
36.180530826591294,53.96181033070774,z,0.39999999999999997,0.9000000000000001,49.99999999999999,20.0,160.00000000000003,449.99999999999994,AA2024-T3,AA2024-T3,5857.6531017237385
36.18611486201652,53.48077257362929,j,0.39999999999999997,0.8,59.99999999999999,20.0,200.0,350.0,AA2024-T3,AA2024-T3,5217.493624409532
36.18611486201652,53.48077257362929,j,0.39999999999999997,0.9000000000000001,59.99999999999999,20.0,200.0,350.0,AA2024-T3,AA2024-T3,5217.493624409532
36.18611486201652,53.48077257362929,formed z,0.39999999999999997,0.9000000000000001,59.99999999999999,20.0,200.0,350.0,AA2024-T3,AA2024-T3,5217.493624409532
36.18611486201652,53.48077257362929,z,0.39999999999999997,0.9000000000000001,59.99999999999999,20.0,200.0,350.0,AA2024-T3,AA2024-T3,5217.4936244095325
36.18611486201652,53.48077257362929,z,0.39999999999999997,0.8,59.99999999999999,20.0,200.0,350.0,AA2024-T3,AA2024-T3,5217.493624409532
36.18611486201652,53.48077257362929,formed z,0.39999999999999997,0.8,59.99999999999999,20.0,200.0,350.0,AA2024-T3,AA2024-T3,5217.4936244095325
36.19169889744174,52.99536862761914,z,0.39999999999999997,0.8,35.0,20.0,120.00000000000001,300.0,AA2024-T3,AA2024-T3,6508.15888455592
36.19169889744174,52.99536862761914,formed z,0.39999999999999997,0.9000000000000001,35.0,20.0,120.00000000000001,300.0,AA2024-T3,AA2024-T3,6508.15888455592
36.19169889744174,52.99536862761914,z,0.39999999999999997,0.9000000000000001,35.0,20.0,120.00000000000001,300.0,AA2024-T3,AA2024-T3,6508.15888455592
36.19169889744174,52.99536862761914,formed z,0.39999999999999997,0.8,35.0,20.0,120.00000000000001,300.0,AA2024-T3,AA2024-T3,6508.15888455592
36.19169889744174,52.99536862761914,j,0.39999999999999997,0.9000000000000001,35.0,20.0,120.00000000000001,300.0,AA2024-T3,AA2024-T3,6508.15888455592
36.19169889744174,52.99536862761914,j,0.39999999999999997,0.8,35.0,20.0,120.00000000000001,300.0,AA2024-T3,AA2024-T3,6508.15888455592
36.19390037750304,40.479303342671955,formed z,0.3,0.9000000000000001,49.99999999999999,20.0,120.00000000000001,449.99999999999994,AA2024-T3,AA2024-T3,6712.012257083708
36.19390037750304,40.479303342671955,formed z,0.3,0.8,49.99999999999999,20.0,120.00000000000001,449.99999999999994,AA2024-T3,AA2024-T3,6712.012257083708
36.19390037750304,40.479303342671955,z,0.3,0.9000000000000001,49.99999999999999,20.0,120.00000000000001,449.99999999999994,AA2024-T3,AA2024-T3,6712.012257083708
36.19390037750304,40.479303342671955,j,0.3,0.9000000000000001,49.99999999999999,20.0,120.00000000000001,449.99999999999994,AA2024-T3,AA2024-T3,6712.012257083708
36.19390037750304,40.479303342671955,j,0.3,0.8,49.99999999999999,20.0,120.00000000000001,449.99999999999994,AA2024-T3,AA2024-T3,6712.012257083711
36.19390037750304,40.479303342671955,z,0.3,0.8,49.99999999999999,20.0,120.00000000000001,449.99999999999994,AA2024-T3,AA2024-T3,6712.012257083708
36.28302008271565,40.35084961825286,j,0.3,0.8,65.0,20.0,160.00000000000003,399.99999999999994,AA2024-T3,AA2024-T3,6192.293603381768
36.28302008271565,40.35084961825286,formed z,0.3,0.9000000000000001,65.0,20.0,160.00000000000003,399.99999999999994,AA2024-T3,AA2024-T3,6192.293603381766
36.28302008271565,40.35084961825286,formed z,0.3,0.8,65.0,20.0,160.00000000000003,399.99999999999994,AA2024-T3,AA2024-T3,6192.293603381767
36.28302008271565,40.35084961825286,z,0.3,0.8,65.0,20.0,160.00000000000003,399.99999999999994,AA2024-T3,AA2024-T3,6192.293603381766
36.28302008271565,40.35084961825286,z,0.3,0.9000000000000001,65.0,20.0,160.00000000000003,399.99999999999994,AA2024-T3,AA2024-T3,6192.293603381767
36.28302008271565,40.35084961825286,j,0.3,0.9000000000000001,65.0,20.0,160.00000000000003,399.99999999999994,AA2024-T3,AA2024-T3,6192.293603381767
36.29139613585349,39.80681777413807,formed z,0.3,0.9000000000000001,70.0,20.0,180.00000000000003,300.0,AA2024-T3,AA2024-T3,5820.529769157301
36.29139613585349,39.80681777413807,j,0.3,0.9000000000000001,70.0,20.0,180.00000000000003,300.0,AA2024-T3,AA2024-T3,5820.529769157301
36.29139613585349,39.80681777413807,z,0.3,0.9000000000000001,70.0,20.0,180.00000000000003,300.0,AA2024-T3,AA2024-T3,5820.5297691573005
36.29139613585349,39.80681777413807,z,0.3,0.8,70.0,20.0,180.00000000000003,300.0,AA2024-T3,AA2024-T3,5708.595871391333
36.29139613585349,39.80681777413807,j,0.3,0.8,70.0,20.0,180.00000000000003,300.0,AA2024-T3,AA2024-T3,5820.529769157301
36.29139613585349,39.80681777413807,formed z,0.3,0.8,70.0,20.0,180.00000000000003,300.0,AA2024-T3,AA2024-T3,5820.529769157301
36.38298049442956,67.65251352445021,formed z,0.5,0.8,35.0,20.0,160.00000000000003,449.99999999999994,AA2024-T3,AA2024-T3,5960.56835066664
36.38298049442956,67.65251352445021,z,0.5,0.9000000000000001,35.0,20.0,160.00000000000003,449.99999999999994,AA2024-T3,AA2024-T3,5960.56835066664
36.38298049442956,67.65251352445021,j,0.5,0.8,35.0,20.0,160.00000000000003,449.99999999999994,AA2024-T3,AA2024-T3,5960.568350666641
36.38298049442956,67.65251352445021,formed z,0.5,0.9000000000000001,35.0,20.0,160.00000000000003,449.99999999999994,AA2024-T3,AA2024-T3,5960.56835066664
36.38298049442956,67.65251352445021,z,0.5,0.8,35.0,20.0,160.00000000000003,449.99999999999994,AA2024-T3,AA2024-T3,5960.56835066664
36.38298049442956,67.65251352445021,j,0.5,0.9000000000000001,35.0,20.0,160.00000000000003,449.99999999999994,AA2024-T3,AA2024-T3,5960.568350666641
36.394148565280005,66.44810212868374,j,0.5,0.9000000000000001,35.0,20.0,180.00000000000003,300.0,AA2024-T3,AA2024-T3,5130.896861125938
36.394148565280005,66.44810212868374,z,0.5,0.8,35.0,20.0,180.00000000000003,300.0,AA2024-T3,AA2024-T3,5130.896861125937
36.394148565280005,66.44810212868374,formed z,0.5,0.9000000000000001,35.0,20.0,180.00000000000003,300.0,AA2024-T3,AA2024-T3,5130.896861125937
36.394148565280005,66.44810212868374,z,0.5,0.9000000000000001,35.0,20.0,180.00000000000003,300.0,AA2024-T3,AA2024-T3,5130.896861125937
36.394148565280005,66.44810212868374,j,0.5,0.8,35.0,20.0,180.00000000000003,300.0,AA2024-T3,AA2024-T3,5130.896861125938
36.394148565280005,66.44810212868374,formed z,0.5,0.8,35.0,20.0,180.00000000000003,300.0,AA2024-T3,AA2024-T3,5130.896861125937
36.401934080766516,53.653066871792625,z,0.39999999999999997,0.9000000000000001,54.99999999999999,20.0,180.00000000000003,350.0,AA2024-T3,AA2024-T3,5485.1142572960825
36.401934080766516,53.653066871792625,formed z,0.39999999999999997,0.9000000000000001,54.99999999999999,20.0,180.00000000000003,350.0,AA2024-T3,AA2024-T3,5485.114257296083
36.401934080766516,53.653066871792625,formed z,0.39999999999999997,0.8,54.99999999999999,20.0,180.00000000000003,350.0,AA2024-T3,AA2024-T3,5485.1142572960825
36.401934080766516,53.653066871792625,j,0.39999999999999997,0.9000000000000001,54.99999999999999,20.0,180.00000000000003,350.0,AA2024-T3,AA2024-T3,5485.1142572960825
36.401934080766516,53.653066871792625,z,0.39999999999999997,0.8,54.99999999999999,20.0,180.00000000000003,350.0,AA2024-T3,AA2024-T3,5485.1142572960825
36.401934080766516,53.653066871792625,j,0.39999999999999997,0.8,54.99999999999999,20.0,180.00000000000003,350.0,AA2024-T3,AA2024-T3,5485.1142572960825
36.485469750553904,53.96181033070774,j,0.39999999999999997,0.9000000000000001,49.99999999999999,20.0,160.00000000000003,399.99999999999994,AA2024-T3,AA2024-T3,5857.6531017237385
36.485469750553904,53.96181033070774,z,0.39999999999999997,0.8,49.99999999999999,20.0,160.00000000000003,399.99999999999994,AA2024-T3,AA2024-T3,5857.6531017237385
36.485469750553904,53.96181033070774,formed z,0.39999999999999997,0.9000000000000001,49.99999999999999,20.0,160.00000000000003,399.99999999999994,AA2024-T3,AA2024-T3,5857.6531017237385
36.485469750553904,53.96181033070774,j,0.39999999999999997,0.8,49.99999999999999,20.0,160.00000000000003,399.99999999999994,AA2024-T3,AA2024-T3,5857.65310172374
36.485469750553904,53.96181033070774,z,0.39999999999999997,0.9000000000000001,49.99999999999999,20.0,160.00000000000003,399.99999999999994,AA2024-T3,AA2024-T3,5857.6531017237385
36.485469750553904,53.96181033070774,formed z,0.39999999999999997,0.8,49.99999999999999,20.0,160.00000000000003,399.99999999999994,AA2024-T3,AA2024-T3,5857.6531017237385
36.49883930146565,40.479303342671955,j,0.3,0.9000000000000001,49.99999999999999,20.0,120.00000000000001,399.99999999999994,AA2024-T3,AA2024-T3,6712.012257083708
36.49883930146565,40.479303342671955,j,0.3,0.8,49.99999999999999,20.0,120.00000000000001,399.99999999999994,AA2024-T3,AA2024-T3,6712.012257083711
36.49883930146565,40.479303342671955,formed z,0.3,0.9000000000000001,49.99999999999999,20.0,120.00000000000001,399.99999999999994,AA2024-T3,AA2024-T3,6712.012257083708
36.49883930146565,40.479303342671955,z,0.3,0.9000000000000001,49.99999999999999,20.0,120.00000000000001,399.99999999999994,AA2024-T3,AA2024-T3,6712.012257083708
36.49883930146565,40.479303342671955,formed z,0.3,0.8,49.99999999999999,20.0,120.00000000000001,399.99999999999994,AA2024-T3,AA2024-T3,6712.012257083708
36.49883930146565,40.479303342671955,z,0.3,0.8,49.99999999999999,20.0,120.00000000000001,399.99999999999994,AA2024-T3,AA2024-T3,6712.012257083708
36.51247202567956,67.7802882591828,z,0.5,0.8,40.0,20.0,180.00000000000003,449.99999999999994,AA2024-T3,AA2024-T3,5494.8190713174
36.51247202567956,67.7802882591828,j,0.5,0.9000000000000001,40.0,20.0,180.00000000000003,449.99999999999994,AA2024-T3,AA2024-T3,5494.8190713174
36.51247202567956,67.7802882591828,j,0.5,0.8,40.0,20.0,180.00000000000003,449.99999999999994,AA2024-T3,AA2024-T3,5494.8190713174
36.51247202567956,67.7802882591828,formed z,0.5,0.9000000000000001,40.0,20.0,180.00000000000003,449.99999999999994,AA2024-T3,AA2024-T3,5494.819071317402
36.51247202567956,67.7802882591828,z,0.5,0.9000000000000001,40.0,20.0,180.00000000000003,449.99999999999994,AA2024-T3,AA2024-T3,5494.8190713174
36.51247202567956,67.7802882591828,formed z,0.5,0.8,40.0,20.0,180.00000000000003,449.99999999999994,AA2024-T3,AA2024-T3,5494.8190713174
36.55037919835349,39.96301117702806,formed z,0.3,0.9000000000000001,54.99999999999999,20.0,140.0,300.0,AA2024-T3,AA2024-T3,6195.143761349313
36.55037919835349,39.96301117702806,z,0.3,0.8,54.99999999999999,20.0,140.0,300.0,AA2024-T3,AA2024-T3,6195.143761349312
36.55037919835349,39.96301117702806,z,0.3,0.8,40.0,20.0,100.0,300.0,AA2024-T3,AA2024-T3,6890.340925132391
36.55037919835349,39.96301117702806,j,0.3,0.9000000000000001,54.99999999999999,20.0,140.0,300.0,AA2024-T3,AA2024-T3,6195.143761349312
36.55037919835349,39.96301117702806,j,0.3,0.8,54.99999999999999,20.0,140.0,300.0,AA2024-T3,AA2024-T3,6195.143761349312
36.55037919835349,39.96301117702806,j,0.3,0.8,40.0,20.0,100.0,300.0,AA2024-T3,AA2024-T3,6890.340925132391
36.55037919835349,39.96301117702806,formed z,0.3,0.8,40.0,20.0,100.0,300.0,AA2024-T3,AA2024-T3,6890.340925132391
36.55037919835349,39.96301117702806,j,0.3,0.9000000000000001,40.0,20.0,100.0,300.0,AA2024-T3,AA2024-T3,6890.340925132391
36.55037919835349,39.96301117702806,formed z,0.3,0.8,54.99999999999999,20.0,140.0,300.0,AA2024-T3,AA2024-T3,6195.143761349312
36.55037919835349,39.96301117702806,formed z,0.3,0.9000000000000001,40.0,20.0,100.0,300.0,AA2024-T3,AA2024-T3,6890.340925132394
36.55037919835349,39.96301117702806,z,0.3,0.9000000000000001,40.0,20.0,100.0,300.0,AA2024-T3,AA2024-T3,6890.340925132391
36.55037919835349,39.96301117702806,z,0.3,0.9000000000000001,54.99999999999999,20.0,140.0,300.0,AA2024-T3,AA2024-T3,6195.143761349312
36.58795900667826,40.35084961825286,j,0.3,0.8,65.0,20.0,160.00000000000003,350.0,AA2024-T3,AA2024-T3,6192.293603381768
36.58795900667826,40.35084961825286,formed z,0.3,0.9000000000000001,65.0,20.0,160.00000000000003,350.0,AA2024-T3,AA2024-T3,6192.293603381766
36.58795900667826,40.35084961825286,formed z,0.3,0.8,65.0,20.0,160.00000000000003,350.0,AA2024-T3,AA2024-T3,6192.293603381767
36.58795900667826,40.35084961825286,z,0.3,0.9000000000000001,65.0,20.0,160.00000000000003,350.0,AA2024-T3,AA2024-T3,6192.293603381767
36.58795900667826,40.35084961825286,z,0.3,0.8,65.0,20.0,160.00000000000003,350.0,AA2024-T3,AA2024-T3,6192.293603381766
36.58795900667826,40.35084961825286,j,0.3,0.9000000000000001,65.0,20.0,160.00000000000003,350.0,AA2024-T3,AA2024-T3,6192.293603381767
36.61216926409129,54.3027998681547,z,0.39999999999999997,0.8,44.99999999999999,20.0,140.0,449.99999999999994,AA2024-T3,AA2024-T3,6359.155565028889
36.61216926409129,54.3027998681547,j,0.39999999999999997,0.8,44.99999999999999,20.0,140.0,449.99999999999994,AA2024-T3,AA2024-T3,6359.155565028889
36.61216926409129,54.3027998681547,j,0.39999999999999997,0.9000000000000001,44.99999999999999,20.0,140.0,449.99999999999994,AA2024-T3,AA2024-T3,6359.155565028889
36.61216926409129,54.3027998681547,z,0.39999999999999997,0.9000000000000001,44.99999999999999,20.0,140.0,449.99999999999994,AA2024-T3,AA2024-T3,6359.155565028892
36.61216926409129,54.3027998681547,formed z,0.39999999999999997,0.8,44.99999999999999,20.0,140.0,449.99999999999994,AA2024-T3,AA2024-T3,6359.155565028889
36.61216926409129,54.3027998681547,formed z,0.39999999999999997,0.9000000000000001,44.99999999999999,20.0,140.0,449.99999999999994,AA2024-T3,AA2024-T3,6359.155565028889
36.685127400679555,67.9502808205669,z,0.5,0.8,44.99999999999999,20.0,200.0,449.99999999999994,AA2024-T3,AA2024-T3,5169.692399813597
36.685127400679555,67.9502808205669,formed z,0.5,0.9000000000000001,44.99999999999999,20.0,200.0,449.99999999999994,AA2024-T3,AA2024-T3,5169.692399813596
36.685127400679555,67.9502808205669,j,0.5,0.8,44.99999999999999,20.0,200.0,449.99999999999994,AA2024-T3,AA2024-T3,5169.692399813596
36.685127400679555,67.9502808205669,j,0.5,0.9000000000000001,44.99999999999999,20.0,200.0,449.99999999999994,AA2024-T3,AA2024-T3,5169.692399813596
36.685127400679555,67.9502808205669,formed z,0.5,0.8,44.99999999999999,20.0,200.0,449.99999999999994,AA2024-T3,AA2024-T3,5169.692399813597
36.685127400679555,67.9502808205669,z,0.5,0.9000000000000001,44.99999999999999,20.0,200.0,449.99999999999994,AA2024-T3,AA2024-T3,5169.692399813598
36.68791941839217,67.65251352445021,z,0.5,0.9000000000000001,35.0,20.0,160.00000000000003,399.99999999999994,AA2024-T3,AA2024-T3,5960.56835066664
36.68791941839217,67.65251352445021,formed z,0.5,0.8,35.0,20.0,160.00000000000003,399.99999999999994,AA2024-T3,AA2024-T3,5960.56835066664
36.68791941839217,67.65251352445021,formed z,0.5,0.9000000000000001,35.0,20.0,160.00000000000003,399.99999999999994,AA2024-T3,AA2024-T3,5960.56835066664
36.68791941839217,67.65251352445021,j,0.5,0.8,35.0,20.0,160.00000000000003,399.99999999999994,AA2024-T3,AA2024-T3,5960.568350666641
36.68791941839217,67.65251352445021,z,0.5,0.8,35.0,20.0,160.00000000000003,399.99999999999994,AA2024-T3,AA2024-T3,5960.56835066664
36.68791941839217,67.65251352445021,j,0.5,0.9000000000000001,35.0,20.0,160.00000000000003,399.99999999999994,AA2024-T3,AA2024-T3,5960.568350666641
36.69629547153001,66.75124233991433,formed z,0.5,0.8,40.0,20.0,200.0,300.0,AA2024-T3,AA2024-T3,4841.492540306604
36.69629547153001,66.75124233991433,z,0.5,0.9000000000000001,40.0,20.0,200.0,300.0,AA2024-T3,AA2024-T3,4841.492540306604
36.69629547153001,66.75124233991433,j,0.5,0.9000000000000001,40.0,20.0,200.0,300.0,AA2024-T3,AA2024-T3,4841.492540306604
36.69629547153001,66.75124233991433,j,0.5,0.8,40.0,20.0,200.0,300.0,AA2024-T3,AA2024-T3,4841.492540306604
36.69629547153001,66.75124233991433,formed z,0.5,0.9000000000000001,40.0,20.0,200.0,300.0,AA2024-T3,AA2024-T3,4841.4925403066045
36.69629547153001,66.75124233991433,z,0.5,0.8,40.0,20.0,200.0,300.0,AA2024-T3,AA2024-T3,4841.492540306604
36.7848246390913,54.43859764231897,z,0.39999999999999997,0.8,65.0,20.0,200.0,449.99999999999994,AA2024-T3,AA2024-T3,5546.27219689737
36.7848246390913,54.43859764231897,formed z,0.39999999999999997,0.9000000000000001,65.0,20.0,200.0,449.99999999999994,AA2024-T3,AA2024-T3,5546.27219689737
36.7848246390913,54.43859764231897,j,0.39999999999999997,0.8,65.0,20.0,200.0,449.99999999999994,AA2024-T3,AA2024-T3,5546.272196897373
36.7848246390913,54.43859764231897,z,0.39999999999999997,0.9000000000000001,65.0,20.0,200.0,449.99999999999994,AA2024-T3,AA2024-T3,5546.272196897371
36.7848246390913,54.43859764231897,j,0.39999999999999997,0.9000000000000001,65.0,20.0,200.0,449.99999999999994,AA2024-T3,AA2024-T3,5546.272196897371
36.7848246390913,54.43859764231897,formed z,0.39999999999999997,0.8,65.0,20.0,200.0,449.99999999999994,AA2024-T3,AA2024-T3,5546.272196897371
36.79040867451651,53.96181033070774,z,0.39999999999999997,0.9000000000000001,49.99999999999999,20.0,160.00000000000003,350.0,AA2024-T3,AA2024-T3,5857.6531017237385
36.79040867451651,53.96181033070774,formed z,0.39999999999999997,0.8,49.99999999999999,20.0,160.00000000000003,350.0,AA2024-T3,AA2024-T3,5857.6531017237385
36.79040867451651,53.96181033070774,j,0.39999999999999997,0.8,49.99999999999999,20.0,160.00000000000003,350.0,AA2024-T3,AA2024-T3,5857.65310172374
36.79040867451651,53.96181033070774,j,0.39999999999999997,0.9000000000000001,49.99999999999999,20.0,160.00000000000003,350.0,AA2024-T3,AA2024-T3,5857.6531017237385
36.79040867451651,53.96181033070774,formed z,0.39999999999999997,0.9000000000000001,49.99999999999999,20.0,160.00000000000003,350.0,AA2024-T3,AA2024-T3,5857.6531017237385
36.79040867451651,53.96181033070774,z,0.39999999999999997,0.8,49.99999999999999,20.0,160.00000000000003,350.0,AA2024-T3,AA2024-T3,5857.6531017237385
36.79599270994174,53.48077257362929,j,0.39999999999999997,0.8,59.99999999999999,20.0,200.0,300.0,AA2024-T3,AA2024-T3,5217.493624409532
36.79599270994174,53.48077257362929,j,0.39999999999999997,0.9000000000000001,59.99999999999999,20.0,200.0,300.0,AA2024-T3,AA2024-T3,5217.493624409532
36.79599270994174,53.48077257362929,formed z,0.39999999999999997,0.9000000000000001,59.99999999999999,20.0,200.0,300.0,AA2024-T3,AA2024-T3,5217.493624409532
36.79599270994174,53.48077257362929,z,0.39999999999999997,0.9000000000000001,59.99999999999999,20.0,200.0,300.0,AA2024-T3,AA2024-T3,5217.4936244095325
36.79599270994174,53.48077257362929,formed z,0.39999999999999997,0.8,59.99999999999999,20.0,200.0,300.0,AA2024-T3,AA2024-T3,5217.4936244095325
36.79599270994174,53.48077257362929,z,0.39999999999999997,0.8,59.99999999999999,20.0,200.0,300.0,AA2024-T3,AA2024-T3,5217.493624409532
36.80377822542826,40.479303342671955,formed z,0.3,0.9000000000000001,49.99999999999999,20.0,120.00000000000001,350.0,AA2024-T3,AA2024-T3,6712.012257083708
36.80377822542826,40.479303342671955,z,0.3,0.9000000000000001,49.99999999999999,20.0,120.00000000000001,350.0,AA2024-T3,AA2024-T3,6712.012257083708
36.80377822542826,40.479303342671955,j,0.3,0.9000000000000001,49.99999999999999,20.0,120.00000000000001,350.0,AA2024-T3,AA2024-T3,6712.012257083708
36.80377822542826,40.479303342671955,j,0.3,0.8,49.99999999999999,20.0,120.00000000000001,350.0,AA2024-T3,AA2024-T3,6712.012257083711
36.80377822542826,40.479303342671955,formed z,0.3,0.8,49.99999999999999,20.0,120.00000000000001,350.0,AA2024-T3,AA2024-T3,6712.012257083708
36.80377822542826,40.479303342671955,z,0.3,0.8,49.99999999999999,20.0,120.00000000000001,350.0,AA2024-T3,AA2024-T3,6712.012257083708
36.817410949642166,67.7802882591828,z,0.5,0.9000000000000001,40.0,20.0,180.00000000000003,399.99999999999994,AA2024-T3,AA2024-T3,5494.8190713174
36.817410949642166,67.7802882591828,formed z,0.5,0.8,40.0,20.0,180.00000000000003,399.99999999999994,AA2024-T3,AA2024-T3,5494.8190713174
36.817410949642166,67.7802882591828,formed z,0.5,0.9000000000000001,40.0,20.0,180.00000000000003,399.99999999999994,AA2024-T3,AA2024-T3,5494.819071317402
36.817410949642166,67.7802882591828,z,0.5,0.8,40.0,20.0,180.00000000000003,399.99999999999994,AA2024-T3,AA2024-T3,5494.8190713174
36.817410949642166,67.7802882591828,j,0.5,0.9000000000000001,40.0,20.0,180.00000000000003,399.99999999999994,AA2024-T3,AA2024-T3,5494.8190713174
36.817410949642166,67.7802882591828,j,0.5,0.8,40.0,20.0,180.00000000000003,399.99999999999994,AA2024-T3,AA2024-T3,5494.8190713174
36.91710818805391,54.3027998681547,j,0.39999999999999997,0.9000000000000001,44.99999999999999,20.0,140.0,399.99999999999994,AA2024-T3,AA2024-T3,6359.155565028889
36.91710818805391,54.3027998681547,z,0.39999999999999997,0.8,44.99999999999999,20.0,140.0,399.99999999999994,AA2024-T3,AA2024-T3,6359.155565028889
36.91710818805391,54.3027998681547,formed z,0.39999999999999997,0.9000000000000001,44.99999999999999,20.0,140.0,399.99999999999994,AA2024-T3,AA2024-T3,6359.155565028889
36.91710818805391,54.3027998681547,formed z,0.39999999999999997,0.8,44.99999999999999,20.0,140.0,399.99999999999994,AA2024-T3,AA2024-T3,6359.155565028889
36.91710818805391,54.3027998681547,z,0.39999999999999997,0.9000000000000001,44.99999999999999,20.0,140.0,399.99999999999994,AA2024-T3,AA2024-T3,6359.155565028892
36.91710818805391,54.3027998681547,j,0.39999999999999997,0.8,44.99999999999999,20.0,140.0,399.99999999999994,AA2024-T3,AA2024-T3,6359.155565028889
36.957480014091296,54.57405750907413,j,0.39999999999999997,0.8,40.0,20.0,120.00000000000001,449.99999999999994,AA2024-T3,AA2024-T3,7050.375975984004
36.957480014091296,54.57405750907413,formed z,0.39999999999999997,0.8,40.0,20.0,120.00000000000001,449.99999999999994,AA2024-T3,AA2024-T3,7050.375975984004
36.957480014091296,54.57405750907413,z,0.39999999999999997,0.8,40.0,20.0,120.00000000000001,449.99999999999994,AA2024-T3,AA2024-T3,7050.375975984004
36.957480014091296,54.57405750907413,z,0.39999999999999997,0.9000000000000001,40.0,20.0,120.00000000000001,449.99999999999994,AA2024-T3,AA2024-T3,7050.375975984004
36.957480014091296,54.57405750907413,j,0.39999999999999997,0.9000000000000001,40.0,20.0,120.00000000000001,449.99999999999994,AA2024-T3,AA2024-T3,7050.375975984004
36.957480014091296,54.57405750907413,formed z,0.39999999999999997,0.9000000000000001,40.0,20.0,120.00000000000001,449.99999999999994,AA2024-T3,AA2024-T3,7050.375975984005
36.99006632464217,67.9502808205669,z,0.5,0.8,44.99999999999999,20.0,200.0,399.99999999999994,AA2024-T3,AA2024-T3,5169.692399813597
36.99006632464217,67.9502808205669,z,0.5,0.9000000000000001,44.99999999999999,20.0,200.0,399.99999999999994,AA2024-T3,AA2024-T3,5169.692399813598
36.99006632464217,67.9502808205669,formed z,0.5,0.8,44.99999999999999,20.0,200.0,399.99999999999994,AA2024-T3,AA2024-T3,5169.692399813597
36.99006632464217,67.9502808205669,j,0.5,0.8,44.99999999999999,20.0,200.0,399.99999999999994,AA2024-T3,AA2024-T3,5169.692399813596
36.99006632464217,67.9502808205669,j,0.5,0.9000000000000001,44.99999999999999,20.0,200.0,399.99999999999994,AA2024-T3,AA2024-T3,5169.692399813596
36.99006632464217,67.9502808205669,formed z,0.5,0.9000000000000001,44.99999999999999,20.0,200.0,399.99999999999994,AA2024-T3,AA2024-T3,5169.692399813596
36.99285834235478,67.65251352445021,formed z,0.5,0.8,35.0,20.0,160.00000000000003,350.0,AA2024-T3,AA2024-T3,5960.56835066664
36.99285834235478,67.65251352445021,j,0.5,0.8,35.0,20.0,160.00000000000003,350.0,AA2024-T3,AA2024-T3,5960.568350666641
36.99285834235478,67.65251352445021,formed z,0.5,0.9000000000000001,35.0,20.0,160.00000000000003,350.0,AA2024-T3,AA2024-T3,5960.56835066664
36.99285834235478,67.65251352445021,z,0.5,0.9000000000000001,35.0,20.0,160.00000000000003,350.0,AA2024-T3,AA2024-T3,5960.56835066664
36.99285834235478,67.65251352445021,z,0.5,0.8,35.0,20.0,160.00000000000003,350.0,AA2024-T3,AA2024-T3,5960.56835066664
36.99285834235478,67.65251352445021,j,0.5,0.9000000000000001,35.0,20.0,160.00000000000003,350.0,AA2024-T3,AA2024-T3,5960.568350666641
37.01181192869174,53.653066871792625,z,0.39999999999999997,0.9000000000000001,54.99999999999999,20.0,180.00000000000003,300.0,AA2024-T3,AA2024-T3,5485.1142572960825
37.01181192869174,53.653066871792625,formed z,0.39999999999999997,0.9000000000000001,54.99999999999999,20.0,180.00000000000003,300.0,AA2024-T3,AA2024-T3,5485.114257296083
37.01181192869174,53.653066871792625,formed z,0.39999999999999997,0.8,54.99999999999999,20.0,180.00000000000003,300.0,AA2024-T3,AA2024-T3,5485.1142572960825
37.01181192869174,53.653066871792625,j,0.39999999999999997,0.8,54.99999999999999,20.0,180.00000000000003,300.0,AA2024-T3,AA2024-T3,5485.1142572960825
37.01181192869174,53.653066871792625,z,0.39999999999999997,0.8,54.99999999999999,20.0,180.00000000000003,300.0,AA2024-T3,AA2024-T3,5485.1142572960825
37.01181192869174,53.653066871792625,j,0.39999999999999997,0.9000000000000001,54.99999999999999,20.0,180.00000000000003,300.0,AA2024-T3,AA2024-T3,5485.1142572960825
37.05717725250304,40.98909288921671,j,0.3,0.9000000000000001,59.99999999999999,20.0,140.0,449.99999999999994,AA2024-T3,AA2024-T3,6665.846218717451
37.05717725250304,40.98909288921671,formed z,0.3,0.9000000000000001,59.99999999999999,20.0,140.0,449.99999999999994,AA2024-T3,AA2024-T3,6665.846218717451
37.05717725250304,40.98909288921671,formed z,0.3,0.8,59.99999999999999,20.0,140.0,449.99999999999994,AA2024-T3,AA2024-T3,6665.846218717451
37.05717725250304,40.98909288921671,z,0.3,0.9000000000000001,59.99999999999999,20.0,140.0,449.99999999999994,AA2024-T3,AA2024-T3,6665.846218717451
37.05717725250304,40.98909288921671,z,0.3,0.8,59.99999999999999,20.0,140.0,449.99999999999994,AA2024-T3,AA2024-T3,6665.846218717451
37.05717725250304,40.98909288921671,j,0.3,0.8,59.99999999999999,20.0,140.0,449.99999999999994,AA2024-T3,AA2024-T3,6665.846218717451
37.08976356305391,54.43859764231897,formed z,0.39999999999999997,0.9000000000000001,65.0,20.0,200.0,399.99999999999994,AA2024-T3,AA2024-T3,5546.27219689737
37.08976356305391,54.43859764231897,j,0.39999999999999997,0.9000000000000001,65.0,20.0,200.0,399.99999999999994,AA2024-T3,AA2024-T3,5546.272196897371
37.08976356305391,54.43859764231897,z,0.39999999999999997,0.9000000000000001,65.0,20.0,200.0,399.99999999999994,AA2024-T3,AA2024-T3,5546.272196897371
37.08976356305391,54.43859764231897,z,0.39999999999999997,0.8,65.0,20.0,200.0,399.99999999999994,AA2024-T3,AA2024-T3,5546.27219689737
37.08976356305391,54.43859764231897,formed z,0.39999999999999997,0.8,65.0,20.0,200.0,399.99999999999994,AA2024-T3,AA2024-T3,5546.272196897371
37.08976356305391,54.43859764231897,j,0.39999999999999997,0.8,65.0,20.0,200.0,399.99999999999994,AA2024-T3,AA2024-T3,5546.272196897373
37.12234987360478,67.7802882591828,j,0.5,0.9000000000000001,40.0,20.0,180.00000000000003,350.0,AA2024-T3,AA2024-T3,5494.8190713174
37.12234987360478,67.7802882591828,z,0.5,0.8,40.0,20.0,180.00000000000003,350.0,AA2024-T3,AA2024-T3,5494.8190713174
37.12234987360478,67.7802882591828,formed z,0.5,0.8,40.0,20.0,180.00000000000003,350.0,AA2024-T3,AA2024-T3,5494.8190713174
37.12234987360478,67.7802882591828,formed z,0.5,0.9000000000000001,40.0,20.0,180.00000000000003,350.0,AA2024-T3,AA2024-T3,5494.819071317402
37.12234987360478,67.7802882591828,j,0.5,0.8,40.0,20.0,180.00000000000003,350.0,AA2024-T3,AA2024-T3,5494.8190713174
37.12234987360478,67.7802882591828,z,0.5,0.9000000000000001,40.0,20.0,180.00000000000003,350.0,AA2024-T3,AA2024-T3,5494.8190713174
37.13013538909129,54.70918197839522,formed z,0.39999999999999997,0.8,59.99999999999999,20.0,180.00000000000003,449.99999999999994,AA2024-T3,AA2024-T3,5849.518373125821
37.13013538909129,54.70918197839522,z,0.39999999999999997,0.8,59.99999999999999,20.0,180.00000000000003,449.99999999999994,AA2024-T3,AA2024-T3,5849.518373125821
37.13013538909129,54.70918197839522,j,0.39999999999999997,0.9000000000000001,59.99999999999999,20.0,180.00000000000003,449.99999999999994,AA2024-T3,AA2024-T3,5849.518373125821
37.13013538909129,54.70918197839522,j,0.39999999999999997,0.8,59.99999999999999,20.0,180.00000000000003,449.99999999999994,AA2024-T3,AA2024-T3,5849.518373125821
37.13013538909129,54.70918197839522,z,0.39999999999999997,0.9000000000000001,59.99999999999999,20.0,180.00000000000003,449.99999999999994,AA2024-T3,AA2024-T3,5849.518373125821
37.13013538909129,54.70918197839522,formed z,0.39999999999999997,0.9000000000000001,59.99999999999999,20.0,180.00000000000003,449.99999999999994,AA2024-T3,AA2024-T3,5849.518373125821
37.19783685460349,40.35084961825286,z,0.3,0.9000000000000001,65.0,20.0,160.00000000000003,300.0,AA2024-T3,AA2024-T3,6192.293603381767
37.19783685460349,40.35084961825286,j,0.3,0.9000000000000001,65.0,20.0,160.00000000000003,300.0,AA2024-T3,AA2024-T3,6192.293603381767
37.19783685460349,40.35084961825286,formed z,0.3,0.9000000000000001,65.0,20.0,160.00000000000003,300.0,AA2024-T3,AA2024-T3,6192.293603381766
37.19783685460349,40.35084961825286,j,0.3,0.8,65.0,20.0,160.00000000000003,300.0,AA2024-T3,AA2024-T3,6192.293603381768
37.19783685460349,40.35084961825286,formed z,0.3,0.8,65.0,20.0,160.00000000000003,300.0,AA2024-T3,AA2024-T3,6192.293603381767
37.19783685460349,40.35084961825286,z,0.3,0.8,65.0,20.0,160.00000000000003,300.0,AA2024-T3,AA2024-T3,6192.293603381766
37.22204711201652,54.3027998681547,z,0.39999999999999997,0.8,44.99999999999999,20.0,140.0,350.0,AA2024-T3,AA2024-T3,6359.155565028889
37.22204711201652,54.3027998681547,j,0.39999999999999997,0.8,44.99999999999999,20.0,140.0,350.0,AA2024-T3,AA2024-T3,6359.155565028889
37.22204711201652,54.3027998681547,formed z,0.39999999999999997,0.9000000000000001,44.99999999999999,20.0,140.0,350.0,AA2024-T3,AA2024-T3,6359.155565028889
37.22204711201652,54.3027998681547,formed z,0.39999999999999997,0.8,44.99999999999999,20.0,140.0,350.0,AA2024-T3,AA2024-T3,6359.155565028889
37.22204711201652,54.3027998681547,j,0.39999999999999997,0.9000000000000001,44.99999999999999,20.0,140.0,350.0,AA2024-T3,AA2024-T3,6359.155565028889
37.22204711201652,54.3027998681547,z,0.39999999999999997,0.9000000000000001,44.99999999999999,20.0,140.0,350.0,AA2024-T3,AA2024-T3,6359.155565028892
37.262418938053905,54.57405750907413,j,0.39999999999999997,0.9000000000000001,40.0,20.0,120.00000000000001,399.99999999999994,AA2024-T3,AA2024-T3,7050.375975984004
37.262418938053905,54.57405750907413,z,0.39999999999999997,0.8,40.0,20.0,120.00000000000001,399.99999999999994,AA2024-T3,AA2024-T3,7050.375975984004
37.262418938053905,54.57405750907413,j,0.39999999999999997,0.8,40.0,20.0,120.00000000000001,399.99999999999994,AA2024-T3,AA2024-T3,7050.375975984004
37.262418938053905,54.57405750907413,formed z,0.39999999999999997,0.8,40.0,20.0,120.00000000000001,399.99999999999994,AA2024-T3,AA2024-T3,7050.375975984004
37.262418938053905,54.57405750907413,z,0.39999999999999997,0.9000000000000001,40.0,20.0,120.00000000000001,399.99999999999994,AA2024-T3,AA2024-T3,7050.375975984004
37.262418938053905,54.57405750907413,formed z,0.39999999999999997,0.9000000000000001,40.0,20.0,120.00000000000001,399.99999999999994,AA2024-T3,AA2024-T3,7050.375975984005
37.29500524860478,67.9502808205669,j,0.5,0.8,44.99999999999999,20.0,200.0,350.0,AA2024-T3,AA2024-T3,5169.692399813596
37.29500524860478,67.9502808205669,formed z,0.5,0.8,44.99999999999999,20.0,200.0,350.0,AA2024-T3,AA2024-T3,5169.692399813597
37.29500524860478,67.9502808205669,z,0.5,0.8,44.99999999999999,20.0,200.0,350.0,AA2024-T3,AA2024-T3,5169.692399813597
37.29500524860478,67.9502808205669,j,0.5,0.9000000000000001,44.99999999999999,20.0,200.0,350.0,AA2024-T3,AA2024-T3,5169.692399813596
37.29500524860478,67.9502808205669,z,0.5,0.9000000000000001,44.99999999999999,20.0,200.0,350.0,AA2024-T3,AA2024-T3,5169.692399813598
37.29500524860478,67.9502808205669,formed z,0.5,0.9000000000000001,44.99999999999999,20.0,200.0,350.0,AA2024-T3,AA2024-T3,5169.692399813596
37.36211617646565,40.98909288921671,z,0.3,0.8,59.99999999999999,20.0,140.0,399.99999999999994,AA2024-T3,AA2024-T3,6665.846218717451
37.36211617646565,40.98909288921671,j,0.3,0.9000000000000001,59.99999999999999,20.0,140.0,399.99999999999994,AA2024-T3,AA2024-T3,6665.846218717451
37.36211617646565,40.98909288921671,formed z,0.3,0.8,59.99999999999999,20.0,140.0,399.99999999999994,AA2024-T3,AA2024-T3,6665.846218717451
37.36211617646565,40.98909288921671,z,0.3,0.9000000000000001,59.99999999999999,20.0,140.0,399.99999999999994,AA2024-T3,AA2024-T3,6665.846218717451
37.36211617646565,40.98909288921671,j,0.3,0.8,59.99999999999999,20.0,140.0,399.99999999999994,AA2024-T3,AA2024-T3,6665.846218717451
37.36211617646565,40.98909288921671,formed z,0.3,0.9000000000000001,59.99999999999999,20.0,140.0,399.99999999999994,AA2024-T3,AA2024-T3,6665.846218717451
37.39470248701652,54.43859764231897,formed z,0.39999999999999997,0.9000000000000001,65.0,20.0,200.0,350.0,AA2024-T3,AA2024-T3,5546.27219689737
37.39470248701652,54.43859764231897,z,0.39999999999999997,0.9000000000000001,65.0,20.0,200.0,350.0,AA2024-T3,AA2024-T3,5546.272196897371
37.39470248701652,54.43859764231897,j,0.39999999999999997,0.9000000000000001,65.0,20.0,200.0,350.0,AA2024-T3,AA2024-T3,5546.272196897371
37.39470248701652,54.43859764231897,formed z,0.39999999999999997,0.8,65.0,20.0,200.0,350.0,AA2024-T3,AA2024-T3,5546.272196897371
37.39470248701652,54.43859764231897,j,0.39999999999999997,0.8,65.0,20.0,200.0,350.0,AA2024-T3,AA2024-T3,5546.272196897373
37.39470248701652,54.43859764231897,z,0.39999999999999997,0.8,65.0,20.0,200.0,350.0,AA2024-T3,AA2024-T3,5546.27219689737
37.400286522441746,53.96181033070774,j,0.39999999999999997,0.8,49.99999999999999,20.0,160.00000000000003,300.0,AA2024-T3,AA2024-T3,5857.65310172374
37.400286522441746,53.96181033070774,z,0.39999999999999997,0.8,49.99999999999999,20.0,160.00000000000003,300.0,AA2024-T3,AA2024-T3,5857.6531017237385
37.400286522441746,53.96181033070774,formed z,0.39999999999999997,0.9000000000000001,49.99999999999999,20.0,160.00000000000003,300.0,AA2024-T3,AA2024-T3,5857.6531017237385
37.400286522441746,53.96181033070774,formed z,0.39999999999999997,0.8,49.99999999999999,20.0,160.00000000000003,300.0,AA2024-T3,AA2024-T3,5857.6531017237385
37.400286522441746,53.96181033070774,z,0.39999999999999997,0.9000000000000001,49.99999999999999,20.0,160.00000000000003,300.0,AA2024-T3,AA2024-T3,5857.6531017237385
37.400286522441746,53.96181033070774,j,0.39999999999999997,0.9000000000000001,49.99999999999999,20.0,160.00000000000003,300.0,AA2024-T3,AA2024-T3,5857.6531017237385
37.41365607335349,40.479303342671955,j,0.3,0.8,49.99999999999999,20.0,120.00000000000001,300.0,AA2024-T3,AA2024-T3,6712.012257083711
37.41365607335349,40.479303342671955,z,0.3,0.9000000000000001,49.99999999999999,20.0,120.00000000000001,300.0,AA2024-T3,AA2024-T3,6712.012257083708
37.41365607335349,40.479303342671955,formed z,0.3,0.8,49.99999999999999,20.0,120.00000000000001,300.0,AA2024-T3,AA2024-T3,6712.012257083708
37.41365607335349,40.479303342671955,z,0.3,0.8,49.99999999999999,20.0,120.00000000000001,300.0,AA2024-T3,AA2024-T3,6712.012257083708
37.41365607335349,40.479303342671955,j,0.3,0.9000000000000001,49.99999999999999,20.0,120.00000000000001,300.0,AA2024-T3,AA2024-T3,6712.012257083708
37.41365607335349,40.479303342671955,formed z,0.3,0.9000000000000001,49.99999999999999,20.0,120.00000000000001,300.0,AA2024-T3,AA2024-T3,6712.012257083708
37.4350743130539,54.70918197839522,z,0.39999999999999997,0.8,59.99999999999999,20.0,180.00000000000003,399.99999999999994,AA2024-T3,AA2024-T3,5849.518373125821
37.4350743130539,54.70918197839522,j,0.39999999999999997,0.8,59.99999999999999,20.0,180.00000000000003,399.99999999999994,AA2024-T3,AA2024-T3,5849.518373125821
37.4350743130539,54.70918197839522,formed z,0.39999999999999997,0.8,59.99999999999999,20.0,180.00000000000003,399.99999999999994,AA2024-T3,AA2024-T3,5849.518373125821
37.4350743130539,54.70918197839522,formed z,0.39999999999999997,0.9000000000000001,59.99999999999999,20.0,180.00000000000003,399.99999999999994,AA2024-T3,AA2024-T3,5849.518373125821
37.4350743130539,54.70918197839522,z,0.39999999999999997,0.9000000000000001,59.99999999999999,20.0,180.00000000000003,399.99999999999994,AA2024-T3,AA2024-T3,5849.518373125821
37.4350743130539,54.70918197839522,j,0.39999999999999997,0.9000000000000001,59.99999999999999,20.0,180.00000000000003,399.99999999999994,AA2024-T3,AA2024-T3,5849.518373125821
37.48881569000304,41.24162465601019,z,0.3,0.8,70.0,20.0,160.00000000000003,449.99999999999994,AA2024-T3,AA2024-T3,6425.428511637898
37.48881569000304,41.24162465601019,j,0.3,0.9000000000000001,70.0,20.0,160.00000000000003,449.99999999999994,AA2024-T3,AA2024-T3,6604.124208208775
37.48881569000304,41.24162465601019,j,0.3,0.8,70.0,20.0,160.00000000000003,449.99999999999994,AA2024-T3,AA2024-T3,6604.124208208775
37.48881569000304,41.24162465601019,formed z,0.3,0.9000000000000001,70.0,20.0,160.00000000000003,449.99999999999994,AA2024-T3,AA2024-T3,6604.124208208775
37.48881569000304,41.24162465601019,formed z,0.3,0.8,70.0,20.0,160.00000000000003,449.99999999999994,AA2024-T3,AA2024-T3,6604.124208208775
37.48881569000304,41.24162465601019,z,0.3,0.9000000000000001,70.0,20.0,160.00000000000003,449.99999999999994,AA2024-T3,AA2024-T3,6604.124208208775
37.567357862016515,54.57405750907413,formed z,0.39999999999999997,0.8,40.0,20.0,120.00000000000001,350.0,AA2024-T3,AA2024-T3,7050.375975984004
37.567357862016515,54.57405750907413,z,0.39999999999999997,0.9000000000000001,40.0,20.0,120.00000000000001,350.0,AA2024-T3,AA2024-T3,7050.375975984004
37.567357862016515,54.57405750907413,formed z,0.39999999999999997,0.9000000000000001,40.0,20.0,120.00000000000001,350.0,AA2024-T3,AA2024-T3,7050.375975984005
37.567357862016515,54.57405750907413,j,0.39999999999999997,0.8,40.0,20.0,120.00000000000001,350.0,AA2024-T3,AA2024-T3,7050.375975984004
37.567357862016515,54.57405750907413,z,0.39999999999999997,0.8,40.0,20.0,120.00000000000001,350.0,AA2024-T3,AA2024-T3,7050.375975984004
37.567357862016515,54.57405750907413,j,0.39999999999999997,0.9000000000000001,40.0,20.0,120.00000000000001,350.0,AA2024-T3,AA2024-T3,7050.375975984004
37.60273619028001,67.65251352445021,z,0.5,0.9000000000000001,35.0,20.0,160.00000000000003,300.0,AA2024-T3,AA2024-T3,5960.56835066664
37.60273619028001,67.65251352445021,formed z,0.5,0.8,35.0,20.0,160.00000000000003,300.0,AA2024-T3,AA2024-T3,5960.56835066664
37.60273619028001,67.65251352445021,j,0.5,0.8,35.0,20.0,160.00000000000003,300.0,AA2024-T3,AA2024-T3,5960.568350666641
37.60273619028001,67.65251352445021,formed z,0.5,0.9000000000000001,35.0,20.0,160.00000000000003,300.0,AA2024-T3,AA2024-T3,5960.56835066664
37.60273619028001,67.65251352445021,z,0.5,0.8,35.0,20.0,160.00000000000003,300.0,AA2024-T3,AA2024-T3,5960.56835066664
37.60273619028001,67.65251352445021,j,0.5,0.9000000000000001,35.0,20.0,160.00000000000003,300.0,AA2024-T3,AA2024-T3,5960.568350666641
37.667055100428264,40.98909288921671,z,0.3,0.8,59.99999999999999,20.0,140.0,350.0,AA2024-T3,AA2024-T3,6665.846218717451
37.667055100428264,40.98909288921671,formed z,0.3,0.9000000000000001,59.99999999999999,20.0,140.0,350.0,AA2024-T3,AA2024-T3,6665.846218717451
37.667055100428264,40.98909288921671,formed z,0.3,0.8,59.99999999999999,20.0,140.0,350.0,AA2024-T3,AA2024-T3,6665.846218717451
37.667055100428264,40.98909288921671,j,0.3,0.9000000000000001,59.99999999999999,20.0,140.0,350.0,AA2024-T3,AA2024-T3,6665.846218717451
37.667055100428264,40.98909288921671,j,0.3,0.8,59.99999999999999,20.0,140.0,350.0,AA2024-T3,AA2024-T3,6665.846218717451
37.667055100428264,40.98909288921671,z,0.3,0.9000000000000001,59.99999999999999,20.0,140.0,350.0,AA2024-T3,AA2024-T3,6665.846218717451
37.69126535784129,55.146049921139635,z,0.39999999999999997,0.8,35.0,20.0,100.0,449.99999999999994,AA2024-T3,AA2024-T3,8231.572491700434
37.69126535784129,55.146049921139635,j,0.39999999999999997,0.8,54.99999999999999,20.0,160.00000000000003,449.99999999999994,AA2024-T3,AA2024-T3,6268.943627270909
37.69126535784129,55.146049921139635,z,0.39999999999999997,0.8,54.99999999999999,20.0,160.00000000000003,449.99999999999994,AA2024-T3,AA2024-T3,6268.943627270909
37.69126535784129,55.146049921139635,formed z,0.39999999999999997,0.9000000000000001,35.0,20.0,100.0,449.99999999999994,AA2024-T3,AA2024-T3,8231.572491700434
37.69126535784129,55.146049921139635,z,0.39999999999999997,0.9000000000000001,35.0,20.0,100.0,449.99999999999994,AA2024-T3,AA2024-T3,8231.572491700434
37.69126535784129,55.146049921139635,j,0.39999999999999997,0.9000000000000001,54.99999999999999,20.0,160.00000000000003,449.99999999999994,AA2024-T3,AA2024-T3,6268.943627270909
37.69126535784129,55.146049921139635,formed z,0.39999999999999997,0.8,35.0,20.0,100.0,449.99999999999994,AA2024-T3,AA2024-T3,8231.572491700434
37.69126535784129,55.146049921139635,formed z,0.39999999999999997,0.9000000000000001,54.99999999999999,20.0,160.00000000000003,449.99999999999994,AA2024-T3,AA2024-T3,6268.94362727091
37.69126535784129,55.146049921139635,z,0.39999999999999997,0.9000000000000001,54.99999999999999,20.0,160.00000000000003,449.99999999999994,AA2024-T3,AA2024-T3,6268.943627270909
37.69126535784129,55.146049921139635,j,0.39999999999999997,0.9000000000000001,35.0,20.0,100.0,449.99999999999994,AA2024-T3,AA2024-T3,8231.572491700434
37.69126535784129,55.146049921139635,formed z,0.39999999999999997,0.8,54.99999999999999,20.0,160.00000000000003,449.99999999999994,AA2024-T3,AA2024-T3,6268.943627270909
37.69126535784129,55.146049921139635,j,0.39999999999999997,0.8,35.0,20.0,100.0,449.99999999999994,AA2024-T3,AA2024-T3,8231.572491700434
37.704634908753036,41.367312439417944,j,0.3,0.8,44.99999999999999,20.0,100.0,449.99999999999994,AA2024-T3,AA2024-T3,7539.076349537376
37.704634908753036,41.367312439417944,formed z,0.3,0.9000000000000001,44.99999999999999,20.0,100.0,449.99999999999994,AA2024-T3,AA2024-T3,7539.076349537376
37.704634908753036,41.367312439417944,z,0.3,0.9000000000000001,44.99999999999999,20.0,100.0,449.99999999999994,AA2024-T3,AA2024-T3,7539.076349537378
37.704634908753036,41.367312439417944,formed z,0.3,0.8,44.99999999999999,20.0,100.0,449.99999999999994,AA2024-T3,AA2024-T3,7539.076349537378
37.704634908753036,41.367312439417944,z,0.3,0.8,44.99999999999999,20.0,100.0,449.99999999999994,AA2024-T3,AA2024-T3,7539.076349537378
37.704634908753036,41.367312439417944,j,0.3,0.9000000000000001,44.99999999999999,20.0,100.0,449.99999999999994,AA2024-T3,AA2024-T3,7539.076349537376
37.73222772153001,67.7802882591828,z,0.5,0.8,40.0,20.0,180.00000000000003,300.0,AA2024-T3,AA2024-T3,5494.8190713174
37.73222772153001,67.7802882591828,j,0.5,0.9000000000000001,40.0,20.0,180.00000000000003,300.0,AA2024-T3,AA2024-T3,5494.8190713174
37.73222772153001,67.7802882591828,formed z,0.5,0.9000000000000001,40.0,20.0,180.00000000000003,300.0,AA2024-T3,AA2024-T3,5494.819071317402
37.73222772153001,67.7802882591828,formed z,0.5,0.8,40.0,20.0,180.00000000000003,300.0,AA2024-T3,AA2024-T3,5494.8190713174
37.73222772153001,67.7802882591828,j,0.5,0.8,40.0,20.0,180.00000000000003,300.0,AA2024-T3,AA2024-T3,5494.8190713174
37.73222772153001,67.7802882591828,z,0.5,0.9000000000000001,40.0,20.0,180.00000000000003,300.0,AA2024-T3,AA2024-T3,5494.8190713174
37.74001323701651,54.70918197839522,formed z,0.39999999999999997,0.9000000000000001,59.99999999999999,20.0,180.00000000000003,350.0,AA2024-T3,AA2024-T3,5849.518373125821
37.74001323701651,54.70918197839522,j,0.39999999999999997,0.8,59.99999999999999,20.0,180.00000000000003,350.0,AA2024-T3,AA2024-T3,5849.518373125821
37.74001323701651,54.70918197839522,z,0.39999999999999997,0.8,59.99999999999999,20.0,180.00000000000003,350.0,AA2024-T3,AA2024-T3,5849.518373125821
37.74001323701651,54.70918197839522,j,0.39999999999999997,0.9000000000000001,59.99999999999999,20.0,180.00000000000003,350.0,AA2024-T3,AA2024-T3,5849.518373125821
37.74001323701651,54.70918197839522,formed z,0.39999999999999997,0.8,59.99999999999999,20.0,180.00000000000003,350.0,AA2024-T3,AA2024-T3,5849.518373125821
37.74001323701651,54.70918197839522,z,0.39999999999999997,0.9000000000000001,59.99999999999999,20.0,180.00000000000003,350.0,AA2024-T3,AA2024-T3,5849.518373125821
37.793754613965646,41.24162465601019,j,0.3,0.8,70.0,20.0,160.00000000000003,399.99999999999994,AA2024-T3,AA2024-T3,6604.124208208775
37.793754613965646,41.24162465601019,z,0.3,0.9000000000000001,70.0,20.0,160.00000000000003,399.99999999999994,AA2024-T3,AA2024-T3,6604.124208208775
37.793754613965646,41.24162465601019,j,0.3,0.9000000000000001,70.0,20.0,160.00000000000003,399.99999999999994,AA2024-T3,AA2024-T3,6604.124208208775
37.793754613965646,41.24162465601019,z,0.3,0.8,70.0,20.0,160.00000000000003,399.99999999999994,AA2024-T3,AA2024-T3,6443.085218208595
37.793754613965646,41.24162465601019,formed z,0.3,0.9000000000000001,70.0,20.0,160.00000000000003,399.99999999999994,AA2024-T3,AA2024-T3,6604.124208208775
37.793754613965646,41.24162465601019,formed z,0.3,0.8,70.0,20.0,160.00000000000003,399.99999999999994,AA2024-T3,AA2024-T3,6604.124208208775
37.831924959941745,54.3027998681547,formed z,0.39999999999999997,0.9000000000000001,44.99999999999999,20.0,140.0,300.0,AA2024-T3,AA2024-T3,6359.155565028889
37.831924959941745,54.3027998681547,j,0.39999999999999997,0.9000000000000001,44.99999999999999,20.0,140.0,300.0,AA2024-T3,AA2024-T3,6359.155565028889
37.831924959941745,54.3027998681547,z,0.39999999999999997,0.9000000000000001,44.99999999999999,20.0,140.0,300.0,AA2024-T3,AA2024-T3,6359.155565028892
37.831924959941745,54.3027998681547,j,0.39999999999999997,0.8,44.99999999999999,20.0,140.0,300.0,AA2024-T3,AA2024-T3,6359.155565028889
37.831924959941745,54.3027998681547,z,0.39999999999999997,0.8,44.99999999999999,20.0,140.0,300.0,AA2024-T3,AA2024-T3,6359.155565028889
37.831924959941745,54.3027998681547,formed z,0.39999999999999997,0.8,44.99999999999999,20.0,140.0,300.0,AA2024-T3,AA2024-T3,6359.155565028889
37.85055118192956,69.08679089733319,j,0.5,0.9000000000000001,44.99999999999999,20.0,180.00000000000003,449.99999999999994,AA2024-T3,AA2024-T3,5858.876337052978
37.85055118192956,69.08679089733319,z,0.5,0.8,44.99999999999999,20.0,180.00000000000003,449.99999999999994,AA2024-T3,AA2024-T3,5858.876337052979
37.85055118192956,69.08679089733319,formed z,0.5,0.9000000000000001,44.99999999999999,20.0,180.00000000000003,449.99999999999994,AA2024-T3,AA2024-T3,5858.876337052978
37.85055118192956,69.08679089733319,j,0.5,0.8,44.99999999999999,20.0,180.00000000000003,449.99999999999994,AA2024-T3,AA2024-T3,5858.876337052978
37.85055118192956,69.08679089733319,z,0.5,0.9000000000000001,44.99999999999999,20.0,180.00000000000003,449.99999999999994,AA2024-T3,AA2024-T3,5858.876337052979
37.85055118192956,69.08679089733319,formed z,0.5,0.8,44.99999999999999,20.0,180.00000000000003,449.99999999999994,AA2024-T3,AA2024-T3,5858.876337052979
37.893715025679555,69.12852503320056,j,0.5,0.8,40.0,20.0,160.00000000000003,449.99999999999994,AA2024-T3,AA2024-T3,6371.50499677983
37.893715025679555,69.12852503320056,j,0.5,0.8,35.0,20.0,140.0,449.99999999999994,AA2024-T3,AA2024-T3,7108.895409674205
37.893715025679555,69.12852503320056,formed z,0.5,0.9000000000000001,35.0,20.0,140.0,449.99999999999994,AA2024-T3,AA2024-T3,7108.8954096742045
37.893715025679555,69.12852503320056,formed z,0.5,0.8,49.99999999999999,20.0,200.0,449.99999999999994,AA2024-T3,AA2024-T3,5498.0356512266535
37.893715025679555,69.12852503320056,j,0.5,0.8,49.99999999999999,20.0,200.0,449.99999999999994,AA2024-T3,AA2024-T3,5498.035651226655
37.893715025679555,69.12852503320056,j,0.5,0.9000000000000001,49.99999999999999,20.0,200.0,449.99999999999994,AA2024-T3,AA2024-T3,5498.0356512266535
37.893715025679555,69.12852503320056,z,0.5,0.8,35.0,20.0,140.0,449.99999999999994,AA2024-T3,AA2024-T3,7108.8954096742045
37.893715025679555,69.12852503320056,j,0.5,0.9000000000000001,40.0,20.0,160.00000000000003,449.99999999999994,AA2024-T3,AA2024-T3,6371.50499677983
37.893715025679555,69.12852503320056,formed z,0.5,0.9000000000000001,40.0,20.0,160.00000000000003,449.99999999999994,AA2024-T3,AA2024-T3,6371.504996779832
37.893715025679555,69.12852503320056,formed z,0.5,0.8,35.0,20.0,140.0,449.99999999999994,AA2024-T3,AA2024-T3,7108.8954096742045
37.893715025679555,69.12852503320056,z,0.5,0.8,49.99999999999999,20.0,200.0,449.99999999999994,AA2024-T3,AA2024-T3,5498.0356512266535
37.893715025679555,69.12852503320056,z,0.5,0.8,40.0,20.0,160.00000000000003,449.99999999999994,AA2024-T3,AA2024-T3,6371.50499677983
37.893715025679555,69.12852503320056,z,0.5,0.9000000000000001,35.0,20.0,140.0,449.99999999999994,AA2024-T3,AA2024-T3,7108.8954096742045
37.893715025679555,69.12852503320056,z,0.5,0.9000000000000001,40.0,20.0,160.00000000000003,449.99999999999994,AA2024-T3,AA2024-T3,6371.50499677983
37.893715025679555,69.12852503320056,formed z,0.5,0.9000000000000001,49.99999999999999,20.0,200.0,449.99999999999994,AA2024-T3,AA2024-T3,5498.0356512266535
37.893715025679555,69.12852503320056,formed z,0.5,0.8,40.0,20.0,160.00000000000003,449.99999999999994,AA2024-T3,AA2024-T3,6371.50499677983
37.893715025679555,69.12852503320056,z,0.5,0.9000000000000001,49.99999999999999,20.0,200.0,449.99999999999994,AA2024-T3,AA2024-T3,5498.0356512266535
37.893715025679555,69.12852503320056,j,0.5,0.9000000000000001,35.0,20.0,140.0,449.99999999999994,AA2024-T3,AA2024-T3,7108.895409674205
37.90488309653001,67.9502808205669,formed z,0.5,0.8,44.99999999999999,20.0,200.0,300.0,AA2024-T3,AA2024-T3,5169.692399813597
37.90488309653001,67.9502808205669,formed z,0.5,0.9000000000000001,44.99999999999999,20.0,200.0,300.0,AA2024-T3,AA2024-T3,5169.692399813596
37.90488309653001,67.9502808205669,j,0.5,0.8,44.99999999999999,20.0,200.0,300.0,AA2024-T3,AA2024-T3,5169.692399813596
37.90488309653001,67.9502808205669,z,0.5,0.8,44.99999999999999,20.0,200.0,300.0,AA2024-T3,AA2024-T3,5169.692399813597
37.90488309653001,67.9502808205669,z,0.5,0.9000000000000001,44.99999999999999,20.0,200.0,300.0,AA2024-T3,AA2024-T3,5169.692399813598
37.90488309653001,67.9502808205669,j,0.5,0.9000000000000001,44.99999999999999,20.0,200.0,300.0,AA2024-T3,AA2024-T3,5169.692399813596
37.99341226409129,55.37985907757742,j,0.39999999999999997,0.8,70.0,20.0,200.0,449.99999999999994,AA2024-T3,AA2024-T3,5875.155580425886
37.99341226409129,55.37985907757742,z,0.39999999999999997,0.8,70.0,20.0,200.0,449.99999999999994,AA2024-T3,AA2024-T3,5726.065589569329
37.99341226409129,55.37985907757742,z,0.39999999999999997,0.9000000000000001,70.0,20.0,200.0,449.99999999999994,AA2024-T3,AA2024-T3,5875.155580425885
37.99341226409129,55.37985907757742,j,0.39999999999999997,0.9000000000000001,70.0,20.0,200.0,449.99999999999994,AA2024-T3,AA2024-T3,5875.155580425886
37.99341226409129,55.37985907757742,formed z,0.39999999999999997,0.9000000000000001,70.0,20.0,200.0,449.99999999999994,AA2024-T3,AA2024-T3,5875.155580425886
37.99341226409129,55.37985907757742,formed z,0.39999999999999997,0.8,70.0,20.0,200.0,449.99999999999994,AA2024-T3,AA2024-T3,5875.155580425886
37.996204281803905,55.146049921139635,formed z,0.39999999999999997,0.8,35.0,20.0,100.0,399.99999999999994,AA2024-T3,AA2024-T3,8231.572491700434
37.996204281803905,55.146049921139635,z,0.39999999999999997,0.9000000000000001,54.99999999999999,20.0,160.00000000000003,399.99999999999994,AA2024-T3,AA2024-T3,6268.943627270909
37.996204281803905,55.146049921139635,j,0.39999999999999997,0.9000000000000001,54.99999999999999,20.0,160.00000000000003,399.99999999999994,AA2024-T3,AA2024-T3,6268.943627270909
37.996204281803905,55.146049921139635,j,0.39999999999999997,0.8,35.0,20.0,100.0,399.99999999999994,AA2024-T3,AA2024-T3,8231.572491700434
37.996204281803905,55.146049921139635,formed z,0.39999999999999997,0.8,54.99999999999999,20.0,160.00000000000003,399.99999999999994,AA2024-T3,AA2024-T3,6268.943627270909
37.996204281803905,55.146049921139635,j,0.39999999999999997,0.9000000000000001,35.0,20.0,100.0,399.99999999999994,AA2024-T3,AA2024-T3,8231.572491700434
37.996204281803905,55.146049921139635,z,0.39999999999999997,0.8,35.0,20.0,100.0,399.99999999999994,AA2024-T3,AA2024-T3,8231.572491700434
37.996204281803905,55.146049921139635,z,0.39999999999999997,0.8,54.99999999999999,20.0,160.00000000000003,399.99999999999994,AA2024-T3,AA2024-T3,6268.943627270909
37.996204281803905,55.146049921139635,j,0.39999999999999997,0.8,54.99999999999999,20.0,160.00000000000003,399.99999999999994,AA2024-T3,AA2024-T3,6268.943627270909
37.996204281803905,55.146049921139635,formed z,0.39999999999999997,0.9000000000000001,35.0,20.0,100.0,399.99999999999994,AA2024-T3,AA2024-T3,8231.572491700434
37.996204281803905,55.146049921139635,formed z,0.39999999999999997,0.9000000000000001,54.99999999999999,20.0,160.00000000000003,399.99999999999994,AA2024-T3,AA2024-T3,6268.94362727091
37.996204281803905,55.146049921139635,z,0.39999999999999997,0.9000000000000001,35.0,20.0,100.0,399.99999999999994,AA2024-T3,AA2024-T3,8231.572491700434
38.00458033494174,54.43859764231897,formed z,0.39999999999999997,0.9000000000000001,65.0,20.0,200.0,300.0,AA2024-T3,AA2024-T3,5546.27219689737
38.00458033494174,54.43859764231897,j,0.39999999999999997,0.9000000000000001,65.0,20.0,200.0,300.0,AA2024-T3,AA2024-T3,5546.272196897371
38.00458033494174,54.43859764231897,formed z,0.39999999999999997,0.8,65.0,20.0,200.0,300.0,AA2024-T3,AA2024-T3,5546.272196897371
38.00458033494174,54.43859764231897,z,0.39999999999999997,0.8,65.0,20.0,200.0,300.0,AA2024-T3,AA2024-T3,5546.27219689737
38.00458033494174,54.43859764231897,z,0.39999999999999997,0.9000000000000001,65.0,20.0,200.0,300.0,AA2024-T3,AA2024-T3,5546.272196897371
38.00458033494174,54.43859764231897,j,0.39999999999999997,0.8,65.0,20.0,200.0,300.0,AA2024-T3,AA2024-T3,5546.272196897373
38.009573832715645,41.367312439417944,formed z,0.3,0.9000000000000001,44.99999999999999,20.0,100.0,399.99999999999994,AA2024-T3,AA2024-T3,7539.076349537376
38.009573832715645,41.367312439417944,z,0.3,0.8,44.99999999999999,20.0,100.0,399.99999999999994,AA2024-T3,AA2024-T3,7539.076349537378
38.009573832715645,41.367312439417944,j,0.3,0.8,44.99999999999999,20.0,100.0,399.99999999999994,AA2024-T3,AA2024-T3,7539.076349537376
38.009573832715645,41.367312439417944,j,0.3,0.9000000000000001,44.99999999999999,20.0,100.0,399.99999999999994,AA2024-T3,AA2024-T3,7539.076349537376
38.009573832715645,41.367312439417944,formed z,0.3,0.8,44.99999999999999,20.0,100.0,399.99999999999994,AA2024-T3,AA2024-T3,7539.076349537378
38.009573832715645,41.367312439417944,z,0.3,0.9000000000000001,44.99999999999999,20.0,100.0,399.99999999999994,AA2024-T3,AA2024-T3,7539.076349537378
38.09869353792826,41.24162465601019,z,0.3,0.8,70.0,20.0,160.00000000000003,350.0,AA2024-T3,AA2024-T3,6460.605677695187
38.09869353792826,41.24162465601019,j,0.3,0.8,70.0,20.0,160.00000000000003,350.0,AA2024-T3,AA2024-T3,6604.124208208775
38.09869353792826,41.24162465601019,z,0.3,0.9000000000000001,70.0,20.0,160.00000000000003,350.0,AA2024-T3,AA2024-T3,6604.124208208775
38.09869353792826,41.24162465601019,formed z,0.3,0.8,70.0,20.0,160.00000000000003,350.0,AA2024-T3,AA2024-T3,6604.124208208775
38.09869353792826,41.24162465601019,formed z,0.3,0.9000000000000001,70.0,20.0,160.00000000000003,350.0,AA2024-T3,AA2024-T3,6604.124208208775
38.09869353792826,41.24162465601019,j,0.3,0.9000000000000001,70.0,20.0,160.00000000000003,350.0,AA2024-T3,AA2024-T3,6604.124208208775
38.15549010589217,69.08679089733319,formed z,0.5,0.8,44.99999999999999,20.0,180.00000000000003,399.99999999999994,AA2024-T3,AA2024-T3,5858.876337052979
38.15549010589217,69.08679089733319,z,0.5,0.9000000000000001,44.99999999999999,20.0,180.00000000000003,399.99999999999994,AA2024-T3,AA2024-T3,5858.876337052979
38.15549010589217,69.08679089733319,j,0.5,0.8,44.99999999999999,20.0,180.00000000000003,399.99999999999994,AA2024-T3,AA2024-T3,5858.876337052978
38.15549010589217,69.08679089733319,j,0.5,0.9000000000000001,44.99999999999999,20.0,180.00000000000003,399.99999999999994,AA2024-T3,AA2024-T3,5858.876337052978
38.15549010589217,69.08679089733319,formed z,0.5,0.9000000000000001,44.99999999999999,20.0,180.00000000000003,399.99999999999994,AA2024-T3,AA2024-T3,5858.876337052978
38.15549010589217,69.08679089733319,z,0.5,0.8,44.99999999999999,20.0,180.00000000000003,399.99999999999994,AA2024-T3,AA2024-T3,5858.876337052979
38.17723570994174,54.57405750907413,z,0.39999999999999997,0.9000000000000001,40.0,20.0,120.00000000000001,300.0,AA2024-T3,AA2024-T3,7050.375975984004
38.17723570994174,54.57405750907413,j,0.39999999999999997,0.9000000000000001,40.0,20.0,120.00000000000001,300.0,AA2024-T3,AA2024-T3,7050.375975984004
38.17723570994174,54.57405750907413,j,0.39999999999999997,0.8,40.0,20.0,120.00000000000001,300.0,AA2024-T3,AA2024-T3,7050.375975984004
38.17723570994174,54.57405750907413,formed z,0.39999999999999997,0.8,40.0,20.0,120.00000000000001,300.0,AA2024-T3,AA2024-T3,7050.375975984004
38.17723570994174,54.57405750907413,z,0.39999999999999997,0.8,40.0,20.0,120.00000000000001,300.0,AA2024-T3,AA2024-T3,7050.375975984004
38.17723570994174,54.57405750907413,formed z,0.39999999999999997,0.9000000000000001,40.0,20.0,120.00000000000001,300.0,AA2024-T3,AA2024-T3,7050.375975984005
38.17943719000304,41.64249024356557,formed z,0.3,0.9000000000000001,54.99999999999999,20.0,120.00000000000001,449.99999999999994,AA2024-T3,AA2024-T3,7254.36101987574
38.17943719000304,41.64249024356557,z,0.3,0.9000000000000001,54.99999999999999,20.0,120.00000000000001,449.99999999999994,AA2024-T3,AA2024-T3,7254.361019875738
38.17943719000304,41.64249024356557,j,0.3,0.8,54.99999999999999,20.0,120.00000000000001,449.99999999999994,AA2024-T3,AA2024-T3,7254.361019875738
38.17943719000304,41.64249024356557,formed z,0.3,0.8,54.99999999999999,20.0,120.00000000000001,449.99999999999994,AA2024-T3,AA2024-T3,7254.361019875738
38.17943719000304,41.64249024356557,z,0.3,0.8,54.99999999999999,20.0,120.00000000000001,449.99999999999994,AA2024-T3,AA2024-T3,7254.361019875738
38.17943719000304,41.64249024356557,j,0.3,0.9000000000000001,54.99999999999999,20.0,120.00000000000001,449.99999999999994,AA2024-T3,AA2024-T3,7254.361019875738
38.198653949642164,69.12852503320056,z,0.5,0.9000000000000001,35.0,20.0,140.0,399.99999999999994,AA2024-T3,AA2024-T3,7108.8954096742045
38.198653949642164,69.12852503320056,z,0.5,0.9000000000000001,40.0,20.0,160.00000000000003,399.99999999999994,AA2024-T3,AA2024-T3,6371.50499677983
38.198653949642164,69.12852503320056,z,0.5,0.8,49.99999999999999,20.0,200.0,399.99999999999994,AA2024-T3,AA2024-T3,5498.0356512266535
38.198653949642164,69.12852503320056,formed z,0.5,0.9000000000000001,35.0,20.0,140.0,399.99999999999994,AA2024-T3,AA2024-T3,7108.8954096742045
38.198653949642164,69.12852503320056,formed z,0.5,0.8,49.99999999999999,20.0,200.0,399.99999999999994,AA2024-T3,AA2024-T3,5498.0356512266535
38.198653949642164,69.12852503320056,z,0.5,0.9000000000000001,49.99999999999999,20.0,200.0,399.99999999999994,AA2024-T3,AA2024-T3,5498.0356512266535
38.198653949642164,69.12852503320056,j,0.5,0.8,40.0,20.0,160.00000000000003,399.99999999999994,AA2024-T3,AA2024-T3,6371.50499677983
38.198653949642164,69.12852503320056,j,0.5,0.9000000000000001,35.0,20.0,140.0,399.99999999999994,AA2024-T3,AA2024-T3,7108.895409674205
38.198653949642164,69.12852503320056,formed z,0.5,0.8,40.0,20.0,160.00000000000003,399.99999999999994,AA2024-T3,AA2024-T3,6371.50499677983
38.198653949642164,69.12852503320056,formed z,0.5,0.9000000000000001,49.99999999999999,20.0,200.0,399.99999999999994,AA2024-T3,AA2024-T3,5498.0356512266535
38.198653949642164,69.12852503320056,j,0.5,0.8,49.99999999999999,20.0,200.0,399.99999999999994,AA2024-T3,AA2024-T3,5498.035651226655
38.198653949642164,69.12852503320056,formed z,0.5,0.9000000000000001,40.0,20.0,160.00000000000003,399.99999999999994,AA2024-T3,AA2024-T3,6371.504996779832
38.198653949642164,69.12852503320056,formed z,0.5,0.8,35.0,20.0,140.0,399.99999999999994,AA2024-T3,AA2024-T3,7108.8954096742045
38.198653949642164,69.12852503320056,z,0.5,0.8,40.0,20.0,160.00000000000003,399.99999999999994,AA2024-T3,AA2024-T3,6371.50499677983
38.198653949642164,69.12852503320056,j,0.5,0.9000000000000001,49.99999999999999,20.0,200.0,399.99999999999994,AA2024-T3,AA2024-T3,5498.0356512266535
38.198653949642164,69.12852503320056,j,0.5,0.8,35.0,20.0,140.0,399.99999999999994,AA2024-T3,AA2024-T3,7108.895409674205
38.198653949642164,69.12852503320056,z,0.5,0.8,35.0,20.0,140.0,399.99999999999994,AA2024-T3,AA2024-T3,7108.8954096742045
38.198653949642164,69.12852503320056,j,0.5,0.9000000000000001,40.0,20.0,160.00000000000003,399.99999999999994,AA2024-T3,AA2024-T3,6371.50499677983
38.27693294835349,40.98909288921671,j,0.3,0.9000000000000001,59.99999999999999,20.0,140.0,300.0,AA2024-T3,AA2024-T3,6665.846218717451
38.27693294835349,40.98909288921671,z,0.3,0.8,59.99999999999999,20.0,140.0,300.0,AA2024-T3,AA2024-T3,6665.846218717451
38.27693294835349,40.98909288921671,formed z,0.3,0.9000000000000001,59.99999999999999,20.0,140.0,300.0,AA2024-T3,AA2024-T3,6665.846218717451
38.27693294835349,40.98909288921671,formed z,0.3,0.8,59.99999999999999,20.0,140.0,300.0,AA2024-T3,AA2024-T3,6665.846218717451
38.27693294835349,40.98909288921671,j,0.3,0.8,59.99999999999999,20.0,140.0,300.0,AA2024-T3,AA2024-T3,6665.846218717451
38.27693294835349,40.98909288921671,z,0.3,0.9000000000000001,59.99999999999999,20.0,140.0,300.0,AA2024-T3,AA2024-T3,6665.846218717451
38.29835118805391,55.37985907757742,formed z,0.39999999999999997,0.8,70.0,20.0,200.0,399.99999999999994,AA2024-T3,AA2024-T3,5875.155580425886
38.29835118805391,55.37985907757742,j,0.39999999999999997,0.9000000000000001,70.0,20.0,200.0,399.99999999999994,AA2024-T3,AA2024-T3,5875.155580425886
38.29835118805391,55.37985907757742,z,0.39999999999999997,0.9000000000000001,70.0,20.0,200.0,399.99999999999994,AA2024-T3,AA2024-T3,5875.155580425885
38.29835118805391,55.37985907757742,z,0.39999999999999997,0.8,70.0,20.0,200.0,399.99999999999994,AA2024-T3,AA2024-T3,5740.800029079981
38.29835118805391,55.37985907757742,formed z,0.39999999999999997,0.9000000000000001,70.0,20.0,200.0,399.99999999999994,AA2024-T3,AA2024-T3,5875.155580425886
38.29835118805391,55.37985907757742,j,0.39999999999999997,0.8,70.0,20.0,200.0,399.99999999999994,AA2024-T3,AA2024-T3,5875.155580425886
38.301143205766515,55.146049921139635,j,0.39999999999999997,0.8,54.99999999999999,20.0,160.00000000000003,350.0,AA2024-T3,AA2024-T3,6268.943627270909
38.301143205766515,55.146049921139635,z,0.39999999999999997,0.8,54.99999999999999,20.0,160.00000000000003,350.0,AA2024-T3,AA2024-T3,6268.943627270909
38.301143205766515,55.146049921139635,formed z,0.39999999999999997,0.8,54.99999999999999,20.0,160.00000000000003,350.0,AA2024-T3,AA2024-T3,6268.943627270909
38.301143205766515,55.146049921139635,z,0.39999999999999997,0.8,35.0,20.0,100.0,350.0,AA2024-T3,AA2024-T3,8231.572491700434
38.301143205766515,55.146049921139635,z,0.39999999999999997,0.9000000000000001,54.99999999999999,20.0,160.00000000000003,350.0,AA2024-T3,AA2024-T3,6268.943627270909
38.301143205766515,55.146049921139635,formed z,0.39999999999999997,0.9000000000000001,35.0,20.0,100.0,350.0,AA2024-T3,AA2024-T3,8231.572491700434
38.301143205766515,55.146049921139635,j,0.39999999999999997,0.8,35.0,20.0,100.0,350.0,AA2024-T3,AA2024-T3,8231.572491700434
38.301143205766515,55.146049921139635,formed z,0.39999999999999997,0.9000000000000001,54.99999999999999,20.0,160.00000000000003,350.0,AA2024-T3,AA2024-T3,6268.94362727091
38.301143205766515,55.146049921139635,z,0.39999999999999997,0.9000000000000001,35.0,20.0,100.0,350.0,AA2024-T3,AA2024-T3,8231.572491700434
38.301143205766515,55.146049921139635,formed z,0.39999999999999997,0.8,35.0,20.0,100.0,350.0,AA2024-T3,AA2024-T3,8231.572491700434
38.301143205766515,55.146049921139635,j,0.39999999999999997,0.9000000000000001,54.99999999999999,20.0,160.00000000000003,350.0,AA2024-T3,AA2024-T3,6268.943627270909
38.301143205766515,55.146049921139635,j,0.39999999999999997,0.9000000000000001,35.0,20.0,100.0,350.0,AA2024-T3,AA2024-T3,8231.572491700434
38.31451275667826,41.367312439417944,j,0.3,0.9000000000000001,44.99999999999999,20.0,100.0,350.0,AA2024-T3,AA2024-T3,7539.076349537376
38.31451275667826,41.367312439417944,z,0.3,0.8,44.99999999999999,20.0,100.0,350.0,AA2024-T3,AA2024-T3,7539.076349537378
38.31451275667826,41.367312439417944,formed z,0.3,0.8,44.99999999999999,20.0,100.0,350.0,AA2024-T3,AA2024-T3,7539.076349537378
38.31451275667826,41.367312439417944,formed z,0.3,0.9000000000000001,44.99999999999999,20.0,100.0,350.0,AA2024-T3,AA2024-T3,7539.076349537376
38.31451275667826,41.367312439417944,j,0.3,0.8,44.99999999999999,20.0,100.0,350.0,AA2024-T3,AA2024-T3,7539.076349537376
38.31451275667826,41.367312439417944,z,0.3,0.9000000000000001,44.99999999999999,20.0,100.0,350.0,AA2024-T3,AA2024-T3,7539.076349537378
38.33872301409129,55.64586661141331,formed z,0.39999999999999997,0.8,49.99999999999999,20.0,140.0,449.99999999999994,AA2024-T3,AA2024-T3,6829.467600635896
38.33872301409129,55.64586661141331,j,0.39999999999999997,0.8,49.99999999999999,20.0,140.0,449.99999999999994,AA2024-T3,AA2024-T3,6829.467600635899
38.33872301409129,55.64586661141331,z,0.39999999999999997,0.8,49.99999999999999,20.0,140.0,449.99999999999994,AA2024-T3,AA2024-T3,6829.467600635896
38.33872301409129,55.64586661141331,formed z,0.39999999999999997,0.9000000000000001,49.99999999999999,20.0,140.0,449.99999999999994,AA2024-T3,AA2024-T3,6829.467600635896
38.33872301409129,55.64586661141331,j,0.39999999999999997,0.9000000000000001,49.99999999999999,20.0,140.0,449.99999999999994,AA2024-T3,AA2024-T3,6829.467600635896
38.33872301409129,55.64586661141331,z,0.39999999999999997,0.9000000000000001,49.99999999999999,20.0,140.0,449.99999999999994,AA2024-T3,AA2024-T3,6829.467600635896
38.349891084941746,54.70918197839522,z,0.39999999999999997,0.8,59.99999999999999,20.0,180.00000000000003,300.0,AA2024-T3,AA2024-T3,5849.518373125821
38.349891084941746,54.70918197839522,formed z,0.39999999999999997,0.9000000000000001,59.99999999999999,20.0,180.00000000000003,300.0,AA2024-T3,AA2024-T3,5849.518373125821
38.349891084941746,54.70918197839522,formed z,0.39999999999999997,0.8,59.99999999999999,20.0,180.00000000000003,300.0,AA2024-T3,AA2024-T3,5849.518373125821
38.349891084941746,54.70918197839522,z,0.39999999999999997,0.9000000000000001,59.99999999999999,20.0,180.00000000000003,300.0,AA2024-T3,AA2024-T3,5849.518373125821
38.349891084941746,54.70918197839522,j,0.39999999999999997,0.8,59.99999999999999,20.0,180.00000000000003,300.0,AA2024-T3,AA2024-T3,5849.518373125821
38.349891084941746,54.70918197839522,j,0.39999999999999997,0.9000000000000001,59.99999999999999,20.0,180.00000000000003,300.0,AA2024-T3,AA2024-T3,5849.518373125821
38.46042902985478,69.08679089733319,formed z,0.5,0.9000000000000001,44.99999999999999,20.0,180.00000000000003,350.0,AA2024-T3,AA2024-T3,5858.876337052978
38.46042902985478,69.08679089733319,z,0.5,0.9000000000000001,44.99999999999999,20.0,180.00000000000003,350.0,AA2024-T3,AA2024-T3,5858.876337052979
38.46042902985478,69.08679089733319,z,0.5,0.8,44.99999999999999,20.0,180.00000000000003,350.0,AA2024-T3,AA2024-T3,5858.876337052979
38.46042902985478,69.08679089733319,j,0.5,0.9000000000000001,44.99999999999999,20.0,180.00000000000003,350.0,AA2024-T3,AA2024-T3,5858.876337052978
38.46042902985478,69.08679089733319,j,0.5,0.8,44.99999999999999,20.0,180.00000000000003,350.0,AA2024-T3,AA2024-T3,5858.876337052978
38.46042902985478,69.08679089733319,formed z,0.5,0.8,44.99999999999999,20.0,180.00000000000003,350.0,AA2024-T3,AA2024-T3,5858.876337052979
38.4682145453413,55.745292184553826,z,0.39999999999999997,0.8,65.0,20.0,180.00000000000003,449.99999999999994,AA2024-T3,AA2024-T3,6214.020397291856
38.4682145453413,55.745292184553826,z,0.39999999999999997,0.9000000000000001,65.0,20.0,180.00000000000003,449.99999999999994,AA2024-T3,AA2024-T3,6214.020397291857
38.4682145453413,55.745292184553826,j,0.39999999999999997,0.8,65.0,20.0,180.00000000000003,449.99999999999994,AA2024-T3,AA2024-T3,6214.020397291858
38.4682145453413,55.745292184553826,formed z,0.39999999999999997,0.9000000000000001,65.0,20.0,180.00000000000003,449.99999999999994,AA2024-T3,AA2024-T3,6214.020397291856
38.4682145453413,55.745292184553826,j,0.39999999999999997,0.9000000000000001,65.0,20.0,180.00000000000003,449.99999999999994,AA2024-T3,AA2024-T3,6214.020397291857
38.4682145453413,55.745292184553826,formed z,0.39999999999999997,0.8,65.0,20.0,180.00000000000003,449.99999999999994,AA2024-T3,AA2024-T3,6214.020397291857
38.48437611396565,41.64249024356557,formed z,0.3,0.8,54.99999999999999,20.0,120.00000000000001,399.99999999999994,AA2024-T3,AA2024-T3,7254.361019875738
38.48437611396565,41.64249024356557,formed z,0.3,0.9000000000000001,54.99999999999999,20.0,120.00000000000001,399.99999999999994,AA2024-T3,AA2024-T3,7254.36101987574
38.48437611396565,41.64249024356557,z,0.3,0.9000000000000001,54.99999999999999,20.0,120.00000000000001,399.99999999999994,AA2024-T3,AA2024-T3,7254.361019875738
38.48437611396565,41.64249024356557,z,0.3,0.8,54.99999999999999,20.0,120.00000000000001,399.99999999999994,AA2024-T3,AA2024-T3,7254.361019875738
38.48437611396565,41.64249024356557,j,0.3,0.9000000000000001,54.99999999999999,20.0,120.00000000000001,399.99999999999994,AA2024-T3,AA2024-T3,7254.361019875738
38.48437611396565,41.64249024356557,j,0.3,0.8,54.99999999999999,20.0,120.00000000000001,399.99999999999994,AA2024-T3,AA2024-T3,7254.361019875738
38.50359287360478,69.12852503320056,z,0.5,0.8,40.0,20.0,160.00000000000003,350.0,AA2024-T3,AA2024-T3,6371.50499677983
38.50359287360478,69.12852503320056,formed z,0.5,0.9000000000000001,49.99999999999999,20.0,200.0,350.0,AA2024-T3,AA2024-T3,5498.0356512266535
38.50359287360478,69.12852503320056,j,0.5,0.8,35.0,20.0,140.0,350.0,AA2024-T3,AA2024-T3,7108.895409674205
38.50359287360478,69.12852503320056,formed z,0.5,0.8,49.99999999999999,20.0,200.0,350.0,AA2024-T3,AA2024-T3,5498.0356512266535
38.50359287360478,69.12852503320056,z,0.5,0.8,49.99999999999999,20.0,200.0,350.0,AA2024-T3,AA2024-T3,5498.0356512266535
38.50359287360478,69.12852503320056,z,0.5,0.9000000000000001,49.99999999999999,20.0,200.0,350.0,AA2024-T3,AA2024-T3,5498.0356512266535
38.50359287360478,69.12852503320056,j,0.5,0.9000000000000001,40.0,20.0,160.00000000000003,350.0,AA2024-T3,AA2024-T3,6371.50499677983
38.50359287360478,69.12852503320056,formed z,0.5,0.8,35.0,20.0,140.0,350.0,AA2024-T3,AA2024-T3,7108.8954096742045
38.50359287360478,69.12852503320056,formed z,0.5,0.8,40.0,20.0,160.00000000000003,350.0,AA2024-T3,AA2024-T3,6371.50499677983
38.50359287360478,69.12852503320056,formed z,0.5,0.9000000000000001,35.0,20.0,140.0,350.0,AA2024-T3,AA2024-T3,7108.8954096742045
38.50359287360478,69.12852503320056,j,0.5,0.9000000000000001,49.99999999999999,20.0,200.0,350.0,AA2024-T3,AA2024-T3,5498.0356512266535
38.50359287360478,69.12852503320056,z,0.5,0.8,35.0,20.0,140.0,350.0,AA2024-T3,AA2024-T3,7108.8954096742045
38.50359287360478,69.12852503320056,formed z,0.5,0.9000000000000001,40.0,20.0,160.00000000000003,350.0,AA2024-T3,AA2024-T3,6371.504996779832
38.50359287360478,69.12852503320056,j,0.5,0.9000000000000001,35.0,20.0,140.0,350.0,AA2024-T3,AA2024-T3,7108.895409674205
38.50359287360478,69.12852503320056,z,0.5,0.9000000000000001,40.0,20.0,160.00000000000003,350.0,AA2024-T3,AA2024-T3,6371.50499677983
38.50359287360478,69.12852503320056,z,0.5,0.9000000000000001,35.0,20.0,140.0,350.0,AA2024-T3,AA2024-T3,7108.8954096742045
38.50359287360478,69.12852503320056,j,0.5,0.8,40.0,20.0,160.00000000000003,350.0,AA2024-T3,AA2024-T3,6371.50499677983
38.50359287360478,69.12852503320056,j,0.5,0.8,49.99999999999999,20.0,200.0,350.0,AA2024-T3,AA2024-T3,5498.035651226655
38.603290112016516,55.37985907757742,z,0.39999999999999997,0.9000000000000001,70.0,20.0,200.0,350.0,AA2024-T3,AA2024-T3,5875.155580425885
38.603290112016516,55.37985907757742,formed z,0.39999999999999997,0.9000000000000001,70.0,20.0,200.0,350.0,AA2024-T3,AA2024-T3,5875.155580425886
38.603290112016516,55.37985907757742,z,0.39999999999999997,0.8,70.0,20.0,200.0,350.0,AA2024-T3,AA2024-T3,5755.420108710951
38.603290112016516,55.37985907757742,j,0.39999999999999997,0.9000000000000001,70.0,20.0,200.0,350.0,AA2024-T3,AA2024-T3,5875.155580425886
38.603290112016516,55.37985907757742,formed z,0.39999999999999997,0.8,70.0,20.0,200.0,350.0,AA2024-T3,AA2024-T3,5875.155580425886
38.603290112016516,55.37985907757742,j,0.39999999999999997,0.8,70.0,20.0,200.0,350.0,AA2024-T3,AA2024-T3,5875.155580425886
38.64366193805391,55.64586661141331,formed z,0.39999999999999997,0.9000000000000001,49.99999999999999,20.0,140.0,399.99999999999994,AA2024-T3,AA2024-T3,6829.467600635896
38.64366193805391,55.64586661141331,formed z,0.39999999999999997,0.8,49.99999999999999,20.0,140.0,399.99999999999994,AA2024-T3,AA2024-T3,6829.467600635896
38.64366193805391,55.64586661141331,z,0.39999999999999997,0.9000000000000001,49.99999999999999,20.0,140.0,399.99999999999994,AA2024-T3,AA2024-T3,6829.467600635896
38.64366193805391,55.64586661141331,j,0.39999999999999997,0.8,49.99999999999999,20.0,140.0,399.99999999999994,AA2024-T3,AA2024-T3,6829.467600635899
38.64366193805391,55.64586661141331,z,0.39999999999999997,0.8,49.99999999999999,20.0,140.0,399.99999999999994,AA2024-T3,AA2024-T3,6829.467600635896
38.64366193805391,55.64586661141331,j,0.39999999999999997,0.9000000000000001,49.99999999999999,20.0,140.0,399.99999999999994,AA2024-T3,AA2024-T3,6829.467600635896
38.70857138585349,41.24162465601019,formed z,0.3,0.8,70.0,20.0,160.00000000000003,300.0,AA2024-T3,AA2024-T3,6604.124208208775
38.70857138585349,41.24162465601019,formed z,0.3,0.9000000000000001,70.0,20.0,160.00000000000003,300.0,AA2024-T3,AA2024-T3,6604.124208208775
38.70857138585349,41.24162465601019,z,0.3,0.9000000000000001,70.0,20.0,160.00000000000003,300.0,AA2024-T3,AA2024-T3,6604.124208208775
38.70857138585349,41.24162465601019,z,0.3,0.8,70.0,20.0,160.00000000000003,300.0,AA2024-T3,AA2024-T3,6477.992639436293
38.70857138585349,41.24162465601019,j,0.3,0.9000000000000001,70.0,20.0,160.00000000000003,300.0,AA2024-T3,AA2024-T3,6604.124208208775
38.70857138585349,41.24162465601019,j,0.3,0.8,70.0,20.0,160.00000000000003,300.0,AA2024-T3,AA2024-T3,6604.124208208775
38.77315346930391,55.745292184553826,z,0.39999999999999997,0.9000000000000001,65.0,20.0,180.00000000000003,399.99999999999994,AA2024-T3,AA2024-T3,6214.020397291857
38.77315346930391,55.745292184553826,formed z,0.39999999999999997,0.8,65.0,20.0,180.00000000000003,399.99999999999994,AA2024-T3,AA2024-T3,6214.020397291857
38.77315346930391,55.745292184553826,j,0.39999999999999997,0.8,65.0,20.0,180.00000000000003,399.99999999999994,AA2024-T3,AA2024-T3,6214.020397291858
38.77315346930391,55.745292184553826,formed z,0.39999999999999997,0.9000000000000001,65.0,20.0,180.00000000000003,399.99999999999994,AA2024-T3,AA2024-T3,6214.020397291856
38.77315346930391,55.745292184553826,z,0.39999999999999997,0.8,65.0,20.0,180.00000000000003,399.99999999999994,AA2024-T3,AA2024-T3,6214.020397291856
38.77315346930391,55.745292184553826,j,0.39999999999999997,0.9000000000000001,65.0,20.0,180.00000000000003,399.99999999999994,AA2024-T3,AA2024-T3,6214.020397291857
38.78373100250304,41.99010847123882,z,0.3,0.9000000000000001,65.0,20.0,140.0,449.99999999999994,AA2024-T3,AA2024-T3,7136.663364729142
38.78373100250304,41.99010847123882,formed z,0.3,0.9000000000000001,65.0,20.0,140.0,449.99999999999994,AA2024-T3,AA2024-T3,7136.663364729141
38.78373100250304,41.99010847123882,z,0.3,0.8,65.0,20.0,140.0,449.99999999999994,AA2024-T3,AA2024-T3,7136.663364729141
38.78373100250304,41.99010847123882,formed z,0.3,0.8,65.0,20.0,140.0,449.99999999999994,AA2024-T3,AA2024-T3,7136.663364729142
38.78373100250304,41.99010847123882,j,0.3,0.9000000000000001,65.0,20.0,140.0,449.99999999999994,AA2024-T3,AA2024-T3,7136.663364729142
38.78373100250304,41.99010847123882,j,0.3,0.8,65.0,20.0,140.0,449.99999999999994,AA2024-T3,AA2024-T3,7136.663364729142
38.78931503792826,41.64249024356557,formed z,0.3,0.8,54.99999999999999,20.0,120.00000000000001,350.0,AA2024-T3,AA2024-T3,7254.361019875738
38.78931503792826,41.64249024356557,j,0.3,0.8,54.99999999999999,20.0,120.00000000000001,350.0,AA2024-T3,AA2024-T3,7254.361019875738
38.78931503792826,41.64249024356557,formed z,0.3,0.9000000000000001,54.99999999999999,20.0,120.00000000000001,350.0,AA2024-T3,AA2024-T3,7254.36101987574
38.78931503792826,41.64249024356557,z,0.3,0.9000000000000001,54.99999999999999,20.0,120.00000000000001,350.0,AA2024-T3,AA2024-T3,7254.361019875738
38.78931503792826,41.64249024356557,j,0.3,0.9000000000000001,54.99999999999999,20.0,120.00000000000001,350.0,AA2024-T3,AA2024-T3,7254.361019875738
38.78931503792826,41.64249024356557,z,0.3,0.8,54.99999999999999,20.0,120.00000000000001,350.0,AA2024-T3,AA2024-T3,7254.361019875738
38.91102105369174,55.146049921139635,j,0.39999999999999997,0.8,35.0,20.0,100.0,300.0,AA2024-T3,AA2024-T3,8231.572491700434
38.91102105369174,55.146049921139635,formed z,0.39999999999999997,0.9000000000000001,54.99999999999999,20.0,160.00000000000003,300.0,AA2024-T3,AA2024-T3,6268.94362727091
38.91102105369174,55.146049921139635,z,0.39999999999999997,0.9000000000000001,35.0,20.0,100.0,300.0,AA2024-T3,AA2024-T3,8231.572491700434
38.91102105369174,55.146049921139635,formed z,0.39999999999999997,0.9000000000000001,35.0,20.0,100.0,300.0,AA2024-T3,AA2024-T3,8231.572491700434
38.91102105369174,55.146049921139635,formed z,0.39999999999999997,0.8,54.99999999999999,20.0,160.00000000000003,300.0,AA2024-T3,AA2024-T3,6268.943627270909
38.91102105369174,55.146049921139635,z,0.39999999999999997,0.9000000000000001,54.99999999999999,20.0,160.00000000000003,300.0,AA2024-T3,AA2024-T3,6268.943627270909
38.91102105369174,55.146049921139635,z,0.39999999999999997,0.8,54.99999999999999,20.0,160.00000000000003,300.0,AA2024-T3,AA2024-T3,6268.943627270909
38.91102105369174,55.146049921139635,z,0.39999999999999997,0.8,35.0,20.0,100.0,300.0,AA2024-T3,AA2024-T3,8231.572491700434
38.91102105369174,55.146049921139635,formed z,0.39999999999999997,0.8,35.0,20.0,100.0,300.0,AA2024-T3,AA2024-T3,8231.572491700434
38.91102105369174,55.146049921139635,j,0.39999999999999997,0.9000000000000001,54.99999999999999,20.0,160.00000000000003,300.0,AA2024-T3,AA2024-T3,6268.943627270909
38.91102105369174,55.146049921139635,j,0.39999999999999997,0.9000000000000001,35.0,20.0,100.0,300.0,AA2024-T3,AA2024-T3,8231.572491700434
38.91102105369174,55.146049921139635,j,0.39999999999999997,0.8,54.99999999999999,20.0,160.00000000000003,300.0,AA2024-T3,AA2024-T3,6268.943627270909
38.92439060460349,41.367312439417944,formed z,0.3,0.9000000000000001,44.99999999999999,20.0,100.0,300.0,AA2024-T3,AA2024-T3,7539.076349537376
38.92439060460349,41.367312439417944,z,0.3,0.8,44.99999999999999,20.0,100.0,300.0,AA2024-T3,AA2024-T3,7539.076349537378
38.92439060460349,41.367312439417944,j,0.3,0.8,44.99999999999999,20.0,100.0,300.0,AA2024-T3,AA2024-T3,7539.076349537376
38.92439060460349,41.367312439417944,j,0.3,0.9000000000000001,44.99999999999999,20.0,100.0,300.0,AA2024-T3,AA2024-T3,7539.076349537376
38.92439060460349,41.367312439417944,z,0.3,0.9000000000000001,44.99999999999999,20.0,100.0,300.0,AA2024-T3,AA2024-T3,7539.076349537378
38.92439060460349,41.367312439417944,formed z,0.3,0.8,44.99999999999999,20.0,100.0,300.0,AA2024-T3,AA2024-T3,7539.076349537378
38.94301682659129,56.10834527973732,formed z,0.39999999999999997,0.8,44.99999999999999,20.0,120.00000000000001,449.99999999999994,AA2024-T3,AA2024-T3,7592.6470435738365
38.94301682659129,56.10834527973732,z,0.39999999999999997,0.9000000000000001,44.99999999999999,20.0,120.00000000000001,449.99999999999994,AA2024-T3,AA2024-T3,7592.6470435738365
38.94301682659129,56.10834527973732,j,0.39999999999999997,0.8,44.99999999999999,20.0,120.00000000000001,449.99999999999994,AA2024-T3,AA2024-T3,7592.647043573836
38.94301682659129,56.10834527973732,z,0.39999999999999997,0.8,44.99999999999999,20.0,120.00000000000001,449.99999999999994,AA2024-T3,AA2024-T3,7592.6470435738365
38.94301682659129,56.10834527973732,formed z,0.39999999999999997,0.9000000000000001,44.99999999999999,20.0,120.00000000000001,449.99999999999994,AA2024-T3,AA2024-T3,7592.647043573836
38.94301682659129,56.10834527973732,j,0.39999999999999997,0.9000000000000001,44.99999999999999,20.0,120.00000000000001,449.99999999999994,AA2024-T3,AA2024-T3,7592.647043573836
38.94860086201652,55.64586661141331,formed z,0.39999999999999997,0.8,49.99999999999999,20.0,140.0,350.0,AA2024-T3,AA2024-T3,6829.467600635896
38.94860086201652,55.64586661141331,z,0.39999999999999997,0.8,49.99999999999999,20.0,140.0,350.0,AA2024-T3,AA2024-T3,6829.467600635896
38.94860086201652,55.64586661141331,z,0.39999999999999997,0.9000000000000001,49.99999999999999,20.0,140.0,350.0,AA2024-T3,AA2024-T3,6829.467600635896
38.94860086201652,55.64586661141331,j,0.39999999999999997,0.8,49.99999999999999,20.0,140.0,350.0,AA2024-T3,AA2024-T3,6829.467600635899
38.94860086201652,55.64586661141331,formed z,0.39999999999999997,0.9000000000000001,49.99999999999999,20.0,140.0,350.0,AA2024-T3,AA2024-T3,6829.467600635896
38.94860086201652,55.64586661141331,j,0.39999999999999997,0.9000000000000001,49.99999999999999,20.0,140.0,350.0,AA2024-T3,AA2024-T3,6829.467600635896
39.00260541226781,84.23061502901092,formed z,0.6,0.8,35.0,20.0,200.0,449.99999999999994,AA2024-T3,AA2024-T3,5797.6179122078565
39.00260541226781,84.23061502901092,formed z,0.6,0.9000000000000001,35.0,20.0,200.0,449.99999999999994,AA2024-T3,AA2024-T3,5797.6179122078565
39.00260541226781,84.23061502901092,j,0.6,0.8,35.0,20.0,200.0,449.99999999999994,AA2024-T3,AA2024-T3,5797.617912207857
39.00260541226781,84.23061502901092,z,0.6,0.8,35.0,20.0,200.0,449.99999999999994,AA2024-T3,AA2024-T3,5797.6179122078565
39.00260541226781,84.23061502901092,z,0.6,0.9000000000000001,35.0,20.0,200.0,449.99999999999994,AA2024-T3,AA2024-T3,5797.6179122078565
39.00260541226781,84.23061502901092,j,0.6,0.9000000000000001,35.0,20.0,200.0,449.99999999999994,AA2024-T3,AA2024-T3,5797.617912207857
39.07030687778001,69.08679089733319,z,0.5,0.8,44.99999999999999,20.0,180.00000000000003,300.0,AA2024-T3,AA2024-T3,5858.876337052979
39.07030687778001,69.08679089733319,j,0.5,0.8,44.99999999999999,20.0,180.00000000000003,300.0,AA2024-T3,AA2024-T3,5858.876337052978
39.07030687778001,69.08679089733319,z,0.5,0.9000000000000001,44.99999999999999,20.0,180.00000000000003,300.0,AA2024-T3,AA2024-T3,5858.876337052979
39.07030687778001,69.08679089733319,formed z,0.5,0.9000000000000001,44.99999999999999,20.0,180.00000000000003,300.0,AA2024-T3,AA2024-T3,5858.876337052978
39.07030687778001,69.08679089733319,formed z,0.5,0.8,44.99999999999999,20.0,180.00000000000003,300.0,AA2024-T3,AA2024-T3,5858.876337052979
39.07030687778001,69.08679089733319,j,0.5,0.9000000000000001,44.99999999999999,20.0,180.00000000000003,300.0,AA2024-T3,AA2024-T3,5858.876337052978
39.078092393266516,55.745292184553826,z,0.39999999999999997,0.8,65.0,20.0,180.00000000000003,350.0,AA2024-T3,AA2024-T3,6214.020397291856
39.078092393266516,55.745292184553826,formed z,0.39999999999999997,0.9000000000000001,65.0,20.0,180.00000000000003,350.0,AA2024-T3,AA2024-T3,6214.020397291856
39.078092393266516,55.745292184553826,formed z,0.39999999999999997,0.8,65.0,20.0,180.00000000000003,350.0,AA2024-T3,AA2024-T3,6214.020397291857
39.078092393266516,55.745292184553826,j,0.39999999999999997,0.9000000000000001,65.0,20.0,180.00000000000003,350.0,AA2024-T3,AA2024-T3,6214.020397291857
39.078092393266516,55.745292184553826,z,0.39999999999999997,0.9000000000000001,65.0,20.0,180.00000000000003,350.0,AA2024-T3,AA2024-T3,6214.020397291857
39.078092393266516,55.745292184553826,j,0.39999999999999997,0.8,65.0,20.0,180.00000000000003,350.0,AA2024-T3,AA2024-T3,6214.020397291858
39.088669926465656,41.99010847123882,j,0.3,0.9000000000000001,65.0,20.0,140.0,399.99999999999994,AA2024-T3,AA2024-T3,7136.663364729142
39.088669926465656,41.99010847123882,formed z,0.3,0.8,65.0,20.0,140.0,399.99999999999994,AA2024-T3,AA2024-T3,7136.663364729142
39.088669926465656,41.99010847123882,z,0.3,0.8,65.0,20.0,140.0,399.99999999999994,AA2024-T3,AA2024-T3,7136.663364729141
39.088669926465656,41.99010847123882,j,0.3,0.8,65.0,20.0,140.0,399.99999999999994,AA2024-T3,AA2024-T3,7136.663364729142
39.088669926465656,41.99010847123882,formed z,0.3,0.9000000000000001,65.0,20.0,140.0,399.99999999999994,AA2024-T3,AA2024-T3,7136.663364729141
39.088669926465656,41.99010847123882,z,0.3,0.9000000000000001,65.0,20.0,140.0,399.99999999999994,AA2024-T3,AA2024-T3,7136.663364729142
39.102302650679555,70.28702072884987,j,0.5,0.9000000000000001,54.99999999999999,20.0,200.0,449.99999999999994,AA2024-T3,AA2024-T3,5826.508417909703
39.102302650679555,70.28702072884987,j,0.5,0.8,54.99999999999999,20.0,200.0,449.99999999999994,AA2024-T3,AA2024-T3,5826.508417909703
39.102302650679555,70.28702072884987,formed z,0.5,0.9000000000000001,54.99999999999999,20.0,200.0,449.99999999999994,AA2024-T3,AA2024-T3,5826.508417909704
39.102302650679555,70.28702072884987,formed z,0.5,0.8,54.99999999999999,20.0,200.0,449.99999999999994,AA2024-T3,AA2024-T3,5826.508417909703
39.102302650679555,70.28702072884987,z,0.5,0.9000000000000001,54.99999999999999,20.0,200.0,449.99999999999994,AA2024-T3,AA2024-T3,5826.508417909703
39.102302650679555,70.28702072884987,z,0.5,0.8,54.99999999999999,20.0,200.0,449.99999999999994,AA2024-T3,AA2024-T3,5826.508417909703
39.11347072153001,69.12852503320056,formed z,0.5,0.9000000000000001,35.0,20.0,140.0,300.0,AA2024-T3,AA2024-T3,7108.8954096742045
39.11347072153001,69.12852503320056,z,0.5,0.9000000000000001,40.0,20.0,160.00000000000003,300.0,AA2024-T3,AA2024-T3,6371.50499677983
39.11347072153001,69.12852503320056,z,0.5,0.9000000000000001,35.0,20.0,140.0,300.0,AA2024-T3,AA2024-T3,7108.8954096742045
39.11347072153001,69.12852503320056,j,0.5,0.8,40.0,20.0,160.00000000000003,300.0,AA2024-T3,AA2024-T3,6371.50499677983
39.11347072153001,69.12852503320056,z,0.5,0.9000000000000001,49.99999999999999,20.0,200.0,300.0,AA2024-T3,AA2024-T3,5498.0356512266535
39.11347072153001,69.12852503320056,formed z,0.5,0.8,49.99999999999999,20.0,200.0,300.0,AA2024-T3,AA2024-T3,5498.0356512266535
39.11347072153001,69.12852503320056,j,0.5,0.8,49.99999999999999,20.0,200.0,300.0,AA2024-T3,AA2024-T3,5498.035651226655
39.11347072153001,69.12852503320056,j,0.5,0.8,35.0,20.0,140.0,300.0,AA2024-T3,AA2024-T3,7108.895409674205
39.11347072153001,69.12852503320056,formed z,0.5,0.8,40.0,20.0,160.00000000000003,300.0,AA2024-T3,AA2024-T3,6371.50499677983
39.11347072153001,69.12852503320056,z,0.5,0.8,49.99999999999999,20.0,200.0,300.0,AA2024-T3,AA2024-T3,5498.0356512266535
39.11347072153001,69.12852503320056,z,0.5,0.8,35.0,20.0,140.0,300.0,AA2024-T3,AA2024-T3,7108.8954096742045
39.11347072153001,69.12852503320056,z,0.5,0.8,40.0,20.0,160.00000000000003,300.0,AA2024-T3,AA2024-T3,6371.50499677983
39.11347072153001,69.12852503320056,formed z,0.5,0.9000000000000001,49.99999999999999,20.0,200.0,300.0,AA2024-T3,AA2024-T3,5498.0356512266535
39.11347072153001,69.12852503320056,j,0.5,0.9000000000000001,40.0,20.0,160.00000000000003,300.0,AA2024-T3,AA2024-T3,6371.50499677983
39.11347072153001,69.12852503320056,j,0.5,0.9000000000000001,49.99999999999999,20.0,200.0,300.0,AA2024-T3,AA2024-T3,5498.0356512266535
39.11347072153001,69.12852503320056,formed z,0.5,0.8,35.0,20.0,140.0,300.0,AA2024-T3,AA2024-T3,7108.8954096742045
39.11347072153001,69.12852503320056,formed z,0.5,0.9000000000000001,40.0,20.0,160.00000000000003,300.0,AA2024-T3,AA2024-T3,6371.504996779832
39.11347072153001,69.12852503320056,j,0.5,0.9000000000000001,35.0,20.0,140.0,300.0,AA2024-T3,AA2024-T3,7108.895409674205
39.18863033817956,70.36904061080956,j,0.5,0.9000000000000001,49.99999999999999,20.0,180.00000000000003,449.99999999999994,AA2024-T3,AA2024-T3,6223.054188095802
39.18863033817956,70.36904061080956,z,0.5,0.8,49.99999999999999,20.0,180.00000000000003,449.99999999999994,AA2024-T3,AA2024-T3,6223.054188095802
39.18863033817956,70.36904061080956,formed z,0.5,0.9000000000000001,49.99999999999999,20.0,180.00000000000003,449.99999999999994,AA2024-T3,AA2024-T3,6223.054188095802
39.18863033817956,70.36904061080956,j,0.5,0.8,49.99999999999999,20.0,180.00000000000003,449.99999999999994,AA2024-T3,AA2024-T3,6223.054188095803
39.18863033817956,70.36904061080956,z,0.5,0.9000000000000001,49.99999999999999,20.0,180.00000000000003,449.99999999999994,AA2024-T3,AA2024-T3,6223.054188095802
39.18863033817956,70.36904061080956,formed z,0.5,0.8,49.99999999999999,20.0,180.00000000000003,449.99999999999994,AA2024-T3,AA2024-T3,6223.054188095802
39.2019998890913,56.30538757208205,formed z,0.39999999999999997,0.9000000000000001,59.99999999999999,20.0,160.00000000000003,449.99999999999994,AA2024-T3,AA2024-T3,6680.3670477435035
39.2019998890913,56.30538757208205,z,0.39999999999999997,0.9000000000000001,59.99999999999999,20.0,160.00000000000003,449.99999999999994,AA2024-T3,AA2024-T3,6680.367047743504
39.2019998890913,56.30538757208205,j,0.39999999999999997,0.8,59.99999999999999,20.0,160.00000000000003,449.99999999999994,AA2024-T3,AA2024-T3,6680.3670477435035
39.2019998890913,56.30538757208205,z,0.39999999999999997,0.8,59.99999999999999,20.0,160.00000000000003,449.99999999999994,AA2024-T3,AA2024-T3,6680.3670477435035
39.2019998890913,56.30538757208205,j,0.39999999999999997,0.9000000000000001,59.99999999999999,20.0,160.00000000000003,449.99999999999994,AA2024-T3,AA2024-T3,6680.3670477435035
39.2019998890913,56.30538757208205,formed z,0.39999999999999997,0.8,59.99999999999999,20.0,160.00000000000003,449.99999999999994,AA2024-T3,AA2024-T3,6680.367047743504
39.21316795994174,55.37985907757742,j,0.39999999999999997,0.9000000000000001,70.0,20.0,200.0,300.0,AA2024-T3,AA2024-T3,5875.155580425886
39.21316795994174,55.37985907757742,formed z,0.39999999999999997,0.8,70.0,20.0,200.0,300.0,AA2024-T3,AA2024-T3,5875.155580425886
39.21316795994174,55.37985907757742,z,0.39999999999999997,0.8,70.0,20.0,200.0,300.0,AA2024-T3,AA2024-T3,5769.928139356775
39.21316795994174,55.37985907757742,formed z,0.39999999999999997,0.9000000000000001,70.0,20.0,200.0,300.0,AA2024-T3,AA2024-T3,5875.155580425886
39.21316795994174,55.37985907757742,z,0.39999999999999997,0.9000000000000001,70.0,20.0,200.0,300.0,AA2024-T3,AA2024-T3,5875.155580425885
39.21316795994174,55.37985907757742,j,0.39999999999999997,0.8,70.0,20.0,200.0,300.0,AA2024-T3,AA2024-T3,5875.155580425886
39.247955750553906,56.10834527973732,formed z,0.39999999999999997,0.8,44.99999999999999,20.0,120.00000000000001,399.99999999999994,AA2024-T3,AA2024-T3,7592.6470435738365
39.247955750553906,56.10834527973732,j,0.39999999999999997,0.8,44.99999999999999,20.0,120.00000000000001,399.99999999999994,AA2024-T3,AA2024-T3,7592.647043573836
39.247955750553906,56.10834527973732,formed z,0.39999999999999997,0.9000000000000001,44.99999999999999,20.0,120.00000000000001,399.99999999999994,AA2024-T3,AA2024-T3,7592.647043573836
39.247955750553906,56.10834527973732,z,0.39999999999999997,0.9000000000000001,44.99999999999999,20.0,120.00000000000001,399.99999999999994,AA2024-T3,AA2024-T3,7592.6470435738365
39.247955750553906,56.10834527973732,z,0.39999999999999997,0.8,44.99999999999999,20.0,120.00000000000001,399.99999999999994,AA2024-T3,AA2024-T3,7592.6470435738365
39.247955750553906,56.10834527973732,j,0.39999999999999997,0.9000000000000001,44.99999999999999,20.0,120.00000000000001,399.99999999999994,AA2024-T3,AA2024-T3,7592.647043573836
39.30754433623042,84.23061502901092,formed z,0.6,0.9000000000000001,35.0,20.0,200.0,399.99999999999994,AA2024-T3,AA2024-T3,5797.6179122078565
39.30754433623042,84.23061502901092,z,0.6,0.9000000000000001,35.0,20.0,200.0,399.99999999999994,AA2024-T3,AA2024-T3,5797.6179122078565
39.30754433623042,84.23061502901092,j,0.6,0.8,35.0,20.0,200.0,399.99999999999994,AA2024-T3,AA2024-T3,5797.617912207857
39.30754433623042,84.23061502901092,z,0.6,0.8,35.0,20.0,200.0,399.99999999999994,AA2024-T3,AA2024-T3,5797.6179122078565
39.30754433623042,84.23061502901092,formed z,0.6,0.8,35.0,20.0,200.0,399.99999999999994,AA2024-T3,AA2024-T3,5797.6179122078565
39.30754433623042,84.23061502901092,j,0.6,0.9000000000000001,35.0,20.0,200.0,399.99999999999994,AA2024-T3,AA2024-T3,5797.617912207857
39.393608850428265,41.99010847123882,z,0.3,0.9000000000000001,65.0,20.0,140.0,350.0,AA2024-T3,AA2024-T3,7136.663364729142
39.393608850428265,41.99010847123882,z,0.3,0.8,65.0,20.0,140.0,350.0,AA2024-T3,AA2024-T3,7136.663364729141
39.393608850428265,41.99010847123882,formed z,0.3,0.8,65.0,20.0,140.0,350.0,AA2024-T3,AA2024-T3,7136.663364729142
39.393608850428265,41.99010847123882,j,0.3,0.9000000000000001,65.0,20.0,140.0,350.0,AA2024-T3,AA2024-T3,7136.663364729142
39.393608850428265,41.99010847123882,formed z,0.3,0.9000000000000001,65.0,20.0,140.0,350.0,AA2024-T3,AA2024-T3,7136.663364729141
39.393608850428265,41.99010847123882,j,0.3,0.8,65.0,20.0,140.0,350.0,AA2024-T3,AA2024-T3,7136.663364729142
39.399192885853495,41.64249024356557,j,0.3,0.9000000000000001,54.99999999999999,20.0,120.00000000000001,300.0,AA2024-T3,AA2024-T3,7254.361019875738
39.399192885853495,41.64249024356557,formed z,0.3,0.8,54.99999999999999,20.0,120.00000000000001,300.0,AA2024-T3,AA2024-T3,7254.361019875738
39.399192885853495,41.64249024356557,z,0.3,0.8,54.99999999999999,20.0,120.00000000000001,300.0,AA2024-T3,AA2024-T3,7254.361019875738
39.399192885853495,41.64249024356557,z,0.3,0.9000000000000001,54.99999999999999,20.0,120.00000000000001,300.0,AA2024-T3,AA2024-T3,7254.361019875738
39.399192885853495,41.64249024356557,j,0.3,0.8,54.99999999999999,20.0,120.00000000000001,300.0,AA2024-T3,AA2024-T3,7254.361019875738
39.399192885853495,41.64249024356557,formed z,0.3,0.9000000000000001,54.99999999999999,20.0,120.00000000000001,300.0,AA2024-T3,AA2024-T3,7254.36101987574
39.404449556929556,70.57367328087545,formed z,0.5,0.8,44.99999999999999,20.0,160.00000000000003,449.99999999999994,AA2024-T3,AA2024-T3,6782.601785013761
39.404449556929556,70.57367328087545,z,0.5,0.9000000000000001,44.99999999999999,20.0,160.00000000000003,449.99999999999994,AA2024-T3,AA2024-T3,6782.601785013763
39.404449556929556,70.57367328087545,j,0.5,0.9000000000000001,44.99999999999999,20.0,160.00000000000003,449.99999999999994,AA2024-T3,AA2024-T3,6782.601785013761
39.404449556929556,70.57367328087545,j,0.5,0.8,44.99999999999999,20.0,160.00000000000003,449.99999999999994,AA2024-T3,AA2024-T3,6782.601785013761
39.404449556929556,70.57367328087545,formed z,0.5,0.9000000000000001,44.99999999999999,20.0,160.00000000000003,449.99999999999994,AA2024-T3,AA2024-T3,6782.601785013761
39.404449556929556,70.57367328087545,z,0.5,0.8,44.99999999999999,20.0,160.00000000000003,449.99999999999994,AA2024-T3,AA2024-T3,6782.601785013761
39.40724157464217,70.28702072884987,z,0.5,0.8,54.99999999999999,20.0,200.0,399.99999999999994,AA2024-T3,AA2024-T3,5826.508417909703
39.40724157464217,70.28702072884987,formed z,0.5,0.9000000000000001,54.99999999999999,20.0,200.0,399.99999999999994,AA2024-T3,AA2024-T3,5826.508417909704
39.40724157464217,70.28702072884987,z,0.5,0.9000000000000001,54.99999999999999,20.0,200.0,399.99999999999994,AA2024-T3,AA2024-T3,5826.508417909703
39.40724157464217,70.28702072884987,formed z,0.5,0.8,54.99999999999999,20.0,200.0,399.99999999999994,AA2024-T3,AA2024-T3,5826.508417909703
39.40724157464217,70.28702072884987,j,0.5,0.8,54.99999999999999,20.0,200.0,399.99999999999994,AA2024-T3,AA2024-T3,5826.508417909703
39.40724157464217,70.28702072884987,j,0.5,0.9000000000000001,54.99999999999999,20.0,200.0,399.99999999999994,AA2024-T3,AA2024-T3,5826.508417909703
39.493569262142174,70.36904061080956,formed z,0.5,0.8,49.99999999999999,20.0,180.00000000000003,399.99999999999994,AA2024-T3,AA2024-T3,6223.054188095802
39.493569262142174,70.36904061080956,z,0.5,0.8,49.99999999999999,20.0,180.00000000000003,399.99999999999994,AA2024-T3,AA2024-T3,6223.054188095802
39.493569262142174,70.36904061080956,z,0.5,0.9000000000000001,49.99999999999999,20.0,180.00000000000003,399.99999999999994,AA2024-T3,AA2024-T3,6223.054188095802
39.493569262142174,70.36904061080956,formed z,0.5,0.9000000000000001,49.99999999999999,20.0,180.00000000000003,399.99999999999994,AA2024-T3,AA2024-T3,6223.054188095802
39.493569262142174,70.36904061080956,j,0.5,0.8,49.99999999999999,20.0,180.00000000000003,399.99999999999994,AA2024-T3,AA2024-T3,6223.054188095803
39.493569262142174,70.36904061080956,j,0.5,0.9000000000000001,49.99999999999999,20.0,180.00000000000003,399.99999999999994,AA2024-T3,AA2024-T3,6223.054188095802
39.50693881305391,56.30538757208205,formed z,0.39999999999999997,0.8,59.99999999999999,20.0,160.00000000000003,399.99999999999994,AA2024-T3,AA2024-T3,6680.367047743504
39.50693881305391,56.30538757208205,formed z,0.39999999999999997,0.9000000000000001,59.99999999999999,20.0,160.00000000000003,399.99999999999994,AA2024-T3,AA2024-T3,6680.3670477435035
39.50693881305391,56.30538757208205,z,0.39999999999999997,0.8,59.99999999999999,20.0,160.00000000000003,399.99999999999994,AA2024-T3,AA2024-T3,6680.3670477435035
39.50693881305391,56.30538757208205,j,0.39999999999999997,0.9000000000000001,59.99999999999999,20.0,160.00000000000003,399.99999999999994,AA2024-T3,AA2024-T3,6680.3670477435035
39.50693881305391,56.30538757208205,z,0.39999999999999997,0.9000000000000001,59.99999999999999,20.0,160.00000000000003,399.99999999999994,AA2024-T3,AA2024-T3,6680.367047743504
39.50693881305391,56.30538757208205,j,0.39999999999999997,0.8,59.99999999999999,20.0,160.00000000000003,399.99999999999994,AA2024-T3,AA2024-T3,6680.3670477435035
39.552894674516516,56.10834527973732,formed z,0.39999999999999997,0.8,44.99999999999999,20.0,120.00000000000001,350.0,AA2024-T3,AA2024-T3,7592.6470435738365
39.552894674516516,56.10834527973732,formed z,0.39999999999999997,0.9000000000000001,44.99999999999999,20.0,120.00000000000001,350.0,AA2024-T3,AA2024-T3,7592.647043573836
39.552894674516516,56.10834527973732,j,0.39999999999999997,0.9000000000000001,44.99999999999999,20.0,120.00000000000001,350.0,AA2024-T3,AA2024-T3,7592.647043573836
39.552894674516516,56.10834527973732,z,0.39999999999999997,0.9000000000000001,44.99999999999999,20.0,120.00000000000001,350.0,AA2024-T3,AA2024-T3,7592.6470435738365
39.552894674516516,56.10834527973732,z,0.39999999999999997,0.8,44.99999999999999,20.0,120.00000000000001,350.0,AA2024-T3,AA2024-T3,7592.6470435738365
39.552894674516516,56.10834527973732,j,0.39999999999999997,0.8,44.99999999999999,20.0,120.00000000000001,350.0,AA2024-T3,AA2024-T3,7592.647043573836
39.55847870994174,55.64586661141331,formed z,0.39999999999999997,0.8,49.99999999999999,20.0,140.0,300.0,AA2024-T3,AA2024-T3,6829.467600635896
39.55847870994174,55.64586661141331,z,0.39999999999999997,0.8,49.99999999999999,20.0,140.0,300.0,AA2024-T3,AA2024-T3,6829.467600635896
39.55847870994174,55.64586661141331,j,0.39999999999999997,0.9000000000000001,49.99999999999999,20.0,140.0,300.0,AA2024-T3,AA2024-T3,6829.467600635896
39.55847870994174,55.64586661141331,z,0.39999999999999997,0.9000000000000001,49.99999999999999,20.0,140.0,300.0,AA2024-T3,AA2024-T3,6829.467600635896
39.55847870994174,55.64586661141331,j,0.39999999999999997,0.8,49.99999999999999,20.0,140.0,300.0,AA2024-T3,AA2024-T3,6829.467600635899
39.55847870994174,55.64586661141331,formed z,0.39999999999999997,0.9000000000000001,49.99999999999999,20.0,140.0,300.0,AA2024-T3,AA2024-T3,6829.467600635896
39.61248326019303,84.23061502901092,formed z,0.6,0.9000000000000001,35.0,20.0,200.0,350.0,AA2024-T3,AA2024-T3,5797.6179122078565
39.61248326019303,84.23061502901092,formed z,0.6,0.8,35.0,20.0,200.0,350.0,AA2024-T3,AA2024-T3,5797.6179122078565
39.61248326019303,84.23061502901092,j,0.6,0.8,35.0,20.0,200.0,350.0,AA2024-T3,AA2024-T3,5797.617912207857
39.61248326019303,84.23061502901092,j,0.6,0.9000000000000001,35.0,20.0,200.0,350.0,AA2024-T3,AA2024-T3,5797.617912207857
39.61248326019303,84.23061502901092,z,0.6,0.9000000000000001,35.0,20.0,200.0,350.0,AA2024-T3,AA2024-T3,5797.6179122078565
39.61248326019303,84.23061502901092,z,0.6,0.8,35.0,20.0,200.0,350.0,AA2024-T3,AA2024-T3,5797.6179122078565
39.620268775679556,70.7777143190266,z,0.5,0.9000000000000001,40.0,20.0,140.0,449.99999999999994,AA2024-T3,AA2024-T3,7579.199510067722
39.620268775679556,70.7777143190266,z,0.5,0.8,40.0,20.0,140.0,449.99999999999994,AA2024-T3,AA2024-T3,7579.199510067722
39.620268775679556,70.7777143190266,j,0.5,0.8,40.0,20.0,140.0,449.99999999999994,AA2024-T3,AA2024-T3,7579.199510067722
39.620268775679556,70.7777143190266,j,0.5,0.9000000000000001,40.0,20.0,140.0,449.99999999999994,AA2024-T3,AA2024-T3,7579.199510067722
39.620268775679556,70.7777143190266,formed z,0.5,0.9000000000000001,40.0,20.0,140.0,449.99999999999994,AA2024-T3,AA2024-T3,7579.199510067726
39.620268775679556,70.7777143190266,formed z,0.5,0.8,40.0,20.0,140.0,449.99999999999994,AA2024-T3,AA2024-T3,7579.199510067722
39.68797024119174,55.745292184553826,formed z,0.39999999999999997,0.9000000000000001,65.0,20.0,180.00000000000003,300.0,AA2024-T3,AA2024-T3,6214.020397291856
39.68797024119174,55.745292184553826,formed z,0.39999999999999997,0.8,65.0,20.0,180.00000000000003,300.0,AA2024-T3,AA2024-T3,6214.020397291857
39.68797024119174,55.745292184553826,j,0.39999999999999997,0.9000000000000001,65.0,20.0,180.00000000000003,300.0,AA2024-T3,AA2024-T3,6214.020397291857
39.68797024119174,55.745292184553826,j,0.39999999999999997,0.8,65.0,20.0,180.00000000000003,300.0,AA2024-T3,AA2024-T3,6214.020397291858
39.68797024119174,55.745292184553826,z,0.39999999999999997,0.9000000000000001,65.0,20.0,180.00000000000003,300.0,AA2024-T3,AA2024-T3,6214.020397291857
39.68797024119174,55.745292184553826,z,0.39999999999999997,0.8,65.0,20.0,180.00000000000003,300.0,AA2024-T3,AA2024-T3,6214.020397291856
39.70659646317955,70.85916622268243,j,0.5,0.8,35.0,20.0,120.00000000000001,449.99999999999994,AA2024-T3,AA2024-T3,8787.411875834558
39.70659646317955,70.85916622268243,formed z,0.5,0.9000000000000001,35.0,20.0,120.00000000000001,449.99999999999994,AA2024-T3,AA2024-T3,8787.411875834558
39.70659646317955,70.85916622268243,j,0.5,0.9000000000000001,35.0,20.0,120.00000000000001,449.99999999999994,AA2024-T3,AA2024-T3,8787.411875834558
39.70659646317955,70.85916622268243,z,0.5,0.8,35.0,20.0,120.00000000000001,449.99999999999994,AA2024-T3,AA2024-T3,8787.411875834558
39.70659646317955,70.85916622268243,z,0.5,0.9000000000000001,35.0,20.0,120.00000000000001,449.99999999999994,AA2024-T3,AA2024-T3,8787.411875834558
39.70659646317955,70.85916622268243,formed z,0.5,0.8,35.0,20.0,120.00000000000001,449.99999999999994,AA2024-T3,AA2024-T3,8787.411875834558
39.709388480892166,70.57367328087545,j,0.5,0.9000000000000001,44.99999999999999,20.0,160.00000000000003,399.99999999999994,AA2024-T3,AA2024-T3,6782.601785013761
39.709388480892166,70.57367328087545,z,0.5,0.9000000000000001,44.99999999999999,20.0,160.00000000000003,399.99999999999994,AA2024-T3,AA2024-T3,6782.601785013763
39.709388480892166,70.57367328087545,j,0.5,0.8,44.99999999999999,20.0,160.00000000000003,399.99999999999994,AA2024-T3,AA2024-T3,6782.601785013761
39.709388480892166,70.57367328087545,formed z,0.5,0.9000000000000001,44.99999999999999,20.0,160.00000000000003,399.99999999999994,AA2024-T3,AA2024-T3,6782.601785013761
39.709388480892166,70.57367328087545,formed z,0.5,0.8,44.99999999999999,20.0,160.00000000000003,399.99999999999994,AA2024-T3,AA2024-T3,6782.601785013761
39.709388480892166,70.57367328087545,z,0.5,0.8,44.99999999999999,20.0,160.00000000000003,399.99999999999994,AA2024-T3,AA2024-T3,6782.601785013761
39.71218049860478,70.28702072884987,z,0.5,0.9000000000000001,54.99999999999999,20.0,200.0,350.0,AA2024-T3,AA2024-T3,5826.508417909703
39.71218049860478,70.28702072884987,z,0.5,0.8,54.99999999999999,20.0,200.0,350.0,AA2024-T3,AA2024-T3,5826.508417909703
39.71218049860478,70.28702072884987,formed z,0.5,0.8,54.99999999999999,20.0,200.0,350.0,AA2024-T3,AA2024-T3,5826.508417909703
39.71218049860478,70.28702072884987,j,0.5,0.8,54.99999999999999,20.0,200.0,350.0,AA2024-T3,AA2024-T3,5826.508417909703
39.71218049860478,70.28702072884987,j,0.5,0.9000000000000001,54.99999999999999,20.0,200.0,350.0,AA2024-T3,AA2024-T3,5826.508417909703
39.71218049860478,70.28702072884987,formed z,0.5,0.9000000000000001,54.99999999999999,20.0,200.0,350.0,AA2024-T3,AA2024-T3,5826.508417909704
39.79850818610478,70.36904061080956,formed z,0.5,0.8,49.99999999999999,20.0,180.00000000000003,350.0,AA2024-T3,AA2024-T3,6223.054188095802
39.79850818610478,70.36904061080956,j,0.5,0.8,49.99999999999999,20.0,180.00000000000003,350.0,AA2024-T3,AA2024-T3,6223.054188095803
39.79850818610478,70.36904061080956,z,0.5,0.9000000000000001,49.99999999999999,20.0,180.00000000000003,350.0,AA2024-T3,AA2024-T3,6223.054188095802
39.79850818610478,70.36904061080956,z,0.5,0.8,49.99999999999999,20.0,180.00000000000003,350.0,AA2024-T3,AA2024-T3,6223.054188095802
39.79850818610478,70.36904061080956,j,0.5,0.9000000000000001,49.99999999999999,20.0,180.00000000000003,350.0,AA2024-T3,AA2024-T3,6223.054188095802
39.79850818610478,70.36904061080956,formed z,0.5,0.9000000000000001,49.99999999999999,20.0,180.00000000000003,350.0,AA2024-T3,AA2024-T3,6223.054188095802
39.80629370159129,56.762492975004115,j,0.39999999999999997,0.8,70.0,20.0,180.00000000000003,449.99999999999994,AA2024-T3,AA2024-T3,6578.6099873643
39.80629370159129,56.762492975004115,z,0.39999999999999997,0.9000000000000001,70.0,20.0,180.00000000000003,449.99999999999994,AA2024-T3,AA2024-T3,6578.6099873643
39.80629370159129,56.762492975004115,formed z,0.39999999999999997,0.8,70.0,20.0,180.00000000000003,449.99999999999994,AA2024-T3,AA2024-T3,6578.6099873643
39.80629370159129,56.762492975004115,j,0.39999999999999997,0.9000000000000001,70.0,20.0,180.00000000000003,449.99999999999994,AA2024-T3,AA2024-T3,6578.6099873643
39.80629370159129,56.762492975004115,z,0.39999999999999997,0.8,70.0,20.0,180.00000000000003,449.99999999999994,AA2024-T3,AA2024-T3,6413.572149581435
39.80629370159129,56.762492975004115,formed z,0.39999999999999997,0.9000000000000001,70.0,20.0,180.00000000000003,449.99999999999994,AA2024-T3,AA2024-T3,6578.6099873643
39.811877737016516,56.30538757208205,formed z,0.39999999999999997,0.8,59.99999999999999,20.0,160.00000000000003,350.0,AA2024-T3,AA2024-T3,6680.367047743504
39.811877737016516,56.30538757208205,z,0.39999999999999997,0.9000000000000001,59.99999999999999,20.0,160.00000000000003,350.0,AA2024-T3,AA2024-T3,6680.367047743504
39.811877737016516,56.30538757208205,j,0.39999999999999997,0.9000000000000001,59.99999999999999,20.0,160.00000000000003,350.0,AA2024-T3,AA2024-T3,6680.3670477435035
39.811877737016516,56.30538757208205,formed z,0.39999999999999997,0.9000000000000001,59.99999999999999,20.0,160.00000000000003,350.0,AA2024-T3,AA2024-T3,6680.3670477435035
39.811877737016516,56.30538757208205,j,0.39999999999999997,0.8,59.99999999999999,20.0,160.00000000000003,350.0,AA2024-T3,AA2024-T3,6680.3670477435035
39.811877737016516,56.30538757208205,z,0.39999999999999997,0.8,59.99999999999999,20.0,160.00000000000003,350.0,AA2024-T3,AA2024-T3,6680.3670477435035
39.9090461310178,85.25977834014775,formed z,0.6,0.9000000000000001,35.0,20.0,180.00000000000003,449.99999999999994,AA2024-T3,AA2024-T3,6668.477881586581
39.9090461310178,85.25977834014775,j,0.6,0.9000000000000001,35.0,20.0,180.00000000000003,449.99999999999994,AA2024-T3,AA2024-T3,6668.477881586583
39.9090461310178,85.25977834014775,formed z,0.6,0.8,35.0,20.0,180.00000000000003,449.99999999999994,AA2024-T3,AA2024-T3,6668.477881586581
39.9090461310178,85.25977834014775,j,0.6,0.8,35.0,20.0,180.00000000000003,449.99999999999994,AA2024-T3,AA2024-T3,6668.477881586583
39.9090461310178,85.25977834014775,z,0.6,0.8,35.0,20.0,180.00000000000003,449.99999999999994,AA2024-T3,AA2024-T3,6668.477881586581
39.9090461310178,85.25977834014775,z,0.6,0.9000000000000001,35.0,20.0,180.00000000000003,449.99999999999994,AA2024-T3,AA2024-T3,6668.477881586581
39.92520769964217,70.7777143190266,z,0.5,0.9000000000000001,40.0,20.0,140.0,399.99999999999994,AA2024-T3,AA2024-T3,7579.199510067722
39.92520769964217,70.7777143190266,z,0.5,0.8,40.0,20.0,140.0,399.99999999999994,AA2024-T3,AA2024-T3,7579.199510067722
39.92520769964217,70.7777143190266,formed z,0.5,0.8,40.0,20.0,140.0,399.99999999999994,AA2024-T3,AA2024-T3,7579.199510067722
39.92520769964217,70.7777143190266,j,0.5,0.8,40.0,20.0,140.0,399.99999999999994,AA2024-T3,AA2024-T3,7579.199510067722
39.92520769964217,70.7777143190266,j,0.5,0.9000000000000001,40.0,20.0,140.0,399.99999999999994,AA2024-T3,AA2024-T3,7579.199510067722
39.92520769964217,70.7777143190266,formed z,0.5,0.9000000000000001,40.0,20.0,140.0,399.99999999999994,AA2024-T3,AA2024-T3,7579.199510067726
40.00348669835349,41.99010847123882,j,0.3,0.9000000000000001,65.0,20.0,140.0,300.0,AA2024-T3,AA2024-T3,7136.663364729142
40.00348669835349,41.99010847123882,formed z,0.3,0.9000000000000001,65.0,20.0,140.0,300.0,AA2024-T3,AA2024-T3,7136.663364729141
40.00348669835349,41.99010847123882,formed z,0.3,0.8,65.0,20.0,140.0,300.0,AA2024-T3,AA2024-T3,7136.663364729142
40.00348669835349,41.99010847123882,j,0.3,0.8,65.0,20.0,140.0,300.0,AA2024-T3,AA2024-T3,7136.663364729142
40.00348669835349,41.99010847123882,z,0.3,0.9000000000000001,65.0,20.0,140.0,300.0,AA2024-T3,AA2024-T3,7136.663364729142
40.00348669835349,41.99010847123882,z,0.3,0.8,65.0,20.0,140.0,300.0,AA2024-T3,AA2024-T3,7136.663364729141
40.01153538714217,70.85916622268243,j,0.5,0.9000000000000001,35.0,20.0,120.00000000000001,399.99999999999994,AA2024-T3,AA2024-T3,8787.411875834558
40.01153538714217,70.85916622268243,j,0.5,0.8,35.0,20.0,120.00000000000001,399.99999999999994,AA2024-T3,AA2024-T3,8787.411875834558
40.01153538714217,70.85916622268243,formed z,0.5,0.9000000000000001,35.0,20.0,120.00000000000001,399.99999999999994,AA2024-T3,AA2024-T3,8787.411875834558
40.01153538714217,70.85916622268243,z,0.5,0.9000000000000001,35.0,20.0,120.00000000000001,399.99999999999994,AA2024-T3,AA2024-T3,8787.411875834558
40.01153538714217,70.85916622268243,formed z,0.5,0.8,35.0,20.0,120.00000000000001,399.99999999999994,AA2024-T3,AA2024-T3,8787.411875834558
40.01153538714217,70.85916622268243,z,0.5,0.8,35.0,20.0,120.00000000000001,399.99999999999994,AA2024-T3,AA2024-T3,8787.411875834558
40.01432740485478,70.57367328087545,z,0.5,0.9000000000000001,44.99999999999999,20.0,160.00000000000003,350.0,AA2024-T3,AA2024-T3,6782.601785013763
40.01432740485478,70.57367328087545,j,0.5,0.9000000000000001,44.99999999999999,20.0,160.00000000000003,350.0,AA2024-T3,AA2024-T3,6782.601785013761
40.01432740485478,70.57367328087545,j,0.5,0.8,44.99999999999999,20.0,160.00000000000003,350.0,AA2024-T3,AA2024-T3,6782.601785013761
40.01432740485478,70.57367328087545,formed z,0.5,0.9000000000000001,44.99999999999999,20.0,160.00000000000003,350.0,AA2024-T3,AA2024-T3,6782.601785013761
40.01432740485478,70.57367328087545,formed z,0.5,0.8,44.99999999999999,20.0,160.00000000000003,350.0,AA2024-T3,AA2024-T3,6782.601785013761
40.01432740485478,70.57367328087545,z,0.5,0.8,44.99999999999999,20.0,160.00000000000003,350.0,AA2024-T3,AA2024-T3,6782.601785013761
40.065276764091294,56.957272304329514,formed z,0.39999999999999997,0.8,54.99999999999999,20.0,140.0,449.99999999999994,AA2024-T3,AA2024-T3,7299.925365094001
40.065276764091294,56.957272304329514,j,0.39999999999999997,0.9000000000000001,40.0,20.0,100.0,449.99999999999994,AA2024-T3,AA2024-T3,8880.345313263402
40.065276764091294,56.957272304329514,z,0.39999999999999997,0.8,54.99999999999999,20.0,140.0,449.99999999999994,AA2024-T3,AA2024-T3,7299.925365094001
40.065276764091294,56.957272304329514,z,0.39999999999999997,0.8,40.0,20.0,100.0,449.99999999999994,AA2024-T3,AA2024-T3,8880.345313263402
40.065276764091294,56.957272304329514,j,0.39999999999999997,0.8,54.99999999999999,20.0,140.0,449.99999999999994,AA2024-T3,AA2024-T3,7299.925365094001
40.065276764091294,56.957272304329514,j,0.39999999999999997,0.8,40.0,20.0,100.0,449.99999999999994,AA2024-T3,AA2024-T3,8880.345313263402
40.065276764091294,56.957272304329514,j,0.39999999999999997,0.9000000000000001,54.99999999999999,20.0,140.0,449.99999999999994,AA2024-T3,AA2024-T3,7299.925365094001
40.065276764091294,56.957272304329514,formed z,0.39999999999999997,0.9000000000000001,54.99999999999999,20.0,140.0,449.99999999999994,AA2024-T3,AA2024-T3,7299.925365094002
40.065276764091294,56.957272304329514,z,0.39999999999999997,0.9000000000000001,40.0,20.0,100.0,449.99999999999994,AA2024-T3,AA2024-T3,8880.345313263402
40.065276764091294,56.957272304329514,formed z,0.39999999999999997,0.9000000000000001,40.0,20.0,100.0,449.99999999999994,AA2024-T3,AA2024-T3,8880.345313263402
40.065276764091294,56.957272304329514,z,0.39999999999999997,0.9000000000000001,54.99999999999999,20.0,140.0,449.99999999999994,AA2024-T3,AA2024-T3,7299.925365094001
40.065276764091294,56.957272304329514,formed z,0.39999999999999997,0.8,40.0,20.0,100.0,449.99999999999994,AA2024-T3,AA2024-T3,8880.345313263402
40.078646315003034,42.725482028709465,j,0.3,0.8,49.99999999999999,20.0,100.0,449.99999999999994,AA2024-T3,AA2024-T3,8187.832750335431
40.078646315003034,42.725482028709465,z,0.3,0.9000000000000001,49.99999999999999,20.0,100.0,449.99999999999994,AA2024-T3,AA2024-T3,8187.832750335427
40.078646315003034,42.725482028709465,formed z,0.3,0.8,49.99999999999999,20.0,100.0,449.99999999999994,AA2024-T3,AA2024-T3,8187.832750335427
40.078646315003034,42.725482028709465,j,0.3,0.9000000000000001,49.99999999999999,20.0,100.0,449.99999999999994,AA2024-T3,AA2024-T3,8187.832750335427
40.078646315003034,42.725482028709465,formed z,0.3,0.9000000000000001,49.99999999999999,20.0,100.0,449.99999999999994,AA2024-T3,AA2024-T3,8187.832750335427
40.078646315003034,42.725482028709465,z,0.3,0.8,49.99999999999999,20.0,100.0,449.99999999999994,AA2024-T3,AA2024-T3,8187.832750335427
40.1112326255539,56.762492975004115,j,0.39999999999999997,0.9000000000000001,70.0,20.0,180.00000000000003,399.99999999999994,AA2024-T3,AA2024-T3,6578.6099873643
40.1112326255539,56.762492975004115,z,0.39999999999999997,0.8,70.0,20.0,180.00000000000003,399.99999999999994,AA2024-T3,AA2024-T3,6429.881651036802
40.1112326255539,56.762492975004115,formed z,0.39999999999999997,0.8,70.0,20.0,180.00000000000003,399.99999999999994,AA2024-T3,AA2024-T3,6578.6099873643
40.1112326255539,56.762492975004115,j,0.39999999999999997,0.8,70.0,20.0,180.00000000000003,399.99999999999994,AA2024-T3,AA2024-T3,6578.6099873643
40.1112326255539,56.762492975004115,z,0.39999999999999997,0.9000000000000001,70.0,20.0,180.00000000000003,399.99999999999994,AA2024-T3,AA2024-T3,6578.6099873643
40.1112326255539,56.762492975004115,formed z,0.39999999999999997,0.9000000000000001,70.0,20.0,180.00000000000003,399.99999999999994,AA2024-T3,AA2024-T3,6578.6099873643
40.16277252244174,56.10834527973732,j,0.39999999999999997,0.8,44.99999999999999,20.0,120.00000000000001,300.0,AA2024-T3,AA2024-T3,7592.647043573836
40.16277252244174,56.10834527973732,z,0.39999999999999997,0.8,44.99999999999999,20.0,120.00000000000001,300.0,AA2024-T3,AA2024-T3,7592.6470435738365
40.16277252244174,56.10834527973732,formed z,0.39999999999999997,0.9000000000000001,44.99999999999999,20.0,120.00000000000001,300.0,AA2024-T3,AA2024-T3,7592.647043573836
40.16277252244174,56.10834527973732,z,0.39999999999999997,0.9000000000000001,44.99999999999999,20.0,120.00000000000001,300.0,AA2024-T3,AA2024-T3,7592.6470435738365
40.16277252244174,56.10834527973732,j,0.39999999999999997,0.9000000000000001,44.99999999999999,20.0,120.00000000000001,300.0,AA2024-T3,AA2024-T3,7592.647043573836
40.16277252244174,56.10834527973732,formed z,0.39999999999999997,0.8,44.99999999999999,20.0,120.00000000000001,300.0,AA2024-T3,AA2024-T3,7592.6470435738365
40.16497400250303,42.774057421091754,z,0.3,0.8,59.99999999999999,20.0,120.00000000000001,449.99999999999994,AA2024-T3,AA2024-T3,7796.748356307376
40.16497400250303,42.774057421091754,j,0.3,0.9000000000000001,59.99999999999999,20.0,120.00000000000001,449.99999999999994,AA2024-T3,AA2024-T3,7796.748356307376
40.16497400250303,42.774057421091754,formed z,0.3,0.8,59.99999999999999,20.0,120.00000000000001,449.99999999999994,AA2024-T3,AA2024-T3,7796.748356307377
40.16497400250303,42.774057421091754,j,0.3,0.8,59.99999999999999,20.0,120.00000000000001,449.99999999999994,AA2024-T3,AA2024-T3,7796.748356307376
40.16497400250303,42.774057421091754,formed z,0.3,0.9000000000000001,59.99999999999999,20.0,120.00000000000001,449.99999999999994,AA2024-T3,AA2024-T3,7796.748356307376
40.16497400250303,42.774057421091754,z,0.3,0.9000000000000001,59.99999999999999,20.0,120.00000000000001,449.99999999999994,AA2024-T3,AA2024-T3,7796.748356307377
40.211193037267805,85.60008314302635,j,0.6,0.8,40.0,20.0,200.0,449.99999999999994,AA2024-T3,AA2024-T3,6125.849387977423
40.211193037267805,85.60008314302635,z,0.6,0.9000000000000001,40.0,20.0,200.0,449.99999999999994,AA2024-T3,AA2024-T3,6125.849387977423
40.211193037267805,85.60008314302635,formed z,0.6,0.9000000000000001,40.0,20.0,200.0,449.99999999999994,AA2024-T3,AA2024-T3,6125.849387977425
40.211193037267805,85.60008314302635,j,0.6,0.9000000000000001,40.0,20.0,200.0,449.99999999999994,AA2024-T3,AA2024-T3,6125.849387977423
40.211193037267805,85.60008314302635,z,0.6,0.8,40.0,20.0,200.0,449.99999999999994,AA2024-T3,AA2024-T3,6125.849387977423
40.211193037267805,85.60008314302635,formed z,0.6,0.8,40.0,20.0,200.0,449.99999999999994,AA2024-T3,AA2024-T3,6125.849387977423
40.21398505498042,85.25977834014775,z,0.6,0.9000000000000001,35.0,20.0,180.00000000000003,399.99999999999994,AA2024-T3,AA2024-T3,6668.477881586581
40.21398505498042,85.25977834014775,z,0.6,0.8,35.0,20.0,180.00000000000003,399.99999999999994,AA2024-T3,AA2024-T3,6668.477881586581
40.21398505498042,85.25977834014775,formed z,0.6,0.9000000000000001,35.0,20.0,180.00000000000003,399.99999999999994,AA2024-T3,AA2024-T3,6668.477881586581
40.21398505498042,85.25977834014775,j,0.6,0.9000000000000001,35.0,20.0,180.00000000000003,399.99999999999994,AA2024-T3,AA2024-T3,6668.477881586583
40.21398505498042,85.25977834014775,formed z,0.6,0.8,35.0,20.0,180.00000000000003,399.99999999999994,AA2024-T3,AA2024-T3,6668.477881586581
40.21398505498042,85.25977834014775,j,0.6,0.8,35.0,20.0,180.00000000000003,399.99999999999994,AA2024-T3,AA2024-T3,6668.477881586583
40.222361108118264,84.23061502901092,z,0.6,0.9000000000000001,35.0,20.0,200.0,300.0,AA2024-T3,AA2024-T3,5797.6179122078565
40.222361108118264,84.23061502901092,formed z,0.6,0.9000000000000001,35.0,20.0,200.0,300.0,AA2024-T3,AA2024-T3,5797.6179122078565
40.222361108118264,84.23061502901092,j,0.6,0.8,35.0,20.0,200.0,300.0,AA2024-T3,AA2024-T3,5797.617912207857
40.222361108118264,84.23061502901092,j,0.6,0.9000000000000001,35.0,20.0,200.0,300.0,AA2024-T3,AA2024-T3,5797.617912207857
40.222361108118264,84.23061502901092,z,0.6,0.8,35.0,20.0,200.0,300.0,AA2024-T3,AA2024-T3,5797.6179122078565
40.222361108118264,84.23061502901092,formed z,0.6,0.8,35.0,20.0,200.0,300.0,AA2024-T3,AA2024-T3,5797.6179122078565
40.23014662360478,70.7777143190266,j,0.5,0.9000000000000001,40.0,20.0,140.0,350.0,AA2024-T3,AA2024-T3,7579.199510067722
40.23014662360478,70.7777143190266,formed z,0.5,0.8,40.0,20.0,140.0,350.0,AA2024-T3,AA2024-T3,7579.199510067722
40.23014662360478,70.7777143190266,z,0.5,0.8,40.0,20.0,140.0,350.0,AA2024-T3,AA2024-T3,7579.199510067722
40.23014662360478,70.7777143190266,z,0.5,0.9000000000000001,40.0,20.0,140.0,350.0,AA2024-T3,AA2024-T3,7579.199510067722
40.23014662360478,70.7777143190266,formed z,0.5,0.9000000000000001,40.0,20.0,140.0,350.0,AA2024-T3,AA2024-T3,7579.199510067726
40.23014662360478,70.7777143190266,j,0.5,0.8,40.0,20.0,140.0,350.0,AA2024-T3,AA2024-T3,7579.199510067722
40.310890275679554,71.42672883878768,formed z,0.5,0.9000000000000001,59.99999999999999,20.0,200.0,449.99999999999994,AA2024-T3,AA2024-T3,6155.098557806181
40.310890275679554,71.42672883878768,formed z,0.5,0.8,59.99999999999999,20.0,200.0,449.99999999999994,AA2024-T3,AA2024-T3,6155.098557806184
40.310890275679554,71.42672883878768,z,0.5,0.9000000000000001,59.99999999999999,20.0,200.0,449.99999999999994,AA2024-T3,AA2024-T3,6155.098557806184
40.310890275679554,71.42672883878768,z,0.5,0.8,59.99999999999999,20.0,200.0,449.99999999999994,AA2024-T3,AA2024-T3,6155.098557806181
40.310890275679554,71.42672883878768,j,0.5,0.9000000000000001,59.99999999999999,20.0,200.0,449.99999999999994,AA2024-T3,AA2024-T3,6155.098557806181
40.310890275679554,71.42672883878768,j,0.5,0.8,59.99999999999999,20.0,200.0,449.99999999999994,AA2024-T3,AA2024-T3,6155.098557806181
40.316474311104784,70.85916622268243,j,0.5,0.8,35.0,20.0,120.00000000000001,350.0,AA2024-T3,AA2024-T3,8787.411875834558
40.316474311104784,70.85916622268243,formed z,0.5,0.9000000000000001,35.0,20.0,120.00000000000001,350.0,AA2024-T3,AA2024-T3,8787.411875834558
40.316474311104784,70.85916622268243,z,0.5,0.8,35.0,20.0,120.00000000000001,350.0,AA2024-T3,AA2024-T3,8787.411875834558
40.316474311104784,70.85916622268243,j,0.5,0.9000000000000001,35.0,20.0,120.00000000000001,350.0,AA2024-T3,AA2024-T3,8787.411875834558
40.316474311104784,70.85916622268243,formed z,0.5,0.8,35.0,20.0,120.00000000000001,350.0,AA2024-T3,AA2024-T3,8787.411875834558
40.316474311104784,70.85916622268243,z,0.5,0.9000000000000001,35.0,20.0,120.00000000000001,350.0,AA2024-T3,AA2024-T3,8787.411875834558
40.32205834653001,70.28702072884987,j,0.5,0.8,54.99999999999999,20.0,200.0,300.0,AA2024-T3,AA2024-T3,5826.508417909703
40.32205834653001,70.28702072884987,z,0.5,0.8,54.99999999999999,20.0,200.0,300.0,AA2024-T3,AA2024-T3,5826.508417909703
40.32205834653001,70.28702072884987,z,0.5,0.9000000000000001,54.99999999999999,20.0,200.0,300.0,AA2024-T3,AA2024-T3,5826.508417909703
40.32205834653001,70.28702072884987,j,0.5,0.9000000000000001,54.99999999999999,20.0,200.0,300.0,AA2024-T3,AA2024-T3,5826.508417909703
40.32205834653001,70.28702072884987,formed z,0.5,0.9000000000000001,54.99999999999999,20.0,200.0,300.0,AA2024-T3,AA2024-T3,5826.508417909704
40.32205834653001,70.28702072884987,formed z,0.5,0.8,54.99999999999999,20.0,200.0,300.0,AA2024-T3,AA2024-T3,5826.508417909703
40.370215688053904,56.957272304329514,formed z,0.39999999999999997,0.9000000000000001,54.99999999999999,20.0,140.0,399.99999999999994,AA2024-T3,AA2024-T3,7299.925365094002
40.370215688053904,56.957272304329514,formed z,0.39999999999999997,0.9000000000000001,40.0,20.0,100.0,399.99999999999994,AA2024-T3,AA2024-T3,8880.345313263402
40.370215688053904,56.957272304329514,j,0.39999999999999997,0.9000000000000001,54.99999999999999,20.0,140.0,399.99999999999994,AA2024-T3,AA2024-T3,7299.925365094001
40.370215688053904,56.957272304329514,z,0.39999999999999997,0.8,40.0,20.0,100.0,399.99999999999994,AA2024-T3,AA2024-T3,8880.345313263402
40.370215688053904,56.957272304329514,formed z,0.39999999999999997,0.8,40.0,20.0,100.0,399.99999999999994,AA2024-T3,AA2024-T3,8880.345313263402
40.370215688053904,56.957272304329514,z,0.39999999999999997,0.9000000000000001,54.99999999999999,20.0,140.0,399.99999999999994,AA2024-T3,AA2024-T3,7299.925365094001
40.370215688053904,56.957272304329514,z,0.39999999999999997,0.8,54.99999999999999,20.0,140.0,399.99999999999994,AA2024-T3,AA2024-T3,7299.925365094001
40.370215688053904,56.957272304329514,j,0.39999999999999997,0.9000000000000001,40.0,20.0,100.0,399.99999999999994,AA2024-T3,AA2024-T3,8880.345313263402
40.370215688053904,56.957272304329514,formed z,0.39999999999999997,0.8,54.99999999999999,20.0,140.0,399.99999999999994,AA2024-T3,AA2024-T3,7299.925365094001
40.370215688053904,56.957272304329514,j,0.39999999999999997,0.8,40.0,20.0,100.0,399.99999999999994,AA2024-T3,AA2024-T3,8880.345313263402
40.370215688053904,56.957272304329514,z,0.39999999999999997,0.9000000000000001,40.0,20.0,100.0,399.99999999999994,AA2024-T3,AA2024-T3,8880.345313263402
40.370215688053904,56.957272304329514,j,0.39999999999999997,0.8,54.99999999999999,20.0,140.0,399.99999999999994,AA2024-T3,AA2024-T3,7299.925365094001
40.38358523896565,42.725482028709465,z,0.3,0.8,49.99999999999999,20.0,100.0,399.99999999999994,AA2024-T3,AA2024-T3,8187.832750335427
40.38358523896565,42.725482028709465,j,0.3,0.9000000000000001,49.99999999999999,20.0,100.0,399.99999999999994,AA2024-T3,AA2024-T3,8187.832750335427
40.38358523896565,42.725482028709465,j,0.3,0.8,49.99999999999999,20.0,100.0,399.99999999999994,AA2024-T3,AA2024-T3,8187.832750335431
40.38358523896565,42.725482028709465,formed z,0.3,0.9000000000000001,49.99999999999999,20.0,100.0,399.99999999999994,AA2024-T3,AA2024-T3,8187.832750335427
40.38358523896565,42.725482028709465,z,0.3,0.9000000000000001,49.99999999999999,20.0,100.0,399.99999999999994,AA2024-T3,AA2024-T3,8187.832750335427
40.38358523896565,42.725482028709465,formed z,0.3,0.8,49.99999999999999,20.0,100.0,399.99999999999994,AA2024-T3,AA2024-T3,8187.832750335427
40.40838603403001,70.36904061080956,j,0.5,0.9000000000000001,49.99999999999999,20.0,180.00000000000003,300.0,AA2024-T3,AA2024-T3,6223.054188095802
40.40838603403001,70.36904061080956,j,0.5,0.8,49.99999999999999,20.0,180.00000000000003,300.0,AA2024-T3,AA2024-T3,6223.054188095803
40.40838603403001,70.36904061080956,z,0.5,0.8,49.99999999999999,20.0,180.00000000000003,300.0,AA2024-T3,AA2024-T3,6223.054188095802
40.40838603403001,70.36904061080956,z,0.5,0.9000000000000001,49.99999999999999,20.0,180.00000000000003,300.0,AA2024-T3,AA2024-T3,6223.054188095802
40.40838603403001,70.36904061080956,formed z,0.5,0.8,49.99999999999999,20.0,180.00000000000003,300.0,AA2024-T3,AA2024-T3,6223.054188095802
40.40838603403001,70.36904061080956,formed z,0.5,0.9000000000000001,49.99999999999999,20.0,180.00000000000003,300.0,AA2024-T3,AA2024-T3,6223.054188095802
40.41617154951651,56.762492975004115,formed z,0.39999999999999997,0.9000000000000001,70.0,20.0,180.00000000000003,350.0,AA2024-T3,AA2024-T3,6578.6099873643
40.41617154951651,56.762492975004115,j,0.39999999999999997,0.9000000000000001,70.0,20.0,180.00000000000003,350.0,AA2024-T3,AA2024-T3,6578.6099873643
40.41617154951651,56.762492975004115,z,0.39999999999999997,0.9000000000000001,70.0,20.0,180.00000000000003,350.0,AA2024-T3,AA2024-T3,6578.6099873643
40.41617154951651,56.762492975004115,formed z,0.39999999999999997,0.8,70.0,20.0,180.00000000000003,350.0,AA2024-T3,AA2024-T3,6578.6099873643
40.41617154951651,56.762492975004115,z,0.39999999999999997,0.8,70.0,20.0,180.00000000000003,350.0,AA2024-T3,AA2024-T3,6446.064801153052
40.41617154951651,56.762492975004115,j,0.39999999999999997,0.8,70.0,20.0,180.00000000000003,350.0,AA2024-T3,AA2024-T3,6578.6099873643
40.42175558494174,56.30538757208205,formed z,0.39999999999999997,0.8,59.99999999999999,20.0,160.00000000000003,300.0,AA2024-T3,AA2024-T3,6680.367047743504
40.42175558494174,56.30538757208205,j,0.39999999999999997,0.9000000000000001,59.99999999999999,20.0,160.00000000000003,300.0,AA2024-T3,AA2024-T3,6680.3670477435035
40.42175558494174,56.30538757208205,z,0.39999999999999997,0.8,59.99999999999999,20.0,160.00000000000003,300.0,AA2024-T3,AA2024-T3,6680.3670477435035
40.42175558494174,56.30538757208205,z,0.39999999999999997,0.9000000000000001,59.99999999999999,20.0,160.00000000000003,300.0,AA2024-T3,AA2024-T3,6680.367047743504
40.42175558494174,56.30538757208205,formed z,0.39999999999999997,0.9000000000000001,59.99999999999999,20.0,160.00000000000003,300.0,AA2024-T3,AA2024-T3,6680.3670477435035
40.42175558494174,56.30538757208205,j,0.39999999999999997,0.8,59.99999999999999,20.0,160.00000000000003,300.0,AA2024-T3,AA2024-T3,6680.3670477435035
40.469912926465646,42.774057421091754,j,0.3,0.8,59.99999999999999,20.0,120.00000000000001,399.99999999999994,AA2024-T3,AA2024-T3,7796.748356307376
40.469912926465646,42.774057421091754,j,0.3,0.9000000000000001,59.99999999999999,20.0,120.00000000000001,399.99999999999994,AA2024-T3,AA2024-T3,7796.748356307376
40.469912926465646,42.774057421091754,formed z,0.3,0.9000000000000001,59.99999999999999,20.0,120.00000000000001,399.99999999999994,AA2024-T3,AA2024-T3,7796.748356307376
40.469912926465646,42.774057421091754,z,0.3,0.8,59.99999999999999,20.0,120.00000000000001,399.99999999999994,AA2024-T3,AA2024-T3,7796.748356307376
40.469912926465646,42.774057421091754,z,0.3,0.9000000000000001,59.99999999999999,20.0,120.00000000000001,399.99999999999994,AA2024-T3,AA2024-T3,7796.748356307377
40.469912926465646,42.774057421091754,formed z,0.3,0.8,59.99999999999999,20.0,120.00000000000001,399.99999999999994,AA2024-T3,AA2024-T3,7796.748356307377
40.51028475250303,42.96780984611582,j,0.3,0.9000000000000001,70.0,20.0,140.0,449.99999999999994,AA2024-T3,AA2024-T3,7607.579839298201
40.51028475250303,42.96780984611582,formed z,0.3,0.9000000000000001,70.0,20.0,140.0,449.99999999999994,AA2024-T3,AA2024-T3,7607.579839298201
40.51028475250303,42.96780984611582,j,0.3,0.8,70.0,20.0,140.0,449.99999999999994,AA2024-T3,AA2024-T3,7607.579839298201
40.51028475250303,42.96780984611582,z,0.3,0.8,70.0,20.0,140.0,449.99999999999994,AA2024-T3,AA2024-T3,7403.551973577494
40.51028475250303,42.96780984611582,z,0.3,0.9000000000000001,70.0,20.0,140.0,449.99999999999994,AA2024-T3,AA2024-T3,7607.579839298201
40.51028475250303,42.96780984611582,formed z,0.3,0.8,70.0,20.0,140.0,449.99999999999994,AA2024-T3,AA2024-T3,7607.579839298201
40.51613196123042,85.60008314302635,j,0.6,0.9000000000000001,40.0,20.0,200.0,399.99999999999994,AA2024-T3,AA2024-T3,6125.849387977423
40.51613196123042,85.60008314302635,formed z,0.6,0.8,40.0,20.0,200.0,399.99999999999994,AA2024-T3,AA2024-T3,6125.849387977423
40.51613196123042,85.60008314302635,z,0.6,0.8,40.0,20.0,200.0,399.99999999999994,AA2024-T3,AA2024-T3,6125.849387977423
40.51613196123042,85.60008314302635,z,0.6,0.9000000000000001,40.0,20.0,200.0,399.99999999999994,AA2024-T3,AA2024-T3,6125.849387977423
40.51613196123042,85.60008314302635,formed z,0.6,0.9000000000000001,40.0,20.0,200.0,399.99999999999994,AA2024-T3,AA2024-T3,6125.849387977425
40.51613196123042,85.60008314302635,j,0.6,0.8,40.0,20.0,200.0,399.99999999999994,AA2024-T3,AA2024-T3,6125.849387977423
40.518923978943036,85.25977834014775,z,0.6,0.8,35.0,20.0,180.00000000000003,350.0,AA2024-T3,AA2024-T3,6668.477881586581
40.518923978943036,85.25977834014775,z,0.6,0.9000000000000001,35.0,20.0,180.00000000000003,350.0,AA2024-T3,AA2024-T3,6668.477881586581
40.518923978943036,85.25977834014775,j,0.6,0.9000000000000001,35.0,20.0,180.00000000000003,350.0,AA2024-T3,AA2024-T3,6668.477881586583
40.518923978943036,85.25977834014775,formed z,0.6,0.8,35.0,20.0,180.00000000000003,350.0,AA2024-T3,AA2024-T3,6668.477881586581
40.518923978943036,85.25977834014775,j,0.6,0.8,35.0,20.0,180.00000000000003,350.0,AA2024-T3,AA2024-T3,6668.477881586583
40.518923978943036,85.25977834014775,formed z,0.6,0.9000000000000001,35.0,20.0,180.00000000000003,350.0,AA2024-T3,AA2024-T3,6668.477881586581
40.526709494429554,71.62833989755516,j,0.5,0.9000000000000001,54.99999999999999,20.0,180.00000000000003,449.99999999999994,AA2024-T3,AA2024-T3,6587.340150103739
40.526709494429554,71.62833989755516,j,0.5,0.8,54.99999999999999,20.0,180.00000000000003,449.99999999999994,AA2024-T3,AA2024-T3,6587.340150103739
40.526709494429554,71.62833989755516,formed z,0.5,0.8,54.99999999999999,20.0,180.00000000000003,449.99999999999994,AA2024-T3,AA2024-T3,6587.340150103739
40.526709494429554,71.62833989755516,formed z,0.5,0.9000000000000001,54.99999999999999,20.0,180.00000000000003,449.99999999999994,AA2024-T3,AA2024-T3,6587.340150103739
40.526709494429554,71.62833989755516,z,0.5,0.8,54.99999999999999,20.0,180.00000000000003,449.99999999999994,AA2024-T3,AA2024-T3,6587.340150103739
40.526709494429554,71.62833989755516,z,0.5,0.9000000000000001,54.99999999999999,20.0,180.00000000000003,449.99999999999994,AA2024-T3,AA2024-T3,6587.340150103739
40.615829199642164,71.42672883878768,j,0.5,0.9000000000000001,59.99999999999999,20.0,200.0,399.99999999999994,AA2024-T3,AA2024-T3,6155.098557806181
40.615829199642164,71.42672883878768,j,0.5,0.8,59.99999999999999,20.0,200.0,399.99999999999994,AA2024-T3,AA2024-T3,6155.098557806181
40.615829199642164,71.42672883878768,z,0.5,0.9000000000000001,59.99999999999999,20.0,200.0,399.99999999999994,AA2024-T3,AA2024-T3,6155.098557806184
40.615829199642164,71.42672883878768,formed z,0.5,0.9000000000000001,59.99999999999999,20.0,200.0,399.99999999999994,AA2024-T3,AA2024-T3,6155.098557806181
40.615829199642164,71.42672883878768,z,0.5,0.8,59.99999999999999,20.0,200.0,399.99999999999994,AA2024-T3,AA2024-T3,6155.098557806181
40.615829199642164,71.42672883878768,formed z,0.5,0.8,59.99999999999999,20.0,200.0,399.99999999999994,AA2024-T3,AA2024-T3,6155.098557806184
40.62420525278001,70.57367328087545,z,0.5,0.8,44.99999999999999,20.0,160.00000000000003,300.0,AA2024-T3,AA2024-T3,6782.601785013761
40.62420525278001,70.57367328087545,z,0.5,0.9000000000000001,44.99999999999999,20.0,160.00000000000003,300.0,AA2024-T3,AA2024-T3,6782.601785013763
40.62420525278001,70.57367328087545,j,0.5,0.9000000000000001,44.99999999999999,20.0,160.00000000000003,300.0,AA2024-T3,AA2024-T3,6782.601785013761
40.62420525278001,70.57367328087545,formed z,0.5,0.8,44.99999999999999,20.0,160.00000000000003,300.0,AA2024-T3,AA2024-T3,6782.601785013761
40.62420525278001,70.57367328087545,j,0.5,0.8,44.99999999999999,20.0,160.00000000000003,300.0,AA2024-T3,AA2024-T3,6782.601785013761
40.62420525278001,70.57367328087545,formed z,0.5,0.9000000000000001,44.99999999999999,20.0,160.00000000000003,300.0,AA2024-T3,AA2024-T3,6782.601785013761
40.67515461201651,56.957272304329514,z,0.39999999999999997,0.9000000000000001,40.0,20.0,100.0,350.0,AA2024-T3,AA2024-T3,8880.345313263402
40.67515461201651,56.957272304329514,j,0.39999999999999997,0.8,40.0,20.0,100.0,350.0,AA2024-T3,AA2024-T3,8880.345313263402
40.67515461201651,56.957272304329514,z,0.39999999999999997,0.8,54.99999999999999,20.0,140.0,350.0,AA2024-T3,AA2024-T3,7299.925365094001
40.67515461201651,56.957272304329514,j,0.39999999999999997,0.8,54.99999999999999,20.0,140.0,350.0,AA2024-T3,AA2024-T3,7299.925365094001
40.67515461201651,56.957272304329514,z,0.39999999999999997,0.8,40.0,20.0,100.0,350.0,AA2024-T3,AA2024-T3,8880.345313263402
40.67515461201651,56.957272304329514,formed z,0.39999999999999997,0.9000000000000001,54.99999999999999,20.0,140.0,350.0,AA2024-T3,AA2024-T3,7299.925365094002
40.67515461201651,56.957272304329514,j,0.39999999999999997,0.9000000000000001,54.99999999999999,20.0,140.0,350.0,AA2024-T3,AA2024-T3,7299.925365094001
40.67515461201651,56.957272304329514,z,0.39999999999999997,0.9000000000000001,54.99999999999999,20.0,140.0,350.0,AA2024-T3,AA2024-T3,7299.925365094001
40.67515461201651,56.957272304329514,formed z,0.39999999999999997,0.8,40.0,20.0,100.0,350.0,AA2024-T3,AA2024-T3,8880.345313263402
40.67515461201651,56.957272304329514,formed z,0.39999999999999997,0.9000000000000001,40.0,20.0,100.0,350.0,AA2024-T3,AA2024-T3,8880.345313263402
40.67515461201651,56.957272304329514,j,0.39999999999999997,0.9000000000000001,40.0,20.0,100.0,350.0,AA2024-T3,AA2024-T3,8880.345313263402
40.67515461201651,56.957272304329514,formed z,0.39999999999999997,0.8,54.99999999999999,20.0,140.0,350.0,AA2024-T3,AA2024-T3,7299.925365094001
40.68852416292826,42.725482028709465,formed z,0.3,0.8,49.99999999999999,20.0,100.0,350.0,AA2024-T3,AA2024-T3,8187.832750335427
40.68852416292826,42.725482028709465,z,0.3,0.9000000000000001,49.99999999999999,20.0,100.0,350.0,AA2024-T3,AA2024-T3,8187.832750335427
40.68852416292826,42.725482028709465,j,0.3,0.9000000000000001,49.99999999999999,20.0,100.0,350.0,AA2024-T3,AA2024-T3,8187.832750335427
40.68852416292826,42.725482028709465,j,0.3,0.8,49.99999999999999,20.0,100.0,350.0,AA2024-T3,AA2024-T3,8187.832750335431
40.68852416292826,42.725482028709465,z,0.3,0.8,49.99999999999999,20.0,100.0,350.0,AA2024-T3,AA2024-T3,8187.832750335427
40.68852416292826,42.725482028709465,formed z,0.3,0.9000000000000001,49.99999999999999,20.0,100.0,350.0,AA2024-T3,AA2024-T3,8187.832750335427
40.71273442034129,57.441331089903535,j,0.39999999999999997,0.8,65.0,20.0,160.00000000000003,449.99999999999994,AA2024-T3,AA2024-T3,7091.907910243218
40.71273442034129,57.441331089903535,formed z,0.39999999999999997,0.8,65.0,20.0,160.00000000000003,449.99999999999994,AA2024-T3,AA2024-T3,7091.907910243215
40.71273442034129,57.441331089903535,z,0.39999999999999997,0.8,65.0,20.0,160.00000000000003,449.99999999999994,AA2024-T3,AA2024-T3,7091.907910243215
40.71273442034129,57.441331089903535,formed z,0.39999999999999997,0.9000000000000001,65.0,20.0,160.00000000000003,449.99999999999994,AA2024-T3,AA2024-T3,7091.907910243215
40.71273442034129,57.441331089903535,j,0.39999999999999997,0.9000000000000001,65.0,20.0,160.00000000000003,449.99999999999994,AA2024-T3,AA2024-T3,7091.907910243215
40.71273442034129,57.441331089903535,z,0.39999999999999997,0.9000000000000001,65.0,20.0,160.00000000000003,449.99999999999994,AA2024-T3,AA2024-T3,7091.907910243215
40.77485185042826,42.774057421091754,j,0.3,0.8,59.99999999999999,20.0,120.00000000000001,350.0,AA2024-T3,AA2024-T3,7796.748356307376
40.77485185042826,42.774057421091754,formed z,0.3,0.8,59.99999999999999,20.0,120.00000000000001,350.0,AA2024-T3,AA2024-T3,7796.748356307377
40.77485185042826,42.774057421091754,j,0.3,0.9000000000000001,59.99999999999999,20.0,120.00000000000001,350.0,AA2024-T3,AA2024-T3,7796.748356307376
40.77485185042826,42.774057421091754,z,0.3,0.9000000000000001,59.99999999999999,20.0,120.00000000000001,350.0,AA2024-T3,AA2024-T3,7796.748356307377
40.77485185042826,42.774057421091754,z,0.3,0.8,59.99999999999999,20.0,120.00000000000001,350.0,AA2024-T3,AA2024-T3,7796.748356307376
40.77485185042826,42.774057421091754,formed z,0.3,0.9000000000000001,59.99999999999999,20.0,120.00000000000001,350.0,AA2024-T3,AA2024-T3,7796.748356307376
40.81522367646565,42.96780984611582,formed z,0.3,0.8,70.0,20.0,140.0,399.99999999999994,AA2024-T3,AA2024-T3,7607.579839298201
40.81522367646565,42.96780984611582,formed z,0.3,0.9000000000000001,70.0,20.0,140.0,399.99999999999994,AA2024-T3,AA2024-T3,7607.579839298201
40.81522367646565,42.96780984611582,j,0.3,0.8,70.0,20.0,140.0,399.99999999999994,AA2024-T3,AA2024-T3,7607.579839298201
40.81522367646565,42.96780984611582,z,0.3,0.9000000000000001,70.0,20.0,140.0,399.99999999999994,AA2024-T3,AA2024-T3,7607.579839298201
40.81522367646565,42.96780984611582,z,0.3,0.8,70.0,20.0,140.0,399.99999999999994,AA2024-T3,AA2024-T3,7423.710886286959
40.81522367646565,42.96780984611582,j,0.3,0.9000000000000001,70.0,20.0,140.0,399.99999999999994,AA2024-T3,AA2024-T3,7607.579839298201
40.82107088519303,85.60008314302635,j,0.6,0.8,40.0,20.0,200.0,350.0,AA2024-T3,AA2024-T3,6125.849387977423
40.82107088519303,85.60008314302635,z,0.6,0.8,40.0,20.0,200.0,350.0,AA2024-T3,AA2024-T3,6125.849387977423
40.82107088519303,85.60008314302635,j,0.6,0.9000000000000001,40.0,20.0,200.0,350.0,AA2024-T3,AA2024-T3,6125.849387977423
40.82107088519303,85.60008314302635,z,0.6,0.9000000000000001,40.0,20.0,200.0,350.0,AA2024-T3,AA2024-T3,6125.849387977423
40.82107088519303,85.60008314302635,formed z,0.6,0.9000000000000001,40.0,20.0,200.0,350.0,AA2024-T3,AA2024-T3,6125.849387977425
40.82107088519303,85.60008314302635,formed z,0.6,0.8,40.0,20.0,200.0,350.0,AA2024-T3,AA2024-T3,6125.849387977423
40.83164841839217,71.62833989755516,formed z,0.5,0.9000000000000001,54.99999999999999,20.0,180.00000000000003,399.99999999999994,AA2024-T3,AA2024-T3,6587.340150103739
40.83164841839217,71.62833989755516,z,0.5,0.9000000000000001,54.99999999999999,20.0,180.00000000000003,399.99999999999994,AA2024-T3,AA2024-T3,6587.340150103739
40.83164841839217,71.62833989755516,formed z,0.5,0.8,54.99999999999999,20.0,180.00000000000003,399.99999999999994,AA2024-T3,AA2024-T3,6587.340150103739
40.83164841839217,71.62833989755516,z,0.5,0.8,54.99999999999999,20.0,180.00000000000003,399.99999999999994,AA2024-T3,AA2024-T3,6587.340150103739
40.83164841839217,71.62833989755516,j,0.5,0.8,54.99999999999999,20.0,180.00000000000003,399.99999999999994,AA2024-T3,AA2024-T3,6587.340150103739
40.83164841839217,71.62833989755516,j,0.5,0.9000000000000001,54.99999999999999,20.0,180.00000000000003,399.99999999999994,AA2024-T3,AA2024-T3,6587.340150103739
40.84002447153001,70.7777143190266,z,0.5,0.8,40.0,20.0,140.0,300.0,AA2024-T3,AA2024-T3,7579.199510067722
40.84002447153001,70.7777143190266,formed z,0.5,0.8,40.0,20.0,140.0,300.0,AA2024-T3,AA2024-T3,7579.199510067722
40.84002447153001,70.7777143190266,z,0.5,0.9000000000000001,40.0,20.0,140.0,300.0,AA2024-T3,AA2024-T3,7579.199510067722
40.84002447153001,70.7777143190266,j,0.5,0.9000000000000001,40.0,20.0,140.0,300.0,AA2024-T3,AA2024-T3,7579.199510067722
40.84002447153001,70.7777143190266,j,0.5,0.8,40.0,20.0,140.0,300.0,AA2024-T3,AA2024-T3,7579.199510067722
40.84002447153001,70.7777143190266,formed z,0.5,0.9000000000000001,40.0,20.0,140.0,300.0,AA2024-T3,AA2024-T3,7579.199510067726
40.91518408817956,71.9898169704971,formed z,0.5,0.9000000000000001,49.99999999999999,20.0,160.00000000000003,449.99999999999994,AA2024-T3,AA2024-T3,7193.840237431422
40.91518408817956,71.9898169704971,z,0.5,0.8,49.99999999999999,20.0,160.00000000000003,449.99999999999994,AA2024-T3,AA2024-T3,7193.840237431422
40.91518408817956,71.9898169704971,z,0.5,0.9000000000000001,49.99999999999999,20.0,160.00000000000003,449.99999999999994,AA2024-T3,AA2024-T3,7193.840237431422
40.91518408817956,71.9898169704971,j,0.5,0.8,49.99999999999999,20.0,160.00000000000003,449.99999999999994,AA2024-T3,AA2024-T3,7193.840237431425
40.91518408817956,71.9898169704971,j,0.5,0.9000000000000001,49.99999999999999,20.0,160.00000000000003,449.99999999999994,AA2024-T3,AA2024-T3,7193.840237431422
40.91518408817956,71.9898169704971,formed z,0.5,0.8,49.99999999999999,20.0,160.00000000000003,449.99999999999994,AA2024-T3,AA2024-T3,7193.840237431422
40.92076812360478,71.42672883878768,z,0.5,0.9000000000000001,59.99999999999999,20.0,200.0,350.0,AA2024-T3,AA2024-T3,6155.098557806184
40.92076812360478,71.42672883878768,j,0.5,0.8,59.99999999999999,20.0,200.0,350.0,AA2024-T3,AA2024-T3,6155.098557806181
40.92076812360478,71.42672883878768,formed z,0.5,0.8,59.99999999999999,20.0,200.0,350.0,AA2024-T3,AA2024-T3,6155.098557806184
40.92076812360478,71.42672883878768,formed z,0.5,0.9000000000000001,59.99999999999999,20.0,200.0,350.0,AA2024-T3,AA2024-T3,6155.098557806181
40.92076812360478,71.42672883878768,j,0.5,0.9000000000000001,59.99999999999999,20.0,200.0,350.0,AA2024-T3,AA2024-T3,6155.098557806181
40.92076812360478,71.42672883878768,z,0.5,0.8,59.99999999999999,20.0,200.0,350.0,AA2024-T3,AA2024-T3,6155.098557806181
40.92635215903,70.85916622268243,z,0.5,0.9000000000000001,35.0,20.0,120.00000000000001,300.0,AA2024-T3,AA2024-T3,8787.411875834558
40.92635215903,70.85916622268243,z,0.5,0.8,35.0,20.0,120.00000000000001,300.0,AA2024-T3,AA2024-T3,8787.411875834558
40.92635215903,70.85916622268243,j,0.5,0.9000000000000001,35.0,20.0,120.00000000000001,300.0,AA2024-T3,AA2024-T3,8787.411875834558
40.92635215903,70.85916622268243,formed z,0.5,0.8,35.0,20.0,120.00000000000001,300.0,AA2024-T3,AA2024-T3,8787.411875834558
40.92635215903,70.85916622268243,formed z,0.5,0.9000000000000001,35.0,20.0,120.00000000000001,300.0,AA2024-T3,AA2024-T3,8787.411875834558
40.92635215903,70.85916622268243,j,0.5,0.8,35.0,20.0,120.00000000000001,300.0,AA2024-T3,AA2024-T3,8787.411875834558
40.92855363909129,57.601780068472806,j,0.39999999999999997,0.8,49.99999999999999,20.0,120.00000000000001,449.99999999999994,AA2024-T3,AA2024-T3,8134.963825668006
40.92855363909129,57.601780068472806,z,0.39999999999999997,0.9000000000000001,49.99999999999999,20.0,120.00000000000001,449.99999999999994,AA2024-T3,AA2024-T3,8134.963825668004
40.92855363909129,57.601780068472806,formed z,0.39999999999999997,0.8,49.99999999999999,20.0,120.00000000000001,449.99999999999994,AA2024-T3,AA2024-T3,8134.963825668004
40.92855363909129,57.601780068472806,z,0.39999999999999997,0.8,49.99999999999999,20.0,120.00000000000001,449.99999999999994,AA2024-T3,AA2024-T3,8134.963825668004
40.92855363909129,57.601780068472806,formed z,0.39999999999999997,0.9000000000000001,49.99999999999999,20.0,120.00000000000001,449.99999999999994,AA2024-T3,AA2024-T3,8134.963825668004
40.92855363909129,57.601780068472806,j,0.39999999999999997,0.9000000000000001,49.99999999999999,20.0,120.00000000000001,449.99999999999994,AA2024-T3,AA2024-T3,8134.963825668004
41.0176733443039,57.441331089903535,formed z,0.39999999999999997,0.8,65.0,20.0,160.00000000000003,399.99999999999994,AA2024-T3,AA2024-T3,7091.907910243215
41.0176733443039,57.441331089903535,formed z,0.39999999999999997,0.9000000000000001,65.0,20.0,160.00000000000003,399.99999999999994,AA2024-T3,AA2024-T3,7091.907910243215
41.0176733443039,57.441331089903535,z,0.39999999999999997,0.8,65.0,20.0,160.00000000000003,399.99999999999994,AA2024-T3,AA2024-T3,7091.907910243215
41.0176733443039,57.441331089903535,z,0.39999999999999997,0.9000000000000001,65.0,20.0,160.00000000000003,399.99999999999994,AA2024-T3,AA2024-T3,7091.907910243215
41.0176733443039,57.441331089903535,j,0.39999999999999997,0.8,65.0,20.0,160.00000000000003,399.99999999999994,AA2024-T3,AA2024-T3,7091.907910243218
41.0176733443039,57.441331089903535,j,0.39999999999999997,0.9000000000000001,65.0,20.0,160.00000000000003,399.99999999999994,AA2024-T3,AA2024-T3,7091.907910243215
41.02604939744174,56.762492975004115,formed z,0.39999999999999997,0.9000000000000001,70.0,20.0,180.00000000000003,300.0,AA2024-T3,AA2024-T3,6578.6099873643
41.02604939744174,56.762492975004115,j,0.39999999999999997,0.8,70.0,20.0,180.00000000000003,300.0,AA2024-T3,AA2024-T3,6578.6099873643
41.02604939744174,56.762492975004115,formed z,0.39999999999999997,0.8,70.0,20.0,180.00000000000003,300.0,AA2024-T3,AA2024-T3,6578.6099873643
41.02604939744174,56.762492975004115,z,0.39999999999999997,0.9000000000000001,70.0,20.0,180.00000000000003,300.0,AA2024-T3,AA2024-T3,6578.6099873643
41.02604939744174,56.762492975004115,z,0.39999999999999997,0.8,70.0,20.0,180.00000000000003,300.0,AA2024-T3,AA2024-T3,6462.124150466007
41.02604939744174,56.762492975004115,j,0.39999999999999997,0.9000000000000001,70.0,20.0,180.00000000000003,300.0,AA2024-T3,AA2024-T3,6578.6099873643
41.11763375601781,86.61297552063843,formed z,0.6,0.9000000000000001,35.0,20.0,160.00000000000003,449.99999999999994,AA2024-T3,AA2024-T3,7873.426645064617
41.11763375601781,86.61297552063843,j,0.6,0.9000000000000001,35.0,20.0,160.00000000000003,449.99999999999994,AA2024-T3,AA2024-T3,7873.426645064619
41.11763375601781,86.61297552063843,z,0.6,0.8,35.0,20.0,160.00000000000003,449.99999999999994,AA2024-T3,AA2024-T3,7873.426645064617
41.11763375601781,86.61297552063843,j,0.6,0.8,35.0,20.0,160.00000000000003,449.99999999999994,AA2024-T3,AA2024-T3,7873.426645064619
41.11763375601781,86.61297552063843,z,0.6,0.9000000000000001,35.0,20.0,160.00000000000003,449.99999999999994,AA2024-T3,AA2024-T3,7873.426645064617
41.11763375601781,86.61297552063843,formed z,0.6,0.8,35.0,20.0,160.00000000000003,449.99999999999994,AA2024-T3,AA2024-T3,7873.426645064617
41.12016260042826,42.96780984611582,formed z,0.3,0.9000000000000001,70.0,20.0,140.0,350.0,AA2024-T3,AA2024-T3,7607.579839298201
41.12016260042826,42.96780984611582,j,0.3,0.8,70.0,20.0,140.0,350.0,AA2024-T3,AA2024-T3,7607.579839298201
41.12016260042826,42.96780984611582,j,0.3,0.9000000000000001,70.0,20.0,140.0,350.0,AA2024-T3,AA2024-T3,7607.579839298201
41.12016260042826,42.96780984611582,z,0.3,0.8,70.0,20.0,140.0,350.0,AA2024-T3,AA2024-T3,7443.714429108943
41.12016260042826,42.96780984611582,z,0.3,0.9000000000000001,70.0,20.0,140.0,350.0,AA2024-T3,AA2024-T3,7607.579839298201
41.12016260042826,42.96780984611582,formed z,0.3,0.8,70.0,20.0,140.0,350.0,AA2024-T3,AA2024-T3,7607.579839298201
41.128801826868255,85.25977834014775,j,0.6,0.9000000000000001,35.0,20.0,180.00000000000003,300.0,AA2024-T3,AA2024-T3,6668.477881586583
41.128801826868255,85.25977834014775,j,0.6,0.8,35.0,20.0,180.00000000000003,300.0,AA2024-T3,AA2024-T3,6668.477881586583
41.128801826868255,85.25977834014775,z,0.6,0.9000000000000001,35.0,20.0,180.00000000000003,300.0,AA2024-T3,AA2024-T3,6668.477881586581
41.128801826868255,85.25977834014775,formed z,0.6,0.8,35.0,20.0,180.00000000000003,300.0,AA2024-T3,AA2024-T3,6668.477881586581
41.128801826868255,85.25977834014775,z,0.6,0.8,35.0,20.0,180.00000000000003,300.0,AA2024-T3,AA2024-T3,6668.477881586581
41.128801826868255,85.25977834014775,formed z,0.6,0.9000000000000001,35.0,20.0,180.00000000000003,300.0,AA2024-T3,AA2024-T3,6668.477881586581
41.13658734235478,71.62833989755516,formed z,0.5,0.9000000000000001,54.99999999999999,20.0,180.00000000000003,350.0,AA2024-T3,AA2024-T3,6587.340150103739
41.13658734235478,71.62833989755516,z,0.5,0.9000000000000001,54.99999999999999,20.0,180.00000000000003,350.0,AA2024-T3,AA2024-T3,6587.340150103739
41.13658734235478,71.62833989755516,z,0.5,0.8,54.99999999999999,20.0,180.00000000000003,350.0,AA2024-T3,AA2024-T3,6587.340150103739
41.13658734235478,71.62833989755516,formed z,0.5,0.8,54.99999999999999,20.0,180.00000000000003,350.0,AA2024-T3,AA2024-T3,6587.340150103739
41.13658734235478,71.62833989755516,j,0.5,0.8,54.99999999999999,20.0,180.00000000000003,350.0,AA2024-T3,AA2024-T3,6587.340150103739
41.13658734235478,71.62833989755516,j,0.5,0.9000000000000001,54.99999999999999,20.0,180.00000000000003,350.0,AA2024-T3,AA2024-T3,6587.340150103739
41.22012301214217,71.9898169704971,formed z,0.5,0.9000000000000001,49.99999999999999,20.0,160.00000000000003,399.99999999999994,AA2024-T3,AA2024-T3,7193.840237431422
41.22012301214217,71.9898169704971,j,0.5,0.9000000000000001,49.99999999999999,20.0,160.00000000000003,399.99999999999994,AA2024-T3,AA2024-T3,7193.840237431422
41.22012301214217,71.9898169704971,z,0.5,0.8,49.99999999999999,20.0,160.00000000000003,399.99999999999994,AA2024-T3,AA2024-T3,7193.840237431422
41.22012301214217,71.9898169704971,formed z,0.5,0.8,49.99999999999999,20.0,160.00000000000003,399.99999999999994,AA2024-T3,AA2024-T3,7193.840237431422
41.22012301214217,71.9898169704971,z,0.5,0.9000000000000001,49.99999999999999,20.0,160.00000000000003,399.99999999999994,AA2024-T3,AA2024-T3,7193.840237431422
41.22012301214217,71.9898169704971,j,0.5,0.8,49.99999999999999,20.0,160.00000000000003,399.99999999999994,AA2024-T3,AA2024-T3,7193.840237431425
41.2334925630539,57.601780068472806,formed z,0.39999999999999997,0.9000000000000001,49.99999999999999,20.0,120.00000000000001,399.99999999999994,AA2024-T3,AA2024-T3,8134.963825668004
41.2334925630539,57.601780068472806,z,0.39999999999999997,0.9000000000000001,49.99999999999999,20.0,120.00000000000001,399.99999999999994,AA2024-T3,AA2024-T3,8134.963825668004
41.2334925630539,57.601780068472806,formed z,0.39999999999999997,0.8,49.99999999999999,20.0,120.00000000000001,399.99999999999994,AA2024-T3,AA2024-T3,8134.963825668004
41.2334925630539,57.601780068472806,z,0.39999999999999997,0.8,49.99999999999999,20.0,120.00000000000001,399.99999999999994,AA2024-T3,AA2024-T3,8134.963825668004
41.2334925630539,57.601780068472806,j,0.39999999999999997,0.9000000000000001,49.99999999999999,20.0,120.00000000000001,399.99999999999994,AA2024-T3,AA2024-T3,8134.963825668004
41.2334925630539,57.601780068472806,j,0.39999999999999997,0.8,49.99999999999999,20.0,120.00000000000001,399.99999999999994,AA2024-T3,AA2024-T3,8134.963825668006
41.24712528726781,86.7567090812139,formed z,0.6,0.9000000000000001,40.0,20.0,180.00000000000003,449.99999999999994,AA2024-T3,AA2024-T3,7032.650094815925
41.24712528726781,86.7567090812139,j,0.6,0.9000000000000001,40.0,20.0,180.00000000000003,449.99999999999994,AA2024-T3,AA2024-T3,7032.650094815924
41.24712528726781,86.7567090812139,j,0.6,0.8,40.0,20.0,180.00000000000003,449.99999999999994,AA2024-T3,AA2024-T3,7032.650094815924
41.24712528726781,86.7567090812139,formed z,0.6,0.8,40.0,20.0,180.00000000000003,449.99999999999994,AA2024-T3,AA2024-T3,7032.650094815924
41.24712528726781,86.7567090812139,z,0.6,0.9000000000000001,40.0,20.0,180.00000000000003,449.99999999999994,AA2024-T3,AA2024-T3,7032.650094815924
41.24712528726781,86.7567090812139,z,0.6,0.8,40.0,20.0,180.00000000000003,449.99999999999994,AA2024-T3,AA2024-T3,7032.650094815924
41.28503245994174,56.957272304329514,formed z,0.39999999999999997,0.9000000000000001,40.0,20.0,100.0,300.0,AA2024-T3,AA2024-T3,8880.345313263402
41.28503245994174,56.957272304329514,formed z,0.39999999999999997,0.8,40.0,20.0,100.0,300.0,AA2024-T3,AA2024-T3,8880.345313263402
41.28503245994174,56.957272304329514,z,0.39999999999999997,0.8,40.0,20.0,100.0,300.0,AA2024-T3,AA2024-T3,8880.345313263402
41.28503245994174,56.957272304329514,z,0.39999999999999997,0.8,54.99999999999999,20.0,140.0,300.0,AA2024-T3,AA2024-T3,7299.925365094001
41.28503245994174,56.957272304329514,j,0.39999999999999997,0.8,54.99999999999999,20.0,140.0,300.0,AA2024-T3,AA2024-T3,7299.925365094001
41.28503245994174,56.957272304329514,j,0.39999999999999997,0.9000000000000001,54.99999999999999,20.0,140.0,300.0,AA2024-T3,AA2024-T3,7299.925365094001
41.28503245994174,56.957272304329514,formed z,0.39999999999999997,0.9000000000000001,54.99999999999999,20.0,140.0,300.0,AA2024-T3,AA2024-T3,7299.925365094002
41.28503245994174,56.957272304329514,z,0.39999999999999997,0.9000000000000001,40.0,20.0,100.0,300.0,AA2024-T3,AA2024-T3,8880.345313263402
41.28503245994174,56.957272304329514,z,0.39999999999999997,0.9000000000000001,54.99999999999999,20.0,140.0,300.0,AA2024-T3,AA2024-T3,7299.925365094001
41.28503245994174,56.957272304329514,j,0.39999999999999997,0.8,40.0,20.0,100.0,300.0,AA2024-T3,AA2024-T3,8880.345313263402
41.28503245994174,56.957272304329514,j,0.39999999999999997,0.9000000000000001,40.0,20.0,100.0,300.0,AA2024-T3,AA2024-T3,8880.345313263402
41.28503245994174,56.957272304329514,formed z,0.39999999999999997,0.8,54.99999999999999,20.0,140.0,300.0,AA2024-T3,AA2024-T3,7299.925365094001
41.298402010853486,42.725482028709465,formed z,0.3,0.9000000000000001,49.99999999999999,20.0,100.0,300.0,AA2024-T3,AA2024-T3,8187.832750335427
41.298402010853486,42.725482028709465,z,0.3,0.8,49.99999999999999,20.0,100.0,300.0,AA2024-T3,AA2024-T3,8187.832750335427
41.298402010853486,42.725482028709465,j,0.3,0.9000000000000001,49.99999999999999,20.0,100.0,300.0,AA2024-T3,AA2024-T3,8187.832750335427
41.298402010853486,42.725482028709465,z,0.3,0.9000000000000001,49.99999999999999,20.0,100.0,300.0,AA2024-T3,AA2024-T3,8187.832750335427
41.298402010853486,42.725482028709465,formed z,0.3,0.8,49.99999999999999,20.0,100.0,300.0,AA2024-T3,AA2024-T3,8187.832750335427
41.298402010853486,42.725482028709465,j,0.3,0.8,49.99999999999999,20.0,100.0,300.0,AA2024-T3,AA2024-T3,8187.832750335431
41.32261226826651,57.441331089903535,j,0.39999999999999997,0.8,65.0,20.0,160.00000000000003,350.0,AA2024-T3,AA2024-T3,7091.907910243218
41.32261226826651,57.441331089903535,j,0.39999999999999997,0.9000000000000001,65.0,20.0,160.00000000000003,350.0,AA2024-T3,AA2024-T3,7091.907910243215
41.32261226826651,57.441331089903535,z,0.39999999999999997,0.9000000000000001,65.0,20.0,160.00000000000003,350.0,AA2024-T3,AA2024-T3,7091.907910243215
41.32261226826651,57.441331089903535,formed z,0.39999999999999997,0.9000000000000001,65.0,20.0,160.00000000000003,350.0,AA2024-T3,AA2024-T3,7091.907910243215
41.32261226826651,57.441331089903535,z,0.39999999999999997,0.8,65.0,20.0,160.00000000000003,350.0,AA2024-T3,AA2024-T3,7091.907910243215
41.32261226826651,57.441331089903535,formed z,0.39999999999999997,0.8,65.0,20.0,160.00000000000003,350.0,AA2024-T3,AA2024-T3,7091.907910243215
41.346822525679556,72.38934117109817,formed z,0.5,0.9000000000000001,44.99999999999999,20.0,140.0,449.99999999999994,AA2024-T3,AA2024-T3,8049.644960501302
41.346822525679556,72.38934117109817,j,0.5,0.8,44.99999999999999,20.0,140.0,449.99999999999994,AA2024-T3,AA2024-T3,8049.644960501302
41.346822525679556,72.38934117109817,formed z,0.5,0.8,44.99999999999999,20.0,140.0,449.99999999999994,AA2024-T3,AA2024-T3,8049.644960501302
41.346822525679556,72.38934117109817,z,0.5,0.9000000000000001,44.99999999999999,20.0,140.0,449.99999999999994,AA2024-T3,AA2024-T3,8049.644960501304
41.346822525679556,72.38934117109817,j,0.5,0.9000000000000001,44.99999999999999,20.0,140.0,449.99999999999994,AA2024-T3,AA2024-T3,8049.644960501302
41.346822525679556,72.38934117109817,z,0.5,0.8,44.99999999999999,20.0,140.0,449.99999999999994,AA2024-T3,AA2024-T3,8049.644960501302
41.38472969835348,42.774057421091754,z,0.3,0.8,59.99999999999999,20.0,120.00000000000001,300.0,AA2024-T3,AA2024-T3,7796.748356307376
41.38472969835348,42.774057421091754,j,0.3,0.9000000000000001,59.99999999999999,20.0,120.00000000000001,300.0,AA2024-T3,AA2024-T3,7796.748356307376
41.38472969835348,42.774057421091754,z,0.3,0.9000000000000001,59.99999999999999,20.0,120.00000000000001,300.0,AA2024-T3,AA2024-T3,7796.748356307377
41.38472969835348,42.774057421091754,formed z,0.3,0.8,59.99999999999999,20.0,120.00000000000001,300.0,AA2024-T3,AA2024-T3,7796.748356307377
41.38472969835348,42.774057421091754,formed z,0.3,0.9000000000000001,59.99999999999999,20.0,120.00000000000001,300.0,AA2024-T3,AA2024-T3,7796.748356307376
41.38472969835348,42.774057421091754,j,0.3,0.8,59.99999999999999,20.0,120.00000000000001,300.0,AA2024-T3,AA2024-T3,7796.748356307376
41.419780662267804,86.94798422057069,j,0.6,0.8,44.99999999999999,20.0,200.0,449.99999999999994,AA2024-T3,AA2024-T3,6454.209303888105
41.419780662267804,86.94798422057069,z,0.6,0.9000000000000001,44.99999999999999,20.0,200.0,449.99999999999994,AA2024-T3,AA2024-T3,6454.209303888107
41.419780662267804,86.94798422057069,z,0.6,0.8,44.99999999999999,20.0,200.0,449.99999999999994,AA2024-T3,AA2024-T3,6454.209303888105
41.419780662267804,86.94798422057069,j,0.6,0.9000000000000001,44.99999999999999,20.0,200.0,449.99999999999994,AA2024-T3,AA2024-T3,6454.209303888105
41.419780662267804,86.94798422057069,formed z,0.6,0.9000000000000001,44.99999999999999,20.0,200.0,449.99999999999994,AA2024-T3,AA2024-T3,6454.209303888105
41.419780662267804,86.94798422057069,formed z,0.6,0.8,44.99999999999999,20.0,200.0,449.99999999999994,AA2024-T3,AA2024-T3,6454.209303888105
41.42257267998042,86.61297552063843,formed z,0.6,0.9000000000000001,35.0,20.0,160.00000000000003,399.99999999999994,AA2024-T3,AA2024-T3,7873.426645064617
41.42257267998042,86.61297552063843,j,0.6,0.9000000000000001,35.0,20.0,160.00000000000003,399.99999999999994,AA2024-T3,AA2024-T3,7873.426645064619
41.42257267998042,86.61297552063843,z,0.6,0.9000000000000001,35.0,20.0,160.00000000000003,399.99999999999994,AA2024-T3,AA2024-T3,7873.426645064617
41.42257267998042,86.61297552063843,j,0.6,0.8,35.0,20.0,160.00000000000003,399.99999999999994,AA2024-T3,AA2024-T3,7873.426645064619
41.42257267998042,86.61297552063843,formed z,0.6,0.8,35.0,20.0,160.00000000000003,399.99999999999994,AA2024-T3,AA2024-T3,7873.426645064617
41.42257267998042,86.61297552063843,z,0.6,0.8,35.0,20.0,160.00000000000003,399.99999999999994,AA2024-T3,AA2024-T3,7873.426645064617
41.43094873311826,85.60008314302635,z,0.6,0.8,40.0,20.0,200.0,300.0,AA2024-T3,AA2024-T3,6125.849387977423
41.43094873311826,85.60008314302635,z,0.6,0.9000000000000001,40.0,20.0,200.0,300.0,AA2024-T3,AA2024-T3,6125.849387977423
41.43094873311826,85.60008314302635,formed z,0.6,0.9000000000000001,40.0,20.0,200.0,300.0,AA2024-T3,AA2024-T3,6125.849387977425
41.43094873311826,85.60008314302635,formed z,0.6,0.8,40.0,20.0,200.0,300.0,AA2024-T3,AA2024-T3,6125.849387977423
41.43094873311826,85.60008314302635,j,0.6,0.9000000000000001,40.0,20.0,200.0,300.0,AA2024-T3,AA2024-T3,6125.849387977423
41.43094873311826,85.60008314302635,j,0.6,0.8,40.0,20.0,200.0,300.0,AA2024-T3,AA2024-T3,6125.849387977423
41.519477900679554,72.54853480451304,j,0.5,0.9000000000000001,65.0,20.0,200.0,449.99999999999994,AA2024-T3,AA2024-T3,6483.7954006239615
41.519477900679554,72.54853480451304,z,0.5,0.9000000000000001,65.0,20.0,200.0,449.99999999999994,AA2024-T3,AA2024-T3,6483.7954006239615
41.519477900679554,72.54853480451304,j,0.5,0.8,65.0,20.0,200.0,449.99999999999994,AA2024-T3,AA2024-T3,6483.795400623964
41.519477900679554,72.54853480451304,formed z,0.5,0.8,65.0,20.0,200.0,449.99999999999994,AA2024-T3,AA2024-T3,6483.7954006239615
41.519477900679554,72.54853480451304,formed z,0.5,0.9000000000000001,65.0,20.0,200.0,449.99999999999994,AA2024-T3,AA2024-T3,6483.7954006239615
41.519477900679554,72.54853480451304,z,0.5,0.8,65.0,20.0,200.0,449.99999999999994,AA2024-T3,AA2024-T3,6483.7954006239615
41.52506193610478,71.9898169704971,j,0.5,0.9000000000000001,49.99999999999999,20.0,160.00000000000003,350.0,AA2024-T3,AA2024-T3,7193.840237431422
41.52506193610478,71.9898169704971,z,0.5,0.8,49.99999999999999,20.0,160.00000000000003,350.0,AA2024-T3,AA2024-T3,7193.840237431422
41.52506193610478,71.9898169704971,z,0.5,0.9000000000000001,49.99999999999999,20.0,160.00000000000003,350.0,AA2024-T3,AA2024-T3,7193.840237431422
41.52506193610478,71.9898169704971,formed z,0.5,0.8,49.99999999999999,20.0,160.00000000000003,350.0,AA2024-T3,AA2024-T3,7193.840237431422
41.52506193610478,71.9898169704971,j,0.5,0.8,49.99999999999999,20.0,160.00000000000003,350.0,AA2024-T3,AA2024-T3,7193.840237431425
41.52506193610478,71.9898169704971,formed z,0.5,0.9000000000000001,49.99999999999999,20.0,160.00000000000003,350.0,AA2024-T3,AA2024-T3,7193.840237431422
41.53064597153001,71.42672883878768,formed z,0.5,0.9000000000000001,59.99999999999999,20.0,200.0,300.0,AA2024-T3,AA2024-T3,6155.098557806181
41.53064597153001,71.42672883878768,j,0.5,0.9000000000000001,59.99999999999999,20.0,200.0,300.0,AA2024-T3,AA2024-T3,6155.098557806181
41.53064597153001,71.42672883878768,formed z,0.5,0.8,59.99999999999999,20.0,200.0,300.0,AA2024-T3,AA2024-T3,6155.098557806184
41.53064597153001,71.42672883878768,z,0.5,0.9000000000000001,59.99999999999999,20.0,200.0,300.0,AA2024-T3,AA2024-T3,6155.098557806184
41.53064597153001,71.42672883878768,z,0.5,0.8,59.99999999999999,20.0,200.0,300.0,AA2024-T3,AA2024-T3,6155.098557806181
41.53064597153001,71.42672883878768,j,0.5,0.8,59.99999999999999,20.0,200.0,300.0,AA2024-T3,AA2024-T3,6155.098557806181
41.53843148701651,57.601780068472806,z,0.39999999999999997,0.8,49.99999999999999,20.0,120.00000000000001,350.0,AA2024-T3,AA2024-T3,8134.963825668004
41.53843148701651,57.601780068472806,j,0.39999999999999997,0.8,49.99999999999999,20.0,120.00000000000001,350.0,AA2024-T3,AA2024-T3,8134.963825668006
41.53843148701651,57.601780068472806,z,0.39999999999999997,0.9000000000000001,49.99999999999999,20.0,120.00000000000001,350.0,AA2024-T3,AA2024-T3,8134.963825668004
41.53843148701651,57.601780068472806,formed z,0.39999999999999997,0.9000000000000001,49.99999999999999,20.0,120.00000000000001,350.0,AA2024-T3,AA2024-T3,8134.963825668004
41.53843148701651,57.601780068472806,j,0.39999999999999997,0.9000000000000001,49.99999999999999,20.0,120.00000000000001,350.0,AA2024-T3,AA2024-T3,8134.963825668004
41.53843148701651,57.601780068472806,formed z,0.39999999999999997,0.8,49.99999999999999,20.0,120.00000000000001,350.0,AA2024-T3,AA2024-T3,8134.963825668004
41.552064211230416,86.7567090812139,formed z,0.6,0.9000000000000001,40.0,20.0,180.00000000000003,399.99999999999994,AA2024-T3,AA2024-T3,7032.650094815925
41.552064211230416,86.7567090812139,z,0.6,0.8,40.0,20.0,180.00000000000003,399.99999999999994,AA2024-T3,AA2024-T3,7032.650094815924
41.552064211230416,86.7567090812139,j,0.6,0.8,40.0,20.0,180.00000000000003,399.99999999999994,AA2024-T3,AA2024-T3,7032.650094815924
41.552064211230416,86.7567090812139,formed z,0.6,0.8,40.0,20.0,180.00000000000003,399.99999999999994,AA2024-T3,AA2024-T3,7032.650094815924
41.552064211230416,86.7567090812139,j,0.6,0.9000000000000001,40.0,20.0,180.00000000000003,399.99999999999994,AA2024-T3,AA2024-T3,7032.650094815924
41.552064211230416,86.7567090812139,z,0.6,0.9000000000000001,40.0,20.0,180.00000000000003,399.99999999999994,AA2024-T3,AA2024-T3,7032.650094815924
41.651761449642166,72.38934117109817,j,0.5,0.8,44.99999999999999,20.0,140.0,399.99999999999994,AA2024-T3,AA2024-T3,8049.644960501302
41.651761449642166,72.38934117109817,z,0.5,0.9000000000000001,44.99999999999999,20.0,140.0,399.99999999999994,AA2024-T3,AA2024-T3,8049.644960501304
41.651761449642166,72.38934117109817,formed z,0.5,0.8,44.99999999999999,20.0,140.0,399.99999999999994,AA2024-T3,AA2024-T3,8049.644960501302
41.651761449642166,72.38934117109817,j,0.5,0.9000000000000001,44.99999999999999,20.0,140.0,399.99999999999994,AA2024-T3,AA2024-T3,8049.644960501302
41.651761449642166,72.38934117109817,formed z,0.5,0.9000000000000001,44.99999999999999,20.0,140.0,399.99999999999994,AA2024-T3,AA2024-T3,8049.644960501302
41.651761449642166,72.38934117109817,z,0.5,0.8,44.99999999999999,20.0,140.0,399.99999999999994,AA2024-T3,AA2024-T3,8049.644960501302
41.69213327567955,72.70737988249631,formed z,0.5,0.8,40.0,20.0,120.00000000000001,449.99999999999994,AA2024-T3,AA2024-T3,9329.849157470066
41.69213327567955,72.70737988249631,formed z,0.5,0.9000000000000001,40.0,20.0,120.00000000000001,449.99999999999994,AA2024-T3,AA2024-T3,9329.849157470067
41.69213327567955,72.70737988249631,z,0.5,0.8,40.0,20.0,120.00000000000001,449.99999999999994,AA2024-T3,AA2024-T3,9329.849157470066
41.69213327567955,72.70737988249631,z,0.5,0.9000000000000001,40.0,20.0,120.00000000000001,449.99999999999994,AA2024-T3,AA2024-T3,9329.849157470066
41.69213327567955,72.70737988249631,j,0.5,0.9000000000000001,40.0,20.0,120.00000000000001,449.99999999999994,AA2024-T3,AA2024-T3,9329.849157470066
41.69213327567955,72.70737988249631,j,0.5,0.8,40.0,20.0,120.00000000000001,449.99999999999994,AA2024-T3,AA2024-T3,9329.849157470066
41.72471958623042,86.94798422057069,formed z,0.6,0.9000000000000001,44.99999999999999,20.0,200.0,399.99999999999994,AA2024-T3,AA2024-T3,6454.209303888105
41.72471958623042,86.94798422057069,j,0.6,0.9000000000000001,44.99999999999999,20.0,200.0,399.99999999999994,AA2024-T3,AA2024-T3,6454.209303888105
41.72471958623042,86.94798422057069,j,0.6,0.8,44.99999999999999,20.0,200.0,399.99999999999994,AA2024-T3,AA2024-T3,6454.209303888105
41.72471958623042,86.94798422057069,z,0.6,0.9000000000000001,44.99999999999999,20.0,200.0,399.99999999999994,AA2024-T3,AA2024-T3,6454.209303888107
41.72471958623042,86.94798422057069,formed z,0.6,0.8,44.99999999999999,20.0,200.0,399.99999999999994,AA2024-T3,AA2024-T3,6454.209303888105
41.72471958623042,86.94798422057069,z,0.6,0.8,44.99999999999999,20.0,200.0,399.99999999999994,AA2024-T3,AA2024-T3,6454.209303888105
41.72751160394303,86.61297552063843,j,0.6,0.8,35.0,20.0,160.00000000000003,350.0,AA2024-T3,AA2024-T3,7873.426645064619
41.72751160394303,86.61297552063843,z,0.6,0.8,35.0,20.0,160.00000000000003,350.0,AA2024-T3,AA2024-T3,7873.426645064617
41.72751160394303,86.61297552063843,formed z,0.6,0.8,35.0,20.0,160.00000000000003,350.0,AA2024-T3,AA2024-T3,7873.426645064617
41.72751160394303,86.61297552063843,j,0.6,0.9000000000000001,35.0,20.0,160.00000000000003,350.0,AA2024-T3,AA2024-T3,7873.426645064619
41.72751160394303,86.61297552063843,formed z,0.6,0.9000000000000001,35.0,20.0,160.00000000000003,350.0,AA2024-T3,AA2024-T3,7873.426645064617
41.72751160394303,86.61297552063843,z,0.6,0.9000000000000001,35.0,20.0,160.00000000000003,350.0,AA2024-T3,AA2024-T3,7873.426645064617
41.730040448353485,42.96780984611582,z,0.3,0.8,70.0,20.0,140.0,300.0,AA2024-T3,AA2024-T3,7463.5657351618265
41.730040448353485,42.96780984611582,formed z,0.3,0.8,70.0,20.0,140.0,300.0,AA2024-T3,AA2024-T3,7607.579839298201
41.730040448353485,42.96780984611582,z,0.3,0.9000000000000001,70.0,20.0,140.0,300.0,AA2024-T3,AA2024-T3,7607.579839298201
41.730040448353485,42.96780984611582,j,0.3,0.8,70.0,20.0,140.0,300.0,AA2024-T3,AA2024-T3,7607.579839298201
41.730040448353485,42.96780984611582,j,0.3,0.9000000000000001,70.0,20.0,140.0,300.0,AA2024-T3,AA2024-T3,7607.579839298201
41.730040448353485,42.96780984611582,formed z,0.3,0.9000000000000001,70.0,20.0,140.0,300.0,AA2024-T3,AA2024-T3,7607.579839298201
41.746465190280006,71.62833989755516,z,0.5,0.9000000000000001,54.99999999999999,20.0,180.00000000000003,300.0,AA2024-T3,AA2024-T3,6587.340150103739
41.746465190280006,71.62833989755516,formed z,0.5,0.8,54.99999999999999,20.0,180.00000000000003,300.0,AA2024-T3,AA2024-T3,6587.340150103739
41.746465190280006,71.62833989755516,z,0.5,0.8,54.99999999999999,20.0,180.00000000000003,300.0,AA2024-T3,AA2024-T3,6587.340150103739
41.746465190280006,71.62833989755516,j,0.5,0.8,54.99999999999999,20.0,180.00000000000003,300.0,AA2024-T3,AA2024-T3,6587.340150103739
41.746465190280006,71.62833989755516,j,0.5,0.9000000000000001,54.99999999999999,20.0,180.00000000000003,300.0,AA2024-T3,AA2024-T3,6587.340150103739
41.746465190280006,71.62833989755516,formed z,0.5,0.9000000000000001,54.99999999999999,20.0,180.00000000000003,300.0,AA2024-T3,AA2024-T3,6587.340150103739
41.79183051409129,58.239155778255245,j,0.39999999999999997,0.9000000000000001,59.99999999999999,20.0,140.0,449.99999999999994,AA2024-T3,AA2024-T3,7770.510014155212
41.79183051409129,58.239155778255245,formed z,0.39999999999999997,0.9000000000000001,59.99999999999999,20.0,140.0,449.99999999999994,AA2024-T3,AA2024-T3,7770.510014155212
41.79183051409129,58.239155778255245,z,0.39999999999999997,0.8,59.99999999999999,20.0,140.0,449.99999999999994,AA2024-T3,AA2024-T3,7770.510014155212
41.79183051409129,58.239155778255245,formed z,0.39999999999999997,0.8,59.99999999999999,20.0,140.0,449.99999999999994,AA2024-T3,AA2024-T3,7770.510014155215
41.79183051409129,58.239155778255245,j,0.39999999999999997,0.8,59.99999999999999,20.0,140.0,449.99999999999994,AA2024-T3,AA2024-T3,7770.510014155212
41.79183051409129,58.239155778255245,z,0.39999999999999997,0.9000000000000001,59.99999999999999,20.0,140.0,449.99999999999994,AA2024-T3,AA2024-T3,7770.510014155215
41.82441682464217,72.54853480451304,j,0.5,0.8,65.0,20.0,200.0,399.99999999999994,AA2024-T3,AA2024-T3,6483.795400623964
41.82441682464217,72.54853480451304,z,0.5,0.8,65.0,20.0,200.0,399.99999999999994,AA2024-T3,AA2024-T3,6483.7954006239615
41.82441682464217,72.54853480451304,formed z,0.5,0.9000000000000001,65.0,20.0,200.0,399.99999999999994,AA2024-T3,AA2024-T3,6483.7954006239615
41.82441682464217,72.54853480451304,j,0.5,0.9000000000000001,65.0,20.0,200.0,399.99999999999994,AA2024-T3,AA2024-T3,6483.7954006239615
41.82441682464217,72.54853480451304,z,0.5,0.9000000000000001,65.0,20.0,200.0,399.99999999999994,AA2024-T3,AA2024-T3,6483.7954006239615
41.82441682464217,72.54853480451304,formed z,0.5,0.8,65.0,20.0,200.0,399.99999999999994,AA2024-T3,AA2024-T3,6483.7954006239615
41.85700313519303,86.7567090812139,formed z,0.6,0.8,40.0,20.0,180.00000000000003,350.0,AA2024-T3,AA2024-T3,7032.650094815924
41.85700313519303,86.7567090812139,j,0.6,0.8,40.0,20.0,180.00000000000003,350.0,AA2024-T3,AA2024-T3,7032.650094815924
41.85700313519303,86.7567090812139,j,0.6,0.9000000000000001,40.0,20.0,180.00000000000003,350.0,AA2024-T3,AA2024-T3,7032.650094815924
41.85700313519303,86.7567090812139,formed z,0.6,0.9000000000000001,40.0,20.0,180.00000000000003,350.0,AA2024-T3,AA2024-T3,7032.650094815925
41.85700313519303,86.7567090812139,z,0.6,0.9000000000000001,40.0,20.0,180.00000000000003,350.0,AA2024-T3,AA2024-T3,7032.650094815924
41.85700313519303,86.7567090812139,z,0.6,0.8,40.0,20.0,180.00000000000003,350.0,AA2024-T3,AA2024-T3,7032.650094815924
41.86478865067956,72.86587868456415,j,0.5,0.9000000000000001,59.99999999999999,20.0,180.00000000000003,449.99999999999994,AA2024-T3,AA2024-T3,6951.723411980281
41.86478865067956,72.86587868456415,z,0.5,0.9000000000000001,59.99999999999999,20.0,180.00000000000003,449.99999999999994,AA2024-T3,AA2024-T3,6951.723411980281
41.86478865067956,72.86587868456415,j,0.5,0.8,59.99999999999999,20.0,180.00000000000003,449.99999999999994,AA2024-T3,AA2024-T3,6951.723411980281
41.86478865067956,72.86587868456415,formed z,0.5,0.9000000000000001,59.99999999999999,20.0,180.00000000000003,449.99999999999994,AA2024-T3,AA2024-T3,6951.723411980281
41.86478865067956,72.86587868456415,z,0.5,0.8,59.99999999999999,20.0,180.00000000000003,449.99999999999994,AA2024-T3,AA2024-T3,6951.723411980281
41.86478865067956,72.86587868456415,formed z,0.5,0.8,59.99999999999999,20.0,180.00000000000003,449.99999999999994,AA2024-T3,AA2024-T3,6951.723411980281
41.93249011619174,57.441331089903535,formed z,0.39999999999999997,0.8,65.0,20.0,160.00000000000003,300.0,AA2024-T3,AA2024-T3,7091.907910243215
41.93249011619174,57.441331089903535,formed z,0.39999999999999997,0.9000000000000001,65.0,20.0,160.00000000000003,300.0,AA2024-T3,AA2024-T3,7091.907910243215
41.93249011619174,57.441331089903535,j,0.39999999999999997,0.8,65.0,20.0,160.00000000000003,300.0,AA2024-T3,AA2024-T3,7091.907910243218
41.93249011619174,57.441331089903535,j,0.39999999999999997,0.9000000000000001,65.0,20.0,160.00000000000003,300.0,AA2024-T3,AA2024-T3,7091.907910243215
41.93249011619174,57.441331089903535,z,0.39999999999999997,0.8,65.0,20.0,160.00000000000003,300.0,AA2024-T3,AA2024-T3,7091.907910243215
41.93249011619174,57.441331089903535,z,0.39999999999999997,0.9000000000000001,65.0,20.0,160.00000000000003,300.0,AA2024-T3,AA2024-T3,7091.907910243215
41.95670037360478,72.38934117109817,j,0.5,0.8,44.99999999999999,20.0,140.0,350.0,AA2024-T3,AA2024-T3,8049.644960501302
41.95670037360478,72.38934117109817,formed z,0.5,0.9000000000000001,44.99999999999999,20.0,140.0,350.0,AA2024-T3,AA2024-T3,8049.644960501302
41.95670037360478,72.38934117109817,j,0.5,0.9000000000000001,44.99999999999999,20.0,140.0,350.0,AA2024-T3,AA2024-T3,8049.644960501302
41.95670037360478,72.38934117109817,formed z,0.5,0.8,44.99999999999999,20.0,140.0,350.0,AA2024-T3,AA2024-T3,8049.644960501302
41.95670037360478,72.38934117109817,z,0.5,0.8,44.99999999999999,20.0,140.0,350.0,AA2024-T3,AA2024-T3,8049.644960501302
41.95670037360478,72.38934117109817,z,0.5,0.9000000000000001,44.99999999999999,20.0,140.0,350.0,AA2024-T3,AA2024-T3,8049.644960501304
41.99707219964217,72.70737988249631,j,0.5,0.8,40.0,20.0,120.00000000000001,399.99999999999994,AA2024-T3,AA2024-T3,9329.849157470066
41.99707219964217,72.70737988249631,z,0.5,0.9000000000000001,40.0,20.0,120.00000000000001,399.99999999999994,AA2024-T3,AA2024-T3,9329.849157470066
41.99707219964217,72.70737988249631,j,0.5,0.9000000000000001,40.0,20.0,120.00000000000001,399.99999999999994,AA2024-T3,AA2024-T3,9329.849157470066
41.99707219964217,72.70737988249631,formed z,0.5,0.8,40.0,20.0,120.00000000000001,399.99999999999994,AA2024-T3,AA2024-T3,9329.849157470066
41.99707219964217,72.70737988249631,formed z,0.5,0.9000000000000001,40.0,20.0,120.00000000000001,399.99999999999994,AA2024-T3,AA2024-T3,9329.849157470067
41.99707219964217,72.70737988249631,z,0.5,0.8,40.0,20.0,120.00000000000001,399.99999999999994,AA2024-T3,AA2024-T3,9329.849157470066
42.02965851019303,86.94798422057069,formed z,0.6,0.9000000000000001,44.99999999999999,20.0,200.0,350.0,AA2024-T3,AA2024-T3,6454.209303888105
42.02965851019303,86.94798422057069,z,0.6,0.8,44.99999999999999,20.0,200.0,350.0,AA2024-T3,AA2024-T3,6454.209303888105
42.02965851019303,86.94798422057069,j,0.6,0.8,44.99999999999999,20.0,200.0,350.0,AA2024-T3,AA2024-T3,6454.209303888105
42.02965851019303,86.94798422057069,formed z,0.6,0.8,44.99999999999999,20.0,200.0,350.0,AA2024-T3,AA2024-T3,6454.209303888105
42.02965851019303,86.94798422057069,z,0.6,0.9000000000000001,44.99999999999999,20.0,200.0,350.0,AA2024-T3,AA2024-T3,6454.209303888107
42.02965851019303,86.94798422057069,j,0.6,0.9000000000000001,44.99999999999999,20.0,200.0,350.0,AA2024-T3,AA2024-T3,6454.209303888105
42.096769438053904,58.239155778255245,z,0.39999999999999997,0.8,59.99999999999999,20.0,140.0,399.99999999999994,AA2024-T3,AA2024-T3,7770.510014155212
42.096769438053904,58.239155778255245,j,0.39999999999999997,0.9000000000000001,59.99999999999999,20.0,140.0,399.99999999999994,AA2024-T3,AA2024-T3,7770.510014155212
42.096769438053904,58.239155778255245,formed z,0.39999999999999997,0.9000000000000001,59.99999999999999,20.0,140.0,399.99999999999994,AA2024-T3,AA2024-T3,7770.510014155212
42.096769438053904,58.239155778255245,j,0.39999999999999997,0.8,59.99999999999999,20.0,140.0,399.99999999999994,AA2024-T3,AA2024-T3,7770.510014155212
42.096769438053904,58.239155778255245,z,0.39999999999999997,0.9000000000000001,59.99999999999999,20.0,140.0,399.99999999999994,AA2024-T3,AA2024-T3,7770.510014155215
42.096769438053904,58.239155778255245,formed z,0.39999999999999997,0.8,59.99999999999999,20.0,140.0,399.99999999999994,AA2024-T3,AA2024-T3,7770.510014155215
42.12935574860478,72.54853480451304,z,0.5,0.8,65.0,20.0,200.0,350.0,AA2024-T3,AA2024-T3,6483.7954006239615
42.12935574860478,72.54853480451304,j,0.5,0.8,65.0,20.0,200.0,350.0,AA2024-T3,AA2024-T3,6483.795400623964
42.12935574860478,72.54853480451304,formed z,0.5,0.8,65.0,20.0,200.0,350.0,AA2024-T3,AA2024-T3,6483.7954006239615
42.12935574860478,72.54853480451304,z,0.5,0.9000000000000001,65.0,20.0,200.0,350.0,AA2024-T3,AA2024-T3,6483.7954006239615
42.12935574860478,72.54853480451304,j,0.5,0.9000000000000001,65.0,20.0,200.0,350.0,AA2024-T3,AA2024-T3,6483.7954006239615
42.12935574860478,72.54853480451304,formed z,0.5,0.9000000000000001,65.0,20.0,200.0,350.0,AA2024-T3,AA2024-T3,6483.7954006239615
42.13493978403001,71.9898169704971,j,0.5,0.8,49.99999999999999,20.0,160.00000000000003,300.0,AA2024-T3,AA2024-T3,7193.840237431425
42.13493978403001,71.9898169704971,j,0.5,0.9000000000000001,49.99999999999999,20.0,160.00000000000003,300.0,AA2024-T3,AA2024-T3,7193.840237431422
42.13493978403001,71.9898169704971,z,0.5,0.9000000000000001,49.99999999999999,20.0,160.00000000000003,300.0,AA2024-T3,AA2024-T3,7193.840237431422
42.13493978403001,71.9898169704971,z,0.5,0.8,49.99999999999999,20.0,160.00000000000003,300.0,AA2024-T3,AA2024-T3,7193.840237431422
42.13493978403001,71.9898169704971,formed z,0.5,0.8,49.99999999999999,20.0,160.00000000000003,300.0,AA2024-T3,AA2024-T3,7193.840237431422
42.13493978403001,71.9898169704971,formed z,0.5,0.9000000000000001,49.99999999999999,20.0,160.00000000000003,300.0,AA2024-T3,AA2024-T3,7193.840237431422
42.14830933494174,57.601780068472806,j,0.39999999999999997,0.9000000000000001,49.99999999999999,20.0,120.00000000000001,300.0,AA2024-T3,AA2024-T3,8134.963825668004
42.14830933494174,57.601780068472806,z,0.39999999999999997,0.8,49.99999999999999,20.0,120.00000000000001,300.0,AA2024-T3,AA2024-T3,8134.963825668004
42.14830933494174,57.601780068472806,z,0.39999999999999997,0.9000000000000001,49.99999999999999,20.0,120.00000000000001,300.0,AA2024-T3,AA2024-T3,8134.963825668004
42.14830933494174,57.601780068472806,formed z,0.39999999999999997,0.8,49.99999999999999,20.0,120.00000000000001,300.0,AA2024-T3,AA2024-T3,8134.963825668004
42.14830933494174,57.601780068472806,formed z,0.39999999999999997,0.9000000000000001,49.99999999999999,20.0,120.00000000000001,300.0,AA2024-T3,AA2024-T3,8134.963825668004
42.14830933494174,57.601780068472806,j,0.39999999999999997,0.8,49.99999999999999,20.0,120.00000000000001,300.0,AA2024-T3,AA2024-T3,8134.963825668006
42.15051081500303,43.87645134739425,z,0.3,0.8,65.0,20.0,120.00000000000001,449.99999999999994,AA2024-T3,AA2024-T3,8339.168537620273
42.15051081500303,43.87645134739425,formed z,0.3,0.9000000000000001,65.0,20.0,120.00000000000001,449.99999999999994,AA2024-T3,AA2024-T3,8339.168537620273
42.15051081500303,43.87645134739425,z,0.3,0.9000000000000001,65.0,20.0,120.00000000000001,449.99999999999994,AA2024-T3,AA2024-T3,8339.168537620275
42.15051081500303,43.87645134739425,j,0.3,0.8,65.0,20.0,120.00000000000001,449.99999999999994,AA2024-T3,AA2024-T3,8339.168537620277
42.15051081500303,43.87645134739425,j,0.3,0.9000000000000001,65.0,20.0,120.00000000000001,449.99999999999994,AA2024-T3,AA2024-T3,8339.168537620275
42.15051081500303,43.87645134739425,formed z,0.3,0.8,65.0,20.0,120.00000000000001,449.99999999999994,AA2024-T3,AA2024-T3,8339.168537620275
42.16972757464217,72.86587868456415,formed z,0.5,0.8,59.99999999999999,20.0,180.00000000000003,399.99999999999994,AA2024-T3,AA2024-T3,6951.723411980281
42.16972757464217,72.86587868456415,j,0.5,0.9000000000000001,59.99999999999999,20.0,180.00000000000003,399.99999999999994,AA2024-T3,AA2024-T3,6951.723411980281
42.16972757464217,72.86587868456415,formed z,0.5,0.9000000000000001,59.99999999999999,20.0,180.00000000000003,399.99999999999994,AA2024-T3,AA2024-T3,6951.723411980281
42.16972757464217,72.86587868456415,j,0.5,0.8,59.99999999999999,20.0,180.00000000000003,399.99999999999994,AA2024-T3,AA2024-T3,6951.723411980281
42.16972757464217,72.86587868456415,z,0.5,0.8,59.99999999999999,20.0,180.00000000000003,399.99999999999994,AA2024-T3,AA2024-T3,6951.723411980281
42.16972757464217,72.86587868456415,z,0.5,0.9000000000000001,59.99999999999999,20.0,180.00000000000003,399.99999999999994,AA2024-T3,AA2024-T3,6951.723411980281
42.223468951591286,58.55524199520882,formed z,0.39999999999999997,0.8,70.0,20.0,160.00000000000003,449.99999999999994,AA2024-T3,AA2024-T3,7503.553068274474
42.223468951591286,58.55524199520882,formed z,0.39999999999999997,0.9000000000000001,70.0,20.0,160.00000000000003,449.99999999999994,AA2024-T3,AA2024-T3,7503.553068274474
42.223468951591286,58.55524199520882,j,0.39999999999999997,0.8,70.0,20.0,160.00000000000003,449.99999999999994,AA2024-T3,AA2024-T3,7503.553068274474
42.223468951591286,58.55524199520882,z,0.39999999999999997,0.8,70.0,20.0,160.00000000000003,449.99999999999994,AA2024-T3,AA2024-T3,7318.165169774407
42.223468951591286,58.55524199520882,j,0.39999999999999997,0.9000000000000001,70.0,20.0,160.00000000000003,449.99999999999994,AA2024-T3,AA2024-T3,7503.553068274474
42.223468951591286,58.55524199520882,z,0.39999999999999997,0.9000000000000001,70.0,20.0,160.00000000000003,449.99999999999994,AA2024-T3,AA2024-T3,7503.553068274474
42.30201112360478,72.70737988249631,z,0.5,0.9000000000000001,40.0,20.0,120.00000000000001,350.0,AA2024-T3,AA2024-T3,9329.849157470066
42.30201112360478,72.70737988249631,j,0.5,0.8,40.0,20.0,120.00000000000001,350.0,AA2024-T3,AA2024-T3,9329.849157470066
42.30201112360478,72.70737988249631,formed z,0.5,0.9000000000000001,40.0,20.0,120.00000000000001,350.0,AA2024-T3,AA2024-T3,9329.849157470067
42.30201112360478,72.70737988249631,j,0.5,0.9000000000000001,40.0,20.0,120.00000000000001,350.0,AA2024-T3,AA2024-T3,9329.849157470066
42.30201112360478,72.70737988249631,z,0.5,0.8,40.0,20.0,120.00000000000001,350.0,AA2024-T3,AA2024-T3,9329.849157470066
42.30201112360478,72.70737988249631,formed z,0.5,0.8,40.0,20.0,120.00000000000001,350.0,AA2024-T3,AA2024-T3,9329.849157470066
42.33738945186826,86.61297552063843,z,0.6,0.8,35.0,20.0,160.00000000000003,300.0,AA2024-T3,AA2024-T3,7873.426645064617
42.33738945186826,86.61297552063843,j,0.6,0.9000000000000001,35.0,20.0,160.00000000000003,300.0,AA2024-T3,AA2024-T3,7873.426645064619
42.33738945186826,86.61297552063843,z,0.6,0.9000000000000001,35.0,20.0,160.00000000000003,300.0,AA2024-T3,AA2024-T3,7873.426645064617
42.33738945186826,86.61297552063843,j,0.6,0.8,35.0,20.0,160.00000000000003,300.0,AA2024-T3,AA2024-T3,7873.426645064619
42.33738945186826,86.61297552063843,formed z,0.6,0.9000000000000001,35.0,20.0,160.00000000000003,300.0,AA2024-T3,AA2024-T3,7873.426645064617
42.33738945186826,86.61297552063843,formed z,0.6,0.8,35.0,20.0,160.00000000000003,300.0,AA2024-T3,AA2024-T3,7873.426645064617
42.401708362016514,58.239155778255245,formed z,0.39999999999999997,0.8,59.99999999999999,20.0,140.0,350.0,AA2024-T3,AA2024-T3,7770.510014155215
42.401708362016514,58.239155778255245,j,0.39999999999999997,0.8,59.99999999999999,20.0,140.0,350.0,AA2024-T3,AA2024-T3,7770.510014155212
42.401708362016514,58.239155778255245,j,0.39999999999999997,0.9000000000000001,59.99999999999999,20.0,140.0,350.0,AA2024-T3,AA2024-T3,7770.510014155212
42.401708362016514,58.239155778255245,z,0.39999999999999997,0.8,59.99999999999999,20.0,140.0,350.0,AA2024-T3,AA2024-T3,7770.510014155212
42.401708362016514,58.239155778255245,formed z,0.39999999999999997,0.9000000000000001,59.99999999999999,20.0,140.0,350.0,AA2024-T3,AA2024-T3,7770.510014155212
42.401708362016514,58.239155778255245,z,0.39999999999999997,0.9000000000000001,59.99999999999999,20.0,140.0,350.0,AA2024-T3,AA2024-T3,7770.510014155215
42.42591861942955,73.37863540933144,formed z,0.5,0.8,54.99999999999999,20.0,160.00000000000003,449.99999999999994,AA2024-T3,AA2024-T3,7605.204613567952
42.42591861942955,73.37863540933144,z,0.5,0.9000000000000001,35.0,20.0,100.0,449.99999999999994,AA2024-T3,AA2024-T3,711241.2447673399
42.42591861942955,73.37863540933144,z,0.5,0.9000000000000001,54.99999999999999,20.0,160.00000000000003,449.99999999999994,AA2024-T3,AA2024-T3,7605.204613567952
42.42591861942955,73.37863540933144,j,0.5,0.8,35.0,20.0,100.0,449.99999999999994,AA2024-T3,AA2024-T3,711241.2447673399
42.42591861942955,73.37863540933144,j,0.5,0.9000000000000001,54.99999999999999,20.0,160.00000000000003,449.99999999999994,AA2024-T3,AA2024-T3,7605.204613567952
42.42591861942955,73.37863540933144,formed z,0.5,0.9000000000000001,54.99999999999999,20.0,160.00000000000003,449.99999999999994,AA2024-T3,AA2024-T3,7605.204613567952
42.42591861942955,73.37863540933144,z,0.5,0.8,54.99999999999999,20.0,160.00000000000003,449.99999999999994,AA2024-T3,AA2024-T3,7605.204613567952
42.42591861942955,73.37863540933144,j,0.5,0.8,54.99999999999999,20.0,160.00000000000003,449.99999999999994,AA2024-T3,AA2024-T3,7605.204613567952
42.42591861942955,73.37863540933144,formed z,0.5,0.8,35.0,20.0,100.0,449.99999999999994,AA2024-T3,AA2024-T3,711241.2447673399
42.42591861942955,73.37863540933144,formed z,0.5,0.9000000000000001,35.0,20.0,100.0,449.99999999999994,AA2024-T3,AA2024-T3,711241.2447673399
42.42591861942955,73.37863540933144,z,0.5,0.8,35.0,20.0,100.0,449.99999999999994,AA2024-T3,AA2024-T3,711241.2447673399
42.42591861942955,73.37863540933144,j,0.5,0.9000000000000001,35.0,20.0,100.0,449.99999999999994,AA2024-T3,AA2024-T3,711241.2447673399
42.439288170341285,58.712646974857634,z,0.39999999999999997,0.8,44.99999999999999,20.0,100.0,449.99999999999994,AA2024-T3,AA2024-T3,9529.133477648316
42.439288170341285,58.712646974857634,j,0.39999999999999997,0.8,44.99999999999999,20.0,100.0,449.99999999999994,AA2024-T3,AA2024-T3,9529.133477648313
42.439288170341285,58.712646974857634,z,0.39999999999999997,0.9000000000000001,44.99999999999999,20.0,100.0,449.99999999999994,AA2024-T3,AA2024-T3,9529.133477648316
42.439288170341285,58.712646974857634,formed z,0.39999999999999997,0.8,44.99999999999999,20.0,100.0,449.99999999999994,AA2024-T3,AA2024-T3,9529.133477648316
42.439288170341285,58.712646974857634,j,0.39999999999999997,0.9000000000000001,44.99999999999999,20.0,100.0,449.99999999999994,AA2024-T3,AA2024-T3,9529.133477648313
42.439288170341285,58.712646974857634,formed z,0.39999999999999997,0.9000000000000001,44.99999999999999,20.0,100.0,449.99999999999994,AA2024-T3,AA2024-T3,9529.133477648313
42.45265772125303,44.04178800537882,j,0.3,0.9000000000000001,54.99999999999999,20.0,100.0,449.99999999999994,AA2024-T3,AA2024-T3,8836.606425810123
42.45265772125303,44.04178800537882,z,0.3,0.9000000000000001,54.99999999999999,20.0,100.0,449.99999999999994,AA2024-T3,AA2024-T3,8836.606425810123
42.45265772125303,44.04178800537882,z,0.3,0.8,54.99999999999999,20.0,100.0,449.99999999999994,AA2024-T3,AA2024-T3,8836.606425810123
42.45265772125303,44.04178800537882,formed z,0.3,0.9000000000000001,54.99999999999999,20.0,100.0,449.99999999999994,AA2024-T3,AA2024-T3,8836.606425810125
42.45265772125303,44.04178800537882,formed z,0.3,0.8,54.99999999999999,20.0,100.0,449.99999999999994,AA2024-T3,AA2024-T3,8836.606425810123
42.45265772125303,44.04178800537882,j,0.3,0.8,54.99999999999999,20.0,100.0,449.99999999999994,AA2024-T3,AA2024-T3,8836.606425810123
42.45544973896564,43.87645134739425,z,0.3,0.8,65.0,20.0,120.00000000000001,399.99999999999994,AA2024-T3,AA2024-T3,8339.168537620273
42.45544973896564,43.87645134739425,formed z,0.3,0.8,65.0,20.0,120.00000000000001,399.99999999999994,AA2024-T3,AA2024-T3,8339.168537620275
42.45544973896564,43.87645134739425,j,0.3,0.8,65.0,20.0,120.00000000000001,399.99999999999994,AA2024-T3,AA2024-T3,8339.168537620277
42.45544973896564,43.87645134739425,z,0.3,0.9000000000000001,65.0,20.0,120.00000000000001,399.99999999999994,AA2024-T3,AA2024-T3,8339.168537620275
42.45544973896564,43.87645134739425,formed z,0.3,0.9000000000000001,65.0,20.0,120.00000000000001,399.99999999999994,AA2024-T3,AA2024-T3,8339.168537620273
42.45544973896564,43.87645134739425,j,0.3,0.9000000000000001,65.0,20.0,120.00000000000001,399.99999999999994,AA2024-T3,AA2024-T3,8339.168537620275
42.46688098311826,86.7567090812139,z,0.6,0.8,40.0,20.0,180.00000000000003,300.0,AA2024-T3,AA2024-T3,7032.650094815924
42.46688098311826,86.7567090812139,j,0.6,0.9000000000000001,40.0,20.0,180.00000000000003,300.0,AA2024-T3,AA2024-T3,7032.650094815924
42.46688098311826,86.7567090812139,formed z,0.6,0.8,40.0,20.0,180.00000000000003,300.0,AA2024-T3,AA2024-T3,7032.650094815924
42.46688098311826,86.7567090812139,j,0.6,0.8,40.0,20.0,180.00000000000003,300.0,AA2024-T3,AA2024-T3,7032.650094815924
42.46688098311826,86.7567090812139,z,0.6,0.9000000000000001,40.0,20.0,180.00000000000003,300.0,AA2024-T3,AA2024-T3,7032.650094815924
42.46688098311826,86.7567090812139,formed z,0.6,0.9000000000000001,40.0,20.0,180.00000000000003,300.0,AA2024-T3,AA2024-T3,7032.650094815925
42.474666498604776,72.86587868456415,z,0.5,0.8,59.99999999999999,20.0,180.00000000000003,350.0,AA2024-T3,AA2024-T3,6951.723411980281
42.474666498604776,72.86587868456415,formed z,0.5,0.9000000000000001,59.99999999999999,20.0,180.00000000000003,350.0,AA2024-T3,AA2024-T3,6951.723411980281
42.474666498604776,72.86587868456415,formed z,0.5,0.8,59.99999999999999,20.0,180.00000000000003,350.0,AA2024-T3,AA2024-T3,6951.723411980281
42.474666498604776,72.86587868456415,z,0.5,0.9000000000000001,59.99999999999999,20.0,180.00000000000003,350.0,AA2024-T3,AA2024-T3,6951.723411980281
42.474666498604776,72.86587868456415,j,0.5,0.9000000000000001,59.99999999999999,20.0,180.00000000000003,350.0,AA2024-T3,AA2024-T3,6951.723411980281
42.474666498604776,72.86587868456415,j,0.5,0.8,59.99999999999999,20.0,180.00000000000003,350.0,AA2024-T3,AA2024-T3,6951.723411980281
42.5284078755539,58.55524199520882,j,0.39999999999999997,0.9000000000000001,70.0,20.0,160.00000000000003,399.99999999999994,AA2024-T3,AA2024-T3,7503.553068274474
42.5284078755539,58.55524199520882,formed z,0.39999999999999997,0.8,70.0,20.0,160.00000000000003,399.99999999999994,AA2024-T3,AA2024-T3,7503.553068274474
42.5284078755539,58.55524199520882,z,0.39999999999999997,0.9000000000000001,70.0,20.0,160.00000000000003,399.99999999999994,AA2024-T3,AA2024-T3,7503.553068274474
42.5284078755539,58.55524199520882,z,0.39999999999999997,0.8,70.0,20.0,160.00000000000003,399.99999999999994,AA2024-T3,AA2024-T3,7336.483808040178
42.5284078755539,58.55524199520882,j,0.39999999999999997,0.8,70.0,20.0,160.00000000000003,399.99999999999994,AA2024-T3,AA2024-T3,7503.553068274474
42.5284078755539,58.55524199520882,formed z,0.39999999999999997,0.9000000000000001,70.0,20.0,160.00000000000003,399.99999999999994,AA2024-T3,AA2024-T3,7503.553068274474
42.56657822153001,72.38934117109817,formed z,0.5,0.9000000000000001,44.99999999999999,20.0,140.0,300.0,AA2024-T3,AA2024-T3,8049.644960501302
42.56657822153001,72.38934117109817,formed z,0.5,0.8,44.99999999999999,20.0,140.0,300.0,AA2024-T3,AA2024-T3,8049.644960501302
42.56657822153001,72.38934117109817,j,0.5,0.9000000000000001,44.99999999999999,20.0,140.0,300.0,AA2024-T3,AA2024-T3,8049.644960501302
42.56657822153001,72.38934117109817,z,0.5,0.9000000000000001,44.99999999999999,20.0,140.0,300.0,AA2024-T3,AA2024-T3,8049.644960501304
42.56657822153001,72.38934117109817,j,0.5,0.8,44.99999999999999,20.0,140.0,300.0,AA2024-T3,AA2024-T3,8049.644960501302
42.56657822153001,72.38934117109817,z,0.5,0.8,44.99999999999999,20.0,140.0,300.0,AA2024-T3,AA2024-T3,8049.644960501302
42.58520444351781,88.2282456959994,z,0.6,0.8,44.99999999999999,20.0,180.00000000000003,449.99999999999994,AA2024-T3,AA2024-T3,7396.925134634004
42.58520444351781,88.2282456959994,j,0.6,0.9000000000000001,44.99999999999999,20.0,180.00000000000003,449.99999999999994,AA2024-T3,AA2024-T3,7396.925134634002
42.58520444351781,88.2282456959994,formed z,0.6,0.8,44.99999999999999,20.0,180.00000000000003,449.99999999999994,AA2024-T3,AA2024-T3,7396.925134634004
42.58520444351781,88.2282456959994,z,0.6,0.9000000000000001,44.99999999999999,20.0,180.00000000000003,449.99999999999994,AA2024-T3,AA2024-T3,7396.925134634006
42.58520444351781,88.2282456959994,j,0.6,0.8,44.99999999999999,20.0,180.00000000000003,449.99999999999994,AA2024-T3,AA2024-T3,7396.925134634002
42.58520444351781,88.2282456959994,formed z,0.6,0.9000000000000001,44.99999999999999,20.0,180.00000000000003,449.99999999999994,AA2024-T3,AA2024-T3,7396.925134634002
42.628368287267804,88.27530620704862,z,0.6,0.9000000000000001,49.99999999999999,20.0,200.0,449.99999999999994,AA2024-T3,AA2024-T3,6782.686326986272
42.628368287267804,88.27530620704862,j,0.6,0.9000000000000001,40.0,20.0,160.00000000000003,449.99999999999994,AA2024-T3,AA2024-T3,8284.852004067641
42.628368287267804,88.27530620704862,j,0.6,0.9000000000000001,49.99999999999999,20.0,200.0,449.99999999999994,AA2024-T3,AA2024-T3,6782.686326986272
42.628368287267804,88.27530620704862,j,0.6,0.8,40.0,20.0,160.00000000000003,449.99999999999994,AA2024-T3,AA2024-T3,8284.852004067641
42.628368287267804,88.27530620704862,z,0.6,0.8,49.99999999999999,20.0,200.0,449.99999999999994,AA2024-T3,AA2024-T3,6782.686326986272
42.628368287267804,88.27530620704862,formed z,0.6,0.9000000000000001,49.99999999999999,20.0,200.0,449.99999999999994,AA2024-T3,AA2024-T3,6782.686326986272
42.628368287267804,88.27530620704862,z,0.6,0.9000000000000001,35.0,20.0,140.0,449.99999999999994,AA2024-T3,AA2024-T3,9624.344761035427
42.628368287267804,88.27530620704862,formed z,0.6,0.8,49.99999999999999,20.0,200.0,449.99999999999994,AA2024-T3,AA2024-T3,6782.686326986272
42.628368287267804,88.27530620704862,z,0.6,0.9000000000000001,40.0,20.0,160.00000000000003,449.99999999999994,AA2024-T3,AA2024-T3,8284.852004067641
42.628368287267804,88.27530620704862,formed z,0.6,0.9000000000000001,35.0,20.0,140.0,449.99999999999994,AA2024-T3,AA2024-T3,9624.344761035427
42.628368287267804,88.27530620704862,formed z,0.6,0.8,40.0,20.0,160.00000000000003,449.99999999999994,AA2024-T3,AA2024-T3,8284.852004067641
42.628368287267804,88.27530620704862,j,0.6,0.8,49.99999999999999,20.0,200.0,449.99999999999994,AA2024-T3,AA2024-T3,6782.686326986272
42.628368287267804,88.27530620704862,j,0.6,0.9000000000000001,35.0,20.0,140.0,449.99999999999994,AA2024-T3,AA2024-T3,9624.344761035427
42.628368287267804,88.27530620704862,formed z,0.6,0.9000000000000001,40.0,20.0,160.00000000000003,449.99999999999994,AA2024-T3,AA2024-T3,8284.852004067643
42.628368287267804,88.27530620704862,z,0.6,0.8,40.0,20.0,160.00000000000003,449.99999999999994,AA2024-T3,AA2024-T3,8284.852004067641
42.628368287267804,88.27530620704862,j,0.6,0.8,35.0,20.0,140.0,449.99999999999994,AA2024-T3,AA2024-T3,9624.344761035427
42.628368287267804,88.27530620704862,formed z,0.6,0.8,35.0,20.0,140.0,449.99999999999994,AA2024-T3,AA2024-T3,9624.344761035427
42.628368287267804,88.27530620704862,z,0.6,0.8,35.0,20.0,140.0,449.99999999999994,AA2024-T3,AA2024-T3,9624.344761035427
42.63953635811826,86.94798422057069,z,0.6,0.9000000000000001,44.99999999999999,20.0,200.0,300.0,AA2024-T3,AA2024-T3,6454.209303888107
42.63953635811826,86.94798422057069,formed z,0.6,0.9000000000000001,44.99999999999999,20.0,200.0,300.0,AA2024-T3,AA2024-T3,6454.209303888105
42.63953635811826,86.94798422057069,z,0.6,0.8,44.99999999999999,20.0,200.0,300.0,AA2024-T3,AA2024-T3,6454.209303888105
42.63953635811826,86.94798422057069,formed z,0.6,0.8,44.99999999999999,20.0,200.0,300.0,AA2024-T3,AA2024-T3,6454.209303888105
42.63953635811826,86.94798422057069,j,0.6,0.9000000000000001,44.99999999999999,20.0,200.0,300.0,AA2024-T3,AA2024-T3,6454.209303888105
42.63953635811826,86.94798422057069,j,0.6,0.8,44.99999999999999,20.0,200.0,300.0,AA2024-T3,AA2024-T3,6454.209303888105
42.728065525679554,73.65325662829562,z,0.5,0.9000000000000001,70.0,20.0,200.0,449.99999999999994,AA2024-T3,AA2024-T3,6812.589531399397
42.728065525679554,73.65325662829562,j,0.5,0.9000000000000001,70.0,20.0,200.0,449.99999999999994,AA2024-T3,AA2024-T3,6812.589531399397
42.728065525679554,73.65325662829562,formed z,0.5,0.8,70.0,20.0,200.0,449.99999999999994,AA2024-T3,AA2024-T3,6812.589531399397
42.728065525679554,73.65325662829562,j,0.5,0.8,70.0,20.0,200.0,449.99999999999994,AA2024-T3,AA2024-T3,6812.589531399397
42.728065525679554,73.65325662829562,formed z,0.5,0.9000000000000001,70.0,20.0,200.0,449.99999999999994,AA2024-T3,AA2024-T3,6812.589531399397
42.728065525679554,73.65325662829562,z,0.5,0.8,70.0,20.0,200.0,449.99999999999994,AA2024-T3,AA2024-T3,6656.66627806622
42.73085754339216,73.37863540933144,j,0.5,0.9000000000000001,54.99999999999999,20.0,160.00000000000003,399.99999999999994,AA2024-T3,AA2024-T3,7605.204613567952
42.73085754339216,73.37863540933144,formed z,0.5,0.8,35.0,20.0,100.0,399.99999999999994,AA2024-T3,AA2024-T3,711241.2447673399
42.73085754339216,73.37863540933144,formed z,0.5,0.9000000000000001,54.99999999999999,20.0,160.00000000000003,399.99999999999994,AA2024-T3,AA2024-T3,7605.204613567952
42.73085754339216,73.37863540933144,z,0.5,0.8,54.99999999999999,20.0,160.00000000000003,399.99999999999994,AA2024-T3,AA2024-T3,7605.204613567952
42.73085754339216,73.37863540933144,z,0.5,0.9000000000000001,54.99999999999999,20.0,160.00000000000003,399.99999999999994,AA2024-T3,AA2024-T3,7605.204613567952
42.73085754339216,73.37863540933144,j,0.5,0.8,54.99999999999999,20.0,160.00000000000003,399.99999999999994,AA2024-T3,AA2024-T3,7605.204613567952
42.73085754339216,73.37863540933144,z,0.5,0.9000000000000001,35.0,20.0,100.0,399.99999999999994,AA2024-T3,AA2024-T3,711241.2447673399
42.73085754339216,73.37863540933144,j,0.5,0.9000000000000001,35.0,20.0,100.0,399.99999999999994,AA2024-T3,AA2024-T3,711241.2447673399
42.73085754339216,73.37863540933144,z,0.5,0.8,35.0,20.0,100.0,399.99999999999994,AA2024-T3,AA2024-T3,711241.2447673399
42.73085754339216,73.37863540933144,j,0.5,0.8,35.0,20.0,100.0,399.99999999999994,AA2024-T3,AA2024-T3,711241.2447673399
42.73085754339216,73.37863540933144,formed z,0.5,0.9000000000000001,35.0,20.0,100.0,399.99999999999994,AA2024-T3,AA2024-T3,711241.2447673399
42.73085754339216,73.37863540933144,formed z,0.5,0.8,54.99999999999999,20.0,160.00000000000003,399.99999999999994,AA2024-T3,AA2024-T3,7605.204613567952
42.739233596530006,72.54853480451304,z,0.5,0.8,65.0,20.0,200.0,300.0,AA2024-T3,AA2024-T3,6483.7954006239615
42.739233596530006,72.54853480451304,z,0.5,0.9000000000000001,65.0,20.0,200.0,300.0,AA2024-T3,AA2024-T3,6483.7954006239615
42.739233596530006,72.54853480451304,formed z,0.5,0.8,65.0,20.0,200.0,300.0,AA2024-T3,AA2024-T3,6483.7954006239615
42.739233596530006,72.54853480451304,formed z,0.5,0.9000000000000001,65.0,20.0,200.0,300.0,AA2024-T3,AA2024-T3,6483.7954006239615
42.739233596530006,72.54853480451304,j,0.5,0.8,65.0,20.0,200.0,300.0,AA2024-T3,AA2024-T3,6483.795400623964
42.739233596530006,72.54853480451304,j,0.5,0.9000000000000001,65.0,20.0,200.0,300.0,AA2024-T3,AA2024-T3,6483.7954006239615
42.7442270943039,58.712646974857634,z,0.39999999999999997,0.8,44.99999999999999,20.0,100.0,399.99999999999994,AA2024-T3,AA2024-T3,9529.133477648316
42.7442270943039,58.712646974857634,formed z,0.39999999999999997,0.9000000000000001,44.99999999999999,20.0,100.0,399.99999999999994,AA2024-T3,AA2024-T3,9529.133477648313
42.7442270943039,58.712646974857634,j,0.39999999999999997,0.8,44.99999999999999,20.0,100.0,399.99999999999994,AA2024-T3,AA2024-T3,9529.133477648313
42.7442270943039,58.712646974857634,j,0.39999999999999997,0.9000000000000001,44.99999999999999,20.0,100.0,399.99999999999994,AA2024-T3,AA2024-T3,9529.133477648313
42.7442270943039,58.712646974857634,formed z,0.39999999999999997,0.8,44.99999999999999,20.0,100.0,399.99999999999994,AA2024-T3,AA2024-T3,9529.133477648316
42.7442270943039,58.712646974857634,z,0.39999999999999997,0.9000000000000001,44.99999999999999,20.0,100.0,399.99999999999994,AA2024-T3,AA2024-T3,9529.133477648316
42.75759664521565,44.04178800537882,formed z,0.3,0.8,54.99999999999999,20.0,100.0,399.99999999999994,AA2024-T3,AA2024-T3,8836.606425810123
42.75759664521565,44.04178800537882,formed z,0.3,0.9000000000000001,54.99999999999999,20.0,100.0,399.99999999999994,AA2024-T3,AA2024-T3,8836.606425810125
42.75759664521565,44.04178800537882,z,0.3,0.9000000000000001,54.99999999999999,20.0,100.0,399.99999999999994,AA2024-T3,AA2024-T3,8836.606425810123
42.75759664521565,44.04178800537882,j,0.3,0.9000000000000001,54.99999999999999,20.0,100.0,399.99999999999994,AA2024-T3,AA2024-T3,8836.606425810123
42.75759664521565,44.04178800537882,z,0.3,0.8,54.99999999999999,20.0,100.0,399.99999999999994,AA2024-T3,AA2024-T3,8836.606425810123
42.75759664521565,44.04178800537882,j,0.3,0.8,54.99999999999999,20.0,100.0,399.99999999999994,AA2024-T3,AA2024-T3,8836.606425810123
42.76038866292826,43.87645134739425,z,0.3,0.8,65.0,20.0,120.00000000000001,350.0,AA2024-T3,AA2024-T3,8339.168537620273
42.76038866292826,43.87645134739425,z,0.3,0.9000000000000001,65.0,20.0,120.00000000000001,350.0,AA2024-T3,AA2024-T3,8339.168537620275
42.76038866292826,43.87645134739425,formed z,0.3,0.8,65.0,20.0,120.00000000000001,350.0,AA2024-T3,AA2024-T3,8339.168537620275
42.76038866292826,43.87645134739425,formed z,0.3,0.9000000000000001,65.0,20.0,120.00000000000001,350.0,AA2024-T3,AA2024-T3,8339.168537620273
42.76038866292826,43.87645134739425,j,0.3,0.8,65.0,20.0,120.00000000000001,350.0,AA2024-T3,AA2024-T3,8339.168537620277
42.76038866292826,43.87645134739425,j,0.3,0.9000000000000001,65.0,20.0,120.00000000000001,350.0,AA2024-T3,AA2024-T3,8339.168537620275
42.83334679951651,58.55524199520882,z,0.39999999999999997,0.9000000000000001,70.0,20.0,160.00000000000003,350.0,AA2024-T3,AA2024-T3,7503.553068274474
42.83334679951651,58.55524199520882,formed z,0.39999999999999997,0.9000000000000001,70.0,20.0,160.00000000000003,350.0,AA2024-T3,AA2024-T3,7503.553068274474
42.83334679951651,58.55524199520882,z,0.39999999999999997,0.8,70.0,20.0,160.00000000000003,350.0,AA2024-T3,AA2024-T3,7354.660955091362
42.83334679951651,58.55524199520882,j,0.39999999999999997,0.8,70.0,20.0,160.00000000000003,350.0,AA2024-T3,AA2024-T3,7503.553068274474
42.83334679951651,58.55524199520882,j,0.39999999999999997,0.9000000000000001,70.0,20.0,160.00000000000003,350.0,AA2024-T3,AA2024-T3,7503.553068274474
42.83334679951651,58.55524199520882,formed z,0.39999999999999997,0.8,70.0,20.0,160.00000000000003,350.0,AA2024-T3,AA2024-T3,7503.553068274474
42.89014336748042,88.2282456959994,j,0.6,0.9000000000000001,44.99999999999999,20.0,180.00000000000003,399.99999999999994,AA2024-T3,AA2024-T3,7396.925134634002
42.89014336748042,88.2282456959994,z,0.6,0.9000000000000001,44.99999999999999,20.0,180.00000000000003,399.99999999999994,AA2024-T3,AA2024-T3,7396.925134634006
42.89014336748042,88.2282456959994,j,0.6,0.8,44.99999999999999,20.0,180.00000000000003,399.99999999999994,AA2024-T3,AA2024-T3,7396.925134634002
42.89014336748042,88.2282456959994,z,0.6,0.8,44.99999999999999,20.0,180.00000000000003,399.99999999999994,AA2024-T3,AA2024-T3,7396.925134634004
42.89014336748042,88.2282456959994,formed z,0.6,0.8,44.99999999999999,20.0,180.00000000000003,399.99999999999994,AA2024-T3,AA2024-T3,7396.925134634004
42.89014336748042,88.2282456959994,formed z,0.6,0.9000000000000001,44.99999999999999,20.0,180.00000000000003,399.99999999999994,AA2024-T3,AA2024-T3,7396.925134634002
42.911888971530004,72.70737988249631,formed z,0.5,0.8,40.0,20.0,120.00000000000001,300.0,AA2024-T3,AA2024-T3,9329.849157470066
42.911888971530004,72.70737988249631,j,0.5,0.8,40.0,20.0,120.00000000000001,300.0,AA2024-T3,AA2024-T3,9329.849157470066
42.911888971530004,72.70737988249631,z,0.5,0.9000000000000001,40.0,20.0,120.00000000000001,300.0,AA2024-T3,AA2024-T3,9329.849157470066
42.911888971530004,72.70737988249631,z,0.5,0.8,40.0,20.0,120.00000000000001,300.0,AA2024-T3,AA2024-T3,9329.849157470066
42.911888971530004,72.70737988249631,formed z,0.5,0.9000000000000001,40.0,20.0,120.00000000000001,300.0,AA2024-T3,AA2024-T3,9329.849157470067
42.911888971530004,72.70737988249631,j,0.5,0.9000000000000001,40.0,20.0,120.00000000000001,300.0,AA2024-T3,AA2024-T3,9329.849157470066
42.91409045159129,59.05746120587306,z,0.39999999999999997,0.9000000000000001,54.99999999999999,20.0,120.00000000000001,449.99999999999994,AA2024-T3,AA2024-T3,8677.319664814419
42.91409045159129,59.05746120587306,j,0.39999999999999997,0.8,54.99999999999999,20.0,120.00000000000001,449.99999999999994,AA2024-T3,AA2024-T3,8677.319664814419
42.91409045159129,59.05746120587306,z,0.39999999999999997,0.8,54.99999999999999,20.0,120.00000000000001,449.99999999999994,AA2024-T3,AA2024-T3,8677.319664814419
42.91409045159129,59.05746120587306,formed z,0.39999999999999997,0.8,54.99999999999999,20.0,120.00000000000001,449.99999999999994,AA2024-T3,AA2024-T3,8677.319664814419
42.91409045159129,59.05746120587306,formed z,0.39999999999999997,0.9000000000000001,54.99999999999999,20.0,120.00000000000001,449.99999999999994,AA2024-T3,AA2024-T3,8677.31966481442
42.91409045159129,59.05746120587306,j,0.39999999999999997,0.9000000000000001,54.99999999999999,20.0,120.00000000000001,449.99999999999994,AA2024-T3,AA2024-T3,8677.319664814419
42.933307211230414,88.27530620704862,j,0.6,0.9000000000000001,35.0,20.0,140.0,399.99999999999994,AA2024-T3,AA2024-T3,9624.344761035427
42.933307211230414,88.27530620704862,formed z,0.6,0.9000000000000001,40.0,20.0,160.00000000000003,399.99999999999994,AA2024-T3,AA2024-T3,8284.852004067643
42.933307211230414,88.27530620704862,z,0.6,0.9000000000000001,40.0,20.0,160.00000000000003,399.99999999999994,AA2024-T3,AA2024-T3,8284.852004067641
42.933307211230414,88.27530620704862,formed z,0.6,0.9000000000000001,35.0,20.0,140.0,399.99999999999994,AA2024-T3,AA2024-T3,9624.344761035427
42.933307211230414,88.27530620704862,z,0.6,0.8,49.99999999999999,20.0,200.0,399.99999999999994,AA2024-T3,AA2024-T3,6782.686326986272
42.933307211230414,88.27530620704862,z,0.6,0.8,40.0,20.0,160.00000000000003,399.99999999999994,AA2024-T3,AA2024-T3,8284.852004067641
42.933307211230414,88.27530620704862,j,0.6,0.9000000000000001,40.0,20.0,160.00000000000003,399.99999999999994,AA2024-T3,AA2024-T3,8284.852004067641
42.933307211230414,88.27530620704862,j,0.6,0.9000000000000001,49.99999999999999,20.0,200.0,399.99999999999994,AA2024-T3,AA2024-T3,6782.686326986272
42.933307211230414,88.27530620704862,formed z,0.6,0.9000000000000001,49.99999999999999,20.0,200.0,399.99999999999994,AA2024-T3,AA2024-T3,6782.686326986272
42.933307211230414,88.27530620704862,z,0.6,0.8,35.0,20.0,140.0,399.99999999999994,AA2024-T3,AA2024-T3,9624.344761035427
42.933307211230414,88.27530620704862,z,0.6,0.9000000000000001,49.99999999999999,20.0,200.0,399.99999999999994,AA2024-T3,AA2024-T3,6782.686326986272
42.933307211230414,88.27530620704862,formed z,0.6,0.8,40.0,20.0,160.00000000000003,399.99999999999994,AA2024-T3,AA2024-T3,8284.852004067641
42.933307211230414,88.27530620704862,j,0.6,0.8,49.99999999999999,20.0,200.0,399.99999999999994,AA2024-T3,AA2024-T3,6782.686326986272
42.933307211230414,88.27530620704862,z,0.6,0.9000000000000001,35.0,20.0,140.0,399.99999999999994,AA2024-T3,AA2024-T3,9624.344761035427
42.933307211230414,88.27530620704862,j,0.6,0.8,40.0,20.0,160.00000000000003,399.99999999999994,AA2024-T3,AA2024-T3,8284.852004067641
42.933307211230414,88.27530620704862,formed z,0.6,0.8,49.99999999999999,20.0,200.0,399.99999999999994,AA2024-T3,AA2024-T3,6782.686326986272
42.933307211230414,88.27530620704862,formed z,0.6,0.8,35.0,20.0,140.0,399.99999999999994,AA2024-T3,AA2024-T3,9624.344761035427
42.933307211230414,88.27530620704862,j,0.6,0.8,35.0,20.0,140.0,399.99999999999994,AA2024-T3,AA2024-T3,9624.344761035427
43.01158620994174,58.239155778255245,z,0.39999999999999997,0.9000000000000001,59.99999999999999,20.0,140.0,300.0,AA2024-T3,AA2024-T3,7770.510014155215
43.01158620994174,58.239155778255245,formed z,0.39999999999999997,0.8,59.99999999999999,20.0,140.0,300.0,AA2024-T3,AA2024-T3,7770.510014155215
43.01158620994174,58.239155778255245,j,0.39999999999999997,0.8,59.99999999999999,20.0,140.0,300.0,AA2024-T3,AA2024-T3,7770.510014155212
43.01158620994174,58.239155778255245,z,0.39999999999999997,0.8,59.99999999999999,20.0,140.0,300.0,AA2024-T3,AA2024-T3,7770.510014155212
43.01158620994174,58.239155778255245,j,0.39999999999999997,0.9000000000000001,59.99999999999999,20.0,140.0,300.0,AA2024-T3,AA2024-T3,7770.510014155212
43.01158620994174,58.239155778255245,formed z,0.39999999999999997,0.9000000000000001,59.99999999999999,20.0,140.0,300.0,AA2024-T3,AA2024-T3,7770.510014155212
43.03300444964216,73.65325662829562,formed z,0.5,0.9000000000000001,70.0,20.0,200.0,399.99999999999994,AA2024-T3,AA2024-T3,6812.589531399397
43.03300444964216,73.65325662829562,j,0.5,0.9000000000000001,70.0,20.0,200.0,399.99999999999994,AA2024-T3,AA2024-T3,6812.589531399397
43.03300444964216,73.65325662829562,formed z,0.5,0.8,70.0,20.0,200.0,399.99999999999994,AA2024-T3,AA2024-T3,6812.589531399397
43.03300444964216,73.65325662829562,j,0.5,0.8,70.0,20.0,200.0,399.99999999999994,AA2024-T3,AA2024-T3,6812.589531399397
43.03300444964216,73.65325662829562,z,0.5,0.8,70.0,20.0,200.0,399.99999999999994,AA2024-T3,AA2024-T3,6672.076236257456
43.03300444964216,73.65325662829562,z,0.5,0.9000000000000001,70.0,20.0,200.0,399.99999999999994,AA2024-T3,AA2024-T3,6812.589531399397
43.03579646735478,73.37863540933144,formed z,0.5,0.9000000000000001,35.0,20.0,100.0,350.0,AA2024-T3,AA2024-T3,711241.2447673399
43.03579646735478,73.37863540933144,z,0.5,0.8,35.0,20.0,100.0,350.0,AA2024-T3,AA2024-T3,711241.2447673399
43.03579646735478,73.37863540933144,formed z,0.5,0.8,54.99999999999999,20.0,160.00000000000003,350.0,AA2024-T3,AA2024-T3,7605.204613567952
43.03579646735478,73.37863540933144,z,0.5,0.9000000000000001,35.0,20.0,100.0,350.0,AA2024-T3,AA2024-T3,711241.2447673399
43.03579646735478,73.37863540933144,j,0.5,0.9000000000000001,35.0,20.0,100.0,350.0,AA2024-T3,AA2024-T3,711241.2447673399
43.03579646735478,73.37863540933144,formed z,0.5,0.9000000000000001,54.99999999999999,20.0,160.00000000000003,350.0,AA2024-T3,AA2024-T3,7605.204613567952
43.03579646735478,73.37863540933144,formed z,0.5,0.8,35.0,20.0,100.0,350.0,AA2024-T3,AA2024-T3,711241.2447673399
43.03579646735478,73.37863540933144,j,0.5,0.8,35.0,20.0,100.0,350.0,AA2024-T3,AA2024-T3,711241.2447673399
43.03579646735478,73.37863540933144,j,0.5,0.8,54.99999999999999,20.0,160.00000000000003,350.0,AA2024-T3,AA2024-T3,7605.204613567952
43.03579646735478,73.37863540933144,j,0.5,0.9000000000000001,54.99999999999999,20.0,160.00000000000003,350.0,AA2024-T3,AA2024-T3,7605.204613567952
43.03579646735478,73.37863540933144,z,0.5,0.9000000000000001,54.99999999999999,20.0,160.00000000000003,350.0,AA2024-T3,AA2024-T3,7605.204613567952
43.03579646735478,73.37863540933144,z,0.5,0.8,54.99999999999999,20.0,160.00000000000003,350.0,AA2024-T3,AA2024-T3,7605.204613567952
43.04916601826651,58.712646974857634,j,0.39999999999999997,0.9000000000000001,44.99999999999999,20.0,100.0,350.0,AA2024-T3,AA2024-T3,9529.133477648313
43.04916601826651,58.712646974857634,formed z,0.39999999999999997,0.9000000000000001,44.99999999999999,20.0,100.0,350.0,AA2024-T3,AA2024-T3,9529.133477648313
43.04916601826651,58.712646974857634,z,0.39999999999999997,0.8,44.99999999999999,20.0,100.0,350.0,AA2024-T3,AA2024-T3,9529.133477648316
43.04916601826651,58.712646974857634,formed z,0.39999999999999997,0.8,44.99999999999999,20.0,100.0,350.0,AA2024-T3,AA2024-T3,9529.133477648316
43.04916601826651,58.712646974857634,z,0.39999999999999997,0.9000000000000001,44.99999999999999,20.0,100.0,350.0,AA2024-T3,AA2024-T3,9529.133477648316
43.04916601826651,58.712646974857634,j,0.39999999999999997,0.8,44.99999999999999,20.0,100.0,350.0,AA2024-T3,AA2024-T3,9529.133477648313
43.062535569178266,44.04178800537882,z,0.3,0.9000000000000001,54.99999999999999,20.0,100.0,350.0,AA2024-T3,AA2024-T3,8836.606425810123
43.062535569178266,44.04178800537882,j,0.3,0.8,54.99999999999999,20.0,100.0,350.0,AA2024-T3,AA2024-T3,8836.606425810123
43.062535569178266,44.04178800537882,z,0.3,0.8,54.99999999999999,20.0,100.0,350.0,AA2024-T3,AA2024-T3,8836.606425810123
43.062535569178266,44.04178800537882,formed z,0.3,0.9000000000000001,54.99999999999999,20.0,100.0,350.0,AA2024-T3,AA2024-T3,8836.606425810125
43.062535569178266,44.04178800537882,formed z,0.3,0.8,54.99999999999999,20.0,100.0,350.0,AA2024-T3,AA2024-T3,8836.606425810123
43.062535569178266,44.04178800537882,j,0.3,0.9000000000000001,54.99999999999999,20.0,100.0,350.0,AA2024-T3,AA2024-T3,8836.606425810123
43.07337627567955,73.96586095047873,formed z,0.5,0.8,49.99999999999999,20.0,140.0,449.99999999999994,AA2024-T3,AA2024-T3,8520.214092219934
43.07337627567955,73.96586095047873,formed z,0.5,0.9000000000000001,49.99999999999999,20.0,140.0,449.99999999999994,AA2024-T3,AA2024-T3,8520.214092219934
43.07337627567955,73.96586095047873,z,0.5,0.8,49.99999999999999,20.0,140.0,449.99999999999994,AA2024-T3,AA2024-T3,8520.214092219934
43.07337627567955,73.96586095047873,z,0.5,0.9000000000000001,49.99999999999999,20.0,140.0,449.99999999999994,AA2024-T3,AA2024-T3,8520.214092219934
43.07337627567955,73.96586095047873,j,0.5,0.9000000000000001,49.99999999999999,20.0,140.0,449.99999999999994,AA2024-T3,AA2024-T3,8520.214092219934
43.07337627567955,73.96586095047873,j,0.5,0.8,49.99999999999999,20.0,140.0,449.99999999999994,AA2024-T3,AA2024-T3,8520.214092219936
43.08454434653001,72.86587868456415,z,0.5,0.9000000000000001,59.99999999999999,20.0,180.00000000000003,300.0,AA2024-T3,AA2024-T3,6951.723411980281
43.08454434653001,72.86587868456415,formed z,0.5,0.8,59.99999999999999,20.0,180.00000000000003,300.0,AA2024-T3,AA2024-T3,6951.723411980281
43.08454434653001,72.86587868456415,j,0.5,0.9000000000000001,59.99999999999999,20.0,180.00000000000003,300.0,AA2024-T3,AA2024-T3,6951.723411980281
43.08454434653001,72.86587868456415,formed z,0.5,0.9000000000000001,59.99999999999999,20.0,180.00000000000003,300.0,AA2024-T3,AA2024-T3,6951.723411980281
43.08454434653001,72.86587868456415,j,0.5,0.8,59.99999999999999,20.0,180.00000000000003,300.0,AA2024-T3,AA2024-T3,6951.723411980281
43.08454434653001,72.86587868456415,z,0.5,0.8,59.99999999999999,20.0,180.00000000000003,300.0,AA2024-T3,AA2024-T3,6951.723411980281
43.19508229144303,88.2282456959994,j,0.6,0.9000000000000001,44.99999999999999,20.0,180.00000000000003,350.0,AA2024-T3,AA2024-T3,7396.925134634002
43.19508229144303,88.2282456959994,formed z,0.6,0.9000000000000001,44.99999999999999,20.0,180.00000000000003,350.0,AA2024-T3,AA2024-T3,7396.925134634002
43.19508229144303,88.2282456959994,formed z,0.6,0.8,44.99999999999999,20.0,180.00000000000003,350.0,AA2024-T3,AA2024-T3,7396.925134634004
43.19508229144303,88.2282456959994,z,0.6,0.8,44.99999999999999,20.0,180.00000000000003,350.0,AA2024-T3,AA2024-T3,7396.925134634004
43.19508229144303,88.2282456959994,j,0.6,0.8,44.99999999999999,20.0,180.00000000000003,350.0,AA2024-T3,AA2024-T3,7396.925134634002
43.19508229144303,88.2282456959994,z,0.6,0.9000000000000001,44.99999999999999,20.0,180.00000000000003,350.0,AA2024-T3,AA2024-T3,7396.925134634006
43.202867806929554,74.08274749540237,j,0.5,0.8,65.0,20.0,180.00000000000003,449.99999999999994,AA2024-T3,AA2024-T3,7316.194557609111
43.202867806929554,74.08274749540237,z,0.5,0.9000000000000001,65.0,20.0,180.00000000000003,449.99999999999994,AA2024-T3,AA2024-T3,7316.19455760911
43.202867806929554,74.08274749540237,formed z,0.5,0.8,65.0,20.0,180.00000000000003,449.99999999999994,AA2024-T3,AA2024-T3,7316.19455760911
43.202867806929554,74.08274749540237,formed z,0.5,0.9000000000000001,65.0,20.0,180.00000000000003,449.99999999999994,AA2024-T3,AA2024-T3,7316.194557609108
43.202867806929554,74.08274749540237,j,0.5,0.9000000000000001,65.0,20.0,180.00000000000003,449.99999999999994,AA2024-T3,AA2024-T3,7316.19455760911
43.202867806929554,74.08274749540237,z,0.5,0.8,65.0,20.0,180.00000000000003,449.99999999999994,AA2024-T3,AA2024-T3,7316.194557609108
43.2190293755539,59.05746120587306,formed z,0.39999999999999997,0.9000000000000001,54.99999999999999,20.0,120.00000000000001,399.99999999999994,AA2024-T3,AA2024-T3,8677.31966481442
43.2190293755539,59.05746120587306,j,0.39999999999999997,0.9000000000000001,54.99999999999999,20.0,120.00000000000001,399.99999999999994,AA2024-T3,AA2024-T3,8677.319664814419
43.2190293755539,59.05746120587306,z,0.39999999999999997,0.9000000000000001,54.99999999999999,20.0,120.00000000000001,399.99999999999994,AA2024-T3,AA2024-T3,8677.319664814419
43.2190293755539,59.05746120587306,formed z,0.39999999999999997,0.8,54.99999999999999,20.0,120.00000000000001,399.99999999999994,AA2024-T3,AA2024-T3,8677.319664814419
43.2190293755539,59.05746120587306,j,0.39999999999999997,0.8,54.99999999999999,20.0,120.00000000000001,399.99999999999994,AA2024-T3,AA2024-T3,8677.319664814419
43.2190293755539,59.05746120587306,z,0.39999999999999997,0.8,54.99999999999999,20.0,120.00000000000001,399.99999999999994,AA2024-T3,AA2024-T3,8677.319664814419
43.23824613519303,88.27530620704862,formed z,0.6,0.9000000000000001,40.0,20.0,160.00000000000003,350.0,AA2024-T3,AA2024-T3,8284.852004067643
43.23824613519303,88.27530620704862,j,0.6,0.8,40.0,20.0,160.00000000000003,350.0,AA2024-T3,AA2024-T3,8284.852004067641
43.23824613519303,88.27530620704862,z,0.6,0.9000000000000001,35.0,20.0,140.0,350.0,AA2024-T3,AA2024-T3,9624.344761035427
43.23824613519303,88.27530620704862,j,0.6,0.8,49.99999999999999,20.0,200.0,350.0,AA2024-T3,AA2024-T3,6782.686326986272
43.23824613519303,88.27530620704862,formed z,0.6,0.9000000000000001,35.0,20.0,140.0,350.0,AA2024-T3,AA2024-T3,9624.344761035427
43.23824613519303,88.27530620704862,j,0.6,0.9000000000000001,35.0,20.0,140.0,350.0,AA2024-T3,AA2024-T3,9624.344761035427
43.23824613519303,88.27530620704862,z,0.6,0.9000000000000001,40.0,20.0,160.00000000000003,350.0,AA2024-T3,AA2024-T3,8284.852004067641
43.23824613519303,88.27530620704862,formed z,0.6,0.8,35.0,20.0,140.0,350.0,AA2024-T3,AA2024-T3,9624.344761035427
43.23824613519303,88.27530620704862,j,0.6,0.9000000000000001,49.99999999999999,20.0,200.0,350.0,AA2024-T3,AA2024-T3,6782.686326986272
43.23824613519303,88.27530620704862,j,0.6,0.9000000000000001,40.0,20.0,160.00000000000003,350.0,AA2024-T3,AA2024-T3,8284.852004067641
43.23824613519303,88.27530620704862,formed z,0.6,0.8,40.0,20.0,160.00000000000003,350.0,AA2024-T3,AA2024-T3,8284.852004067641
43.23824613519303,88.27530620704862,z,0.6,0.8,40.0,20.0,160.00000000000003,350.0,AA2024-T3,AA2024-T3,8284.852004067641
43.23824613519303,88.27530620704862,z,0.6,0.9000000000000001,49.99999999999999,20.0,200.0,350.0,AA2024-T3,AA2024-T3,6782.686326986272
43.23824613519303,88.27530620704862,z,0.6,0.8,49.99999999999999,20.0,200.0,350.0,AA2024-T3,AA2024-T3,6782.686326986272
43.23824613519303,88.27530620704862,j,0.6,0.8,35.0,20.0,140.0,350.0,AA2024-T3,AA2024-T3,9624.344761035427
43.23824613519303,88.27530620704862,formed z,0.6,0.8,49.99999999999999,20.0,200.0,350.0,AA2024-T3,AA2024-T3,6782.686326986272
43.23824613519303,88.27530620704862,formed z,0.6,0.9000000000000001,49.99999999999999,20.0,200.0,350.0,AA2024-T3,AA2024-T3,6782.686326986272
43.23824613519303,88.27530620704862,z,0.6,0.8,35.0,20.0,140.0,350.0,AA2024-T3,AA2024-T3,9624.344761035427
43.33794337360478,73.65325662829562,j,0.5,0.9000000000000001,70.0,20.0,200.0,350.0,AA2024-T3,AA2024-T3,6812.589531399397
43.33794337360478,73.65325662829562,formed z,0.5,0.8,70.0,20.0,200.0,350.0,AA2024-T3,AA2024-T3,6812.589531399397
43.33794337360478,73.65325662829562,j,0.5,0.8,70.0,20.0,200.0,350.0,AA2024-T3,AA2024-T3,6812.589531399397
43.33794337360478,73.65325662829562,z,0.5,0.8,70.0,20.0,200.0,350.0,AA2024-T3,AA2024-T3,6687.366564029898
43.33794337360478,73.65325662829562,z,0.5,0.9000000000000001,70.0,20.0,200.0,350.0,AA2024-T3,AA2024-T3,6812.589531399397
43.33794337360478,73.65325662829562,formed z,0.5,0.9000000000000001,70.0,20.0,200.0,350.0,AA2024-T3,AA2024-T3,6812.589531399397
43.37026651085348,43.87645134739425,j,0.3,0.9000000000000001,65.0,20.0,120.00000000000001,300.0,AA2024-T3,AA2024-T3,8339.168537620275
43.37026651085348,43.87645134739425,formed z,0.3,0.9000000000000001,65.0,20.0,120.00000000000001,300.0,AA2024-T3,AA2024-T3,8339.168537620273
43.37026651085348,43.87645134739425,j,0.3,0.8,65.0,20.0,120.00000000000001,300.0,AA2024-T3,AA2024-T3,8339.168537620277
43.37026651085348,43.87645134739425,z,0.3,0.9000000000000001,65.0,20.0,120.00000000000001,300.0,AA2024-T3,AA2024-T3,8339.168537620275
43.37026651085348,43.87645134739425,z,0.3,0.8,65.0,20.0,120.00000000000001,300.0,AA2024-T3,AA2024-T3,8339.168537620273
43.37026651085348,43.87645134739425,formed z,0.3,0.8,65.0,20.0,120.00000000000001,300.0,AA2024-T3,AA2024-T3,8339.168537620275
43.37831519964217,73.96586095047873,formed z,0.5,0.8,49.99999999999999,20.0,140.0,399.99999999999994,AA2024-T3,AA2024-T3,8520.214092219934
43.37831519964217,73.96586095047873,j,0.5,0.9000000000000001,49.99999999999999,20.0,140.0,399.99999999999994,AA2024-T3,AA2024-T3,8520.214092219934
43.37831519964217,73.96586095047873,z,0.5,0.9000000000000001,49.99999999999999,20.0,140.0,399.99999999999994,AA2024-T3,AA2024-T3,8520.214092219934
43.37831519964217,73.96586095047873,z,0.5,0.8,49.99999999999999,20.0,140.0,399.99999999999994,AA2024-T3,AA2024-T3,8520.214092219934
43.37831519964217,73.96586095047873,formed z,0.5,0.9000000000000001,49.99999999999999,20.0,140.0,399.99999999999994,AA2024-T3,AA2024-T3,8520.214092219934
43.37831519964217,73.96586095047873,j,0.5,0.8,49.99999999999999,20.0,140.0,399.99999999999994,AA2024-T3,AA2024-T3,8520.214092219936
43.44322464744174,58.55524199520882,formed z,0.39999999999999997,0.8,70.0,20.0,160.00000000000003,300.0,AA2024-T3,AA2024-T3,7503.553068274474
43.44322464744174,58.55524199520882,j,0.39999999999999997,0.8,70.0,20.0,160.00000000000003,300.0,AA2024-T3,AA2024-T3,7503.553068274474
43.44322464744174,58.55524199520882,z,0.39999999999999997,0.8,70.0,20.0,160.00000000000003,300.0,AA2024-T3,AA2024-T3,7372.699462083119
43.44322464744174,58.55524199520882,z,0.39999999999999997,0.9000000000000001,70.0,20.0,160.00000000000003,300.0,AA2024-T3,AA2024-T3,7503.553068274474
43.44322464744174,58.55524199520882,formed z,0.39999999999999997,0.9000000000000001,70.0,20.0,160.00000000000003,300.0,AA2024-T3,AA2024-T3,7503.553068274474
43.44322464744174,58.55524199520882,j,0.39999999999999997,0.9000000000000001,70.0,20.0,160.00000000000003,300.0,AA2024-T3,AA2024-T3,7503.553068274474
43.50780673089217,74.08274749540237,formed z,0.5,0.8,65.0,20.0,180.00000000000003,399.99999999999994,AA2024-T3,AA2024-T3,7316.19455760911
43.50780673089217,74.08274749540237,z,0.5,0.8,65.0,20.0,180.00000000000003,399.99999999999994,AA2024-T3,AA2024-T3,7316.194557609108
43.50780673089217,74.08274749540237,j,0.5,0.9000000000000001,65.0,20.0,180.00000000000003,399.99999999999994,AA2024-T3,AA2024-T3,7316.19455760911
43.50780673089217,74.08274749540237,z,0.5,0.9000000000000001,65.0,20.0,180.00000000000003,399.99999999999994,AA2024-T3,AA2024-T3,7316.19455760911
43.50780673089217,74.08274749540237,j,0.5,0.8,65.0,20.0,180.00000000000003,399.99999999999994,AA2024-T3,AA2024-T3,7316.194557609111
43.50780673089217,74.08274749540237,formed z,0.5,0.9000000000000001,65.0,20.0,180.00000000000003,399.99999999999994,AA2024-T3,AA2024-T3,7316.194557609108
43.518384264091296,59.49342537775263,j,0.39999999999999997,0.8,65.0,20.0,140.0,449.99999999999994,AA2024-T3,AA2024-T3,8241.20581832329
43.518384264091296,59.49342537775263,formed z,0.39999999999999997,0.9000000000000001,65.0,20.0,140.0,449.99999999999994,AA2024-T3,AA2024-T3,8241.205818323286
43.518384264091296,59.49342537775263,j,0.39999999999999997,0.9000000000000001,65.0,20.0,140.0,449.99999999999994,AA2024-T3,AA2024-T3,8241.205818323288
43.518384264091296,59.49342537775263,z,0.39999999999999997,0.9000000000000001,65.0,20.0,140.0,449.99999999999994,AA2024-T3,AA2024-T3,8241.205818323288
43.518384264091296,59.49342537775263,z,0.39999999999999997,0.8,65.0,20.0,140.0,449.99999999999994,AA2024-T3,AA2024-T3,8241.205818323286
43.518384264091296,59.49342537775263,formed z,0.39999999999999997,0.8,65.0,20.0,140.0,449.99999999999994,AA2024-T3,AA2024-T3,8241.205818323288
43.52396829951651,59.05746120587306,formed z,0.39999999999999997,0.8,54.99999999999999,20.0,120.00000000000001,350.0,AA2024-T3,AA2024-T3,8677.319664814419
43.52396829951651,59.05746120587306,z,0.39999999999999997,0.9000000000000001,54.99999999999999,20.0,120.00000000000001,350.0,AA2024-T3,AA2024-T3,8677.319664814419
43.52396829951651,59.05746120587306,formed z,0.39999999999999997,0.9000000000000001,54.99999999999999,20.0,120.00000000000001,350.0,AA2024-T3,AA2024-T3,8677.31966481442
43.52396829951651,59.05746120587306,j,0.39999999999999997,0.9000000000000001,54.99999999999999,20.0,120.00000000000001,350.0,AA2024-T3,AA2024-T3,8677.319664814419
43.52396829951651,59.05746120587306,j,0.39999999999999997,0.8,54.99999999999999,20.0,120.00000000000001,350.0,AA2024-T3,AA2024-T3,8677.319664814419
43.52396829951651,59.05746120587306,z,0.39999999999999997,0.8,54.99999999999999,20.0,120.00000000000001,350.0,AA2024-T3,AA2024-T3,8677.319664814419
43.645674315280004,73.37863540933144,formed z,0.5,0.9000000000000001,35.0,20.0,100.0,300.0,AA2024-T3,AA2024-T3,711241.2447673399
43.645674315280004,73.37863540933144,z,0.5,0.9000000000000001,35.0,20.0,100.0,300.0,AA2024-T3,AA2024-T3,711241.2447673399
43.645674315280004,73.37863540933144,j,0.5,0.9000000000000001,35.0,20.0,100.0,300.0,AA2024-T3,AA2024-T3,711241.2447673399
43.645674315280004,73.37863540933144,formed z,0.5,0.8,35.0,20.0,100.0,300.0,AA2024-T3,AA2024-T3,711241.2447673399
43.645674315280004,73.37863540933144,j,0.5,0.8,35.0,20.0,100.0,300.0,AA2024-T3,AA2024-T3,711241.2447673399
43.645674315280004,73.37863540933144,z,0.5,0.9000000000000001,54.99999999999999,20.0,160.00000000000003,300.0,AA2024-T3,AA2024-T3,7605.204613567952
43.645674315280004,73.37863540933144,z,0.5,0.8,54.99999999999999,20.0,160.00000000000003,300.0,AA2024-T3,AA2024-T3,7605.204613567952
43.645674315280004,73.37863540933144,z,0.5,0.8,35.0,20.0,100.0,300.0,AA2024-T3,AA2024-T3,711241.2447673399
43.645674315280004,73.37863540933144,j,0.5,0.9000000000000001,54.99999999999999,20.0,160.00000000000003,300.0,AA2024-T3,AA2024-T3,7605.204613567952
43.645674315280004,73.37863540933144,formed z,0.5,0.8,54.99999999999999,20.0,160.00000000000003,300.0,AA2024-T3,AA2024-T3,7605.204613567952
43.645674315280004,73.37863540933144,formed z,0.5,0.9000000000000001,54.99999999999999,20.0,160.00000000000003,300.0,AA2024-T3,AA2024-T3,7605.204613567952
43.645674315280004,73.37863540933144,j,0.5,0.8,54.99999999999999,20.0,160.00000000000003,300.0,AA2024-T3,AA2024-T3,7605.204613567952
43.65904386619174,58.712646974857634,formed z,0.39999999999999997,0.8,44.99999999999999,20.0,100.0,300.0,AA2024-T3,AA2024-T3,9529.133477648316
43.65904386619174,58.712646974857634,z,0.39999999999999997,0.8,44.99999999999999,20.0,100.0,300.0,AA2024-T3,AA2024-T3,9529.133477648316
43.65904386619174,58.712646974857634,j,0.39999999999999997,0.8,44.99999999999999,20.0,100.0,300.0,AA2024-T3,AA2024-T3,9529.133477648313
43.65904386619174,58.712646974857634,formed z,0.39999999999999997,0.9000000000000001,44.99999999999999,20.0,100.0,300.0,AA2024-T3,AA2024-T3,9529.133477648313
43.65904386619174,58.712646974857634,j,0.39999999999999997,0.9000000000000001,44.99999999999999,20.0,100.0,300.0,AA2024-T3,AA2024-T3,9529.133477648313
43.65904386619174,58.712646974857634,z,0.39999999999999997,0.9000000000000001,44.99999999999999,20.0,100.0,300.0,AA2024-T3,AA2024-T3,9529.133477648316
43.672413417103485,44.04178800537882,formed z,0.3,0.8,54.99999999999999,20.0,100.0,300.0,AA2024-T3,AA2024-T3,8836.606425810123
43.672413417103485,44.04178800537882,formed z,0.3,0.9000000000000001,54.99999999999999,20.0,100.0,300.0,AA2024-T3,AA2024-T3,8836.606425810125
43.672413417103485,44.04178800537882,j,0.3,0.9000000000000001,54.99999999999999,20.0,100.0,300.0,AA2024-T3,AA2024-T3,8836.606425810123
43.672413417103485,44.04178800537882,j,0.3,0.8,54.99999999999999,20.0,100.0,300.0,AA2024-T3,AA2024-T3,8836.606425810123
43.672413417103485,44.04178800537882,z,0.3,0.8,54.99999999999999,20.0,100.0,300.0,AA2024-T3,AA2024-T3,8836.606425810123
43.672413417103485,44.04178800537882,z,0.3,0.9000000000000001,54.99999999999999,20.0,100.0,300.0,AA2024-T3,AA2024-T3,8836.606425810123
43.67767008817955,74.50976272262261,z,0.5,0.9000000000000001,44.99999999999999,20.0,120.00000000000001,449.99999999999994,AA2024-T3,AA2024-T3,9872.313276067174
43.67767008817955,74.50976272262261,formed z,0.5,0.8,44.99999999999999,20.0,120.00000000000001,449.99999999999994,AA2024-T3,AA2024-T3,9872.313276067174
43.67767008817955,74.50976272262261,formed z,0.5,0.9000000000000001,44.99999999999999,20.0,120.00000000000001,449.99999999999994,AA2024-T3,AA2024-T3,9872.313276067174
43.67767008817955,74.50976272262261,j,0.5,0.9000000000000001,44.99999999999999,20.0,120.00000000000001,449.99999999999994,AA2024-T3,AA2024-T3,9872.313276067174
43.67767008817955,74.50976272262261,z,0.5,0.8,44.99999999999999,20.0,120.00000000000001,449.99999999999994,AA2024-T3,AA2024-T3,9872.313276067174
43.67767008817955,74.50976272262261,j,0.5,0.8,44.99999999999999,20.0,120.00000000000001,449.99999999999994,AA2024-T3,AA2024-T3,9872.313276067174
43.68325412360478,73.96586095047873,j,0.5,0.9000000000000001,49.99999999999999,20.0,140.0,350.0,AA2024-T3,AA2024-T3,8520.214092219934
43.68325412360478,73.96586095047873,j,0.5,0.8,49.99999999999999,20.0,140.0,350.0,AA2024-T3,AA2024-T3,8520.214092219936
43.68325412360478,73.96586095047873,formed z,0.5,0.9000000000000001,49.99999999999999,20.0,140.0,350.0,AA2024-T3,AA2024-T3,8520.214092219934
43.68325412360478,73.96586095047873,formed z,0.5,0.8,49.99999999999999,20.0,140.0,350.0,AA2024-T3,AA2024-T3,8520.214092219934
43.68325412360478,73.96586095047873,z,0.5,0.8,49.99999999999999,20.0,140.0,350.0,AA2024-T3,AA2024-T3,8520.214092219934
43.68325412360478,73.96586095047873,z,0.5,0.9000000000000001,49.99999999999999,20.0,140.0,350.0,AA2024-T3,AA2024-T3,8520.214092219934
43.73725867385606,104.3884537194728,z,0.6999999999999998,0.9000000000000001,35.0,20.0,200.0,449.99999999999994,AA2024-T3,AA2024-T3,7514.93621155455
43.73725867385606,104.3884537194728,z,0.6999999999999998,0.8,35.0,20.0,200.0,449.99999999999994,AA2024-T3,AA2024-T3,7514.93621155455
43.73725867385606,104.3884537194728,j,0.6999999999999998,0.9000000000000001,35.0,20.0,200.0,449.99999999999994,AA2024-T3,AA2024-T3,7514.93621155455
43.73725867385606,104.3884537194728,formed z,0.6999999999999998,0.8,35.0,20.0,200.0,449.99999999999994,AA2024-T3,AA2024-T3,7514.93621155455
43.73725867385606,104.3884537194728,j,0.6999999999999998,0.8,35.0,20.0,200.0,449.99999999999994,AA2024-T3,AA2024-T3,7514.93621155455
43.73725867385606,104.3884537194728,formed z,0.6999999999999998,0.9000000000000001,35.0,20.0,200.0,449.99999999999994,AA2024-T3,AA2024-T3,7514.93621155455
43.80496013936826,88.2282456959994,z,0.6,0.8,44.99999999999999,20.0,180.00000000000003,300.0,AA2024-T3,AA2024-T3,7396.925134634004
43.80496013936826,88.2282456959994,j,0.6,0.8,44.99999999999999,20.0,180.00000000000003,300.0,AA2024-T3,AA2024-T3,7396.925134634002
43.80496013936826,88.2282456959994,formed z,0.6,0.8,44.99999999999999,20.0,180.00000000000003,300.0,AA2024-T3,AA2024-T3,7396.925134634004
43.80496013936826,88.2282456959994,z,0.6,0.9000000000000001,44.99999999999999,20.0,180.00000000000003,300.0,AA2024-T3,AA2024-T3,7396.925134634006
43.80496013936826,88.2282456959994,j,0.6,0.9000000000000001,44.99999999999999,20.0,180.00000000000003,300.0,AA2024-T3,AA2024-T3,7396.925134634002
43.80496013936826,88.2282456959994,formed z,0.6,0.9000000000000001,44.99999999999999,20.0,180.00000000000003,300.0,AA2024-T3,AA2024-T3,7396.925134634002
43.81274565485478,74.08274749540237,z,0.5,0.8,65.0,20.0,180.00000000000003,350.0,AA2024-T3,AA2024-T3,7316.194557609108
43.81274565485478,74.08274749540237,z,0.5,0.9000000000000001,65.0,20.0,180.00000000000003,350.0,AA2024-T3,AA2024-T3,7316.19455760911
43.81274565485478,74.08274749540237,formed z,0.5,0.9000000000000001,65.0,20.0,180.00000000000003,350.0,AA2024-T3,AA2024-T3,7316.194557609108
43.81274565485478,74.08274749540237,j,0.5,0.8,65.0,20.0,180.00000000000003,350.0,AA2024-T3,AA2024-T3,7316.194557609111
43.81274565485478,74.08274749540237,formed z,0.5,0.8,65.0,20.0,180.00000000000003,350.0,AA2024-T3,AA2024-T3,7316.19455760911
43.81274565485478,74.08274749540237,j,0.5,0.9000000000000001,65.0,20.0,180.00000000000003,350.0,AA2024-T3,AA2024-T3,7316.19455760911
43.823323188053905,59.49342537775263,j,0.39999999999999997,0.8,65.0,20.0,140.0,399.99999999999994,AA2024-T3,AA2024-T3,8241.20581832329
43.823323188053905,59.49342537775263,j,0.39999999999999997,0.9000000000000001,65.0,20.0,140.0,399.99999999999994,AA2024-T3,AA2024-T3,8241.205818323288
43.823323188053905,59.49342537775263,z,0.39999999999999997,0.9000000000000001,65.0,20.0,140.0,399.99999999999994,AA2024-T3,AA2024-T3,8241.205818323288
43.823323188053905,59.49342537775263,formed z,0.39999999999999997,0.9000000000000001,65.0,20.0,140.0,399.99999999999994,AA2024-T3,AA2024-T3,8241.205818323286
43.823323188053905,59.49342537775263,z,0.39999999999999997,0.8,65.0,20.0,140.0,399.99999999999994,AA2024-T3,AA2024-T3,8241.205818323286
43.823323188053905,59.49342537775263,formed z,0.39999999999999997,0.8,65.0,20.0,140.0,399.99999999999994,AA2024-T3,AA2024-T3,8241.205818323288
43.836955912267804,89.58296384846719,z,0.6,0.8,54.99999999999999,20.0,200.0,449.99999999999994,AA2024-T3,AA2024-T3,7111.270419512995
43.836955912267804,89.58296384846719,j,0.6,0.8,54.99999999999999,20.0,200.0,449.99999999999994,AA2024-T3,AA2024-T3,7111.270419512995
43.836955912267804,89.58296384846719,formed z,0.6,0.8,54.99999999999999,20.0,200.0,449.99999999999994,AA2024-T3,AA2024-T3,7111.270419512995
43.836955912267804,89.58296384846719,formed z,0.6,0.9000000000000001,54.99999999999999,20.0,200.0,449.99999999999994,AA2024-T3,AA2024-T3,7111.270419512996
43.836955912267804,89.58296384846719,z,0.6,0.9000000000000001,54.99999999999999,20.0,200.0,449.99999999999994,AA2024-T3,AA2024-T3,7111.270419512995
43.836955912267804,89.58296384846719,j,0.6,0.9000000000000001,54.99999999999999,20.0,200.0,449.99999999999994,AA2024-T3,AA2024-T3,7111.270419512995
43.848123983118256,88.27530620704862,formed z,0.6,0.8,40.0,20.0,160.00000000000003,300.0,AA2024-T3,AA2024-T3,8284.852004067641
43.848123983118256,88.27530620704862,j,0.6,0.9000000000000001,40.0,20.0,160.00000000000003,300.0,AA2024-T3,AA2024-T3,8284.852004067641
43.848123983118256,88.27530620704862,formed z,0.6,0.8,49.99999999999999,20.0,200.0,300.0,AA2024-T3,AA2024-T3,6782.686326986272
43.848123983118256,88.27530620704862,z,0.6,0.8,49.99999999999999,20.0,200.0,300.0,AA2024-T3,AA2024-T3,6782.686326986272
43.848123983118256,88.27530620704862,j,0.6,0.9000000000000001,49.99999999999999,20.0,200.0,300.0,AA2024-T3,AA2024-T3,6782.686326986272
43.848123983118256,88.27530620704862,z,0.6,0.8,40.0,20.0,160.00000000000003,300.0,AA2024-T3,AA2024-T3,8284.852004067641
43.848123983118256,88.27530620704862,z,0.6,0.9000000000000001,49.99999999999999,20.0,200.0,300.0,AA2024-T3,AA2024-T3,6782.686326986272
43.848123983118256,88.27530620704862,formed z,0.6,0.8,35.0,20.0,140.0,300.0,AA2024-T3,AA2024-T3,9624.344761035427
43.848123983118256,88.27530620704862,formed z,0.6,0.9000000000000001,35.0,20.0,140.0,300.0,AA2024-T3,AA2024-T3,9624.344761035427
43.848123983118256,88.27530620704862,j,0.6,0.9000000000000001,35.0,20.0,140.0,300.0,AA2024-T3,AA2024-T3,9624.344761035427
43.848123983118256,88.27530620704862,j,0.6,0.8,35.0,20.0,140.0,300.0,AA2024-T3,AA2024-T3,9624.344761035427
43.848123983118256,88.27530620704862,z,0.6,0.8,35.0,20.0,140.0,300.0,AA2024-T3,AA2024-T3,9624.344761035427
43.848123983118256,88.27530620704862,j,0.6,0.8,40.0,20.0,160.00000000000003,300.0,AA2024-T3,AA2024-T3,8284.852004067641
43.848123983118256,88.27530620704862,formed z,0.6,0.9000000000000001,49.99999999999999,20.0,200.0,300.0,AA2024-T3,AA2024-T3,6782.686326986272
43.848123983118256,88.27530620704862,formed z,0.6,0.9000000000000001,40.0,20.0,160.00000000000003,300.0,AA2024-T3,AA2024-T3,8284.852004067643
43.848123983118256,88.27530620704862,z,0.6,0.9000000000000001,35.0,20.0,140.0,300.0,AA2024-T3,AA2024-T3,9624.344761035427
43.848123983118256,88.27530620704862,z,0.6,0.9000000000000001,40.0,20.0,160.00000000000003,300.0,AA2024-T3,AA2024-T3,8284.852004067641
43.848123983118256,88.27530620704862,j,0.6,0.8,49.99999999999999,20.0,200.0,300.0,AA2024-T3,AA2024-T3,6782.686326986272
43.92328359976781,89.67563831155533,z,0.6,0.9000000000000001,49.99999999999999,20.0,180.00000000000003,449.99999999999994,AA2024-T3,AA2024-T3,7761.293239022901
43.92328359976781,89.67563831155533,formed z,0.6,0.8,49.99999999999999,20.0,180.00000000000003,449.99999999999994,AA2024-T3,AA2024-T3,7761.293239022901
43.92328359976781,89.67563831155533,j,0.6,0.9000000000000001,49.99999999999999,20.0,180.00000000000003,449.99999999999994,AA2024-T3,AA2024-T3,7761.293239022901
43.92328359976781,89.67563831155533,j,0.6,0.8,49.99999999999999,20.0,180.00000000000003,449.99999999999994,AA2024-T3,AA2024-T3,7761.293239022902
43.92328359976781,89.67563831155533,formed z,0.6,0.9000000000000001,49.99999999999999,20.0,180.00000000000003,449.99999999999994,AA2024-T3,AA2024-T3,7761.293239022901
43.92328359976781,89.67563831155533,z,0.6,0.8,49.99999999999999,20.0,180.00000000000003,449.99999999999994,AA2024-T3,AA2024-T3,7761.293239022901
43.936653150679554,74.74165185240093,j,0.5,0.8,59.99999999999999,20.0,160.00000000000003,449.99999999999994,AA2024-T3,AA2024-T3,8016.681421596334
43.936653150679554,74.74165185240093,z,0.5,0.8,59.99999999999999,20.0,160.00000000000003,449.99999999999994,AA2024-T3,AA2024-T3,8016.681421596334
43.936653150679554,74.74165185240093,formed z,0.5,0.9000000000000001,59.99999999999999,20.0,160.00000000000003,449.99999999999994,AA2024-T3,AA2024-T3,8016.681421596334
43.936653150679554,74.74165185240093,formed z,0.5,0.8,59.99999999999999,20.0,160.00000000000003,449.99999999999994,AA2024-T3,AA2024-T3,8016.681421596334
43.936653150679554,74.74165185240093,z,0.5,0.9000000000000001,59.99999999999999,20.0,160.00000000000003,449.99999999999994,AA2024-T3,AA2024-T3,8016.681421596334
43.936653150679554,74.74165185240093,j,0.5,0.9000000000000001,59.99999999999999,20.0,160.00000000000003,449.99999999999994,AA2024-T3,AA2024-T3,8016.681421596334
43.947821221530006,73.65325662829562,formed z,0.5,0.9000000000000001,70.0,20.0,200.0,300.0,AA2024-T3,AA2024-T3,6812.589531399397
43.947821221530006,73.65325662829562,z,0.5,0.9000000000000001,70.0,20.0,200.0,300.0,AA2024-T3,AA2024-T3,6812.589531399397
43.947821221530006,73.65325662829562,j,0.5,0.9000000000000001,70.0,20.0,200.0,300.0,AA2024-T3,AA2024-T3,6812.589531399397
43.947821221530006,73.65325662829562,z,0.5,0.8,70.0,20.0,200.0,300.0,AA2024-T3,AA2024-T3,6702.5396735515915
43.947821221530006,73.65325662829562,formed z,0.5,0.8,70.0,20.0,200.0,300.0,AA2024-T3,AA2024-T3,6812.589531399397
43.947821221530006,73.65325662829562,j,0.5,0.8,70.0,20.0,200.0,300.0,AA2024-T3,AA2024-T3,6812.589531399397
43.98260901214216,74.50976272262261,formed z,0.5,0.9000000000000001,44.99999999999999,20.0,120.00000000000001,399.99999999999994,AA2024-T3,AA2024-T3,9872.313276067174
43.98260901214216,74.50976272262261,z,0.5,0.9000000000000001,44.99999999999999,20.0,120.00000000000001,399.99999999999994,AA2024-T3,AA2024-T3,9872.313276067174
43.98260901214216,74.50976272262261,formed z,0.5,0.8,44.99999999999999,20.0,120.00000000000001,399.99999999999994,AA2024-T3,AA2024-T3,9872.313276067174
43.98260901214216,74.50976272262261,j,0.5,0.9000000000000001,44.99999999999999,20.0,120.00000000000001,399.99999999999994,AA2024-T3,AA2024-T3,9872.313276067174
43.98260901214216,74.50976272262261,j,0.5,0.8,44.99999999999999,20.0,120.00000000000001,399.99999999999994,AA2024-T3,AA2024-T3,9872.313276067174
43.98260901214216,74.50976272262261,z,0.5,0.8,44.99999999999999,20.0,120.00000000000001,399.99999999999994,AA2024-T3,AA2024-T3,9872.313276067174
44.04219759781867,104.3884537194728,z,0.6999999999999998,0.9000000000000001,35.0,20.0,200.0,399.99999999999994,AA2024-T3,AA2024-T3,7514.93621155455
44.04219759781867,104.3884537194728,j,0.6999999999999998,0.9000000000000001,35.0,20.0,200.0,399.99999999999994,AA2024-T3,AA2024-T3,7514.93621155455
44.04219759781867,104.3884537194728,formed z,0.6999999999999998,0.8,35.0,20.0,200.0,399.99999999999994,AA2024-T3,AA2024-T3,7514.93621155455
44.04219759781867,104.3884537194728,j,0.6999999999999998,0.8,35.0,20.0,200.0,399.99999999999994,AA2024-T3,AA2024-T3,7514.93621155455
44.04219759781867,104.3884537194728,z,0.6999999999999998,0.8,35.0,20.0,200.0,399.99999999999994,AA2024-T3,AA2024-T3,7514.93621155455
44.04219759781867,104.3884537194728,formed z,0.6999999999999998,0.9000000000000001,35.0,20.0,200.0,399.99999999999994,AA2024-T3,AA2024-T3,7514.93621155455
44.128262112016515,59.49342537775263,z,0.39999999999999997,0.9000000000000001,65.0,20.0,140.0,350.0,AA2024-T3,AA2024-T3,8241.205818323288
44.128262112016515,59.49342537775263,z,0.39999999999999997,0.8,65.0,20.0,140.0,350.0,AA2024-T3,AA2024-T3,8241.205818323286
44.128262112016515,59.49342537775263,formed z,0.39999999999999997,0.9000000000000001,65.0,20.0,140.0,350.0,AA2024-T3,AA2024-T3,8241.205818323286
44.128262112016515,59.49342537775263,j,0.39999999999999997,0.9000000000000001,65.0,20.0,140.0,350.0,AA2024-T3,AA2024-T3,8241.205818323288
44.128262112016515,59.49342537775263,j,0.39999999999999997,0.8,65.0,20.0,140.0,350.0,AA2024-T3,AA2024-T3,8241.20581832329
44.128262112016515,59.49342537775263,formed z,0.39999999999999997,0.8,65.0,20.0,140.0,350.0,AA2024-T3,AA2024-T3,8241.205818323288
44.133846147441744,59.05746120587306,z,0.39999999999999997,0.9000000000000001,54.99999999999999,20.0,120.00000000000001,300.0,AA2024-T3,AA2024-T3,8677.319664814419
44.133846147441744,59.05746120587306,j,0.39999999999999997,0.9000000000000001,54.99999999999999,20.0,120.00000000000001,300.0,AA2024-T3,AA2024-T3,8677.319664814419
44.133846147441744,59.05746120587306,z,0.39999999999999997,0.8,54.99999999999999,20.0,120.00000000000001,300.0,AA2024-T3,AA2024-T3,8677.319664814419
44.133846147441744,59.05746120587306,j,0.39999999999999997,0.8,54.99999999999999,20.0,120.00000000000001,300.0,AA2024-T3,AA2024-T3,8677.319664814419
44.133846147441744,59.05746120587306,formed z,0.39999999999999997,0.9000000000000001,54.99999999999999,20.0,120.00000000000001,300.0,AA2024-T3,AA2024-T3,8677.31966481442
44.133846147441744,59.05746120587306,formed z,0.39999999999999997,0.8,54.99999999999999,20.0,120.00000000000001,300.0,AA2024-T3,AA2024-T3,8677.319664814419
44.13604762750303,44.95181839945584,z,0.3,0.9000000000000001,70.0,20.0,120.00000000000001,449.99999999999994,AA2024-T3,AA2024-T3,8881.61691595387
44.13604762750303,44.95181839945584,j,0.3,0.8,70.0,20.0,120.00000000000001,449.99999999999994,AA2024-T3,AA2024-T3,8881.61691595387
44.13604762750303,44.95181839945584,j,0.3,0.9000000000000001,70.0,20.0,120.00000000000001,449.99999999999994,AA2024-T3,AA2024-T3,8881.61691595387
44.13604762750303,44.95181839945584,z,0.3,0.8,70.0,20.0,120.00000000000001,449.99999999999994,AA2024-T3,AA2024-T3,8646.344385441775
44.13604762750303,44.95181839945584,formed z,0.3,0.9000000000000001,70.0,20.0,120.00000000000001,449.99999999999994,AA2024-T3,AA2024-T3,8881.61691595387
44.13604762750303,44.95181839945584,formed z,0.3,0.8,70.0,20.0,120.00000000000001,449.99999999999994,AA2024-T3,AA2024-T3,8881.61691595387
44.139102818517806,89.90690653869521,z,0.6,0.8,44.99999999999999,20.0,160.00000000000003,449.99999999999994,AA2024-T3,AA2024-T3,8696.38467254722
44.139102818517806,89.90690653869521,formed z,0.6,0.8,44.99999999999999,20.0,160.00000000000003,449.99999999999994,AA2024-T3,AA2024-T3,8696.38467254722
44.139102818517806,89.90690653869521,j,0.6,0.8,44.99999999999999,20.0,160.00000000000003,449.99999999999994,AA2024-T3,AA2024-T3,8696.384672547218
44.139102818517806,89.90690653869521,z,0.6,0.9000000000000001,44.99999999999999,20.0,160.00000000000003,449.99999999999994,AA2024-T3,AA2024-T3,8696.384672547221
44.139102818517806,89.90690653869521,formed z,0.6,0.9000000000000001,44.99999999999999,20.0,160.00000000000003,449.99999999999994,AA2024-T3,AA2024-T3,8696.384672547218
44.139102818517806,89.90690653869521,j,0.6,0.9000000000000001,44.99999999999999,20.0,160.00000000000003,449.99999999999994,AA2024-T3,AA2024-T3,8696.384672547218
44.14189483623042,89.58296384846719,z,0.6,0.9000000000000001,54.99999999999999,20.0,200.0,399.99999999999994,AA2024-T3,AA2024-T3,7111.270419512995
44.14189483623042,89.58296384846719,j,0.6,0.8,54.99999999999999,20.0,200.0,399.99999999999994,AA2024-T3,AA2024-T3,7111.270419512995
44.14189483623042,89.58296384846719,formed z,0.6,0.8,54.99999999999999,20.0,200.0,399.99999999999994,AA2024-T3,AA2024-T3,7111.270419512995
44.14189483623042,89.58296384846719,z,0.6,0.8,54.99999999999999,20.0,200.0,399.99999999999994,AA2024-T3,AA2024-T3,7111.270419512995
44.14189483623042,89.58296384846719,formed z,0.6,0.9000000000000001,54.99999999999999,20.0,200.0,399.99999999999994,AA2024-T3,AA2024-T3,7111.270419512996
44.14189483623042,89.58296384846719,j,0.6,0.9000000000000001,54.99999999999999,20.0,200.0,399.99999999999994,AA2024-T3,AA2024-T3,7111.270419512995
44.22822252373042,89.67563831155533,formed z,0.6,0.9000000000000001,49.99999999999999,20.0,180.00000000000003,399.99999999999994,AA2024-T3,AA2024-T3,7761.293239022901
44.22822252373042,89.67563831155533,z,0.6,0.9000000000000001,49.99999999999999,20.0,180.00000000000003,399.99999999999994,AA2024-T3,AA2024-T3,7761.293239022901
44.22822252373042,89.67563831155533,j,0.6,0.8,49.99999999999999,20.0,180.00000000000003,399.99999999999994,AA2024-T3,AA2024-T3,7761.293239022902
44.22822252373042,89.67563831155533,z,0.6,0.8,49.99999999999999,20.0,180.00000000000003,399.99999999999994,AA2024-T3,AA2024-T3,7761.293239022901
44.22822252373042,89.67563831155533,j,0.6,0.9000000000000001,49.99999999999999,20.0,180.00000000000003,399.99999999999994,AA2024-T3,AA2024-T3,7761.293239022901
44.22822252373042,89.67563831155533,formed z,0.6,0.8,49.99999999999999,20.0,180.00000000000003,399.99999999999994,AA2024-T3,AA2024-T3,7761.293239022901
44.24159207464217,74.74165185240093,formed z,0.5,0.9000000000000001,59.99999999999999,20.0,160.00000000000003,399.99999999999994,AA2024-T3,AA2024-T3,8016.681421596334
44.24159207464217,74.74165185240093,j,0.5,0.9000000000000001,59.99999999999999,20.0,160.00000000000003,399.99999999999994,AA2024-T3,AA2024-T3,8016.681421596334
44.24159207464217,74.74165185240093,j,0.5,0.8,59.99999999999999,20.0,160.00000000000003,399.99999999999994,AA2024-T3,AA2024-T3,8016.681421596334
44.24159207464217,74.74165185240093,z,0.5,0.8,59.99999999999999,20.0,160.00000000000003,399.99999999999994,AA2024-T3,AA2024-T3,8016.681421596334
44.24159207464217,74.74165185240093,formed z,0.5,0.8,59.99999999999999,20.0,160.00000000000003,399.99999999999994,AA2024-T3,AA2024-T3,8016.681421596334
44.24159207464217,74.74165185240093,z,0.5,0.9000000000000001,59.99999999999999,20.0,160.00000000000003,399.99999999999994,AA2024-T3,AA2024-T3,8016.681421596334
44.28754793610478,74.50976272262261,j,0.5,0.8,44.99999999999999,20.0,120.00000000000001,350.0,AA2024-T3,AA2024-T3,9872.313276067174
44.28754793610478,74.50976272262261,z,0.5,0.8,44.99999999999999,20.0,120.00000000000001,350.0,AA2024-T3,AA2024-T3,9872.313276067174
44.28754793610478,74.50976272262261,formed z,0.5,0.8,44.99999999999999,20.0,120.00000000000001,350.0,AA2024-T3,AA2024-T3,9872.313276067174
44.28754793610478,74.50976272262261,formed z,0.5,0.9000000000000001,44.99999999999999,20.0,120.00000000000001,350.0,AA2024-T3,AA2024-T3,9872.313276067174
44.28754793610478,74.50976272262261,j,0.5,0.9000000000000001,44.99999999999999,20.0,120.00000000000001,350.0,AA2024-T3,AA2024-T3,9872.313276067174
44.28754793610478,74.50976272262261,z,0.5,0.9000000000000001,44.99999999999999,20.0,120.00000000000001,350.0,AA2024-T3,AA2024-T3,9872.313276067174
44.29313197153,73.96586095047873,z,0.5,0.9000000000000001,49.99999999999999,20.0,140.0,300.0,AA2024-T3,AA2024-T3,8520.214092219934
44.29313197153,73.96586095047873,formed z,0.5,0.8,49.99999999999999,20.0,140.0,300.0,AA2024-T3,AA2024-T3,8520.214092219934
44.29313197153,73.96586095047873,j,0.5,0.9000000000000001,49.99999999999999,20.0,140.0,300.0,AA2024-T3,AA2024-T3,8520.214092219934
44.29313197153,73.96586095047873,j,0.5,0.8,49.99999999999999,20.0,140.0,300.0,AA2024-T3,AA2024-T3,8520.214092219936
44.29313197153,73.96586095047873,z,0.5,0.8,49.99999999999999,20.0,140.0,300.0,AA2024-T3,AA2024-T3,8520.214092219934
44.29313197153,73.96586095047873,formed z,0.5,0.9000000000000001,49.99999999999999,20.0,140.0,300.0,AA2024-T3,AA2024-T3,8520.214092219934
44.34713652178128,104.3884537194728,z,0.6999999999999998,0.9000000000000001,35.0,20.0,200.0,350.0,AA2024-T3,AA2024-T3,7514.93621155455
44.34713652178128,104.3884537194728,formed z,0.6999999999999998,0.8,35.0,20.0,200.0,350.0,AA2024-T3,AA2024-T3,7514.93621155455
44.34713652178128,104.3884537194728,formed z,0.6999999999999998,0.9000000000000001,35.0,20.0,200.0,350.0,AA2024-T3,AA2024-T3,7514.93621155455
44.34713652178128,104.3884537194728,j,0.6999999999999998,0.9000000000000001,35.0,20.0,200.0,350.0,AA2024-T3,AA2024-T3,7514.93621155455
44.34713652178128,104.3884537194728,j,0.6999999999999998,0.8,35.0,20.0,200.0,350.0,AA2024-T3,AA2024-T3,7514.93621155455
44.34713652178128,104.3884537194728,z,0.6999999999999998,0.8,35.0,20.0,200.0,350.0,AA2024-T3,AA2024-T3,7514.93621155455
44.354922037267805,90.13758139716451,j,0.6,0.8,40.0,20.0,140.0,449.99999999999994,AA2024-T3,AA2024-T3,10095.473782877092
44.354922037267805,90.13758139716451,z,0.6,0.8,40.0,20.0,140.0,449.99999999999994,AA2024-T3,AA2024-T3,10095.473782877092
44.354922037267805,90.13758139716451,z,0.6,0.9000000000000001,40.0,20.0,140.0,449.99999999999994,AA2024-T3,AA2024-T3,10095.473782877092
44.354922037267805,90.13758139716451,formed z,0.6,0.8,40.0,20.0,140.0,449.99999999999994,AA2024-T3,AA2024-T3,10095.473782877092
44.354922037267805,90.13758139716451,formed z,0.6,0.9000000000000001,40.0,20.0,140.0,449.99999999999994,AA2024-T3,AA2024-T3,10095.473782877092
44.354922037267805,90.13758139716451,j,0.6,0.9000000000000001,40.0,20.0,140.0,449.99999999999994,AA2024-T3,AA2024-T3,10095.473782877092
44.422623502780006,74.08274749540237,formed z,0.5,0.9000000000000001,65.0,20.0,180.00000000000003,300.0,AA2024-T3,AA2024-T3,7316.194557609108
44.422623502780006,74.08274749540237,formed z,0.5,0.8,65.0,20.0,180.00000000000003,300.0,AA2024-T3,AA2024-T3,7316.19455760911
44.422623502780006,74.08274749540237,j,0.5,0.8,65.0,20.0,180.00000000000003,300.0,AA2024-T3,AA2024-T3,7316.194557609111
44.422623502780006,74.08274749540237,j,0.5,0.9000000000000001,65.0,20.0,180.00000000000003,300.0,AA2024-T3,AA2024-T3,7316.19455760911
44.422623502780006,74.08274749540237,z,0.5,0.8,65.0,20.0,180.00000000000003,300.0,AA2024-T3,AA2024-T3,7316.194557609108
44.422623502780006,74.08274749540237,z,0.5,0.9000000000000001,65.0,20.0,180.00000000000003,300.0,AA2024-T3,AA2024-T3,7316.19455760911
44.44098655146564,44.95181839945584,formed z,0.3,0.9000000000000001,70.0,20.0,120.00000000000001,399.99999999999994,AA2024-T3,AA2024-T3,8881.61691595387
44.44098655146564,44.95181839945584,z,0.3,0.8,70.0,20.0,120.00000000000001,399.99999999999994,AA2024-T3,AA2024-T3,8669.58864110814
44.44098655146564,44.95181839945584,formed z,0.3,0.8,70.0,20.0,120.00000000000001,399.99999999999994,AA2024-T3,AA2024-T3,8881.61691595387
44.44098655146564,44.95181839945584,j,0.3,0.9000000000000001,70.0,20.0,120.00000000000001,399.99999999999994,AA2024-T3,AA2024-T3,8881.61691595387
44.44098655146564,44.95181839945584,j,0.3,0.8,70.0,20.0,120.00000000000001,399.99999999999994,AA2024-T3,AA2024-T3,8881.61691595387
44.44098655146564,44.95181839945584,z,0.3,0.9000000000000001,70.0,20.0,120.00000000000001,399.99999999999994,AA2024-T3,AA2024-T3,8881.61691595387
44.4412497247678,90.22968621711799,formed z,0.6,0.9000000000000001,35.0,20.0,120.00000000000001,449.99999999999994,AA2024-T3,AA2024-T3,852658.3415755576
44.4412497247678,90.22968621711799,formed z,0.6,0.8,35.0,20.0,120.00000000000001,449.99999999999994,AA2024-T3,AA2024-T3,852658.3415755576
44.4412497247678,90.22968621711799,z,0.6,0.8,35.0,20.0,120.00000000000001,449.99999999999994,AA2024-T3,AA2024-T3,852658.3415755576
44.4412497247678,90.22968621711799,j,0.6,0.8,35.0,20.0,120.00000000000001,449.99999999999994,AA2024-T3,AA2024-T3,852658.3415755576
44.4412497247678,90.22968621711799,j,0.6,0.9000000000000001,35.0,20.0,120.00000000000001,449.99999999999994,AA2024-T3,AA2024-T3,852658.3415755576
44.4412497247678,90.22968621711799,z,0.6,0.9000000000000001,35.0,20.0,120.00000000000001,449.99999999999994,AA2024-T3,AA2024-T3,852658.3415755576
44.444041742480415,89.90690653869521,j,0.6,0.8,44.99999999999999,20.0,160.00000000000003,399.99999999999994,AA2024-T3,AA2024-T3,8696.384672547218
44.444041742480415,89.90690653869521,j,0.6,0.9000000000000001,44.99999999999999,20.0,160.00000000000003,399.99999999999994,AA2024-T3,AA2024-T3,8696.384672547218
44.444041742480415,89.90690653869521,z,0.6,0.8,44.99999999999999,20.0,160.00000000000003,399.99999999999994,AA2024-T3,AA2024-T3,8696.38467254722
44.444041742480415,89.90690653869521,z,0.6,0.9000000000000001,44.99999999999999,20.0,160.00000000000003,399.99999999999994,AA2024-T3,AA2024-T3,8696.384672547221
44.444041742480415,89.90690653869521,formed z,0.6,0.9000000000000001,44.99999999999999,20.0,160.00000000000003,399.99999999999994,AA2024-T3,AA2024-T3,8696.384672547218
44.444041742480415,89.90690653869521,formed z,0.6,0.8,44.99999999999999,20.0,160.00000000000003,399.99999999999994,AA2024-T3,AA2024-T3,8696.38467254722
44.44683376019303,89.58296384846719,z,0.6,0.9000000000000001,54.99999999999999,20.0,200.0,350.0,AA2024-T3,AA2024-T3,7111.270419512995
44.44683376019303,89.58296384846719,formed z,0.6,0.9000000000000001,54.99999999999999,20.0,200.0,350.0,AA2024-T3,AA2024-T3,7111.270419512996
44.44683376019303,89.58296384846719,z,0.6,0.8,54.99999999999999,20.0,200.0,350.0,AA2024-T3,AA2024-T3,7111.270419512995
44.44683376019303,89.58296384846719,formed z,0.6,0.8,54.99999999999999,20.0,200.0,350.0,AA2024-T3,AA2024-T3,7111.270419512995
44.44683376019303,89.58296384846719,j,0.6,0.8,54.99999999999999,20.0,200.0,350.0,AA2024-T3,AA2024-T3,7111.270419512995
44.44683376019303,89.58296384846719,j,0.6,0.9000000000000001,54.99999999999999,20.0,200.0,350.0,AA2024-T3,AA2024-T3,7111.270419512995
44.53316144769303,89.67563831155533,j,0.6,0.8,49.99999999999999,20.0,180.00000000000003,350.0,AA2024-T3,AA2024-T3,7761.293239022902
44.53316144769303,89.67563831155533,z,0.6,0.9000000000000001,49.99999999999999,20.0,180.00000000000003,350.0,AA2024-T3,AA2024-T3,7761.293239022901
44.53316144769303,89.67563831155533,formed z,0.6,0.8,49.99999999999999,20.0,180.00000000000003,350.0,AA2024-T3,AA2024-T3,7761.293239022901
44.53316144769303,89.67563831155533,formed z,0.6,0.9000000000000001,49.99999999999999,20.0,180.00000000000003,350.0,AA2024-T3,AA2024-T3,7761.293239022901
44.53316144769303,89.67563831155533,j,0.6,0.9000000000000001,49.99999999999999,20.0,180.00000000000003,350.0,AA2024-T3,AA2024-T3,7761.293239022901
44.53316144769303,89.67563831155533,z,0.6,0.8,49.99999999999999,20.0,180.00000000000003,350.0,AA2024-T3,AA2024-T3,7761.293239022901
44.54094696317955,75.27994870124098,j,0.5,0.8,70.0,20.0,180.00000000000003,449.99999999999994,AA2024-T3,AA2024-T3,7680.74534788845
44.54094696317955,75.27994870124098,z,0.5,0.8,70.0,20.0,180.00000000000003,449.99999999999994,AA2024-T3,AA2024-T3,7508.943486773653
44.54094696317955,75.27994870124098,z,0.5,0.9000000000000001,70.0,20.0,180.00000000000003,449.99999999999994,AA2024-T3,AA2024-T3,7680.74534788845
44.54094696317955,75.27994870124098,j,0.5,0.9000000000000001,70.0,20.0,180.00000000000003,449.99999999999994,AA2024-T3,AA2024-T3,7680.74534788845
44.54094696317955,75.27994870124098,formed z,0.5,0.8,70.0,20.0,180.00000000000003,449.99999999999994,AA2024-T3,AA2024-T3,7680.74534788845
44.54094696317955,75.27994870124098,formed z,0.5,0.9000000000000001,70.0,20.0,180.00000000000003,449.99999999999994,AA2024-T3,AA2024-T3,7680.74534788845
44.54653099860478,74.74165185240093,j,0.5,0.9000000000000001,59.99999999999999,20.0,160.00000000000003,350.0,AA2024-T3,AA2024-T3,8016.681421596334
44.54653099860478,74.74165185240093,formed z,0.5,0.8,59.99999999999999,20.0,160.00000000000003,350.0,AA2024-T3,AA2024-T3,8016.681421596334
44.54653099860478,74.74165185240093,j,0.5,0.8,59.99999999999999,20.0,160.00000000000003,350.0,AA2024-T3,AA2024-T3,8016.681421596334
44.54653099860478,74.74165185240093,z,0.5,0.9000000000000001,59.99999999999999,20.0,160.00000000000003,350.0,AA2024-T3,AA2024-T3,8016.681421596334
44.54653099860478,74.74165185240093,z,0.5,0.8,59.99999999999999,20.0,160.00000000000003,350.0,AA2024-T3,AA2024-T3,8016.681421596334
44.54653099860478,74.74165185240093,formed z,0.5,0.9000000000000001,59.99999999999999,20.0,160.00000000000003,350.0,AA2024-T3,AA2024-T3,8016.681421596334
44.64369939260605,105.51953546694686,z,0.6999999999999998,0.9000000000000001,35.0,20.0,180.00000000000003,449.99999999999994,AA2024-T3,AA2024-T3,8771.352827508972
44.64369939260605,105.51953546694686,formed z,0.6999999999999998,0.9000000000000001,35.0,20.0,180.00000000000003,449.99999999999994,AA2024-T3,AA2024-T3,8771.352827508972
44.64369939260605,105.51953546694686,j,0.6999999999999998,0.8,35.0,20.0,180.00000000000003,449.99999999999994,AA2024-T3,AA2024-T3,8771.352827508974
44.64369939260605,105.51953546694686,z,0.6999999999999998,0.8,35.0,20.0,180.00000000000003,449.99999999999994,AA2024-T3,AA2024-T3,8771.352827508972
44.64369939260605,105.51953546694686,formed z,0.6999999999999998,0.8,35.0,20.0,180.00000000000003,449.99999999999994,AA2024-T3,AA2024-T3,8771.352827508972
44.64369939260605,105.51953546694686,j,0.6999999999999998,0.9000000000000001,35.0,20.0,180.00000000000003,449.99999999999994,AA2024-T3,AA2024-T3,8771.352827508974
44.65986096123042,90.13758139716451,formed z,0.6,0.8,40.0,20.0,140.0,399.99999999999994,AA2024-T3,AA2024-T3,10095.473782877092
44.65986096123042,90.13758139716451,formed z,0.6,0.9000000000000001,40.0,20.0,140.0,399.99999999999994,AA2024-T3,AA2024-T3,10095.473782877092
44.65986096123042,90.13758139716451,j,0.6,0.9000000000000001,40.0,20.0,140.0,399.99999999999994,AA2024-T3,AA2024-T3,10095.473782877092
44.65986096123042,90.13758139716451,z,0.6,0.9000000000000001,40.0,20.0,140.0,399.99999999999994,AA2024-T3,AA2024-T3,10095.473782877092
44.65986096123042,90.13758139716451,z,0.6,0.8,40.0,20.0,140.0,399.99999999999994,AA2024-T3,AA2024-T3,10095.473782877092
44.65986096123042,90.13758139716451,j,0.6,0.8,40.0,20.0,140.0,399.99999999999994,AA2024-T3,AA2024-T3,10095.473782877092
44.73813995994174,59.49342537775263,formed z,0.39999999999999997,0.9000000000000001,65.0,20.0,140.0,300.0,AA2024-T3,AA2024-T3,8241.205818323286
44.73813995994174,59.49342537775263,j,0.39999999999999997,0.9000000000000001,65.0,20.0,140.0,300.0,AA2024-T3,AA2024-T3,8241.205818323288
44.73813995994174,59.49342537775263,z,0.39999999999999997,0.9000000000000001,65.0,20.0,140.0,300.0,AA2024-T3,AA2024-T3,8241.205818323288
44.73813995994174,59.49342537775263,formed z,0.39999999999999997,0.8,65.0,20.0,140.0,300.0,AA2024-T3,AA2024-T3,8241.205818323288
44.73813995994174,59.49342537775263,j,0.39999999999999997,0.8,65.0,20.0,140.0,300.0,AA2024-T3,AA2024-T3,8241.20581832329
44.73813995994174,59.49342537775263,z,0.39999999999999997,0.8,65.0,20.0,140.0,300.0,AA2024-T3,AA2024-T3,8241.205818323286
44.74592547542826,44.95181839945584,j,0.3,0.8,70.0,20.0,120.00000000000001,350.0,AA2024-T3,AA2024-T3,8881.61691595387
44.74592547542826,44.95181839945584,formed z,0.3,0.8,70.0,20.0,120.00000000000001,350.0,AA2024-T3,AA2024-T3,8881.61691595387
44.74592547542826,44.95181839945584,j,0.3,0.9000000000000001,70.0,20.0,120.00000000000001,350.0,AA2024-T3,AA2024-T3,8881.61691595387
44.74592547542826,44.95181839945584,z,0.3,0.8,70.0,20.0,120.00000000000001,350.0,AA2024-T3,AA2024-T3,8692.654142151596
44.74592547542826,44.95181839945584,formed z,0.3,0.9000000000000001,70.0,20.0,120.00000000000001,350.0,AA2024-T3,AA2024-T3,8881.61691595387
44.74592547542826,44.95181839945584,z,0.3,0.9000000000000001,70.0,20.0,120.00000000000001,350.0,AA2024-T3,AA2024-T3,8881.61691595387
44.74618864873042,90.22968621711799,z,0.6,0.8,35.0,20.0,120.00000000000001,399.99999999999994,AA2024-T3,AA2024-T3,852658.3415755576
44.74618864873042,90.22968621711799,j,0.6,0.8,35.0,20.0,120.00000000000001,399.99999999999994,AA2024-T3,AA2024-T3,852658.3415755576
44.74618864873042,90.22968621711799,formed z,0.6,0.8,35.0,20.0,120.00000000000001,399.99999999999994,AA2024-T3,AA2024-T3,852658.3415755576
44.74618864873042,90.22968621711799,formed z,0.6,0.9000000000000001,35.0,20.0,120.00000000000001,399.99999999999994,AA2024-T3,AA2024-T3,852658.3415755576
44.74618864873042,90.22968621711799,z,0.6,0.9000000000000001,35.0,20.0,120.00000000000001,399.99999999999994,AA2024-T3,AA2024-T3,852658.3415755576
44.74618864873042,90.22968621711799,j,0.6,0.9000000000000001,35.0,20.0,120.00000000000001,399.99999999999994,AA2024-T3,AA2024-T3,852658.3415755576
44.74898066644303,89.90690653869521,j,0.6,0.9000000000000001,44.99999999999999,20.0,160.00000000000003,350.0,AA2024-T3,AA2024-T3,8696.384672547218
44.74898066644303,89.90690653869521,z,0.6,0.8,44.99999999999999,20.0,160.00000000000003,350.0,AA2024-T3,AA2024-T3,8696.38467254722
44.74898066644303,89.90690653869521,j,0.6,0.8,44.99999999999999,20.0,160.00000000000003,350.0,AA2024-T3,AA2024-T3,8696.384672547218
44.74898066644303,89.90690653869521,formed z,0.6,0.8,44.99999999999999,20.0,160.00000000000003,350.0,AA2024-T3,AA2024-T3,8696.38467254722
44.74898066644303,89.90690653869521,z,0.6,0.9000000000000001,44.99999999999999,20.0,160.00000000000003,350.0,AA2024-T3,AA2024-T3,8696.384672547221
44.74898066644303,89.90690653869521,formed z,0.6,0.9000000000000001,44.99999999999999,20.0,160.00000000000003,350.0,AA2024-T3,AA2024-T3,8696.384672547218
44.79993002567955,75.5094726316206,formed z,0.5,0.8,40.0,20.0,100.0,449.99999999999994,AA2024-T3,AA2024-T3,711954.6991748649
44.79993002567955,75.5094726316206,j,0.5,0.9000000000000001,54.99999999999999,20.0,140.0,449.99999999999994,AA2024-T3,AA2024-T3,8990.892063469408
44.79993002567955,75.5094726316206,z,0.5,0.8,40.0,20.0,100.0,449.99999999999994,AA2024-T3,AA2024-T3,711954.6991748649
44.79993002567955,75.5094726316206,formed z,0.5,0.9000000000000001,54.99999999999999,20.0,140.0,449.99999999999994,AA2024-T3,AA2024-T3,8990.892063469408
44.79993002567955,75.5094726316206,z,0.5,0.8,54.99999999999999,20.0,140.0,449.99999999999994,AA2024-T3,AA2024-T3,8990.892063469408
44.79993002567955,75.5094726316206,z,0.5,0.9000000000000001,40.0,20.0,100.0,449.99999999999994,AA2024-T3,AA2024-T3,711954.6991748649
44.79993002567955,75.5094726316206,j,0.5,0.8,40.0,20.0,100.0,449.99999999999994,AA2024-T3,AA2024-T3,711954.6991748649
44.79993002567955,75.5094726316206,z,0.5,0.9000000000000001,54.99999999999999,20.0,140.0,449.99999999999994,AA2024-T3,AA2024-T3,8990.892063469408
44.79993002567955,75.5094726316206,j,0.5,0.9000000000000001,40.0,20.0,100.0,449.99999999999994,AA2024-T3,AA2024-T3,711954.6991748649
44.79993002567955,75.5094726316206,formed z,0.5,0.9000000000000001,40.0,20.0,100.0,449.99999999999994,AA2024-T3,AA2024-T3,711954.699174865
44.79993002567955,75.5094726316206,formed z,0.5,0.8,54.99999999999999,20.0,140.0,449.99999999999994,AA2024-T3,AA2024-T3,8990.892063469408
44.79993002567955,75.5094726316206,j,0.5,0.8,54.99999999999999,20.0,140.0,449.99999999999994,AA2024-T3,AA2024-T3,8990.892063469408
44.81329957659129,60.41704197690397,formed z,0.39999999999999997,0.9000000000000001,49.99999999999999,20.0,100.0,449.99999999999994,AA2024-T3,AA2024-T3,10177.934427718183
44.81329957659129,60.41704197690397,formed z,0.39999999999999997,0.8,49.99999999999999,20.0,100.0,449.99999999999994,AA2024-T3,AA2024-T3,10177.934427718183
44.81329957659129,60.41704197690397,j,0.39999999999999997,0.9000000000000001,49.99999999999999,20.0,100.0,449.99999999999994,AA2024-T3,AA2024-T3,10177.934427718183
44.81329957659129,60.41704197690397,z,0.39999999999999997,0.9000000000000001,49.99999999999999,20.0,100.0,449.99999999999994,AA2024-T3,AA2024-T3,10177.934427718183
44.81329957659129,60.41704197690397,z,0.39999999999999997,0.8,49.99999999999999,20.0,100.0,449.99999999999994,AA2024-T3,AA2024-T3,10177.934427718183
44.81329957659129,60.41704197690397,j,0.39999999999999997,0.8,49.99999999999999,20.0,100.0,449.99999999999994,AA2024-T3,AA2024-T3,10177.934427718188
44.82666912750303,45.31987827472491,j,0.3,0.8,59.99999999999999,20.0,100.0,449.99999999999994,AA2024-T3,AA2024-T3,9485.394496848685
44.82666912750303,45.31987827472491,j,0.3,0.9000000000000001,59.99999999999999,20.0,100.0,449.99999999999994,AA2024-T3,AA2024-T3,9485.394496848685
44.82666912750303,45.31987827472491,z,0.3,0.9000000000000001,59.99999999999999,20.0,100.0,449.99999999999994,AA2024-T3,AA2024-T3,9485.394496848687
44.82666912750303,45.31987827472491,z,0.3,0.8,59.99999999999999,20.0,100.0,449.99999999999994,AA2024-T3,AA2024-T3,9485.394496848685
44.82666912750303,45.31987827472491,formed z,0.3,0.8,59.99999999999999,20.0,100.0,449.99999999999994,AA2024-T3,AA2024-T3,9485.394496848687
44.82666912750303,45.31987827472491,formed z,0.3,0.9000000000000001,59.99999999999999,20.0,100.0,449.99999999999994,AA2024-T3,AA2024-T3,9485.394496848685
44.84588588714216,75.27994870124098,formed z,0.5,0.8,70.0,20.0,180.00000000000003,399.99999999999994,AA2024-T3,AA2024-T3,7680.74534788845
44.84588588714216,75.27994870124098,formed z,0.5,0.9000000000000001,70.0,20.0,180.00000000000003,399.99999999999994,AA2024-T3,AA2024-T3,7680.74534788845
44.84588588714216,75.27994870124098,z,0.5,0.9000000000000001,70.0,20.0,180.00000000000003,399.99999999999994,AA2024-T3,AA2024-T3,7680.74534788845
44.84588588714216,75.27994870124098,z,0.5,0.8,70.0,20.0,180.00000000000003,399.99999999999994,AA2024-T3,AA2024-T3,7525.919261957378
44.84588588714216,75.27994870124098,j,0.5,0.9000000000000001,70.0,20.0,180.00000000000003,399.99999999999994,AA2024-T3,AA2024-T3,7680.74534788845
44.84588588714216,75.27994870124098,j,0.5,0.8,70.0,20.0,180.00000000000003,399.99999999999994,AA2024-T3,AA2024-T3,7680.74534788845
44.897425784030006,74.50976272262261,z,0.5,0.8,44.99999999999999,20.0,120.00000000000001,300.0,AA2024-T3,AA2024-T3,9872.313276067174
44.897425784030006,74.50976272262261,formed z,0.5,0.9000000000000001,44.99999999999999,20.0,120.00000000000001,300.0,AA2024-T3,AA2024-T3,9872.313276067174
44.897425784030006,74.50976272262261,j,0.5,0.9000000000000001,44.99999999999999,20.0,120.00000000000001,300.0,AA2024-T3,AA2024-T3,9872.313276067174
44.897425784030006,74.50976272262261,formed z,0.5,0.8,44.99999999999999,20.0,120.00000000000001,300.0,AA2024-T3,AA2024-T3,9872.313276067174
44.897425784030006,74.50976272262261,z,0.5,0.9000000000000001,44.99999999999999,20.0,120.00000000000001,300.0,AA2024-T3,AA2024-T3,9872.313276067174
44.897425784030006,74.50976272262261,j,0.5,0.8,44.99999999999999,20.0,120.00000000000001,300.0,AA2024-T3,AA2024-T3,9872.313276067174
44.899627264091286,60.4781148938167,j,0.39999999999999997,0.8,59.99999999999999,20.0,120.00000000000001,449.99999999999994,AA2024-T3,AA2024-T3,9219.709136422494
44.899627264091286,60.4781148938167,z,0.39999999999999997,0.9000000000000001,59.99999999999999,20.0,120.00000000000001,449.99999999999994,AA2024-T3,AA2024-T3,9219.709136422496
44.899627264091286,60.4781148938167,formed z,0.39999999999999997,0.8,59.99999999999999,20.0,120.00000000000001,449.99999999999994,AA2024-T3,AA2024-T3,9219.709136422496
44.899627264091286,60.4781148938167,z,0.39999999999999997,0.8,59.99999999999999,20.0,120.00000000000001,449.99999999999994,AA2024-T3,AA2024-T3,9219.709136422494
44.899627264091286,60.4781148938167,formed z,0.39999999999999997,0.9000000000000001,59.99999999999999,20.0,120.00000000000001,449.99999999999994,AA2024-T3,AA2024-T3,9219.709136422494
44.899627264091286,60.4781148938167,j,0.39999999999999997,0.9000000000000001,59.99999999999999,20.0,120.00000000000001,449.99999999999994,AA2024-T3,AA2024-T3,9219.709136422494
44.945846298856054,105.89387799537566,formed z,0.6999999999999998,0.8,40.0,20.0,200.0,449.99999999999994,AA2024-T3,AA2024-T3,7843.536497071456
44.945846298856054,105.89387799537566,z,0.6999999999999998,0.9000000000000001,40.0,20.0,200.0,449.99999999999994,AA2024-T3,AA2024-T3,7843.536497071456
44.945846298856054,105.89387799537566,formed z,0.6999999999999998,0.9000000000000001,40.0,20.0,200.0,449.99999999999994,AA2024-T3,AA2024-T3,7843.536497071459
44.945846298856054,105.89387799537566,z,0.6999999999999998,0.8,40.0,20.0,200.0,449.99999999999994,AA2024-T3,AA2024-T3,7843.536497071456
44.945846298856054,105.89387799537566,j,0.6999999999999998,0.8,40.0,20.0,200.0,449.99999999999994,AA2024-T3,AA2024-T3,7843.536497071456
44.945846298856054,105.89387799537566,j,0.6999999999999998,0.9000000000000001,40.0,20.0,200.0,449.99999999999994,AA2024-T3,AA2024-T3,7843.536497071456
44.948638316568676,105.51953546694686,formed z,0.6999999999999998,0.9000000000000001,35.0,20.0,180.00000000000003,399.99999999999994,AA2024-T3,AA2024-T3,8771.352827508972
44.948638316568676,105.51953546694686,z,0.6999999999999998,0.8,35.0,20.0,180.00000000000003,399.99999999999994,AA2024-T3,AA2024-T3,8771.352827508972
44.948638316568676,105.51953546694686,j,0.6999999999999998,0.9000000000000001,35.0,20.0,180.00000000000003,399.99999999999994,AA2024-T3,AA2024-T3,8771.352827508974
44.948638316568676,105.51953546694686,z,0.6999999999999998,0.9000000000000001,35.0,20.0,180.00000000000003,399.99999999999994,AA2024-T3,AA2024-T3,8771.352827508972
44.948638316568676,105.51953546694686,j,0.6999999999999998,0.8,35.0,20.0,180.00000000000003,399.99999999999994,AA2024-T3,AA2024-T3,8771.352827508974
44.948638316568676,105.51953546694686,formed z,0.6999999999999998,0.8,35.0,20.0,180.00000000000003,399.99999999999994,AA2024-T3,AA2024-T3,8771.352827508972
44.95701436970651,104.3884537194728,z,0.6999999999999998,0.8,35.0,20.0,200.0,300.0,AA2024-T3,AA2024-T3,7514.93621155455
44.95701436970651,104.3884537194728,formed z,0.6999999999999998,0.9000000000000001,35.0,20.0,200.0,300.0,AA2024-T3,AA2024-T3,7514.93621155455
44.95701436970651,104.3884537194728,z,0.6999999999999998,0.9000000000000001,35.0,20.0,200.0,300.0,AA2024-T3,AA2024-T3,7514.93621155455
44.95701436970651,104.3884537194728,j,0.6999999999999998,0.8,35.0,20.0,200.0,300.0,AA2024-T3,AA2024-T3,7514.93621155455
44.95701436970651,104.3884537194728,formed z,0.6999999999999998,0.8,35.0,20.0,200.0,300.0,AA2024-T3,AA2024-T3,7514.93621155455
44.95701436970651,104.3884537194728,j,0.6999999999999998,0.9000000000000001,35.0,20.0,200.0,300.0,AA2024-T3,AA2024-T3,7514.93621155455
44.96479988519303,90.13758139716451,z,0.6,0.8,40.0,20.0,140.0,350.0,AA2024-T3,AA2024-T3,10095.473782877092
44.96479988519303,90.13758139716451,formed z,0.6,0.8,40.0,20.0,140.0,350.0,AA2024-T3,AA2024-T3,10095.473782877092
44.96479988519303,90.13758139716451,formed z,0.6,0.9000000000000001,40.0,20.0,140.0,350.0,AA2024-T3,AA2024-T3,10095.473782877092
44.96479988519303,90.13758139716451,j,0.6,0.8,40.0,20.0,140.0,350.0,AA2024-T3,AA2024-T3,10095.473782877092
44.96479988519303,90.13758139716451,j,0.6,0.9000000000000001,40.0,20.0,140.0,350.0,AA2024-T3,AA2024-T3,10095.473782877092
44.96479988519303,90.13758139716451,z,0.6,0.9000000000000001,40.0,20.0,140.0,350.0,AA2024-T3,AA2024-T3,10095.473782877092
45.045543537267804,90.87180606658681,z,0.6,0.9000000000000001,59.99999999999999,20.0,200.0,449.99999999999994,AA2024-T3,AA2024-T3,7439.952659015897
45.045543537267804,90.87180606658681,formed z,0.6,0.8,59.99999999999999,20.0,200.0,449.99999999999994,AA2024-T3,AA2024-T3,7439.952659015897
45.045543537267804,90.87180606658681,formed z,0.6,0.9000000000000001,59.99999999999999,20.0,200.0,449.99999999999994,AA2024-T3,AA2024-T3,7439.9526590158985
45.045543537267804,90.87180606658681,j,0.6,0.8,59.99999999999999,20.0,200.0,449.99999999999994,AA2024-T3,AA2024-T3,7439.9526590158985
45.045543537267804,90.87180606658681,j,0.6,0.9000000000000001,59.99999999999999,20.0,200.0,449.99999999999994,AA2024-T3,AA2024-T3,7439.9526590158985
45.045543537267804,90.87180606658681,z,0.6,0.8,59.99999999999999,20.0,200.0,449.99999999999994,AA2024-T3,AA2024-T3,7439.9526590158985
45.051127572693034,90.22968621711799,z,0.6,0.9000000000000001,35.0,20.0,120.00000000000001,350.0,AA2024-T3,AA2024-T3,852658.3415755576
45.051127572693034,90.22968621711799,z,0.6,0.8,35.0,20.0,120.00000000000001,350.0,AA2024-T3,AA2024-T3,852658.3415755576
45.051127572693034,90.22968621711799,j,0.6,0.9000000000000001,35.0,20.0,120.00000000000001,350.0,AA2024-T3,AA2024-T3,852658.3415755576
45.051127572693034,90.22968621711799,formed z,0.6,0.9000000000000001,35.0,20.0,120.00000000000001,350.0,AA2024-T3,AA2024-T3,852658.3415755576
45.051127572693034,90.22968621711799,formed z,0.6,0.8,35.0,20.0,120.00000000000001,350.0,AA2024-T3,AA2024-T3,852658.3415755576
45.051127572693034,90.22968621711799,j,0.6,0.8,35.0,20.0,120.00000000000001,350.0,AA2024-T3,AA2024-T3,852658.3415755576
45.056711608118256,89.58296384846719,z,0.6,0.9000000000000001,54.99999999999999,20.0,200.0,300.0,AA2024-T3,AA2024-T3,7111.270419512995
45.056711608118256,89.58296384846719,j,0.6,0.9000000000000001,54.99999999999999,20.0,200.0,300.0,AA2024-T3,AA2024-T3,7111.270419512995
45.056711608118256,89.58296384846719,formed z,0.6,0.8,54.99999999999999,20.0,200.0,300.0,AA2024-T3,AA2024-T3,7111.270419512995
45.056711608118256,89.58296384846719,z,0.6,0.8,54.99999999999999,20.0,200.0,300.0,AA2024-T3,AA2024-T3,7111.270419512995
45.056711608118256,89.58296384846719,formed z,0.6,0.9000000000000001,54.99999999999999,20.0,200.0,300.0,AA2024-T3,AA2024-T3,7111.270419512996
45.056711608118256,89.58296384846719,j,0.6,0.8,54.99999999999999,20.0,200.0,300.0,AA2024-T3,AA2024-T3,7111.270419512995
45.10486894964217,75.5094726316206,z,0.5,0.8,40.0,20.0,100.0,399.99999999999994,AA2024-T3,AA2024-T3,711954.6991748649
45.10486894964217,75.5094726316206,z,0.5,0.8,54.99999999999999,20.0,140.0,399.99999999999994,AA2024-T3,AA2024-T3,8990.892063469408
45.10486894964217,75.5094726316206,j,0.5,0.9000000000000001,40.0,20.0,100.0,399.99999999999994,AA2024-T3,AA2024-T3,711954.6991748649
45.10486894964217,75.5094726316206,formed z,0.5,0.9000000000000001,40.0,20.0,100.0,399.99999999999994,AA2024-T3,AA2024-T3,711954.699174865
45.10486894964217,75.5094726316206,z,0.5,0.9000000000000001,54.99999999999999,20.0,140.0,399.99999999999994,AA2024-T3,AA2024-T3,8990.892063469408
45.10486894964217,75.5094726316206,j,0.5,0.8,54.99999999999999,20.0,140.0,399.99999999999994,AA2024-T3,AA2024-T3,8990.892063469408
45.10486894964217,75.5094726316206,j,0.5,0.8,40.0,20.0,100.0,399.99999999999994,AA2024-T3,AA2024-T3,711954.6991748649
45.10486894964217,75.5094726316206,j,0.5,0.9000000000000001,54.99999999999999,20.0,140.0,399.99999999999994,AA2024-T3,AA2024-T3,8990.892063469408
45.10486894964217,75.5094726316206,formed z,0.5,0.8,40.0,20.0,100.0,399.99999999999994,AA2024-T3,AA2024-T3,711954.6991748649
45.10486894964217,75.5094726316206,formed z,0.5,0.9000000000000001,54.99999999999999,20.0,140.0,399.99999999999994,AA2024-T3,AA2024-T3,8990.892063469408
45.10486894964217,75.5094726316206,formed z,0.5,0.8,54.99999999999999,20.0,140.0,399.99999999999994,AA2024-T3,AA2024-T3,8990.892063469408
45.10486894964217,75.5094726316206,z,0.5,0.9000000000000001,40.0,20.0,100.0,399.99999999999994,AA2024-T3,AA2024-T3,711954.6991748649
45.1182385005539,60.41704197690397,z,0.39999999999999997,0.8,49.99999999999999,20.0,100.0,399.99999999999994,AA2024-T3,AA2024-T3,10177.934427718183
45.1182385005539,60.41704197690397,j,0.39999999999999997,0.8,49.99999999999999,20.0,100.0,399.99999999999994,AA2024-T3,AA2024-T3,10177.934427718188
45.1182385005539,60.41704197690397,formed z,0.39999999999999997,0.9000000000000001,49.99999999999999,20.0,100.0,399.99999999999994,AA2024-T3,AA2024-T3,10177.934427718183
45.1182385005539,60.41704197690397,formed z,0.39999999999999997,0.8,49.99999999999999,20.0,100.0,399.99999999999994,AA2024-T3,AA2024-T3,10177.934427718183
45.1182385005539,60.41704197690397,j,0.39999999999999997,0.9000000000000001,49.99999999999999,20.0,100.0,399.99999999999994,AA2024-T3,AA2024-T3,10177.934427718183
45.1182385005539,60.41704197690397,z,0.39999999999999997,0.9000000000000001,49.99999999999999,20.0,100.0,399.99999999999994,AA2024-T3,AA2024-T3,10177.934427718183
45.13160805146565,45.31987827472491,j,0.3,0.9000000000000001,59.99999999999999,20.0,100.0,399.99999999999994,AA2024-T3,AA2024-T3,9485.394496848685
45.13160805146565,45.31987827472491,z,0.3,0.8,59.99999999999999,20.0,100.0,399.99999999999994,AA2024-T3,AA2024-T3,9485.394496848685
45.13160805146565,45.31987827472491,formed z,0.3,0.8,59.99999999999999,20.0,100.0,399.99999999999994,AA2024-T3,AA2024-T3,9485.394496848687
45.13160805146565,45.31987827472491,z,0.3,0.9000000000000001,59.99999999999999,20.0,100.0,399.99999999999994,AA2024-T3,AA2024-T3,9485.394496848687
45.13160805146565,45.31987827472491,formed z,0.3,0.9000000000000001,59.99999999999999,20.0,100.0,399.99999999999994,AA2024-T3,AA2024-T3,9485.394496848685
45.13160805146565,45.31987827472491,j,0.3,0.8,59.99999999999999,20.0,100.0,399.99999999999994,AA2024-T3,AA2024-T3,9485.394496848685
45.14303929561826,89.67563831155533,j,0.6,0.9000000000000001,49.99999999999999,20.0,180.00000000000003,300.0,AA2024-T3,AA2024-T3,7761.293239022901
45.14303929561826,89.67563831155533,j,0.6,0.8,49.99999999999999,20.0,180.00000000000003,300.0,AA2024-T3,AA2024-T3,7761.293239022902
45.14303929561826,89.67563831155533,formed z,0.6,0.8,49.99999999999999,20.0,180.00000000000003,300.0,AA2024-T3,AA2024-T3,7761.293239022901
45.14303929561826,89.67563831155533,z,0.6,0.8,49.99999999999999,20.0,180.00000000000003,300.0,AA2024-T3,AA2024-T3,7761.293239022901
45.14303929561826,89.67563831155533,z,0.6,0.9000000000000001,49.99999999999999,20.0,180.00000000000003,300.0,AA2024-T3,AA2024-T3,7761.293239022901
45.14303929561826,89.67563831155533,formed z,0.6,0.9000000000000001,49.99999999999999,20.0,180.00000000000003,300.0,AA2024-T3,AA2024-T3,7761.293239022901
45.150824811104776,75.27994870124098,z,0.5,0.8,70.0,20.0,180.00000000000003,350.0,AA2024-T3,AA2024-T3,7542.7640232563035
45.150824811104776,75.27994870124098,z,0.5,0.9000000000000001,70.0,20.0,180.00000000000003,350.0,AA2024-T3,AA2024-T3,7680.74534788845
45.150824811104776,75.27994870124098,formed z,0.5,0.8,70.0,20.0,180.00000000000003,350.0,AA2024-T3,AA2024-T3,7680.74534788845
45.150824811104776,75.27994870124098,j,0.5,0.9000000000000001,70.0,20.0,180.00000000000003,350.0,AA2024-T3,AA2024-T3,7680.74534788845
45.150824811104776,75.27994870124098,j,0.5,0.8,70.0,20.0,180.00000000000003,350.0,AA2024-T3,AA2024-T3,7680.74534788845
45.150824811104776,75.27994870124098,formed z,0.5,0.9000000000000001,70.0,20.0,180.00000000000003,350.0,AA2024-T3,AA2024-T3,7680.74534788845
45.156408846530006,74.74165185240093,formed z,0.5,0.8,59.99999999999999,20.0,160.00000000000003,300.0,AA2024-T3,AA2024-T3,8016.681421596334
45.156408846530006,74.74165185240093,j,0.5,0.9000000000000001,59.99999999999999,20.0,160.00000000000003,300.0,AA2024-T3,AA2024-T3,8016.681421596334
45.156408846530006,74.74165185240093,j,0.5,0.8,59.99999999999999,20.0,160.00000000000003,300.0,AA2024-T3,AA2024-T3,8016.681421596334
45.156408846530006,74.74165185240093,formed z,0.5,0.9000000000000001,59.99999999999999,20.0,160.00000000000003,300.0,AA2024-T3,AA2024-T3,8016.681421596334
45.156408846530006,74.74165185240093,z,0.5,0.9000000000000001,59.99999999999999,20.0,160.00000000000003,300.0,AA2024-T3,AA2024-T3,8016.681421596334
45.156408846530006,74.74165185240093,z,0.5,0.8,59.99999999999999,20.0,160.00000000000003,300.0,AA2024-T3,AA2024-T3,8016.681421596334
45.2045661880539,60.4781148938167,z,0.39999999999999997,0.8,59.99999999999999,20.0,120.00000000000001,399.99999999999994,AA2024-T3,AA2024-T3,9219.709136422494
45.2045661880539,60.4781148938167,j,0.39999999999999997,0.9000000000000001,59.99999999999999,20.0,120.00000000000001,399.99999999999994,AA2024-T3,AA2024-T3,9219.709136422494
45.2045661880539,60.4781148938167,formed z,0.39999999999999997,0.9000000000000001,59.99999999999999,20.0,120.00000000000001,399.99999999999994,AA2024-T3,AA2024-T3,9219.709136422494
45.2045661880539,60.4781148938167,z,0.39999999999999997,0.9000000000000001,59.99999999999999,20.0,120.00000000000001,399.99999999999994,AA2024-T3,AA2024-T3,9219.709136422496
45.2045661880539,60.4781148938167,j,0.39999999999999997,0.8,59.99999999999999,20.0,120.00000000000001,399.99999999999994,AA2024-T3,AA2024-T3,9219.709136422494
45.2045661880539,60.4781148938167,formed z,0.39999999999999997,0.8,59.99999999999999,20.0,120.00000000000001,399.99999999999994,AA2024-T3,AA2024-T3,9219.709136422496
45.24493801409129,60.721792303855466,j,0.39999999999999997,0.8,70.0,20.0,140.0,449.99999999999994,AA2024-T3,AA2024-T3,8711.999544847398
45.24493801409129,60.721792303855466,formed z,0.39999999999999997,0.8,70.0,20.0,140.0,449.99999999999994,AA2024-T3,AA2024-T3,8711.999544847398
45.24493801409129,60.721792303855466,z,0.39999999999999997,0.9000000000000001,70.0,20.0,140.0,449.99999999999994,AA2024-T3,AA2024-T3,8711.999544847396
45.24493801409129,60.721792303855466,j,0.39999999999999997,0.9000000000000001,70.0,20.0,140.0,449.99999999999994,AA2024-T3,AA2024-T3,8711.999544847398
45.24493801409129,60.721792303855466,z,0.39999999999999997,0.8,70.0,20.0,140.0,449.99999999999994,AA2024-T3,AA2024-T3,8501.371601806879
45.24493801409129,60.721792303855466,formed z,0.39999999999999997,0.9000000000000001,70.0,20.0,140.0,449.99999999999994,AA2024-T3,AA2024-T3,8711.999544847398
45.25078522281867,105.89387799537566,j,0.6999999999999998,0.9000000000000001,40.0,20.0,200.0,399.99999999999994,AA2024-T3,AA2024-T3,7843.536497071456
45.25078522281867,105.89387799537566,z,0.6999999999999998,0.9000000000000001,40.0,20.0,200.0,399.99999999999994,AA2024-T3,AA2024-T3,7843.536497071456
45.25078522281867,105.89387799537566,formed z,0.6999999999999998,0.8,40.0,20.0,200.0,399.99999999999994,AA2024-T3,AA2024-T3,7843.536497071456
45.25078522281867,105.89387799537566,formed z,0.6999999999999998,0.9000000000000001,40.0,20.0,200.0,399.99999999999994,AA2024-T3,AA2024-T3,7843.536497071459
45.25078522281867,105.89387799537566,z,0.6999999999999998,0.8,40.0,20.0,200.0,399.99999999999994,AA2024-T3,AA2024-T3,7843.536497071456
45.25078522281867,105.89387799537566,j,0.6999999999999998,0.8,40.0,20.0,200.0,399.99999999999994,AA2024-T3,AA2024-T3,7843.536497071456
45.253577240531285,105.51953546694686,j,0.6999999999999998,0.8,35.0,20.0,180.00000000000003,350.0,AA2024-T3,AA2024-T3,8771.352827508974
45.253577240531285,105.51953546694686,formed z,0.6999999999999998,0.9000000000000001,35.0,20.0,180.00000000000003,350.0,AA2024-T3,AA2024-T3,8771.352827508972
45.253577240531285,105.51953546694686,z,0.6999999999999998,0.8,35.0,20.0,180.00000000000003,350.0,AA2024-T3,AA2024-T3,8771.352827508972
45.253577240531285,105.51953546694686,z,0.6999999999999998,0.9000000000000001,35.0,20.0,180.00000000000003,350.0,AA2024-T3,AA2024-T3,8771.352827508972
45.253577240531285,105.51953546694686,j,0.6999999999999998,0.9000000000000001,35.0,20.0,180.00000000000003,350.0,AA2024-T3,AA2024-T3,8771.352827508974
45.253577240531285,105.51953546694686,formed z,0.6999999999999998,0.8,35.0,20.0,180.00000000000003,350.0,AA2024-T3,AA2024-T3,8771.352827508972
45.2613627560178,91.10003773092602,j,0.6,0.8,54.99999999999999,20.0,180.00000000000003,449.99999999999994,AA2024-T3,AA2024-T3,8125.745843758305
45.2613627560178,91.10003773092602,formed z,0.6,0.9000000000000001,54.99999999999999,20.0,180.00000000000003,449.99999999999994,AA2024-T3,AA2024-T3,8125.745843758306
45.2613627560178,91.10003773092602,formed z,0.6,0.8,54.99999999999999,20.0,180.00000000000003,449.99999999999994,AA2024-T3,AA2024-T3,8125.745843758305
45.2613627560178,91.10003773092602,j,0.6,0.9000000000000001,54.99999999999999,20.0,180.00000000000003,449.99999999999994,AA2024-T3,AA2024-T3,8125.745843758305
45.2613627560178,91.10003773092602,z,0.6,0.8,54.99999999999999,20.0,180.00000000000003,449.99999999999994,AA2024-T3,AA2024-T3,8125.745843758305
45.2613627560178,91.10003773092602,z,0.6,0.9000000000000001,54.99999999999999,20.0,180.00000000000003,449.99999999999994,AA2024-T3,AA2024-T3,8125.745843758305
45.35048246123041,90.87180606658681,j,0.6,0.8,59.99999999999999,20.0,200.0,399.99999999999994,AA2024-T3,AA2024-T3,7439.9526590158985
45.35048246123041,90.87180606658681,z,0.6,0.9000000000000001,59.99999999999999,20.0,200.0,399.99999999999994,AA2024-T3,AA2024-T3,7439.952659015897
45.35048246123041,90.87180606658681,j,0.6,0.9000000000000001,59.99999999999999,20.0,200.0,399.99999999999994,AA2024-T3,AA2024-T3,7439.9526590158985
45.35048246123041,90.87180606658681,formed z,0.6,0.9000000000000001,59.99999999999999,20.0,200.0,399.99999999999994,AA2024-T3,AA2024-T3,7439.9526590158985
45.35048246123041,90.87180606658681,formed z,0.6,0.8,59.99999999999999,20.0,200.0,399.99999999999994,AA2024-T3,AA2024-T3,7439.952659015897
45.35048246123041,90.87180606658681,z,0.6,0.8,59.99999999999999,20.0,200.0,399.99999999999994,AA2024-T3,AA2024-T3,7439.9526590158985
45.355803323353484,44.95181839945584,z,0.3,0.8,70.0,20.0,120.00000000000001,300.0,AA2024-T3,AA2024-T3,8715.544488645653
45.355803323353484,44.95181839945584,z,0.3,0.9000000000000001,70.0,20.0,120.00000000000001,300.0,AA2024-T3,AA2024-T3,8881.61691595387
45.355803323353484,44.95181839945584,formed z,0.3,0.9000000000000001,70.0,20.0,120.00000000000001,300.0,AA2024-T3,AA2024-T3,8881.61691595387
45.355803323353484,44.95181839945584,formed z,0.3,0.8,70.0,20.0,120.00000000000001,300.0,AA2024-T3,AA2024-T3,8881.61691595387
45.355803323353484,44.95181839945584,j,0.3,0.8,70.0,20.0,120.00000000000001,300.0,AA2024-T3,AA2024-T3,8881.61691595387
45.355803323353484,44.95181839945584,j,0.3,0.9000000000000001,70.0,20.0,120.00000000000001,300.0,AA2024-T3,AA2024-T3,8881.61691595387
45.35885851436826,89.90690653869521,formed z,0.6,0.9000000000000001,44.99999999999999,20.0,160.00000000000003,300.0,AA2024-T3,AA2024-T3,8696.384672547218
45.35885851436826,89.90690653869521,z,0.6,0.9000000000000001,44.99999999999999,20.0,160.00000000000003,300.0,AA2024-T3,AA2024-T3,8696.384672547221
45.35885851436826,89.90690653869521,z,0.6,0.8,44.99999999999999,20.0,160.00000000000003,300.0,AA2024-T3,AA2024-T3,8696.38467254722
45.35885851436826,89.90690653869521,j,0.6,0.8,44.99999999999999,20.0,160.00000000000003,300.0,AA2024-T3,AA2024-T3,8696.384672547218
45.35885851436826,89.90690653869521,j,0.6,0.9000000000000001,44.99999999999999,20.0,160.00000000000003,300.0,AA2024-T3,AA2024-T3,8696.384672547218
45.35885851436826,89.90690653869521,formed z,0.6,0.8,44.99999999999999,20.0,160.00000000000003,300.0,AA2024-T3,AA2024-T3,8696.38467254722
45.40980787360478,75.5094726316206,formed z,0.5,0.8,40.0,20.0,100.0,350.0,AA2024-T3,AA2024-T3,711954.6991748649
45.40980787360478,75.5094726316206,j,0.5,0.9000000000000001,54.99999999999999,20.0,140.0,350.0,AA2024-T3,AA2024-T3,8990.892063469408
45.40980787360478,75.5094726316206,j,0.5,0.8,40.0,20.0,100.0,350.0,AA2024-T3,AA2024-T3,711954.6991748649
45.40980787360478,75.5094726316206,formed z,0.5,0.8,54.99999999999999,20.0,140.0,350.0,AA2024-T3,AA2024-T3,8990.892063469408
45.40980787360478,75.5094726316206,z,0.5,0.9000000000000001,40.0,20.0,100.0,350.0,AA2024-T3,AA2024-T3,711954.6991748649
45.40980787360478,75.5094726316206,formed z,0.5,0.9000000000000001,40.0,20.0,100.0,350.0,AA2024-T3,AA2024-T3,711954.699174865
45.40980787360478,75.5094726316206,z,0.5,0.9000000000000001,54.99999999999999,20.0,140.0,350.0,AA2024-T3,AA2024-T3,8990.892063469408
45.40980787360478,75.5094726316206,j,0.5,0.9000000000000001,40.0,20.0,100.0,350.0,AA2024-T3,AA2024-T3,711954.6991748649
45.40980787360478,75.5094726316206,formed z,0.5,0.9000000000000001,54.99999999999999,20.0,140.0,350.0,AA2024-T3,AA2024-T3,8990.892063469408
45.40980787360478,75.5094726316206,j,0.5,0.8,54.99999999999999,20.0,140.0,350.0,AA2024-T3,AA2024-T3,8990.892063469408
45.40980787360478,75.5094726316206,z,0.5,0.8,54.99999999999999,20.0,140.0,350.0,AA2024-T3,AA2024-T3,8990.892063469408
45.40980787360478,75.5094726316206,z,0.5,0.8,40.0,20.0,100.0,350.0,AA2024-T3,AA2024-T3,711954.6991748649
45.42317742451651,60.41704197690397,z,0.39999999999999997,0.8,49.99999999999999,20.0,100.0,350.0,AA2024-T3,AA2024-T3,10177.934427718183
45.42317742451651,60.41704197690397,formed z,0.39999999999999997,0.8,49.99999999999999,20.0,100.0,350.0,AA2024-T3,AA2024-T3,10177.934427718183
45.42317742451651,60.41704197690397,z,0.39999999999999997,0.9000000000000001,49.99999999999999,20.0,100.0,350.0,AA2024-T3,AA2024-T3,10177.934427718183
45.42317742451651,60.41704197690397,j,0.39999999999999997,0.9000000000000001,49.99999999999999,20.0,100.0,350.0,AA2024-T3,AA2024-T3,10177.934427718183
45.42317742451651,60.41704197690397,j,0.39999999999999997,0.8,49.99999999999999,20.0,100.0,350.0,AA2024-T3,AA2024-T3,10177.934427718188
45.42317742451651,60.41704197690397,formed z,0.39999999999999997,0.9000000000000001,49.99999999999999,20.0,100.0,350.0,AA2024-T3,AA2024-T3,10177.934427718183
45.43654697542826,45.31987827472491,formed z,0.3,0.9000000000000001,59.99999999999999,20.0,100.0,350.0,AA2024-T3,AA2024-T3,9485.394496848685
45.43654697542826,45.31987827472491,j,0.3,0.8,59.99999999999999,20.0,100.0,350.0,AA2024-T3,AA2024-T3,9485.394496848685
45.43654697542826,45.31987827472491,j,0.3,0.9000000000000001,59.99999999999999,20.0,100.0,350.0,AA2024-T3,AA2024-T3,9485.394496848685
45.43654697542826,45.31987827472491,formed z,0.3,0.8,59.99999999999999,20.0,100.0,350.0,AA2024-T3,AA2024-T3,9485.394496848687
45.43654697542826,45.31987827472491,z,0.3,0.8,59.99999999999999,20.0,100.0,350.0,AA2024-T3,AA2024-T3,9485.394496848685
45.43654697542826,45.31987827472491,z,0.3,0.9000000000000001,59.99999999999999,20.0,100.0,350.0,AA2024-T3,AA2024-T3,9485.394496848687
45.44738768192955,76.08025307999064,j,0.5,0.8,65.0,20.0,160.00000000000003,449.99999999999994,AA2024-T3,AA2024-T3,8428.259030631201
45.44738768192955,76.08025307999064,z,0.5,0.8,65.0,20.0,160.00000000000003,449.99999999999994,AA2024-T3,AA2024-T3,8428.259030631198
45.44738768192955,76.08025307999064,formed z,0.5,0.9000000000000001,65.0,20.0,160.00000000000003,449.99999999999994,AA2024-T3,AA2024-T3,8428.259030631198
45.44738768192955,76.08025307999064,formed z,0.5,0.8,65.0,20.0,160.00000000000003,449.99999999999994,AA2024-T3,AA2024-T3,8428.2590306312
45.44738768192955,76.08025307999064,j,0.5,0.9000000000000001,65.0,20.0,160.00000000000003,449.99999999999994,AA2024-T3,AA2024-T3,8428.2590306312
45.44738768192955,76.08025307999064,z,0.5,0.9000000000000001,65.0,20.0,160.00000000000003,449.99999999999994,AA2024-T3,AA2024-T3,8428.2590306312
45.50950511201651,60.4781148938167,formed z,0.39999999999999997,0.8,59.99999999999999,20.0,120.00000000000001,350.0,AA2024-T3,AA2024-T3,9219.709136422496
45.50950511201651,60.4781148938167,z,0.39999999999999997,0.9000000000000001,59.99999999999999,20.0,120.00000000000001,350.0,AA2024-T3,AA2024-T3,9219.709136422496
45.50950511201651,60.4781148938167,formed z,0.39999999999999997,0.9000000000000001,59.99999999999999,20.0,120.00000000000001,350.0,AA2024-T3,AA2024-T3,9219.709136422494
45.50950511201651,60.4781148938167,z,0.39999999999999997,0.8,59.99999999999999,20.0,120.00000000000001,350.0,AA2024-T3,AA2024-T3,9219.709136422494
45.50950511201651,60.4781148938167,j,0.39999999999999997,0.8,59.99999999999999,20.0,120.00000000000001,350.0,AA2024-T3,AA2024-T3,9219.709136422494
45.50950511201651,60.4781148938167,j,0.39999999999999997,0.9000000000000001,59.99999999999999,20.0,120.00000000000001,350.0,AA2024-T3,AA2024-T3,9219.709136422494
45.5498769380539,60.721792303855466,z,0.39999999999999997,0.9000000000000001,70.0,20.0,140.0,399.99999999999994,AA2024-T3,AA2024-T3,8711.999544847396
45.5498769380539,60.721792303855466,j,0.39999999999999997,0.9000000000000001,70.0,20.0,140.0,399.99999999999994,AA2024-T3,AA2024-T3,8711.999544847398
45.5498769380539,60.721792303855466,z,0.39999999999999997,0.8,70.0,20.0,140.0,399.99999999999994,AA2024-T3,AA2024-T3,8522.18040548873
45.5498769380539,60.721792303855466,formed z,0.39999999999999997,0.9000000000000001,70.0,20.0,140.0,399.99999999999994,AA2024-T3,AA2024-T3,8711.999544847398
45.5498769380539,60.721792303855466,formed z,0.39999999999999997,0.8,70.0,20.0,140.0,399.99999999999994,AA2024-T3,AA2024-T3,8711.999544847398
45.5498769380539,60.721792303855466,j,0.39999999999999997,0.8,70.0,20.0,140.0,399.99999999999994,AA2024-T3,AA2024-T3,8711.999544847398
45.55572414678128,105.89387799537566,formed z,0.6999999999999998,0.8,40.0,20.0,200.0,350.0,AA2024-T3,AA2024-T3,7843.536497071456
45.55572414678128,105.89387799537566,j,0.6999999999999998,0.9000000000000001,40.0,20.0,200.0,350.0,AA2024-T3,AA2024-T3,7843.536497071456
45.55572414678128,105.89387799537566,z,0.6999999999999998,0.9000000000000001,40.0,20.0,200.0,350.0,AA2024-T3,AA2024-T3,7843.536497071456
45.55572414678128,105.89387799537566,j,0.6999999999999998,0.8,40.0,20.0,200.0,350.0,AA2024-T3,AA2024-T3,7843.536497071456
45.55572414678128,105.89387799537566,formed z,0.6999999999999998,0.9000000000000001,40.0,20.0,200.0,350.0,AA2024-T3,AA2024-T3,7843.536497071459
45.55572414678128,105.89387799537566,z,0.6999999999999998,0.8,40.0,20.0,200.0,350.0,AA2024-T3,AA2024-T3,7843.536497071456
45.56630167998042,91.10003773092602,j,0.6,0.9000000000000001,54.99999999999999,20.0,180.00000000000003,399.99999999999994,AA2024-T3,AA2024-T3,8125.745843758305
45.56630167998042,91.10003773092602,formed z,0.6,0.8,54.99999999999999,20.0,180.00000000000003,399.99999999999994,AA2024-T3,AA2024-T3,8125.745843758305
45.56630167998042,91.10003773092602,z,0.6,0.9000000000000001,54.99999999999999,20.0,180.00000000000003,399.99999999999994,AA2024-T3,AA2024-T3,8125.745843758305
45.56630167998042,91.10003773092602,formed z,0.6,0.9000000000000001,54.99999999999999,20.0,180.00000000000003,399.99999999999994,AA2024-T3,AA2024-T3,8125.745843758306
45.56630167998042,91.10003773092602,z,0.6,0.8,54.99999999999999,20.0,180.00000000000003,399.99999999999994,AA2024-T3,AA2024-T3,8125.745843758305
45.56630167998042,91.10003773092602,j,0.6,0.8,54.99999999999999,20.0,180.00000000000003,399.99999999999994,AA2024-T3,AA2024-T3,8125.745843758305
45.57467773311826,90.13758139716451,j,0.6,0.9000000000000001,40.0,20.0,140.0,300.0,AA2024-T3,AA2024-T3,10095.473782877092
45.57467773311826,90.13758139716451,formed z,0.6,0.8,40.0,20.0,140.0,300.0,AA2024-T3,AA2024-T3,10095.473782877092
45.57467773311826,90.13758139716451,formed z,0.6,0.9000000000000001,40.0,20.0,140.0,300.0,AA2024-T3,AA2024-T3,10095.473782877092
45.57467773311826,90.13758139716451,j,0.6,0.8,40.0,20.0,140.0,300.0,AA2024-T3,AA2024-T3,10095.473782877092
45.57467773311826,90.13758139716451,z,0.6,0.8,40.0,20.0,140.0,300.0,AA2024-T3,AA2024-T3,10095.473782877092
45.57467773311826,90.13758139716451,z,0.6,0.9000000000000001,40.0,20.0,140.0,300.0,AA2024-T3,AA2024-T3,10095.473782877092
45.64983734976781,91.5094202842918,j,0.6,0.8,49.99999999999999,20.0,160.00000000000003,449.99999999999994,AA2024-T3,AA2024-T3,9108.013625557127
45.64983734976781,91.5094202842918,j,0.6,0.9000000000000001,49.99999999999999,20.0,160.00000000000003,449.99999999999994,AA2024-T3,AA2024-T3,9108.013625557127
45.64983734976781,91.5094202842918,formed z,0.6,0.8,49.99999999999999,20.0,160.00000000000003,449.99999999999994,AA2024-T3,AA2024-T3,9108.013625557127
45.64983734976781,91.5094202842918,z,0.6,0.9000000000000001,49.99999999999999,20.0,160.00000000000003,449.99999999999994,AA2024-T3,AA2024-T3,9108.013625557127
45.64983734976781,91.5094202842918,formed z,0.6,0.9000000000000001,49.99999999999999,20.0,160.00000000000003,449.99999999999994,AA2024-T3,AA2024-T3,9108.013625557127
45.64983734976781,91.5094202842918,z,0.6,0.8,49.99999999999999,20.0,160.00000000000003,449.99999999999994,AA2024-T3,AA2024-T3,9108.013625557127
45.65542138519303,90.87180606658681,z,0.6,0.8,59.99999999999999,20.0,200.0,350.0,AA2024-T3,AA2024-T3,7439.9526590158985
45.65542138519303,90.87180606658681,j,0.6,0.9000000000000001,59.99999999999999,20.0,200.0,350.0,AA2024-T3,AA2024-T3,7439.9526590158985
45.65542138519303,90.87180606658681,z,0.6,0.9000000000000001,59.99999999999999,20.0,200.0,350.0,AA2024-T3,AA2024-T3,7439.952659015897
45.65542138519303,90.87180606658681,j,0.6,0.8,59.99999999999999,20.0,200.0,350.0,AA2024-T3,AA2024-T3,7439.9526590158985
45.65542138519303,90.87180606658681,formed z,0.6,0.8,59.99999999999999,20.0,200.0,350.0,AA2024-T3,AA2024-T3,7439.952659015897
45.65542138519303,90.87180606658681,formed z,0.6,0.9000000000000001,59.99999999999999,20.0,200.0,350.0,AA2024-T3,AA2024-T3,7439.9526590158985
45.66100542061825,90.22968621711799,j,0.6,0.8,35.0,20.0,120.00000000000001,300.0,AA2024-T3,AA2024-T3,852658.3415755576
45.66100542061825,90.22968621711799,j,0.6,0.9000000000000001,35.0,20.0,120.00000000000001,300.0,AA2024-T3,AA2024-T3,852658.3415755576
45.66100542061825,90.22968621711799,z,0.6,0.9000000000000001,35.0,20.0,120.00000000000001,300.0,AA2024-T3,AA2024-T3,852658.3415755576
45.66100542061825,90.22968621711799,formed z,0.6,0.9000000000000001,35.0,20.0,120.00000000000001,300.0,AA2024-T3,AA2024-T3,852658.3415755576
45.66100542061825,90.22968621711799,formed z,0.6,0.8,35.0,20.0,120.00000000000001,300.0,AA2024-T3,AA2024-T3,852658.3415755576
45.66100542061825,90.22968621711799,z,0.6,0.8,35.0,20.0,120.00000000000001,300.0,AA2024-T3,AA2024-T3,852658.3415755576
45.663206900679555,76.26956399892039,formed z,0.5,0.9000000000000001,49.99999999999999,20.0,120.00000000000001,449.99999999999994,AA2024-T3,AA2024-T3,10414.800572040218
45.663206900679555,76.26956399892039,z,0.5,0.9000000000000001,49.99999999999999,20.0,120.00000000000001,449.99999999999994,AA2024-T3,AA2024-T3,10414.800572040218
45.663206900679555,76.26956399892039,j,0.5,0.8,49.99999999999999,20.0,120.00000000000001,449.99999999999994,AA2024-T3,AA2024-T3,10414.800572040222
45.663206900679555,76.26956399892039,z,0.5,0.8,49.99999999999999,20.0,120.00000000000001,449.99999999999994,AA2024-T3,AA2024-T3,10414.800572040218
45.663206900679555,76.26956399892039,j,0.5,0.9000000000000001,49.99999999999999,20.0,120.00000000000001,449.99999999999994,AA2024-T3,AA2024-T3,10414.800572040218
45.663206900679555,76.26956399892039,formed z,0.5,0.8,49.99999999999999,20.0,120.00000000000001,449.99999999999994,AA2024-T3,AA2024-T3,10414.800572040218
45.752326605892165,76.08025307999064,formed z,0.5,0.8,65.0,20.0,160.00000000000003,399.99999999999994,AA2024-T3,AA2024-T3,8428.2590306312
45.752326605892165,76.08025307999064,z,0.5,0.9000000000000001,65.0,20.0,160.00000000000003,399.99999999999994,AA2024-T3,AA2024-T3,8428.2590306312
45.752326605892165,76.08025307999064,z,0.5,0.8,65.0,20.0,160.00000000000003,399.99999999999994,AA2024-T3,AA2024-T3,8428.259030631198
45.752326605892165,76.08025307999064,j,0.5,0.8,65.0,20.0,160.00000000000003,399.99999999999994,AA2024-T3,AA2024-T3,8428.259030631201
45.752326605892165,76.08025307999064,formed z,0.5,0.9000000000000001,65.0,20.0,160.00000000000003,399.99999999999994,AA2024-T3,AA2024-T3,8428.259030631198
45.752326605892165,76.08025307999064,j,0.5,0.9000000000000001,65.0,20.0,160.00000000000003,399.99999999999994,AA2024-T3,AA2024-T3,8428.2590306312
45.76070265903,75.27994870124098,j,0.5,0.8,70.0,20.0,180.00000000000003,300.0,AA2024-T3,AA2024-T3,7680.74534788845
45.76070265903,75.27994870124098,formed z,0.5,0.9000000000000001,70.0,20.0,180.00000000000003,300.0,AA2024-T3,AA2024-T3,7680.74534788845
45.76070265903,75.27994870124098,z,0.5,0.9000000000000001,70.0,20.0,180.00000000000003,300.0,AA2024-T3,AA2024-T3,7680.74534788845
45.76070265903,75.27994870124098,z,0.5,0.8,70.0,20.0,180.00000000000003,300.0,AA2024-T3,AA2024-T3,7559.480402983057
45.76070265903,75.27994870124098,formed z,0.5,0.8,70.0,20.0,180.00000000000003,300.0,AA2024-T3,AA2024-T3,7680.74534788845
45.76070265903,75.27994870124098,j,0.5,0.9000000000000001,70.0,20.0,180.00000000000003,300.0,AA2024-T3,AA2024-T3,7680.74534788845
45.85228701760606,107.00904864597784,j,0.6999999999999998,0.9000000000000001,35.0,20.0,160.00000000000003,449.99999999999994,AA2024-T3,AA2024-T3,10575.499383431954
45.85228701760606,107.00904864597784,z,0.6999999999999998,0.8,35.0,20.0,160.00000000000003,449.99999999999994,AA2024-T3,AA2024-T3,10575.499383431954
45.85228701760606,107.00904864597784,formed z,0.6999999999999998,0.8,35.0,20.0,160.00000000000003,449.99999999999994,AA2024-T3,AA2024-T3,10575.499383431954
45.85228701760606,107.00904864597784,formed z,0.6999999999999998,0.9000000000000001,35.0,20.0,160.00000000000003,449.99999999999994,AA2024-T3,AA2024-T3,10575.499383431954
45.85228701760606,107.00904864597784,z,0.6999999999999998,0.9000000000000001,35.0,20.0,160.00000000000003,449.99999999999994,AA2024-T3,AA2024-T3,10575.499383431954
45.85228701760606,107.00904864597784,j,0.6999999999999998,0.8,35.0,20.0,160.00000000000003,449.99999999999994,AA2024-T3,AA2024-T3,10575.499383431954
45.85481586201651,60.721792303855466,formed z,0.39999999999999997,0.8,70.0,20.0,140.0,350.0,AA2024-T3,AA2024-T3,8711.999544847398
45.85481586201651,60.721792303855466,formed z,0.39999999999999997,0.9000000000000001,70.0,20.0,140.0,350.0,AA2024-T3,AA2024-T3,8711.999544847398
45.85481586201651,60.721792303855466,j,0.39999999999999997,0.8,70.0,20.0,140.0,350.0,AA2024-T3,AA2024-T3,8711.999544847398
45.85481586201651,60.721792303855466,z,0.39999999999999997,0.8,70.0,20.0,140.0,350.0,AA2024-T3,AA2024-T3,8542.829344163363
45.85481586201651,60.721792303855466,j,0.39999999999999997,0.9000000000000001,70.0,20.0,140.0,350.0,AA2024-T3,AA2024-T3,8711.999544847398
45.85481586201651,60.721792303855466,z,0.39999999999999997,0.9000000000000001,70.0,20.0,140.0,350.0,AA2024-T3,AA2024-T3,8711.999544847396
45.863455088456504,105.51953546694686,z,0.6999999999999998,0.8,35.0,20.0,180.00000000000003,300.0,AA2024-T3,AA2024-T3,8771.352827508972
45.863455088456504,105.51953546694686,j,0.6999999999999998,0.9000000000000001,35.0,20.0,180.00000000000003,300.0,AA2024-T3,AA2024-T3,8771.352827508974
45.863455088456504,105.51953546694686,formed z,0.6999999999999998,0.9000000000000001,35.0,20.0,180.00000000000003,300.0,AA2024-T3,AA2024-T3,8771.352827508972
45.863455088456504,105.51953546694686,j,0.6999999999999998,0.8,35.0,20.0,180.00000000000003,300.0,AA2024-T3,AA2024-T3,8771.352827508974
45.863455088456504,105.51953546694686,z,0.6999999999999998,0.9000000000000001,35.0,20.0,180.00000000000003,300.0,AA2024-T3,AA2024-T3,8771.352827508972
45.863455088456504,105.51953546694686,formed z,0.6999999999999998,0.8,35.0,20.0,180.00000000000003,300.0,AA2024-T3,AA2024-T3,8771.352827508972
45.87124060394303,91.10003773092602,j,0.6,0.9000000000000001,54.99999999999999,20.0,180.00000000000003,350.0,AA2024-T3,AA2024-T3,8125.745843758305
45.87124060394303,91.10003773092602,formed z,0.6,0.8,54.99999999999999,20.0,180.00000000000003,350.0,AA2024-T3,AA2024-T3,8125.745843758305
45.87124060394303,91.10003773092602,formed z,0.6,0.9000000000000001,54.99999999999999,20.0,180.00000000000003,350.0,AA2024-T3,AA2024-T3,8125.745843758306
45.87124060394303,91.10003773092602,z,0.6,0.9000000000000001,54.99999999999999,20.0,180.00000000000003,350.0,AA2024-T3,AA2024-T3,8125.745843758305
45.87124060394303,91.10003773092602,j,0.6,0.8,54.99999999999999,20.0,180.00000000000003,350.0,AA2024-T3,AA2024-T3,8125.745843758305
45.87124060394303,91.10003773092602,z,0.6,0.8,54.99999999999999,20.0,180.00000000000003,350.0,AA2024-T3,AA2024-T3,8125.745843758305
45.95477627373042,91.5094202842918,z,0.6,0.8,49.99999999999999,20.0,160.00000000000003,399.99999999999994,AA2024-T3,AA2024-T3,9108.013625557127
45.95477627373042,91.5094202842918,z,0.6,0.9000000000000001,49.99999999999999,20.0,160.00000000000003,399.99999999999994,AA2024-T3,AA2024-T3,9108.013625557127
45.95477627373042,91.5094202842918,j,0.6,0.9000000000000001,49.99999999999999,20.0,160.00000000000003,399.99999999999994,AA2024-T3,AA2024-T3,9108.013625557127
45.95477627373042,91.5094202842918,formed z,0.6,0.9000000000000001,49.99999999999999,20.0,160.00000000000003,399.99999999999994,AA2024-T3,AA2024-T3,9108.013625557127
45.95477627373042,91.5094202842918,formed z,0.6,0.8,49.99999999999999,20.0,160.00000000000003,399.99999999999994,AA2024-T3,AA2024-T3,9108.013625557127
45.95477627373042,91.5094202842918,j,0.6,0.8,49.99999999999999,20.0,160.00000000000003,399.99999999999994,AA2024-T3,AA2024-T3,9108.013625557127
45.968145824642164,76.26956399892039,z,0.5,0.8,49.99999999999999,20.0,120.00000000000001,399.99999999999994,AA2024-T3,AA2024-T3,10414.800572040218
45.968145824642164,76.26956399892039,formed z,0.5,0.9000000000000001,49.99999999999999,20.0,120.00000000000001,399.99999999999994,AA2024-T3,AA2024-T3,10414.800572040218
45.968145824642164,76.26956399892039,z,0.5,0.9000000000000001,49.99999999999999,20.0,120.00000000000001,399.99999999999994,AA2024-T3,AA2024-T3,10414.800572040218
45.968145824642164,76.26956399892039,j,0.5,0.8,49.99999999999999,20.0,120.00000000000001,399.99999999999994,AA2024-T3,AA2024-T3,10414.800572040222
45.968145824642164,76.26956399892039,formed z,0.5,0.8,49.99999999999999,20.0,120.00000000000001,399.99999999999994,AA2024-T3,AA2024-T3,10414.800572040218
45.968145824642164,76.26956399892039,j,0.5,0.9000000000000001,49.99999999999999,20.0,120.00000000000001,399.99999999999994,AA2024-T3,AA2024-T3,10414.800572040218
45.981778548856056,107.16741145118863,j,0.6999999999999998,0.8,40.0,20.0,180.00000000000003,449.99999999999994,AA2024-T3,AA2024-T3,9135.974775585344
45.981778548856056,107.16741145118863,z,0.6999999999999998,0.8,40.0,20.0,180.00000000000003,449.99999999999994,AA2024-T3,AA2024-T3,9135.974775585344
45.981778548856056,107.16741145118863,j,0.6999999999999998,0.9000000000000001,40.0,20.0,180.00000000000003,449.99999999999994,AA2024-T3,AA2024-T3,9135.974775585344
45.981778548856056,107.16741145118863,formed z,0.6999999999999998,0.8,40.0,20.0,180.00000000000003,449.99999999999994,AA2024-T3,AA2024-T3,9135.974775585344
45.981778548856056,107.16741145118863,z,0.6999999999999998,0.9000000000000001,40.0,20.0,180.00000000000003,449.99999999999994,AA2024-T3,AA2024-T3,9135.974775585344
45.981778548856056,107.16741145118863,formed z,0.6999999999999998,0.9000000000000001,40.0,20.0,180.00000000000003,449.99999999999994,AA2024-T3,AA2024-T3,9135.974775585346
46.01968572153,75.5094726316206,z,0.5,0.8,40.0,20.0,100.0,300.0,AA2024-T3,AA2024-T3,711954.6991748649
46.01968572153,75.5094726316206,formed z,0.5,0.8,40.0,20.0,100.0,300.0,AA2024-T3,AA2024-T3,711954.6991748649
46.01968572153,75.5094726316206,z,0.5,0.9000000000000001,40.0,20.0,100.0,300.0,AA2024-T3,AA2024-T3,711954.6991748649
46.01968572153,75.5094726316206,j,0.5,0.8,40.0,20.0,100.0,300.0,AA2024-T3,AA2024-T3,711954.6991748649
46.01968572153,75.5094726316206,formed z,0.5,0.8,54.99999999999999,20.0,140.0,300.0,AA2024-T3,AA2024-T3,8990.892063469408
46.01968572153,75.5094726316206,j,0.5,0.9000000000000001,54.99999999999999,20.0,140.0,300.0,AA2024-T3,AA2024-T3,8990.892063469408
46.01968572153,75.5094726316206,formed z,0.5,0.9000000000000001,54.99999999999999,20.0,140.0,300.0,AA2024-T3,AA2024-T3,8990.892063469408
46.01968572153,75.5094726316206,j,0.5,0.9000000000000001,40.0,20.0,100.0,300.0,AA2024-T3,AA2024-T3,711954.6991748649
46.01968572153,75.5094726316206,z,0.5,0.8,54.99999999999999,20.0,140.0,300.0,AA2024-T3,AA2024-T3,8990.892063469408
46.01968572153,75.5094726316206,j,0.5,0.8,54.99999999999999,20.0,140.0,300.0,AA2024-T3,AA2024-T3,8990.892063469408
46.01968572153,75.5094726316206,z,0.5,0.9000000000000001,54.99999999999999,20.0,140.0,300.0,AA2024-T3,AA2024-T3,8990.892063469408
46.01968572153,75.5094726316206,formed z,0.5,0.9000000000000001,40.0,20.0,100.0,300.0,AA2024-T3,AA2024-T3,711954.699174865
46.033055272441736,60.41704197690397,j,0.39999999999999997,0.9000000000000001,49.99999999999999,20.0,100.0,300.0,AA2024-T3,AA2024-T3,10177.934427718183
46.033055272441736,60.41704197690397,j,0.39999999999999997,0.8,49.99999999999999,20.0,100.0,300.0,AA2024-T3,AA2024-T3,10177.934427718188
46.033055272441736,60.41704197690397,z,0.39999999999999997,0.9000000000000001,49.99999999999999,20.0,100.0,300.0,AA2024-T3,AA2024-T3,10177.934427718183
46.033055272441736,60.41704197690397,formed z,0.39999999999999997,0.8,49.99999999999999,20.0,100.0,300.0,AA2024-T3,AA2024-T3,10177.934427718183
46.033055272441736,60.41704197690397,formed z,0.39999999999999997,0.9000000000000001,49.99999999999999,20.0,100.0,300.0,AA2024-T3,AA2024-T3,10177.934427718183
46.033055272441736,60.41704197690397,z,0.39999999999999997,0.8,49.99999999999999,20.0,100.0,300.0,AA2024-T3,AA2024-T3,10177.934427718183
46.04642482335348,45.31987827472491,formed z,0.3,0.8,59.99999999999999,20.0,100.0,300.0,AA2024-T3,AA2024-T3,9485.394496848687
46.04642482335348,45.31987827472491,formed z,0.3,0.9000000000000001,59.99999999999999,20.0,100.0,300.0,AA2024-T3,AA2024-T3,9485.394496848685
46.04642482335348,45.31987827472491,z,0.3,0.8,59.99999999999999,20.0,100.0,300.0,AA2024-T3,AA2024-T3,9485.394496848685
46.04642482335348,45.31987827472491,j,0.3,0.9000000000000001,59.99999999999999,20.0,100.0,300.0,AA2024-T3,AA2024-T3,9485.394496848685
46.04642482335348,45.31987827472491,z,0.3,0.9000000000000001,59.99999999999999,20.0,100.0,300.0,AA2024-T3,AA2024-T3,9485.394496848687
46.04642482335348,45.31987827472491,j,0.3,0.8,59.99999999999999,20.0,100.0,300.0,AA2024-T3,AA2024-T3,9485.394496848685
46.057265529854774,76.08025307999064,z,0.5,0.9000000000000001,65.0,20.0,160.00000000000003,350.0,AA2024-T3,AA2024-T3,8428.2590306312
46.057265529854774,76.08025307999064,j,0.5,0.8,65.0,20.0,160.00000000000003,350.0,AA2024-T3,AA2024-T3,8428.259030631201
46.057265529854774,76.08025307999064,formed z,0.5,0.9000000000000001,65.0,20.0,160.00000000000003,350.0,AA2024-T3,AA2024-T3,8428.259030631198
46.057265529854774,76.08025307999064,j,0.5,0.9000000000000001,65.0,20.0,160.00000000000003,350.0,AA2024-T3,AA2024-T3,8428.2590306312
46.057265529854774,76.08025307999064,formed z,0.5,0.8,65.0,20.0,160.00000000000003,350.0,AA2024-T3,AA2024-T3,8428.2590306312
46.057265529854774,76.08025307999064,z,0.5,0.8,65.0,20.0,160.00000000000003,350.0,AA2024-T3,AA2024-T3,8428.259030631198
46.081475787267806,91.96215240147832,z,0.6,0.9000000000000001,44.99999999999999,20.0,140.0,449.99999999999994,AA2024-T3,AA2024-T3,10566.664867045305
46.081475787267806,91.96215240147832,formed z,0.6,0.8,44.99999999999999,20.0,140.0,449.99999999999994,AA2024-T3,AA2024-T3,10566.664867045305
46.081475787267806,91.96215240147832,j,0.6,0.9000000000000001,44.99999999999999,20.0,140.0,449.99999999999994,AA2024-T3,AA2024-T3,10566.664867045303
46.081475787267806,91.96215240147832,j,0.6,0.8,44.99999999999999,20.0,140.0,449.99999999999994,AA2024-T3,AA2024-T3,10566.664867045303
46.081475787267806,91.96215240147832,formed z,0.6,0.9000000000000001,44.99999999999999,20.0,140.0,449.99999999999994,AA2024-T3,AA2024-T3,10566.664867045303
46.081475787267806,91.96215240147832,z,0.6,0.8,44.99999999999999,20.0,140.0,449.99999999999994,AA2024-T3,AA2024-T3,10566.664867045305
46.11938295994173,60.4781148938167,j,0.39999999999999997,0.9000000000000001,59.99999999999999,20.0,120.00000000000001,300.0,AA2024-T3,AA2024-T3,9219.709136422494
46.11938295994173,60.4781148938167,formed z,0.39999999999999997,0.9000000000000001,59.99999999999999,20.0,120.00000000000001,300.0,AA2024-T3,AA2024-T3,9219.709136422494
46.11938295994173,60.4781148938167,j,0.39999999999999997,0.8,59.99999999999999,20.0,120.00000000000001,300.0,AA2024-T3,AA2024-T3,9219.709136422494
46.11938295994173,60.4781148938167,z,0.39999999999999997,0.8,59.99999999999999,20.0,120.00000000000001,300.0,AA2024-T3,AA2024-T3,9219.709136422494
46.11938295994173,60.4781148938167,z,0.39999999999999997,0.9000000000000001,59.99999999999999,20.0,120.00000000000001,300.0,AA2024-T3,AA2024-T3,9219.709136422496
46.11938295994173,60.4781148938167,formed z,0.39999999999999997,0.8,59.99999999999999,20.0,120.00000000000001,300.0,AA2024-T3,AA2024-T3,9219.709136422496
46.154433923856054,107.37819855006182,j,0.6999999999999998,0.9000000000000001,44.99999999999999,20.0,200.0,449.99999999999994,AA2024-T3,AA2024-T3,8172.231401646797
46.154433923856054,107.37819855006182,z,0.6999999999999998,0.8,44.99999999999999,20.0,200.0,449.99999999999994,AA2024-T3,AA2024-T3,8172.231401646799
46.154433923856054,107.37819855006182,formed z,0.6999999999999998,0.9000000000000001,44.99999999999999,20.0,200.0,449.99999999999994,AA2024-T3,AA2024-T3,8172.231401646797
46.154433923856054,107.37819855006182,j,0.6999999999999998,0.8,44.99999999999999,20.0,200.0,449.99999999999994,AA2024-T3,AA2024-T3,8172.231401646797
46.154433923856054,107.37819855006182,formed z,0.6999999999999998,0.8,44.99999999999999,20.0,200.0,449.99999999999994,AA2024-T3,AA2024-T3,8172.231401646799
46.154433923856054,107.37819855006182,z,0.6999999999999998,0.9000000000000001,44.99999999999999,20.0,200.0,449.99999999999994,AA2024-T3,AA2024-T3,8172.231401646801
46.15722594156867,107.00904864597784,z,0.6999999999999998,0.9000000000000001,35.0,20.0,160.00000000000003,399.99999999999994,AA2024-T3,AA2024-T3,10575.499383431954
46.15722594156867,107.00904864597784,j,0.6999999999999998,0.9000000000000001,35.0,20.0,160.00000000000003,399.99999999999994,AA2024-T3,AA2024-T3,10575.499383431954
46.15722594156867,107.00904864597784,z,0.6999999999999998,0.8,35.0,20.0,160.00000000000003,399.99999999999994,AA2024-T3,AA2024-T3,10575.499383431954
46.15722594156867,107.00904864597784,formed z,0.6999999999999998,0.9000000000000001,35.0,20.0,160.00000000000003,399.99999999999994,AA2024-T3,AA2024-T3,10575.499383431954
46.15722594156867,107.00904864597784,formed z,0.6999999999999998,0.8,35.0,20.0,160.00000000000003,399.99999999999994,AA2024-T3,AA2024-T3,10575.499383431954
46.15722594156867,107.00904864597784,j,0.6999999999999998,0.8,35.0,20.0,160.00000000000003,399.99999999999994,AA2024-T3,AA2024-T3,10575.499383431954
46.165601994706506,105.89387799537566,formed z,0.6999999999999998,0.9000000000000001,40.0,20.0,200.0,300.0,AA2024-T3,AA2024-T3,7843.536497071459
46.165601994706506,105.89387799537566,formed z,0.6999999999999998,0.8,40.0,20.0,200.0,300.0,AA2024-T3,AA2024-T3,7843.536497071456
46.165601994706506,105.89387799537566,j,0.6999999999999998,0.8,40.0,20.0,200.0,300.0,AA2024-T3,AA2024-T3,7843.536497071456
46.165601994706506,105.89387799537566,j,0.6999999999999998,0.9000000000000001,40.0,20.0,200.0,300.0,AA2024-T3,AA2024-T3,7843.536497071456
46.165601994706506,105.89387799537566,z,0.6999999999999998,0.9000000000000001,40.0,20.0,200.0,300.0,AA2024-T3,AA2024-T3,7843.536497071456
46.165601994706506,105.89387799537566,z,0.6999999999999998,0.8,40.0,20.0,200.0,300.0,AA2024-T3,AA2024-T3,7843.536497071456
46.254131162267804,92.14262240532851,formed z,0.6,0.8,65.0,20.0,200.0,449.99999999999994,AA2024-T3,AA2024-T3,7768.725087632046
46.254131162267804,92.14262240532851,z,0.6,0.8,65.0,20.0,200.0,449.99999999999994,AA2024-T3,AA2024-T3,7768.725087632045
46.254131162267804,92.14262240532851,z,0.6,0.9000000000000001,65.0,20.0,200.0,449.99999999999994,AA2024-T3,AA2024-T3,7768.725087632046
46.254131162267804,92.14262240532851,j,0.6,0.9000000000000001,65.0,20.0,200.0,449.99999999999994,AA2024-T3,AA2024-T3,7768.725087632046
46.254131162267804,92.14262240532851,j,0.6,0.8,65.0,20.0,200.0,449.99999999999994,AA2024-T3,AA2024-T3,7768.725087632045
46.254131162267804,92.14262240532851,formed z,0.6,0.9000000000000001,65.0,20.0,200.0,449.99999999999994,AA2024-T3,AA2024-T3,7768.725087632045
46.259715197693026,91.5094202842918,j,0.6,0.8,49.99999999999999,20.0,160.00000000000003,350.0,AA2024-T3,AA2024-T3,9108.013625557127
46.259715197693026,91.5094202842918,formed z,0.6,0.8,49.99999999999999,20.0,160.00000000000003,350.0,AA2024-T3,AA2024-T3,9108.013625557127
46.259715197693026,91.5094202842918,formed z,0.6,0.9000000000000001,49.99999999999999,20.0,160.00000000000003,350.0,AA2024-T3,AA2024-T3,9108.013625557127
46.259715197693026,91.5094202842918,z,0.6,0.9000000000000001,49.99999999999999,20.0,160.00000000000003,350.0,AA2024-T3,AA2024-T3,9108.013625557127
46.259715197693026,91.5094202842918,j,0.6,0.9000000000000001,49.99999999999999,20.0,160.00000000000003,350.0,AA2024-T3,AA2024-T3,9108.013625557127
46.259715197693026,91.5094202842918,z,0.6,0.8,49.99999999999999,20.0,160.00000000000003,350.0,AA2024-T3,AA2024-T3,9108.013625557127
46.265299233118256,90.87180606658681,j,0.6,0.9000000000000001,59.99999999999999,20.0,200.0,300.0,AA2024-T3,AA2024-T3,7439.9526590158985
46.265299233118256,90.87180606658681,z,0.6,0.9000000000000001,59.99999999999999,20.0,200.0,300.0,AA2024-T3,AA2024-T3,7439.952659015897
46.265299233118256,90.87180606658681,formed z,0.6,0.8,59.99999999999999,20.0,200.0,300.0,AA2024-T3,AA2024-T3,7439.952659015897
46.265299233118256,90.87180606658681,formed z,0.6,0.9000000000000001,59.99999999999999,20.0,200.0,300.0,AA2024-T3,AA2024-T3,7439.9526590158985
46.265299233118256,90.87180606658681,z,0.6,0.8,59.99999999999999,20.0,200.0,300.0,AA2024-T3,AA2024-T3,7439.9526590158985
46.265299233118256,90.87180606658681,j,0.6,0.8,59.99999999999999,20.0,200.0,300.0,AA2024-T3,AA2024-T3,7439.9526590158985
46.273084748604774,76.26956399892039,z,0.5,0.9000000000000001,49.99999999999999,20.0,120.00000000000001,350.0,AA2024-T3,AA2024-T3,10414.800572040218
46.273084748604774,76.26956399892039,formed z,0.5,0.9000000000000001,49.99999999999999,20.0,120.00000000000001,350.0,AA2024-T3,AA2024-T3,10414.800572040218
46.273084748604774,76.26956399892039,formed z,0.5,0.8,49.99999999999999,20.0,120.00000000000001,350.0,AA2024-T3,AA2024-T3,10414.800572040218
46.273084748604774,76.26956399892039,j,0.5,0.9000000000000001,49.99999999999999,20.0,120.00000000000001,350.0,AA2024-T3,AA2024-T3,10414.800572040218
46.273084748604774,76.26956399892039,z,0.5,0.8,49.99999999999999,20.0,120.00000000000001,350.0,AA2024-T3,AA2024-T3,10414.800572040218
46.273084748604774,76.26956399892039,j,0.5,0.8,49.99999999999999,20.0,120.00000000000001,350.0,AA2024-T3,AA2024-T3,10414.800572040222
46.28671747281867,107.16741145118863,formed z,0.6999999999999998,0.9000000000000001,40.0,20.0,180.00000000000003,399.99999999999994,AA2024-T3,AA2024-T3,9135.974775585346
46.28671747281867,107.16741145118863,formed z,0.6999999999999998,0.8,40.0,20.0,180.00000000000003,399.99999999999994,AA2024-T3,AA2024-T3,9135.974775585344
46.28671747281867,107.16741145118863,j,0.6999999999999998,0.8,40.0,20.0,180.00000000000003,399.99999999999994,AA2024-T3,AA2024-T3,9135.974775585344
46.28671747281867,107.16741145118863,j,0.6999999999999998,0.9000000000000001,40.0,20.0,180.00000000000003,399.99999999999994,AA2024-T3,AA2024-T3,9135.974775585344
46.28671747281867,107.16741145118863,z,0.6999999999999998,0.8,40.0,20.0,180.00000000000003,399.99999999999994,AA2024-T3,AA2024-T3,9135.974775585344
46.28671747281867,107.16741145118863,z,0.6999999999999998,0.9000000000000001,40.0,20.0,180.00000000000003,399.99999999999994,AA2024-T3,AA2024-T3,9135.974775585344
46.386414711230415,91.96215240147832,z,0.6,0.9000000000000001,44.99999999999999,20.0,140.0,399.99999999999994,AA2024-T3,AA2024-T3,10566.664867045305
46.386414711230415,91.96215240147832,j,0.6,0.8,44.99999999999999,20.0,140.0,399.99999999999994,AA2024-T3,AA2024-T3,10566.664867045303
46.386414711230415,91.96215240147832,j,0.6,0.9000000000000001,44.99999999999999,20.0,140.0,399.99999999999994,AA2024-T3,AA2024-T3,10566.664867045303
46.386414711230415,91.96215240147832,z,0.6,0.8,44.99999999999999,20.0,140.0,399.99999999999994,AA2024-T3,AA2024-T3,10566.664867045305
46.386414711230415,91.96215240147832,formed z,0.6,0.9000000000000001,44.99999999999999,20.0,140.0,399.99999999999994,AA2024-T3,AA2024-T3,10566.664867045303
46.386414711230415,91.96215240147832,formed z,0.6,0.8,44.99999999999999,20.0,140.0,399.99999999999994,AA2024-T3,AA2024-T3,10566.664867045305
46.4267865372678,92.32273963195185,j,0.6,0.9000000000000001,40.0,20.0,120.00000000000001,449.99999999999994,AA2024-T3,AA2024-T3,853364.2191900813
46.4267865372678,92.32273963195185,z,0.6,0.8,40.0,20.0,120.00000000000001,449.99999999999994,AA2024-T3,AA2024-T3,853364.2191900813
46.4267865372678,92.32273963195185,formed z,0.6,0.9000000000000001,40.0,20.0,120.00000000000001,449.99999999999994,AA2024-T3,AA2024-T3,853364.2191900813
46.4267865372678,92.32273963195185,formed z,0.6,0.8,40.0,20.0,120.00000000000001,449.99999999999994,AA2024-T3,AA2024-T3,853364.2191900813
46.4267865372678,92.32273963195185,j,0.6,0.8,40.0,20.0,120.00000000000001,449.99999999999994,AA2024-T3,AA2024-T3,853364.2191900813
46.4267865372678,92.32273963195185,z,0.6,0.9000000000000001,40.0,20.0,120.00000000000001,449.99999999999994,AA2024-T3,AA2024-T3,853364.2191900813
46.45937284781867,107.37819855006182,z,0.6999999999999998,0.8,44.99999999999999,20.0,200.0,399.99999999999994,AA2024-T3,AA2024-T3,8172.231401646799
46.45937284781867,107.37819855006182,j,0.6999999999999998,0.9000000000000001,44.99999999999999,20.0,200.0,399.99999999999994,AA2024-T3,AA2024-T3,8172.231401646797
46.45937284781867,107.37819855006182,formed z,0.6999999999999998,0.9000000000000001,44.99999999999999,20.0,200.0,399.99999999999994,AA2024-T3,AA2024-T3,8172.231401646797
46.45937284781867,107.37819855006182,z,0.6999999999999998,0.9000000000000001,44.99999999999999,20.0,200.0,399.99999999999994,AA2024-T3,AA2024-T3,8172.231401646801
46.45937284781867,107.37819855006182,formed z,0.6999999999999998,0.8,44.99999999999999,20.0,200.0,399.99999999999994,AA2024-T3,AA2024-T3,8172.231401646799
46.45937284781867,107.37819855006182,j,0.6999999999999998,0.8,44.99999999999999,20.0,200.0,399.99999999999994,AA2024-T3,AA2024-T3,8172.231401646797
46.46216486553128,107.00904864597784,z,0.6999999999999998,0.8,35.0,20.0,160.00000000000003,350.0,AA2024-T3,AA2024-T3,10575.499383431954
46.46216486553128,107.00904864597784,j,0.6999999999999998,0.9000000000000001,35.0,20.0,160.00000000000003,350.0,AA2024-T3,AA2024-T3,10575.499383431954
46.46216486553128,107.00904864597784,formed z,0.6999999999999998,0.8,35.0,20.0,160.00000000000003,350.0,AA2024-T3,AA2024-T3,10575.499383431954
46.46216486553128,107.00904864597784,formed z,0.6999999999999998,0.9000000000000001,35.0,20.0,160.00000000000003,350.0,AA2024-T3,AA2024-T3,10575.499383431954
46.46216486553128,107.00904864597784,j,0.6999999999999998,0.8,35.0,20.0,160.00000000000003,350.0,AA2024-T3,AA2024-T3,10575.499383431954
46.46216486553128,107.00904864597784,z,0.6999999999999998,0.9000000000000001,35.0,20.0,160.00000000000003,350.0,AA2024-T3,AA2024-T3,10575.499383431954
46.464693709941734,60.721792303855466,z,0.39999999999999997,0.8,70.0,20.0,140.0,300.0,AA2024-T3,AA2024-T3,8563.32162877687
46.464693709941734,60.721792303855466,formed z,0.39999999999999997,0.9000000000000001,70.0,20.0,140.0,300.0,AA2024-T3,AA2024-T3,8711.999544847398
46.464693709941734,60.721792303855466,j,0.39999999999999997,0.9000000000000001,70.0,20.0,140.0,300.0,AA2024-T3,AA2024-T3,8711.999544847398
46.464693709941734,60.721792303855466,formed z,0.39999999999999997,0.8,70.0,20.0,140.0,300.0,AA2024-T3,AA2024-T3,8711.999544847398
46.464693709941734,60.721792303855466,j,0.39999999999999997,0.8,70.0,20.0,140.0,300.0,AA2024-T3,AA2024-T3,8711.999544847398
46.464693709941734,60.721792303855466,z,0.39999999999999997,0.9000000000000001,70.0,20.0,140.0,300.0,AA2024-T3,AA2024-T3,8711.999544847396
46.481118451868255,91.10003773092602,formed z,0.6,0.9000000000000001,54.99999999999999,20.0,180.00000000000003,300.0,AA2024-T3,AA2024-T3,8125.745843758306
46.481118451868255,91.10003773092602,formed z,0.6,0.8,54.99999999999999,20.0,180.00000000000003,300.0,AA2024-T3,AA2024-T3,8125.745843758305
46.481118451868255,91.10003773092602,z,0.6,0.8,54.99999999999999,20.0,180.00000000000003,300.0,AA2024-T3,AA2024-T3,8125.745843758305
46.481118451868255,91.10003773092602,j,0.6,0.9000000000000001,54.99999999999999,20.0,180.00000000000003,300.0,AA2024-T3,AA2024-T3,8125.745843758305
46.481118451868255,91.10003773092602,z,0.6,0.9000000000000001,54.99999999999999,20.0,180.00000000000003,300.0,AA2024-T3,AA2024-T3,8125.745843758305
46.481118451868255,91.10003773092602,j,0.6,0.8,54.99999999999999,20.0,180.00000000000003,300.0,AA2024-T3,AA2024-T3,8125.745843758305
46.52648377567955,77.02215478721278,j,0.5,0.8,59.99999999999999,20.0,140.0,449.99999999999994,AA2024-T3,AA2024-T3,9461.666315842322
46.52648377567955,77.02215478721278,formed z,0.5,0.8,59.99999999999999,20.0,140.0,449.99999999999994,AA2024-T3,AA2024-T3,9461.666315842322
46.52648377567955,77.02215478721278,z,0.5,0.8,59.99999999999999,20.0,140.0,449.99999999999994,AA2024-T3,AA2024-T3,9461.666315842322
46.52648377567955,77.02215478721278,j,0.5,0.9000000000000001,59.99999999999999,20.0,140.0,449.99999999999994,AA2024-T3,AA2024-T3,9461.666315842322
46.52648377567955,77.02215478721278,z,0.5,0.9000000000000001,59.99999999999999,20.0,140.0,449.99999999999994,AA2024-T3,AA2024-T3,9461.666315842322
46.52648377567955,77.02215478721278,formed z,0.5,0.9000000000000001,59.99999999999999,20.0,140.0,449.99999999999994,AA2024-T3,AA2024-T3,9461.666315842322
46.55907008623042,92.14262240532851,formed z,0.6,0.9000000000000001,65.0,20.0,200.0,399.99999999999994,AA2024-T3,AA2024-T3,7768.725087632045
46.55907008623042,92.14262240532851,z,0.6,0.8,65.0,20.0,200.0,399.99999999999994,AA2024-T3,AA2024-T3,7768.725087632045
46.55907008623042,92.14262240532851,j,0.6,0.9000000000000001,65.0,20.0,200.0,399.99999999999994,AA2024-T3,AA2024-T3,7768.725087632046
46.55907008623042,92.14262240532851,z,0.6,0.9000000000000001,65.0,20.0,200.0,399.99999999999994,AA2024-T3,AA2024-T3,7768.725087632046
46.55907008623042,92.14262240532851,j,0.6,0.8,65.0,20.0,200.0,399.99999999999994,AA2024-T3,AA2024-T3,7768.725087632045
46.55907008623042,92.14262240532851,formed z,0.6,0.8,65.0,20.0,200.0,399.99999999999994,AA2024-T3,AA2024-T3,7768.725087632046
46.59165639678128,107.16741145118863,formed z,0.6999999999999998,0.9000000000000001,40.0,20.0,180.00000000000003,350.0,AA2024-T3,AA2024-T3,9135.974775585346
46.59165639678128,107.16741145118863,j,0.6999999999999998,0.9000000000000001,40.0,20.0,180.00000000000003,350.0,AA2024-T3,AA2024-T3,9135.974775585344
46.59165639678128,107.16741145118863,z,0.6999999999999998,0.8,40.0,20.0,180.00000000000003,350.0,AA2024-T3,AA2024-T3,9135.974775585344
46.59165639678128,107.16741145118863,z,0.6999999999999998,0.9000000000000001,40.0,20.0,180.00000000000003,350.0,AA2024-T3,AA2024-T3,9135.974775585344
46.59165639678128,107.16741145118863,formed z,0.6999999999999998,0.8,40.0,20.0,180.00000000000003,350.0,AA2024-T3,AA2024-T3,9135.974775585344
46.59165639678128,107.16741145118863,j,0.6999999999999998,0.8,40.0,20.0,180.00000000000003,350.0,AA2024-T3,AA2024-T3,9135.974775585344
46.59944191226781,92.50250614209001,z,0.6,0.9000000000000001,59.99999999999999,20.0,180.00000000000003,449.99999999999994,AA2024-T3,AA2024-T3,8490.275404166425
46.59944191226781,92.50250614209001,z,0.6,0.8,59.99999999999999,20.0,180.00000000000003,449.99999999999994,AA2024-T3,AA2024-T3,8490.275404166425
46.59944191226781,92.50250614209001,formed z,0.6,0.8,59.99999999999999,20.0,180.00000000000003,449.99999999999994,AA2024-T3,AA2024-T3,8490.275404166425
46.59944191226781,92.50250614209001,j,0.6,0.9000000000000001,59.99999999999999,20.0,180.00000000000003,449.99999999999994,AA2024-T3,AA2024-T3,8490.275404166425
46.59944191226781,92.50250614209001,formed z,0.6,0.9000000000000001,59.99999999999999,20.0,180.00000000000003,449.99999999999994,AA2024-T3,AA2024-T3,8490.275404166425
46.59944191226781,92.50250614209001,j,0.6,0.8,59.99999999999999,20.0,180.00000000000003,449.99999999999994,AA2024-T3,AA2024-T3,8490.275404166425
46.66714337778,76.08025307999064,formed z,0.5,0.8,65.0,20.0,160.00000000000003,300.0,AA2024-T3,AA2024-T3,8428.2590306312
46.66714337778,76.08025307999064,j,0.5,0.8,65.0,20.0,160.00000000000003,300.0,AA2024-T3,AA2024-T3,8428.259030631201
46.66714337778,76.08025307999064,z,0.5,0.8,65.0,20.0,160.00000000000003,300.0,AA2024-T3,AA2024-T3,8428.259030631198
46.66714337778,76.08025307999064,j,0.5,0.9000000000000001,65.0,20.0,160.00000000000003,300.0,AA2024-T3,AA2024-T3,8428.2590306312
46.66714337778,76.08025307999064,z,0.5,0.9000000000000001,65.0,20.0,160.00000000000003,300.0,AA2024-T3,AA2024-T3,8428.2590306312
46.66714337778,76.08025307999064,formed z,0.5,0.9000000000000001,65.0,20.0,160.00000000000003,300.0,AA2024-T3,AA2024-T3,8428.259030631198
46.69135363519303,91.96215240147832,z,0.6,0.8,44.99999999999999,20.0,140.0,350.0,AA2024-T3,AA2024-T3,10566.664867045305
46.69135363519303,91.96215240147832,j,0.6,0.9000000000000001,44.99999999999999,20.0,140.0,350.0,AA2024-T3,AA2024-T3,10566.664867045303
46.69135363519303,91.96215240147832,formed z,0.6,0.8,44.99999999999999,20.0,140.0,350.0,AA2024-T3,AA2024-T3,10566.664867045305
46.69135363519303,91.96215240147832,j,0.6,0.8,44.99999999999999,20.0,140.0,350.0,AA2024-T3,AA2024-T3,10566.664867045303
46.69135363519303,91.96215240147832,formed z,0.6,0.9000000000000001,44.99999999999999,20.0,140.0,350.0,AA2024-T3,AA2024-T3,10566.664867045303
46.69135363519303,91.96215240147832,z,0.6,0.9000000000000001,44.99999999999999,20.0,140.0,350.0,AA2024-T3,AA2024-T3,10566.664867045305
46.73172546123042,92.32273963195185,z,0.6,0.8,40.0,20.0,120.00000000000001,399.99999999999994,AA2024-T3,AA2024-T3,853364.2191900813
46.73172546123042,92.32273963195185,j,0.6,0.9000000000000001,40.0,20.0,120.00000000000001,399.99999999999994,AA2024-T3,AA2024-T3,853364.2191900813
46.73172546123042,92.32273963195185,z,0.6,0.9000000000000001,40.0,20.0,120.00000000000001,399.99999999999994,AA2024-T3,AA2024-T3,853364.2191900813
46.73172546123042,92.32273963195185,formed z,0.6,0.8,40.0,20.0,120.00000000000001,399.99999999999994,AA2024-T3,AA2024-T3,853364.2191900813
46.73172546123042,92.32273963195185,formed z,0.6,0.9000000000000001,40.0,20.0,120.00000000000001,399.99999999999994,AA2024-T3,AA2024-T3,853364.2191900813
46.73172546123042,92.32273963195185,j,0.6,0.8,40.0,20.0,120.00000000000001,399.99999999999994,AA2024-T3,AA2024-T3,853364.2191900813
46.76431177178128,107.37819855006182,j,0.6999999999999998,0.9000000000000001,44.99999999999999,20.0,200.0,350.0,AA2024-T3,AA2024-T3,8172.231401646797
46.76431177178128,107.37819855006182,z,0.6999999999999998,0.8,44.99999999999999,20.0,200.0,350.0,AA2024-T3,AA2024-T3,8172.231401646799
46.76431177178128,107.37819855006182,j,0.6999999999999998,0.8,44.99999999999999,20.0,200.0,350.0,AA2024-T3,AA2024-T3,8172.231401646797
46.76431177178128,107.37819855006182,formed z,0.6999999999999998,0.9000000000000001,44.99999999999999,20.0,200.0,350.0,AA2024-T3,AA2024-T3,8172.231401646797
46.76431177178128,107.37819855006182,z,0.6999999999999998,0.9000000000000001,44.99999999999999,20.0,200.0,350.0,AA2024-T3,AA2024-T3,8172.231401646801
46.76431177178128,107.37819855006182,formed z,0.6999999999999998,0.8,44.99999999999999,20.0,200.0,350.0,AA2024-T3,AA2024-T3,8172.231401646799
46.83142269964216,77.02215478721278,j,0.5,0.9000000000000001,59.99999999999999,20.0,140.0,399.99999999999994,AA2024-T3,AA2024-T3,9461.666315842322
46.83142269964216,77.02215478721278,z,0.5,0.9000000000000001,59.99999999999999,20.0,140.0,399.99999999999994,AA2024-T3,AA2024-T3,9461.666315842322
46.83142269964216,77.02215478721278,formed z,0.5,0.8,59.99999999999999,20.0,140.0,399.99999999999994,AA2024-T3,AA2024-T3,9461.666315842322
46.83142269964216,77.02215478721278,z,0.5,0.8,59.99999999999999,20.0,140.0,399.99999999999994,AA2024-T3,AA2024-T3,9461.666315842322
46.83142269964216,77.02215478721278,formed z,0.5,0.9000000000000001,59.99999999999999,20.0,140.0,399.99999999999994,AA2024-T3,AA2024-T3,9461.666315842322
46.83142269964216,77.02215478721278,j,0.5,0.8,59.99999999999999,20.0,140.0,399.99999999999994,AA2024-T3,AA2024-T3,9461.666315842322
46.86400901019303,92.14262240532851,formed z,0.6,0.9000000000000001,65.0,20.0,200.0,350.0,AA2024-T3,AA2024-T3,7768.725087632045
46.86400901019303,92.14262240532851,z,0.6,0.9000000000000001,65.0,20.0,200.0,350.0,AA2024-T3,AA2024-T3,7768.725087632046
46.86400901019303,92.14262240532851,formed z,0.6,0.8,65.0,20.0,200.0,350.0,AA2024-T3,AA2024-T3,7768.725087632046
46.86400901019303,92.14262240532851,j,0.6,0.9000000000000001,65.0,20.0,200.0,350.0,AA2024-T3,AA2024-T3,7768.725087632046
46.86400901019303,92.14262240532851,z,0.6,0.8,65.0,20.0,200.0,350.0,AA2024-T3,AA2024-T3,7768.725087632045
46.86400901019303,92.14262240532851,j,0.6,0.8,65.0,20.0,200.0,350.0,AA2024-T3,AA2024-T3,7768.725087632045
46.86959304561826,91.5094202842918,z,0.6,0.9000000000000001,49.99999999999999,20.0,160.00000000000003,300.0,AA2024-T3,AA2024-T3,9108.013625557127
46.86959304561826,91.5094202842918,formed z,0.6,0.8,49.99999999999999,20.0,160.00000000000003,300.0,AA2024-T3,AA2024-T3,9108.013625557127
46.86959304561826,91.5094202842918,j,0.6,0.9000000000000001,49.99999999999999,20.0,160.00000000000003,300.0,AA2024-T3,AA2024-T3,9108.013625557127
46.86959304561826,91.5094202842918,j,0.6,0.8,49.99999999999999,20.0,160.00000000000003,300.0,AA2024-T3,AA2024-T3,9108.013625557127
46.86959304561826,91.5094202842918,formed z,0.6,0.9000000000000001,49.99999999999999,20.0,160.00000000000003,300.0,AA2024-T3,AA2024-T3,9108.013625557127
46.86959304561826,91.5094202842918,z,0.6,0.8,49.99999999999999,20.0,160.00000000000003,300.0,AA2024-T3,AA2024-T3,9108.013625557127
46.88296259653001,76.26956399892039,j,0.5,0.8,49.99999999999999,20.0,120.00000000000001,300.0,AA2024-T3,AA2024-T3,10414.800572040222
46.88296259653001,76.26956399892039,formed z,0.5,0.8,49.99999999999999,20.0,120.00000000000001,300.0,AA2024-T3,AA2024-T3,10414.800572040218
46.88296259653001,76.26956399892039,z,0.5,0.8,49.99999999999999,20.0,120.00000000000001,300.0,AA2024-T3,AA2024-T3,10414.800572040218
46.88296259653001,76.26956399892039,z,0.5,0.9000000000000001,49.99999999999999,20.0,120.00000000000001,300.0,AA2024-T3,AA2024-T3,10414.800572040218
46.88296259653001,76.26956399892039,formed z,0.5,0.9000000000000001,49.99999999999999,20.0,120.00000000000001,300.0,AA2024-T3,AA2024-T3,10414.800572040218
46.88296259653001,76.26956399892039,j,0.5,0.9000000000000001,49.99999999999999,20.0,120.00000000000001,300.0,AA2024-T3,AA2024-T3,10414.800572040218
46.88516407659128,61.866154221320265,j,0.39999999999999997,0.9000000000000001,65.0,20.0,120.00000000000001,449.99999999999994,AA2024-T3,AA2024-T3,9762.127776006164
46.88516407659128,61.866154221320265,j,0.39999999999999997,0.8,65.0,20.0,120.00000000000001,449.99999999999994,AA2024-T3,AA2024-T3,9762.127776006166
46.88516407659128,61.866154221320265,formed z,0.39999999999999997,0.9000000000000001,65.0,20.0,120.00000000000001,449.99999999999994,AA2024-T3,AA2024-T3,9762.127776006162
46.88516407659128,61.866154221320265,z,0.39999999999999997,0.9000000000000001,65.0,20.0,120.00000000000001,449.99999999999994,AA2024-T3,AA2024-T3,9762.127776006164
46.88516407659128,61.866154221320265,formed z,0.39999999999999997,0.8,65.0,20.0,120.00000000000001,449.99999999999994,AA2024-T3,AA2024-T3,9762.127776006164
46.88516407659128,61.866154221320265,z,0.39999999999999997,0.8,65.0,20.0,120.00000000000001,449.99999999999994,AA2024-T3,AA2024-T3,9762.127776006162
46.904380836230416,92.50250614209001,formed z,0.6,0.9000000000000001,59.99999999999999,20.0,180.00000000000003,399.99999999999994,AA2024-T3,AA2024-T3,8490.275404166425
46.904380836230416,92.50250614209001,z,0.6,0.8,59.99999999999999,20.0,180.00000000000003,399.99999999999994,AA2024-T3,AA2024-T3,8490.275404166425
46.904380836230416,92.50250614209001,j,0.6,0.9000000000000001,59.99999999999999,20.0,180.00000000000003,399.99999999999994,AA2024-T3,AA2024-T3,8490.275404166425
46.904380836230416,92.50250614209001,formed z,0.6,0.8,59.99999999999999,20.0,180.00000000000003,399.99999999999994,AA2024-T3,AA2024-T3,8490.275404166425
46.904380836230416,92.50250614209001,j,0.6,0.8,59.99999999999999,20.0,180.00000000000003,399.99999999999994,AA2024-T3,AA2024-T3,8490.275404166425
46.904380836230416,92.50250614209001,z,0.6,0.9000000000000001,59.99999999999999,20.0,180.00000000000003,399.99999999999994,AA2024-T3,AA2024-T3,8490.275404166425
46.95812221317955,77.3957059261387,formed z,0.5,0.9000000000000001,70.0,20.0,160.00000000000003,449.99999999999994,AA2024-T3,AA2024-T3,8839.927360571899
46.95812221317955,77.3957059261387,j,0.5,0.9000000000000001,70.0,20.0,160.00000000000003,449.99999999999994,AA2024-T3,AA2024-T3,8839.927360571899
46.95812221317955,77.3957059261387,z,0.5,0.8,70.0,20.0,160.00000000000003,449.99999999999994,AA2024-T3,AA2024-T3,8648.527960637912
46.95812221317955,77.3957059261387,j,0.5,0.8,70.0,20.0,160.00000000000003,449.99999999999994,AA2024-T3,AA2024-T3,8839.927360571899
46.95812221317955,77.3957059261387,z,0.5,0.9000000000000001,70.0,20.0,160.00000000000003,449.99999999999994,AA2024-T3,AA2024-T3,8839.927360571899
46.95812221317955,77.3957059261387,formed z,0.5,0.8,70.0,20.0,160.00000000000003,449.99999999999994,AA2024-T3,AA2024-T3,8839.927360571899
47.03666438519303,92.32273963195185,z,0.6,0.8,40.0,20.0,120.00000000000001,350.0,AA2024-T3,AA2024-T3,853364.2191900813
47.03666438519303,92.32273963195185,j,0.6,0.9000000000000001,40.0,20.0,120.00000000000001,350.0,AA2024-T3,AA2024-T3,853364.2191900813
47.03666438519303,92.32273963195185,formed z,0.6,0.8,40.0,20.0,120.00000000000001,350.0,AA2024-T3,AA2024-T3,853364.2191900813
47.03666438519303,92.32273963195185,formed z,0.6,0.9000000000000001,40.0,20.0,120.00000000000001,350.0,AA2024-T3,AA2024-T3,853364.2191900813
47.03666438519303,92.32273963195185,j,0.6,0.8,40.0,20.0,120.00000000000001,350.0,AA2024-T3,AA2024-T3,853364.2191900813
47.03666438519303,92.32273963195185,z,0.6,0.9000000000000001,40.0,20.0,120.00000000000001,350.0,AA2024-T3,AA2024-T3,853364.2191900813
47.07204271345651,107.00904864597784,formed z,0.6999999999999998,0.8,35.0,20.0,160.00000000000003,300.0,AA2024-T3,AA2024-T3,10575.499383431954
47.07204271345651,107.00904864597784,j,0.6999999999999998,0.8,35.0,20.0,160.00000000000003,300.0,AA2024-T3,AA2024-T3,10575.499383431954
47.07204271345651,107.00904864597784,z,0.6999999999999998,0.8,35.0,20.0,160.00000000000003,300.0,AA2024-T3,AA2024-T3,10575.499383431954
47.07204271345651,107.00904864597784,j,0.6999999999999998,0.9000000000000001,35.0,20.0,160.00000000000003,300.0,AA2024-T3,AA2024-T3,10575.499383431954
47.07204271345651,107.00904864597784,formed z,0.6999999999999998,0.9000000000000001,35.0,20.0,160.00000000000003,300.0,AA2024-T3,AA2024-T3,10575.499383431954
47.07204271345651,107.00904864597784,z,0.6999999999999998,0.9000000000000001,35.0,20.0,160.00000000000003,300.0,AA2024-T3,AA2024-T3,10575.499383431954
47.13636162360478,77.02215478721278,formed z,0.5,0.8,59.99999999999999,20.0,140.0,350.0,AA2024-T3,AA2024-T3,9461.666315842322
47.13636162360478,77.02215478721278,z,0.5,0.8,59.99999999999999,20.0,140.0,350.0,AA2024-T3,AA2024-T3,9461.666315842322
47.13636162360478,77.02215478721278,z,0.5,0.9000000000000001,59.99999999999999,20.0,140.0,350.0,AA2024-T3,AA2024-T3,9461.666315842322
47.13636162360478,77.02215478721278,formed z,0.5,0.9000000000000001,59.99999999999999,20.0,140.0,350.0,AA2024-T3,AA2024-T3,9461.666315842322
47.13636162360478,77.02215478721278,j,0.5,0.8,59.99999999999999,20.0,140.0,350.0,AA2024-T3,AA2024-T3,9461.666315842322
47.13636162360478,77.02215478721278,j,0.5,0.9000000000000001,59.99999999999999,20.0,140.0,350.0,AA2024-T3,AA2024-T3,9461.666315842322
47.1605718810178,93.08434969519118,j,0.6,0.8,54.99999999999999,20.0,160.00000000000003,449.99999999999994,AA2024-T3,AA2024-T3,9519.729298408924
47.1605718810178,93.08434969519118,formed z,0.6,0.9000000000000001,35.0,20.0,100.0,449.99999999999994,AA2024-T3,AA2024-T3,617403.7499798203
47.1605718810178,93.08434969519118,j,0.6,0.8,35.0,20.0,100.0,449.99999999999994,AA2024-T3,AA2024-T3,617403.7499798209
47.1605718810178,93.08434969519118,j,0.6,0.9000000000000001,54.99999999999999,20.0,160.00000000000003,449.99999999999994,AA2024-T3,AA2024-T3,9519.729298408924
47.1605718810178,93.08434969519118,formed z,0.6,0.8,35.0,20.0,100.0,449.99999999999994,AA2024-T3,AA2024-T3,617403.7499798203
47.1605718810178,93.08434969519118,z,0.6,0.9000000000000001,35.0,20.0,100.0,449.99999999999994,AA2024-T3,AA2024-T3,617403.7499798203
47.1605718810178,93.08434969519118,z,0.6,0.8,54.99999999999999,20.0,160.00000000000003,449.99999999999994,AA2024-T3,AA2024-T3,9519.729298408924
47.1605718810178,93.08434969519118,z,0.6,0.9000000000000001,54.99999999999999,20.0,160.00000000000003,449.99999999999994,AA2024-T3,AA2024-T3,9519.729298408924
47.1605718810178,93.08434969519118,j,0.6,0.9000000000000001,35.0,20.0,100.0,449.99999999999994,AA2024-T3,AA2024-T3,617403.7499798209
47.1605718810178,93.08434969519118,z,0.6,0.8,35.0,20.0,100.0,449.99999999999994,AA2024-T3,AA2024-T3,617403.7499798203
47.1605718810178,93.08434969519118,formed z,0.6,0.9000000000000001,54.99999999999999,20.0,160.00000000000003,449.99999999999994,AA2024-T3,AA2024-T3,9519.729298408925
47.1605718810178,93.08434969519118,formed z,0.6,0.8,54.99999999999999,20.0,160.00000000000003,449.99999999999994,AA2024-T3,AA2024-T3,9519.729298408924
47.17394143192955,77.58180701475914,j,0.5,0.9000000000000001,44.99999999999999,20.0,100.0,449.99999999999994,AA2024-T3,AA2024-T3,712661.358722182
47.17394143192955,77.58180701475914,formed z,0.5,0.8,44.99999999999999,20.0,100.0,449.99999999999994,AA2024-T3,AA2024-T3,712661.358722182
47.17394143192955,77.58180701475914,formed z,0.5,0.9000000000000001,44.99999999999999,20.0,100.0,449.99999999999994,AA2024-T3,AA2024-T3,712661.358722182
47.17394143192955,77.58180701475914,j,0.5,0.8,44.99999999999999,20.0,100.0,449.99999999999994,AA2024-T3,AA2024-T3,712661.358722182
47.17394143192955,77.58180701475914,z,0.5,0.8,44.99999999999999,20.0,100.0,449.99999999999994,AA2024-T3,AA2024-T3,712661.358722182
47.17394143192955,77.58180701475914,z,0.5,0.9000000000000001,44.99999999999999,20.0,100.0,449.99999999999994,AA2024-T3,AA2024-T3,712661.358722182
47.18731098284129,62.07465672626546,z,0.39999999999999997,0.8,54.99999999999999,20.0,100.0,449.99999999999994,AA2024-T3,AA2024-T3,10826.746144680648
47.18731098284129,62.07465672626546,z,0.39999999999999997,0.9000000000000001,54.99999999999999,20.0,100.0,449.99999999999994,AA2024-T3,AA2024-T3,10826.746144680648
47.18731098284129,62.07465672626546,formed z,0.39999999999999997,0.8,54.99999999999999,20.0,100.0,449.99999999999994,AA2024-T3,AA2024-T3,10826.746144680648
47.18731098284129,62.07465672626546,j,0.39999999999999997,0.8,54.99999999999999,20.0,100.0,449.99999999999994,AA2024-T3,AA2024-T3,10826.746144680648
47.18731098284129,62.07465672626546,formed z,0.39999999999999997,0.9000000000000001,54.99999999999999,20.0,100.0,449.99999999999994,AA2024-T3,AA2024-T3,10826.746144680652
47.18731098284129,62.07465672626546,j,0.39999999999999997,0.9000000000000001,54.99999999999999,20.0,100.0,449.99999999999994,AA2024-T3,AA2024-T3,10826.746144680648
47.1901030005539,61.866154221320265,j,0.39999999999999997,0.9000000000000001,65.0,20.0,120.00000000000001,399.99999999999994,AA2024-T3,AA2024-T3,9762.127776006164
47.1901030005539,61.866154221320265,z,0.39999999999999997,0.8,65.0,20.0,120.00000000000001,399.99999999999994,AA2024-T3,AA2024-T3,9762.127776006162
47.1901030005539,61.866154221320265,formed z,0.39999999999999997,0.8,65.0,20.0,120.00000000000001,399.99999999999994,AA2024-T3,AA2024-T3,9762.127776006164
47.1901030005539,61.866154221320265,formed z,0.39999999999999997,0.9000000000000001,65.0,20.0,120.00000000000001,399.99999999999994,AA2024-T3,AA2024-T3,9762.127776006162
47.1901030005539,61.866154221320265,j,0.39999999999999997,0.8,65.0,20.0,120.00000000000001,399.99999999999994,AA2024-T3,AA2024-T3,9762.127776006166
47.1901030005539,61.866154221320265,z,0.39999999999999997,0.9000000000000001,65.0,20.0,120.00000000000001,399.99999999999994,AA2024-T3,AA2024-T3,9762.127776006164
47.20068053375303,46.562899855582835,j,0.3,0.9000000000000001,65.0,20.0,100.0,449.99999999999994,AA2024-T3,AA2024-T3,10134.194690467346
47.20068053375303,46.562899855582835,z,0.3,0.8,65.0,20.0,100.0,449.99999999999994,AA2024-T3,AA2024-T3,10134.194690467344
47.20068053375303,46.562899855582835,j,0.3,0.8,65.0,20.0,100.0,449.99999999999994,AA2024-T3,AA2024-T3,10134.194690467346
47.20068053375303,46.562899855582835,formed z,0.3,0.8,65.0,20.0,100.0,449.99999999999994,AA2024-T3,AA2024-T3,10134.194690467346
47.20068053375303,46.562899855582835,formed z,0.3,0.9000000000000001,65.0,20.0,100.0,449.99999999999994,AA2024-T3,AA2024-T3,10134.194690467344
47.20068053375303,46.562899855582835,z,0.3,0.9000000000000001,65.0,20.0,100.0,449.99999999999994,AA2024-T3,AA2024-T3,10134.194690467346
47.20153424470651,107.16741145118863,formed z,0.6999999999999998,0.9000000000000001,40.0,20.0,180.00000000000003,300.0,AA2024-T3,AA2024-T3,9135.974775585346
47.20153424470651,107.16741145118863,formed z,0.6999999999999998,0.8,40.0,20.0,180.00000000000003,300.0,AA2024-T3,AA2024-T3,9135.974775585344
47.20153424470651,107.16741145118863,z,0.6999999999999998,0.8,40.0,20.0,180.00000000000003,300.0,AA2024-T3,AA2024-T3,9135.974775585344
47.20153424470651,107.16741145118863,j,0.6999999999999998,0.9000000000000001,40.0,20.0,180.00000000000003,300.0,AA2024-T3,AA2024-T3,9135.974775585344
47.20153424470651,107.16741145118863,j,0.6999999999999998,0.8,40.0,20.0,180.00000000000003,300.0,AA2024-T3,AA2024-T3,9135.974775585344
47.20153424470651,107.16741145118863,z,0.6999999999999998,0.9000000000000001,40.0,20.0,180.00000000000003,300.0,AA2024-T3,AA2024-T3,9135.974775585344
47.209319760193026,92.50250614209001,z,0.6,0.8,59.99999999999999,20.0,180.00000000000003,350.0,AA2024-T3,AA2024-T3,8490.275404166425
47.209319760193026,92.50250614209001,j,0.6,0.8,59.99999999999999,20.0,180.00000000000003,350.0,AA2024-T3,AA2024-T3,8490.275404166425
47.209319760193026,92.50250614209001,formed z,0.6,0.8,59.99999999999999,20.0,180.00000000000003,350.0,AA2024-T3,AA2024-T3,8490.275404166425
47.209319760193026,92.50250614209001,z,0.6,0.9000000000000001,59.99999999999999,20.0,180.00000000000003,350.0,AA2024-T3,AA2024-T3,8490.275404166425
47.209319760193026,92.50250614209001,j,0.6,0.9000000000000001,59.99999999999999,20.0,180.00000000000003,350.0,AA2024-T3,AA2024-T3,8490.275404166425
47.209319760193026,92.50250614209001,formed z,0.6,0.9000000000000001,59.99999999999999,20.0,180.00000000000003,350.0,AA2024-T3,AA2024-T3,8490.275404166425
47.26306113714216,77.3957059261387,formed z,0.5,0.9000000000000001,70.0,20.0,160.00000000000003,399.99999999999994,AA2024-T3,AA2024-T3,8839.927360571899
47.26306113714216,77.3957059261387,j,0.5,0.8,70.0,20.0,160.00000000000003,399.99999999999994,AA2024-T3,AA2024-T3,8839.927360571899
47.26306113714216,77.3957059261387,z,0.5,0.9000000000000001,70.0,20.0,160.00000000000003,399.99999999999994,AA2024-T3,AA2024-T3,8839.927360571899
47.26306113714216,77.3957059261387,formed z,0.5,0.8,70.0,20.0,160.00000000000003,399.99999999999994,AA2024-T3,AA2024-T3,8839.927360571899
47.26306113714216,77.3957059261387,z,0.5,0.8,70.0,20.0,160.00000000000003,399.99999999999994,AA2024-T3,AA2024-T3,8667.43348965701
47.26306113714216,77.3957059261387,j,0.5,0.9000000000000001,70.0,20.0,160.00000000000003,399.99999999999994,AA2024-T3,AA2024-T3,8839.927360571899
47.30123148311826,91.96215240147832,z,0.6,0.9000000000000001,44.99999999999999,20.0,140.0,300.0,AA2024-T3,AA2024-T3,10566.664867045305
47.30123148311826,91.96215240147832,j,0.6,0.9000000000000001,44.99999999999999,20.0,140.0,300.0,AA2024-T3,AA2024-T3,10566.664867045303
47.30123148311826,91.96215240147832,formed z,0.6,0.8,44.99999999999999,20.0,140.0,300.0,AA2024-T3,AA2024-T3,10566.664867045305
47.30123148311826,91.96215240147832,z,0.6,0.8,44.99999999999999,20.0,140.0,300.0,AA2024-T3,AA2024-T3,10566.664867045305
47.30123148311826,91.96215240147832,j,0.6,0.8,44.99999999999999,20.0,140.0,300.0,AA2024-T3,AA2024-T3,10566.664867045303
47.30123148311826,91.96215240147832,formed z,0.6,0.9000000000000001,44.99999999999999,20.0,140.0,300.0,AA2024-T3,AA2024-T3,10566.664867045303
47.31985770510606,108.7903294835366,z,0.6999999999999998,0.8,44.99999999999999,20.0,180.00000000000003,449.99999999999994,AA2024-T3,AA2024-T3,9500.662426115556
47.31985770510606,108.7903294835366,j,0.6999999999999998,0.9000000000000001,44.99999999999999,20.0,180.00000000000003,449.99999999999994,AA2024-T3,AA2024-T3,9500.662426115554
47.31985770510606,108.7903294835366,formed z,0.6999999999999998,0.8,44.99999999999999,20.0,180.00000000000003,449.99999999999994,AA2024-T3,AA2024-T3,9500.662426115556
47.31985770510606,108.7903294835366,j,0.6999999999999998,0.8,44.99999999999999,20.0,180.00000000000003,449.99999999999994,AA2024-T3,AA2024-T3,9500.662426115554
47.31985770510606,108.7903294835366,z,0.6999999999999998,0.9000000000000001,44.99999999999999,20.0,180.00000000000003,449.99999999999994,AA2024-T3,AA2024-T3,9500.662426115556
47.31985770510606,108.7903294835366,formed z,0.6999999999999998,0.9000000000000001,44.99999999999999,20.0,180.00000000000003,449.99999999999994,AA2024-T3,AA2024-T3,9500.662426115554
47.363021548856054,108.84227878363025,formed z,0.6999999999999998,0.8,49.99999999999999,20.0,200.0,449.99999999999994,AA2024-T3,AA2024-T3,8501.013455354909
47.363021548856054,108.84227878363025,j,0.6999999999999998,0.9000000000000001,49.99999999999999,20.0,200.0,449.99999999999994,AA2024-T3,AA2024-T3,8501.013455354909
47.363021548856054,108.84227878363025,z,0.6999999999999998,0.8,49.99999999999999,20.0,200.0,449.99999999999994,AA2024-T3,AA2024-T3,8501.013455354909
47.363021548856054,108.84227878363025,formed z,0.6999999999999998,0.9000000000000001,35.0,20.0,140.0,449.99999999999994,AA2024-T3,AA2024-T3,997010.0218324825
47.363021548856054,108.84227878363025,formed z,0.6999999999999998,0.8,35.0,20.0,140.0,449.99999999999994,AA2024-T3,AA2024-T3,997010.0218324825
47.363021548856054,108.84227878363025,j,0.6999999999999998,0.8,49.99999999999999,20.0,200.0,449.99999999999994,AA2024-T3,AA2024-T3,8501.01345535491
47.363021548856054,108.84227878363025,formed z,0.6999999999999998,0.9000000000000001,40.0,20.0,160.00000000000003,449.99999999999994,AA2024-T3,AA2024-T3,10987.768745682943
47.363021548856054,108.84227878363025,formed z,0.6999999999999998,0.8,40.0,20.0,160.00000000000003,449.99999999999994,AA2024-T3,AA2024-T3,10987.76874568294
47.363021548856054,108.84227878363025,z,0.6999999999999998,0.9000000000000001,49.99999999999999,20.0,200.0,449.99999999999994,AA2024-T3,AA2024-T3,8501.013455354909
47.363021548856054,108.84227878363025,z,0.6999999999999998,0.9000000000000001,40.0,20.0,160.00000000000003,449.99999999999994,AA2024-T3,AA2024-T3,10987.76874568294
47.363021548856054,108.84227878363025,j,0.6999999999999998,0.8,35.0,20.0,140.0,449.99999999999994,AA2024-T3,AA2024-T3,997010.0218324825
47.363021548856054,108.84227878363025,z,0.6999999999999998,0.9000000000000001,35.0,20.0,140.0,449.99999999999994,AA2024-T3,AA2024-T3,997010.0218324825
47.363021548856054,108.84227878363025,z,0.6999999999999998,0.8,40.0,20.0,160.00000000000003,449.99999999999994,AA2024-T3,AA2024-T3,10987.76874568294
47.363021548856054,108.84227878363025,j,0.6999999999999998,0.8,40.0,20.0,160.00000000000003,449.99999999999994,AA2024-T3,AA2024-T3,10987.76874568294
47.363021548856054,108.84227878363025,formed z,0.6999999999999998,0.9000000000000001,49.99999999999999,20.0,200.0,449.99999999999994,AA2024-T3,AA2024-T3,8501.013455354909
47.363021548856054,108.84227878363025,j,0.6999999999999998,0.9000000000000001,40.0,20.0,160.00000000000003,449.99999999999994,AA2024-T3,AA2024-T3,10987.76874568294
47.363021548856054,108.84227878363025,z,0.6999999999999998,0.8,35.0,20.0,140.0,449.99999999999994,AA2024-T3,AA2024-T3,997010.0218324825
47.363021548856054,108.84227878363025,j,0.6999999999999998,0.9000000000000001,35.0,20.0,140.0,449.99999999999994,AA2024-T3,AA2024-T3,997010.0218324825
47.374189619706506,107.37819855006182,formed z,0.6999999999999998,0.8,44.99999999999999,20.0,200.0,300.0,AA2024-T3,AA2024-T3,8172.231401646799
47.374189619706506,107.37819855006182,z,0.6999999999999998,0.8,44.99999999999999,20.0,200.0,300.0,AA2024-T3,AA2024-T3,8172.231401646799
47.374189619706506,107.37819855006182,j,0.6999999999999998,0.8,44.99999999999999,20.0,200.0,300.0,AA2024-T3,AA2024-T3,8172.231401646797
47.374189619706506,107.37819855006182,j,0.6999999999999998,0.9000000000000001,44.99999999999999,20.0,200.0,300.0,AA2024-T3,AA2024-T3,8172.231401646797
47.374189619706506,107.37819855006182,formed z,0.6999999999999998,0.9000000000000001,44.99999999999999,20.0,200.0,300.0,AA2024-T3,AA2024-T3,8172.231401646797
47.374189619706506,107.37819855006182,z,0.6999999999999998,0.9000000000000001,44.99999999999999,20.0,200.0,300.0,AA2024-T3,AA2024-T3,8172.231401646801
47.462718787267804,93.39614868750495,formed z,0.6,0.9000000000000001,70.0,20.0,200.0,449.99999999999994,AA2024-T3,AA2024-T3,8097.580585168289
47.462718787267804,93.39614868750495,formed z,0.6,0.8,70.0,20.0,200.0,449.99999999999994,AA2024-T3,AA2024-T3,8097.580585168289
47.462718787267804,93.39614868750495,z,0.6,0.9000000000000001,70.0,20.0,200.0,449.99999999999994,AA2024-T3,AA2024-T3,8097.580585168288
47.462718787267804,93.39614868750495,j,0.6,0.8,70.0,20.0,200.0,449.99999999999994,AA2024-T3,AA2024-T3,8097.580585168289
47.462718787267804,93.39614868750495,j,0.6,0.9000000000000001,70.0,20.0,200.0,449.99999999999994,AA2024-T3,AA2024-T3,8097.580585168289
47.462718787267804,93.39614868750495,z,0.6,0.8,70.0,20.0,200.0,449.99999999999994,AA2024-T3,AA2024-T3,7935.3321621736395
47.46551080498041,93.08434969519118,j,0.6,0.8,54.99999999999999,20.0,160.00000000000003,399.99999999999994,AA2024-T3,AA2024-T3,9519.729298408924
47.46551080498041,93.08434969519118,formed z,0.6,0.8,35.0,20.0,100.0,399.99999999999994,AA2024-T3,AA2024-T3,617403.7499798203
47.46551080498041,93.08434969519118,formed z,0.6,0.9000000000000001,35.0,20.0,100.0,399.99999999999994,AA2024-T3,AA2024-T3,617403.7499798203
47.46551080498041,93.08434969519118,z,0.6,0.8,35.0,20.0,100.0,399.99999999999994,AA2024-T3,AA2024-T3,617403.7499798203
47.46551080498041,93.08434969519118,j,0.6,0.9000000000000001,35.0,20.0,100.0,399.99999999999994,AA2024-T3,AA2024-T3,617403.7499798209
47.46551080498041,93.08434969519118,j,0.6,0.9000000000000001,54.99999999999999,20.0,160.00000000000003,399.99999999999994,AA2024-T3,AA2024-T3,9519.729298408924
47.46551080498041,93.08434969519118,formed z,0.6,0.8,54.99999999999999,20.0,160.00000000000003,399.99999999999994,AA2024-T3,AA2024-T3,9519.729298408924
47.46551080498041,93.08434969519118,formed z,0.6,0.9000000000000001,54.99999999999999,20.0,160.00000000000003,399.99999999999994,AA2024-T3,AA2024-T3,9519.729298408925
47.46551080498041,93.08434969519118,j,0.6,0.8,35.0,20.0,100.0,399.99999999999994,AA2024-T3,AA2024-T3,617403.7499798209
47.46551080498041,93.08434969519118,z,0.6,0.8,54.99999999999999,20.0,160.00000000000003,399.99999999999994,AA2024-T3,AA2024-T3,9519.729298408924
47.46551080498041,93.08434969519118,z,0.6,0.9000000000000001,54.99999999999999,20.0,160.00000000000003,399.99999999999994,AA2024-T3,AA2024-T3,9519.729298408924
47.46551080498041,93.08434969519118,z,0.6,0.9000000000000001,35.0,20.0,100.0,399.99999999999994,AA2024-T3,AA2024-T3,617403.7499798203
47.473886858118256,92.14262240532851,formed z,0.6,0.8,65.0,20.0,200.0,300.0,AA2024-T3,AA2024-T3,7768.725087632046
47.473886858118256,92.14262240532851,formed z,0.6,0.9000000000000001,65.0,20.0,200.0,300.0,AA2024-T3,AA2024-T3,7768.725087632045
47.473886858118256,92.14262240532851,j,0.6,0.8,65.0,20.0,200.0,300.0,AA2024-T3,AA2024-T3,7768.725087632045
47.473886858118256,92.14262240532851,j,0.6,0.9000000000000001,65.0,20.0,200.0,300.0,AA2024-T3,AA2024-T3,7768.725087632046
47.473886858118256,92.14262240532851,z,0.6,0.9000000000000001,65.0,20.0,200.0,300.0,AA2024-T3,AA2024-T3,7768.725087632046
47.473886858118256,92.14262240532851,z,0.6,0.8,65.0,20.0,200.0,300.0,AA2024-T3,AA2024-T3,7768.725087632045
47.47888035589216,77.58180701475914,z,0.5,0.8,44.99999999999999,20.0,100.0,399.99999999999994,AA2024-T3,AA2024-T3,712661.358722182
47.47888035589216,77.58180701475914,j,0.5,0.8,44.99999999999999,20.0,100.0,399.99999999999994,AA2024-T3,AA2024-T3,712661.358722182
47.47888035589216,77.58180701475914,formed z,0.5,0.9000000000000001,44.99999999999999,20.0,100.0,399.99999999999994,AA2024-T3,AA2024-T3,712661.358722182
47.47888035589216,77.58180701475914,formed z,0.5,0.8,44.99999999999999,20.0,100.0,399.99999999999994,AA2024-T3,AA2024-T3,712661.358722182
47.47888035589216,77.58180701475914,j,0.5,0.9000000000000001,44.99999999999999,20.0,100.0,399.99999999999994,AA2024-T3,AA2024-T3,712661.358722182
47.47888035589216,77.58180701475914,z,0.5,0.9000000000000001,44.99999999999999,20.0,100.0,399.99999999999994,AA2024-T3,AA2024-T3,712661.358722182
47.492249906803906,62.07465672626546,z,0.39999999999999997,0.9000000000000001,54.99999999999999,20.0,100.0,399.99999999999994,AA2024-T3,AA2024-T3,10826.746144680648
47.492249906803906,62.07465672626546,formed z,0.39999999999999997,0.9000000000000001,54.99999999999999,20.0,100.0,399.99999999999994,AA2024-T3,AA2024-T3,10826.746144680652
47.492249906803906,62.07465672626546,j,0.39999999999999997,0.8,54.99999999999999,20.0,100.0,399.99999999999994,AA2024-T3,AA2024-T3,10826.746144680648
47.492249906803906,62.07465672626546,formed z,0.39999999999999997,0.8,54.99999999999999,20.0,100.0,399.99999999999994,AA2024-T3,AA2024-T3,10826.746144680648
47.492249906803906,62.07465672626546,j,0.39999999999999997,0.9000000000000001,54.99999999999999,20.0,100.0,399.99999999999994,AA2024-T3,AA2024-T3,10826.746144680648
47.492249906803906,62.07465672626546,z,0.39999999999999997,0.8,54.99999999999999,20.0,100.0,399.99999999999994,AA2024-T3,AA2024-T3,10826.746144680648
47.49504192451651,61.866154221320265,z,0.39999999999999997,0.9000000000000001,65.0,20.0,120.00000000000001,350.0,AA2024-T3,AA2024-T3,9762.127776006164
47.49504192451651,61.866154221320265,formed z,0.39999999999999997,0.8,65.0,20.0,120.00000000000001,350.0,AA2024-T3,AA2024-T3,9762.127776006164
47.49504192451651,61.866154221320265,formed z,0.39999999999999997,0.9000000000000001,65.0,20.0,120.00000000000001,350.0,AA2024-T3,AA2024-T3,9762.127776006162
47.49504192451651,61.866154221320265,j,0.39999999999999997,0.8,65.0,20.0,120.00000000000001,350.0,AA2024-T3,AA2024-T3,9762.127776006166
47.49504192451651,61.866154221320265,j,0.39999999999999997,0.9000000000000001,65.0,20.0,120.00000000000001,350.0,AA2024-T3,AA2024-T3,9762.127776006164
47.49504192451651,61.866154221320265,z,0.39999999999999997,0.8,65.0,20.0,120.00000000000001,350.0,AA2024-T3,AA2024-T3,9762.127776006162
47.50561945771564,46.562899855582835,z,0.3,0.9000000000000001,65.0,20.0,100.0,399.99999999999994,AA2024-T3,AA2024-T3,10134.194690467346
47.50561945771564,46.562899855582835,z,0.3,0.8,65.0,20.0,100.0,399.99999999999994,AA2024-T3,AA2024-T3,10134.194690467344
47.50561945771564,46.562899855582835,j,0.3,0.8,65.0,20.0,100.0,399.99999999999994,AA2024-T3,AA2024-T3,10134.194690467346
47.50561945771564,46.562899855582835,formed z,0.3,0.8,65.0,20.0,100.0,399.99999999999994,AA2024-T3,AA2024-T3,10134.194690467346
47.50561945771564,46.562899855582835,formed z,0.3,0.9000000000000001,65.0,20.0,100.0,399.99999999999994,AA2024-T3,AA2024-T3,10134.194690467344
47.50561945771564,46.562899855582835,j,0.3,0.9000000000000001,65.0,20.0,100.0,399.99999999999994,AA2024-T3,AA2024-T3,10134.194690467346
47.568000061104776,77.3957059261387,j,0.5,0.8,70.0,20.0,160.00000000000003,350.0,AA2024-T3,AA2024-T3,8839.927360571899
47.568000061104776,77.3957059261387,j,0.5,0.9000000000000001,70.0,20.0,160.00000000000003,350.0,AA2024-T3,AA2024-T3,8839.927360571899
47.568000061104776,77.3957059261387,z,0.5,0.9000000000000001,70.0,20.0,160.00000000000003,350.0,AA2024-T3,AA2024-T3,8839.927360571899
47.568000061104776,77.3957059261387,formed z,0.5,0.8,70.0,20.0,160.00000000000003,350.0,AA2024-T3,AA2024-T3,8839.927360571899
47.568000061104776,77.3957059261387,z,0.5,0.8,70.0,20.0,160.00000000000003,350.0,AA2024-T3,AA2024-T3,8686.194599762004
47.568000061104776,77.3957059261387,formed z,0.5,0.9000000000000001,70.0,20.0,160.00000000000003,350.0,AA2024-T3,AA2024-T3,8839.927360571899
47.62479662906867,108.7903294835366,z,0.6999999999999998,0.9000000000000001,44.99999999999999,20.0,180.00000000000003,399.99999999999994,AA2024-T3,AA2024-T3,9500.662426115556
47.62479662906867,108.7903294835366,z,0.6999999999999998,0.8,44.99999999999999,20.0,180.00000000000003,399.99999999999994,AA2024-T3,AA2024-T3,9500.662426115556
47.62479662906867,108.7903294835366,j,0.6999999999999998,0.9000000000000001,44.99999999999999,20.0,180.00000000000003,399.99999999999994,AA2024-T3,AA2024-T3,9500.662426115554
47.62479662906867,108.7903294835366,formed z,0.6999999999999998,0.9000000000000001,44.99999999999999,20.0,180.00000000000003,399.99999999999994,AA2024-T3,AA2024-T3,9500.662426115554
47.62479662906867,108.7903294835366,j,0.6999999999999998,0.8,44.99999999999999,20.0,180.00000000000003,399.99999999999994,AA2024-T3,AA2024-T3,9500.662426115554
47.62479662906867,108.7903294835366,formed z,0.6999999999999998,0.8,44.99999999999999,20.0,180.00000000000003,399.99999999999994,AA2024-T3,AA2024-T3,9500.662426115556
47.646542233118254,92.32273963195185,z,0.6,0.9000000000000001,40.0,20.0,120.00000000000001,300.0,AA2024-T3,AA2024-T3,853364.2191900813
47.646542233118254,92.32273963195185,j,0.6,0.9000000000000001,40.0,20.0,120.00000000000001,300.0,AA2024-T3,AA2024-T3,853364.2191900813
47.646542233118254,92.32273963195185,formed z,0.6,0.9000000000000001,40.0,20.0,120.00000000000001,300.0,AA2024-T3,AA2024-T3,853364.2191900813
47.646542233118254,92.32273963195185,formed z,0.6,0.8,40.0,20.0,120.00000000000001,300.0,AA2024-T3,AA2024-T3,853364.2191900813
47.646542233118254,92.32273963195185,j,0.6,0.8,40.0,20.0,120.00000000000001,300.0,AA2024-T3,AA2024-T3,853364.2191900813
47.646542233118254,92.32273963195185,z,0.6,0.8,40.0,20.0,120.00000000000001,300.0,AA2024-T3,AA2024-T3,853364.2191900813
47.648743713179556,77.98966626540533,j,0.5,0.8,54.99999999999999,20.0,120.00000000000001,449.99999999999994,AA2024-T3,AA2024-T3,10957.308022253192
47.648743713179556,77.98966626540533,j,0.5,0.9000000000000001,54.99999999999999,20.0,120.00000000000001,449.99999999999994,AA2024-T3,AA2024-T3,10957.308022253192
47.648743713179556,77.98966626540533,z,0.5,0.8,54.99999999999999,20.0,120.00000000000001,449.99999999999994,AA2024-T3,AA2024-T3,10957.308022253192
47.648743713179556,77.98966626540533,formed z,0.5,0.8,54.99999999999999,20.0,120.00000000000001,449.99999999999994,AA2024-T3,AA2024-T3,10957.308022253192
47.648743713179556,77.98966626540533,formed z,0.5,0.9000000000000001,54.99999999999999,20.0,120.00000000000001,449.99999999999994,AA2024-T3,AA2024-T3,10957.308022253192
47.648743713179556,77.98966626540533,z,0.5,0.9000000000000001,54.99999999999999,20.0,120.00000000000001,449.99999999999994,AA2024-T3,AA2024-T3,10957.308022253192
47.66796047281867,108.84227878363025,z,0.6999999999999998,0.9000000000000001,49.99999999999999,20.0,200.0,399.99999999999994,AA2024-T3,AA2024-T3,8501.013455354909
47.66796047281867,108.84227878363025,z,0.6999999999999998,0.9000000000000001,40.0,20.0,160.00000000000003,399.99999999999994,AA2024-T3,AA2024-T3,10987.76874568294
47.66796047281867,108.84227878363025,formed z,0.6999999999999998,0.9000000000000001,40.0,20.0,160.00000000000003,399.99999999999994,AA2024-T3,AA2024-T3,10987.768745682943
47.66796047281867,108.84227878363025,formed z,0.6999999999999998,0.8,40.0,20.0,160.00000000000003,399.99999999999994,AA2024-T3,AA2024-T3,10987.76874568294
47.66796047281867,108.84227878363025,formed z,0.6999999999999998,0.9000000000000001,35.0,20.0,140.0,399.99999999999994,AA2024-T3,AA2024-T3,997010.0218324825
47.66796047281867,108.84227878363025,z,0.6999999999999998,0.9000000000000001,35.0,20.0,140.0,399.99999999999994,AA2024-T3,AA2024-T3,997010.0218324825
47.66796047281867,108.84227878363025,j,0.6999999999999998,0.8,40.0,20.0,160.00000000000003,399.99999999999994,AA2024-T3,AA2024-T3,10987.76874568294
47.66796047281867,108.84227878363025,j,0.6999999999999998,0.9000000000000001,40.0,20.0,160.00000000000003,399.99999999999994,AA2024-T3,AA2024-T3,10987.76874568294
47.66796047281867,108.84227878363025,formed z,0.6999999999999998,0.9000000000000001,49.99999999999999,20.0,200.0,399.99999999999994,AA2024-T3,AA2024-T3,8501.013455354909
47.66796047281867,108.84227878363025,j,0.6999999999999998,0.8,35.0,20.0,140.0,399.99999999999994,AA2024-T3,AA2024-T3,997010.0218324825
47.66796047281867,108.84227878363025,j,0.6999999999999998,0.9000000000000001,35.0,20.0,140.0,399.99999999999994,AA2024-T3,AA2024-T3,997010.0218324825
47.66796047281867,108.84227878363025,z,0.6999999999999998,0.8,40.0,20.0,160.00000000000003,399.99999999999994,AA2024-T3,AA2024-T3,10987.76874568294
47.66796047281867,108.84227878363025,z,0.6999999999999998,0.8,49.99999999999999,20.0,200.0,399.99999999999994,AA2024-T3,AA2024-T3,8501.013455354909
47.66796047281867,108.84227878363025,formed z,0.6999999999999998,0.8,35.0,20.0,140.0,399.99999999999994,AA2024-T3,AA2024-T3,997010.0218324825
47.66796047281867,108.84227878363025,formed z,0.6999999999999998,0.8,49.99999999999999,20.0,200.0,399.99999999999994,AA2024-T3,AA2024-T3,8501.013455354909
47.66796047281867,108.84227878363025,j,0.6999999999999998,0.9000000000000001,49.99999999999999,20.0,200.0,399.99999999999994,AA2024-T3,AA2024-T3,8501.013455354909
47.66796047281867,108.84227878363025,z,0.6999999999999998,0.8,35.0,20.0,140.0,399.99999999999994,AA2024-T3,AA2024-T3,997010.0218324825
47.66796047281867,108.84227878363025,j,0.6999999999999998,0.8,49.99999999999999,20.0,200.0,399.99999999999994,AA2024-T3,AA2024-T3,8501.01345535491
47.746239471530004,77.02215478721278,z,0.5,0.9000000000000001,59.99999999999999,20.0,140.0,300.0,AA2024-T3,AA2024-T3,9461.666315842322
47.746239471530004,77.02215478721278,j,0.5,0.8,59.99999999999999,20.0,140.0,300.0,AA2024-T3,AA2024-T3,9461.666315842322
47.746239471530004,77.02215478721278,formed z,0.5,0.9000000000000001,59.99999999999999,20.0,140.0,300.0,AA2024-T3,AA2024-T3,9461.666315842322
47.746239471530004,77.02215478721278,formed z,0.5,0.8,59.99999999999999,20.0,140.0,300.0,AA2024-T3,AA2024-T3,9461.666315842322
47.746239471530004,77.02215478721278,z,0.5,0.8,59.99999999999999,20.0,140.0,300.0,AA2024-T3,AA2024-T3,9461.666315842322
47.746239471530004,77.02215478721278,j,0.5,0.9000000000000001,59.99999999999999,20.0,140.0,300.0,AA2024-T3,AA2024-T3,9461.666315842322
47.76765771123041,93.39614868750495,z,0.6,0.9000000000000001,70.0,20.0,200.0,399.99999999999994,AA2024-T3,AA2024-T3,8097.580585168288
47.76765771123041,93.39614868750495,z,0.6,0.8,70.0,20.0,200.0,399.99999999999994,AA2024-T3,AA2024-T3,7951.361392862064
47.76765771123041,93.39614868750495,j,0.6,0.8,70.0,20.0,200.0,399.99999999999994,AA2024-T3,AA2024-T3,8097.580585168289
47.76765771123041,93.39614868750495,formed z,0.6,0.8,70.0,20.0,200.0,399.99999999999994,AA2024-T3,AA2024-T3,8097.580585168289
47.76765771123041,93.39614868750495,formed z,0.6,0.9000000000000001,70.0,20.0,200.0,399.99999999999994,AA2024-T3,AA2024-T3,8097.580585168289
47.76765771123041,93.39614868750495,j,0.6,0.9000000000000001,70.0,20.0,200.0,399.99999999999994,AA2024-T3,AA2024-T3,8097.580585168289
47.77044972894303,93.08434969519118,z,0.6,0.8,54.99999999999999,20.0,160.00000000000003,350.0,AA2024-T3,AA2024-T3,9519.729298408924
47.77044972894303,93.08434969519118,j,0.6,0.8,35.0,20.0,100.0,350.0,AA2024-T3,AA2024-T3,617403.7499798209
47.77044972894303,93.08434969519118,formed z,0.6,0.9000000000000001,54.99999999999999,20.0,160.00000000000003,350.0,AA2024-T3,AA2024-T3,9519.729298408925
47.77044972894303,93.08434969519118,z,0.6,0.9000000000000001,35.0,20.0,100.0,350.0,AA2024-T3,AA2024-T3,617403.7499798203
47.77044972894303,93.08434969519118,z,0.6,0.8,35.0,20.0,100.0,350.0,AA2024-T3,AA2024-T3,617403.7499798203
47.77044972894303,93.08434969519118,j,0.6,0.9000000000000001,35.0,20.0,100.0,350.0,AA2024-T3,AA2024-T3,617403.7499798209
47.77044972894303,93.08434969519118,j,0.6,0.9000000000000001,54.99999999999999,20.0,160.00000000000003,350.0,AA2024-T3,AA2024-T3,9519.729298408924
47.77044972894303,93.08434969519118,formed z,0.6,0.8,54.99999999999999,20.0,160.00000000000003,350.0,AA2024-T3,AA2024-T3,9519.729298408924
47.77044972894303,93.08434969519118,formed z,0.6,0.9000000000000001,35.0,20.0,100.0,350.0,AA2024-T3,AA2024-T3,617403.7499798203
47.77044972894303,93.08434969519118,z,0.6,0.9000000000000001,54.99999999999999,20.0,160.00000000000003,350.0,AA2024-T3,AA2024-T3,9519.729298408924
47.77044972894303,93.08434969519118,j,0.6,0.8,54.99999999999999,20.0,160.00000000000003,350.0,AA2024-T3,AA2024-T3,9519.729298408924
47.77044972894303,93.08434969519118,formed z,0.6,0.8,35.0,20.0,100.0,350.0,AA2024-T3,AA2024-T3,617403.7499798203
47.783819279854775,77.58180701475914,z,0.5,0.9000000000000001,44.99999999999999,20.0,100.0,350.0,AA2024-T3,AA2024-T3,712661.358722182
47.783819279854775,77.58180701475914,formed z,0.5,0.9000000000000001,44.99999999999999,20.0,100.0,350.0,AA2024-T3,AA2024-T3,712661.358722182
47.783819279854775,77.58180701475914,j,0.5,0.8,44.99999999999999,20.0,100.0,350.0,AA2024-T3,AA2024-T3,712661.358722182
47.783819279854775,77.58180701475914,j,0.5,0.9000000000000001,44.99999999999999,20.0,100.0,350.0,AA2024-T3,AA2024-T3,712661.358722182
47.783819279854775,77.58180701475914,formed z,0.5,0.8,44.99999999999999,20.0,100.0,350.0,AA2024-T3,AA2024-T3,712661.358722182
47.783819279854775,77.58180701475914,z,0.5,0.8,44.99999999999999,20.0,100.0,350.0,AA2024-T3,AA2024-T3,712661.358722182
47.797188830766515,62.07465672626546,formed z,0.39999999999999997,0.8,54.99999999999999,20.0,100.0,350.0,AA2024-T3,AA2024-T3,10826.746144680648
47.797188830766515,62.07465672626546,formed z,0.39999999999999997,0.9000000000000001,54.99999999999999,20.0,100.0,350.0,AA2024-T3,AA2024-T3,10826.746144680652
47.797188830766515,62.07465672626546,z,0.39999999999999997,0.9000000000000001,54.99999999999999,20.0,100.0,350.0,AA2024-T3,AA2024-T3,10826.746144680648
47.797188830766515,62.07465672626546,z,0.39999999999999997,0.8,54.99999999999999,20.0,100.0,350.0,AA2024-T3,AA2024-T3,10826.746144680648
47.797188830766515,62.07465672626546,j,0.39999999999999997,0.8,54.99999999999999,20.0,100.0,350.0,AA2024-T3,AA2024-T3,10826.746144680648
47.797188830766515,62.07465672626546,j,0.39999999999999997,0.9000000000000001,54.99999999999999,20.0,100.0,350.0,AA2024-T3,AA2024-T3,10826.746144680648
47.8080295372678,93.75122062402703,j,0.6,0.9000000000000001,49.99999999999999,20.0,140.0,449.99999999999994,AA2024-T3,AA2024-T3,11037.911066264714
47.8080295372678,93.75122062402703,j,0.6,0.8,49.99999999999999,20.0,140.0,449.99999999999994,AA2024-T3,AA2024-T3,11037.911066264716
47.8080295372678,93.75122062402703,formed z,0.6,0.9000000000000001,49.99999999999999,20.0,140.0,449.99999999999994,AA2024-T3,AA2024-T3,11037.911066264714
47.8080295372678,93.75122062402703,z,0.6,0.9000000000000001,49.99999999999999,20.0,140.0,449.99999999999994,AA2024-T3,AA2024-T3,11037.911066264714
47.8080295372678,93.75122062402703,z,0.6,0.8,49.99999999999999,20.0,140.0,449.99999999999994,AA2024-T3,AA2024-T3,11037.911066264714
47.8080295372678,93.75122062402703,formed z,0.6,0.8,49.99999999999999,20.0,140.0,449.99999999999994,AA2024-T3,AA2024-T3,11037.911066264714
47.810558381678256,46.562899855582835,z,0.3,0.8,65.0,20.0,100.0,350.0,AA2024-T3,AA2024-T3,10134.194690467344
47.810558381678256,46.562899855582835,j,0.3,0.8,65.0,20.0,100.0,350.0,AA2024-T3,AA2024-T3,10134.194690467346
47.810558381678256,46.562899855582835,z,0.3,0.9000000000000001,65.0,20.0,100.0,350.0,AA2024-T3,AA2024-T3,10134.194690467346
47.810558381678256,46.562899855582835,j,0.3,0.9000000000000001,65.0,20.0,100.0,350.0,AA2024-T3,AA2024-T3,10134.194690467346
47.810558381678256,46.562899855582835,formed z,0.3,0.8,65.0,20.0,100.0,350.0,AA2024-T3,AA2024-T3,10134.194690467346
47.810558381678256,46.562899855582835,formed z,0.3,0.9000000000000001,65.0,20.0,100.0,350.0,AA2024-T3,AA2024-T3,10134.194690467344
47.81919760811826,92.50250614209001,formed z,0.6,0.8,59.99999999999999,20.0,180.00000000000003,300.0,AA2024-T3,AA2024-T3,8490.275404166425
47.81919760811826,92.50250614209001,formed z,0.6,0.9000000000000001,59.99999999999999,20.0,180.00000000000003,300.0,AA2024-T3,AA2024-T3,8490.275404166425
47.81919760811826,92.50250614209001,j,0.6,0.9000000000000001,59.99999999999999,20.0,180.00000000000003,300.0,AA2024-T3,AA2024-T3,8490.275404166425
47.81919760811826,92.50250614209001,z,0.6,0.8,59.99999999999999,20.0,180.00000000000003,300.0,AA2024-T3,AA2024-T3,8490.275404166425
47.81919760811826,92.50250614209001,z,0.6,0.9000000000000001,59.99999999999999,20.0,180.00000000000003,300.0,AA2024-T3,AA2024-T3,8490.275404166425
47.81919760811826,92.50250614209001,j,0.6,0.8,59.99999999999999,20.0,180.00000000000003,300.0,AA2024-T3,AA2024-T3,8490.275404166425
47.92973555303128,108.7903294835366,j,0.6999999999999998,0.8,44.99999999999999,20.0,180.00000000000003,350.0,AA2024-T3,AA2024-T3,9500.662426115554
47.92973555303128,108.7903294835366,formed z,0.6999999999999998,0.8,44.99999999999999,20.0,180.00000000000003,350.0,AA2024-T3,AA2024-T3,9500.662426115556
47.92973555303128,108.7903294835366,formed z,0.6999999999999998,0.9000000000000001,44.99999999999999,20.0,180.00000000000003,350.0,AA2024-T3,AA2024-T3,9500.662426115554
47.92973555303128,108.7903294835366,j,0.6999999999999998,0.9000000000000001,44.99999999999999,20.0,180.00000000000003,350.0,AA2024-T3,AA2024-T3,9500.662426115554
47.92973555303128,108.7903294835366,z,0.6999999999999998,0.8,44.99999999999999,20.0,180.00000000000003,350.0,AA2024-T3,AA2024-T3,9500.662426115556
47.92973555303128,108.7903294835366,z,0.6999999999999998,0.9000000000000001,44.99999999999999,20.0,180.00000000000003,350.0,AA2024-T3,AA2024-T3,9500.662426115556
47.9375210685178,93.88402638659387,formed z,0.6,0.9000000000000001,65.0,20.0,180.00000000000003,449.99999999999994,AA2024-T3,AA2024-T3,8854.875247790085
47.9375210685178,93.88402638659387,j,0.6,0.9000000000000001,65.0,20.0,180.00000000000003,449.99999999999994,AA2024-T3,AA2024-T3,8854.875247790087
47.9375210685178,93.88402638659387,z,0.6,0.8,65.0,20.0,180.00000000000003,449.99999999999994,AA2024-T3,AA2024-T3,8854.875247790085
47.9375210685178,93.88402638659387,j,0.6,0.8,65.0,20.0,180.00000000000003,449.99999999999994,AA2024-T3,AA2024-T3,8854.875247790087
47.9375210685178,93.88402638659387,formed z,0.6,0.8,65.0,20.0,180.00000000000003,449.99999999999994,AA2024-T3,AA2024-T3,8854.875247790087
47.9375210685178,93.88402638659387,z,0.6,0.9000000000000001,65.0,20.0,180.00000000000003,449.99999999999994,AA2024-T3,AA2024-T3,8854.875247790087
47.953682637142165,77.98966626540533,z,0.5,0.9000000000000001,54.99999999999999,20.0,120.00000000000001,399.99999999999994,AA2024-T3,AA2024-T3,10957.308022253192
47.953682637142165,77.98966626540533,j,0.5,0.8,54.99999999999999,20.0,120.00000000000001,399.99999999999994,AA2024-T3,AA2024-T3,10957.308022253192
47.953682637142165,77.98966626540533,z,0.5,0.8,54.99999999999999,20.0,120.00000000000001,399.99999999999994,AA2024-T3,AA2024-T3,10957.308022253192
47.953682637142165,77.98966626540533,formed z,0.5,0.8,54.99999999999999,20.0,120.00000000000001,399.99999999999994,AA2024-T3,AA2024-T3,10957.308022253192
47.953682637142165,77.98966626540533,formed z,0.5,0.9000000000000001,54.99999999999999,20.0,120.00000000000001,399.99999999999994,AA2024-T3,AA2024-T3,10957.308022253192
47.953682637142165,77.98966626540533,j,0.5,0.9000000000000001,54.99999999999999,20.0,120.00000000000001,399.99999999999994,AA2024-T3,AA2024-T3,10957.308022253192
47.97289939678128,108.84227878363025,j,0.6999999999999998,0.9000000000000001,49.99999999999999,20.0,200.0,350.0,AA2024-T3,AA2024-T3,8501.013455354909
47.97289939678128,108.84227878363025,formed z,0.6999999999999998,0.8,49.99999999999999,20.0,200.0,350.0,AA2024-T3,AA2024-T3,8501.013455354909
47.97289939678128,108.84227878363025,z,0.6999999999999998,0.9000000000000001,35.0,20.0,140.0,350.0,AA2024-T3,AA2024-T3,997010.0218324825
47.97289939678128,108.84227878363025,formed z,0.6999999999999998,0.8,35.0,20.0,140.0,350.0,AA2024-T3,AA2024-T3,997010.0218324825
47.97289939678128,108.84227878363025,formed z,0.6999999999999998,0.9000000000000001,35.0,20.0,140.0,350.0,AA2024-T3,AA2024-T3,997010.0218324825
47.97289939678128,108.84227878363025,z,0.6999999999999998,0.8,49.99999999999999,20.0,200.0,350.0,AA2024-T3,AA2024-T3,8501.013455354909
47.97289939678128,108.84227878363025,z,0.6999999999999998,0.9000000000000001,40.0,20.0,160.00000000000003,350.0,AA2024-T3,AA2024-T3,10987.76874568294
47.97289939678128,108.84227878363025,z,0.6999999999999998,0.9000000000000001,49.99999999999999,20.0,200.0,350.0,AA2024-T3,AA2024-T3,8501.013455354909
47.97289939678128,108.84227878363025,formed z,0.6999999999999998,0.8,40.0,20.0,160.00000000000003,350.0,AA2024-T3,AA2024-T3,10987.76874568294
47.97289939678128,108.84227878363025,formed z,0.6999999999999998,0.9000000000000001,40.0,20.0,160.00000000000003,350.0,AA2024-T3,AA2024-T3,10987.768745682943
47.97289939678128,108.84227878363025,j,0.6999999999999998,0.9000000000000001,40.0,20.0,160.00000000000003,350.0,AA2024-T3,AA2024-T3,10987.76874568294
47.97289939678128,108.84227878363025,formed z,0.6999999999999998,0.9000000000000001,49.99999999999999,20.0,200.0,350.0,AA2024-T3,AA2024-T3,8501.013455354909
47.97289939678128,108.84227878363025,z,0.6999999999999998,0.8,40.0,20.0,160.00000000000003,350.0,AA2024-T3,AA2024-T3,10987.76874568294
47.97289939678128,108.84227878363025,j,0.6999999999999998,0.8,35.0,20.0,140.0,350.0,AA2024-T3,AA2024-T3,997010.0218324825
47.97289939678128,108.84227878363025,j,0.6999999999999998,0.9000000000000001,35.0,20.0,140.0,350.0,AA2024-T3,AA2024-T3,997010.0218324825
47.97289939678128,108.84227878363025,j,0.6999999999999998,0.8,49.99999999999999,20.0,200.0,350.0,AA2024-T3,AA2024-T3,8501.01345535491
47.97289939678128,108.84227878363025,z,0.6999999999999998,0.8,35.0,20.0,140.0,350.0,AA2024-T3,AA2024-T3,997010.0218324825
47.97289939678128,108.84227878363025,j,0.6999999999999998,0.8,40.0,20.0,160.00000000000003,350.0,AA2024-T3,AA2024-T3,10987.76874568294
48.07259663519303,93.39614868750495,j,0.6,0.9000000000000001,70.0,20.0,200.0,350.0,AA2024-T3,AA2024-T3,8097.580585168289
48.07259663519303,93.39614868750495,z,0.6,0.8,70.0,20.0,200.0,350.0,AA2024-T3,AA2024-T3,7967.267505492558
48.07259663519303,93.39614868750495,z,0.6,0.9000000000000001,70.0,20.0,200.0,350.0,AA2024-T3,AA2024-T3,8097.580585168288
48.07259663519303,93.39614868750495,formed z,0.6,0.8,70.0,20.0,200.0,350.0,AA2024-T3,AA2024-T3,8097.580585168289
48.07259663519303,93.39614868750495,formed z,0.6,0.9000000000000001,70.0,20.0,200.0,350.0,AA2024-T3,AA2024-T3,8097.580585168289
48.07259663519303,93.39614868750495,j,0.6,0.8,70.0,20.0,200.0,350.0,AA2024-T3,AA2024-T3,8097.580585168289
48.10491977244173,61.866154221320265,j,0.39999999999999997,0.9000000000000001,65.0,20.0,120.00000000000001,300.0,AA2024-T3,AA2024-T3,9762.127776006164
48.10491977244173,61.866154221320265,z,0.39999999999999997,0.9000000000000001,65.0,20.0,120.00000000000001,300.0,AA2024-T3,AA2024-T3,9762.127776006164
48.10491977244173,61.866154221320265,j,0.39999999999999997,0.8,65.0,20.0,120.00000000000001,300.0,AA2024-T3,AA2024-T3,9762.127776006166
48.10491977244173,61.866154221320265,formed z,0.39999999999999997,0.9000000000000001,65.0,20.0,120.00000000000001,300.0,AA2024-T3,AA2024-T3,9762.127776006162
48.10491977244173,61.866154221320265,formed z,0.39999999999999997,0.8,65.0,20.0,120.00000000000001,300.0,AA2024-T3,AA2024-T3,9762.127776006164
48.10491977244173,61.866154221320265,z,0.39999999999999997,0.8,65.0,20.0,120.00000000000001,300.0,AA2024-T3,AA2024-T3,9762.127776006162
48.112968461230416,93.75122062402703,z,0.6,0.8,49.99999999999999,20.0,140.0,399.99999999999994,AA2024-T3,AA2024-T3,11037.911066264714
48.112968461230416,93.75122062402703,formed z,0.6,0.8,49.99999999999999,20.0,140.0,399.99999999999994,AA2024-T3,AA2024-T3,11037.911066264714
48.112968461230416,93.75122062402703,z,0.6,0.9000000000000001,49.99999999999999,20.0,140.0,399.99999999999994,AA2024-T3,AA2024-T3,11037.911066264714
48.112968461230416,93.75122062402703,formed z,0.6,0.9000000000000001,49.99999999999999,20.0,140.0,399.99999999999994,AA2024-T3,AA2024-T3,11037.911066264714
48.112968461230416,93.75122062402703,j,0.6,0.9000000000000001,49.99999999999999,20.0,140.0,399.99999999999994,AA2024-T3,AA2024-T3,11037.911066264714
48.112968461230416,93.75122062402703,j,0.6,0.8,49.99999999999999,20.0,140.0,399.99999999999994,AA2024-T3,AA2024-T3,11037.911066264716
48.17787790903,77.3957059261387,formed z,0.5,0.9000000000000001,70.0,20.0,160.00000000000003,300.0,AA2024-T3,AA2024-T3,8839.927360571899
48.17787790903,77.3957059261387,j,0.5,0.8,70.0,20.0,160.00000000000003,300.0,AA2024-T3,AA2024-T3,8839.927360571899
48.17787790903,77.3957059261387,j,0.5,0.9000000000000001,70.0,20.0,160.00000000000003,300.0,AA2024-T3,AA2024-T3,8839.927360571899
48.17787790903,77.3957059261387,z,0.5,0.8,70.0,20.0,160.00000000000003,300.0,AA2024-T3,AA2024-T3,8704.814173818177
48.17787790903,77.3957059261387,formed z,0.5,0.8,70.0,20.0,160.00000000000003,300.0,AA2024-T3,AA2024-T3,8839.927360571899
48.17787790903,77.3957059261387,z,0.5,0.9000000000000001,70.0,20.0,160.00000000000003,300.0,AA2024-T3,AA2024-T3,8839.927360571899
48.24245999248042,93.88402638659387,j,0.6,0.8,65.0,20.0,180.00000000000003,399.99999999999994,AA2024-T3,AA2024-T3,8854.875247790087
48.24245999248042,93.88402638659387,z,0.6,0.8,65.0,20.0,180.00000000000003,399.99999999999994,AA2024-T3,AA2024-T3,8854.875247790085
48.24245999248042,93.88402638659387,j,0.6,0.9000000000000001,65.0,20.0,180.00000000000003,399.99999999999994,AA2024-T3,AA2024-T3,8854.875247790087
48.24245999248042,93.88402638659387,formed z,0.6,0.8,65.0,20.0,180.00000000000003,399.99999999999994,AA2024-T3,AA2024-T3,8854.875247790087
48.24245999248042,93.88402638659387,z,0.6,0.9000000000000001,65.0,20.0,180.00000000000003,399.99999999999994,AA2024-T3,AA2024-T3,8854.875247790087
48.24245999248042,93.88402638659387,formed z,0.6,0.9000000000000001,65.0,20.0,180.00000000000003,399.99999999999994,AA2024-T3,AA2024-T3,8854.875247790085
48.25303752567955,78.5056953285892,j,0.5,0.9000000000000001,65.0,20.0,140.0,449.99999999999994,AA2024-T3,AA2024-T3,9932.526151436072
48.25303752567955,78.5056953285892,formed z,0.5,0.8,65.0,20.0,140.0,449.99999999999994,AA2024-T3,AA2024-T3,9932.526151436072
48.25303752567955,78.5056953285892,z,0.5,0.9000000000000001,65.0,20.0,140.0,449.99999999999994,AA2024-T3,AA2024-T3,9932.526151436072
48.25303752567955,78.5056953285892,j,0.5,0.8,65.0,20.0,140.0,449.99999999999994,AA2024-T3,AA2024-T3,9932.526151436074
48.25303752567955,78.5056953285892,formed z,0.5,0.9000000000000001,65.0,20.0,140.0,449.99999999999994,AA2024-T3,AA2024-T3,9932.526151436068
48.25303752567955,78.5056953285892,z,0.5,0.8,65.0,20.0,140.0,449.99999999999994,AA2024-T3,AA2024-T3,9932.526151436068
48.258621561104775,77.98966626540533,z,0.5,0.9000000000000001,54.99999999999999,20.0,120.00000000000001,350.0,AA2024-T3,AA2024-T3,10957.308022253192
48.258621561104775,77.98966626540533,j,0.5,0.8,54.99999999999999,20.0,120.00000000000001,350.0,AA2024-T3,AA2024-T3,10957.308022253192
48.258621561104775,77.98966626540533,z,0.5,0.8,54.99999999999999,20.0,120.00000000000001,350.0,AA2024-T3,AA2024-T3,10957.308022253192
48.258621561104775,77.98966626540533,formed z,0.5,0.8,54.99999999999999,20.0,120.00000000000001,350.0,AA2024-T3,AA2024-T3,10957.308022253192
48.258621561104775,77.98966626540533,j,0.5,0.9000000000000001,54.99999999999999,20.0,120.00000000000001,350.0,AA2024-T3,AA2024-T3,10957.308022253192
48.258621561104775,77.98966626540533,formed z,0.5,0.9000000000000001,54.99999999999999,20.0,120.00000000000001,350.0,AA2024-T3,AA2024-T3,10957.308022253192
48.380327576868254,93.08434969519118,j,0.6,0.8,35.0,20.0,100.0,300.0,AA2024-T3,AA2024-T3,617403.7499798209
48.380327576868254,93.08434969519118,z,0.6,0.9000000000000001,35.0,20.0,100.0,300.0,AA2024-T3,AA2024-T3,617403.7499798203
48.380327576868254,93.08434969519118,z,0.6,0.8,54.99999999999999,20.0,160.00000000000003,300.0,AA2024-T3,AA2024-T3,9519.729298408924
48.380327576868254,93.08434969519118,j,0.6,0.9000000000000001,54.99999999999999,20.0,160.00000000000003,300.0,AA2024-T3,AA2024-T3,9519.729298408924
48.380327576868254,93.08434969519118,j,0.6,0.9000000000000001,35.0,20.0,100.0,300.0,AA2024-T3,AA2024-T3,617403.7499798209
48.380327576868254,93.08434969519118,z,0.6,0.8,35.0,20.0,100.0,300.0,AA2024-T3,AA2024-T3,617403.7499798203
48.380327576868254,93.08434969519118,j,0.6,0.8,54.99999999999999,20.0,160.00000000000003,300.0,AA2024-T3,AA2024-T3,9519.729298408924
48.380327576868254,93.08434969519118,z,0.6,0.9000000000000001,54.99999999999999,20.0,160.00000000000003,300.0,AA2024-T3,AA2024-T3,9519.729298408924
48.380327576868254,93.08434969519118,formed z,0.6,0.8,35.0,20.0,100.0,300.0,AA2024-T3,AA2024-T3,617403.7499798203
48.380327576868254,93.08434969519118,formed z,0.6,0.9000000000000001,35.0,20.0,100.0,300.0,AA2024-T3,AA2024-T3,617403.7499798203
48.380327576868254,93.08434969519118,formed z,0.6,0.9000000000000001,54.99999999999999,20.0,160.00000000000003,300.0,AA2024-T3,AA2024-T3,9519.729298408925
48.380327576868254,93.08434969519118,formed z,0.6,0.8,54.99999999999999,20.0,160.00000000000003,300.0,AA2024-T3,AA2024-T3,9519.729298408924
48.39369712778,77.58180701475914,j,0.5,0.8,44.99999999999999,20.0,100.0,300.0,AA2024-T3,AA2024-T3,712661.358722182
48.39369712778,77.58180701475914,formed z,0.5,0.8,44.99999999999999,20.0,100.0,300.0,AA2024-T3,AA2024-T3,712661.358722182
48.39369712778,77.58180701475914,formed z,0.5,0.9000000000000001,44.99999999999999,20.0,100.0,300.0,AA2024-T3,AA2024-T3,712661.358722182
48.39369712778,77.58180701475914,j,0.5,0.9000000000000001,44.99999999999999,20.0,100.0,300.0,AA2024-T3,AA2024-T3,712661.358722182
48.39369712778,77.58180701475914,z,0.5,0.9000000000000001,44.99999999999999,20.0,100.0,300.0,AA2024-T3,AA2024-T3,712661.358722182
48.39369712778,77.58180701475914,z,0.5,0.8,44.99999999999999,20.0,100.0,300.0,AA2024-T3,AA2024-T3,712661.358722182
48.407066678691734,62.07465672626546,j,0.39999999999999997,0.8,54.99999999999999,20.0,100.0,300.0,AA2024-T3,AA2024-T3,10826.746144680648
48.407066678691734,62.07465672626546,z,0.39999999999999997,0.9000000000000001,54.99999999999999,20.0,100.0,300.0,AA2024-T3,AA2024-T3,10826.746144680648
48.407066678691734,62.07465672626546,formed z,0.39999999999999997,0.8,54.99999999999999,20.0,100.0,300.0,AA2024-T3,AA2024-T3,10826.746144680648
48.407066678691734,62.07465672626546,j,0.39999999999999997,0.9000000000000001,54.99999999999999,20.0,100.0,300.0,AA2024-T3,AA2024-T3,10826.746144680648
48.407066678691734,62.07465672626546,formed z,0.39999999999999997,0.9000000000000001,54.99999999999999,20.0,100.0,300.0,AA2024-T3,AA2024-T3,10826.746144680652
48.407066678691734,62.07465672626546,z,0.39999999999999997,0.8,54.99999999999999,20.0,100.0,300.0,AA2024-T3,AA2024-T3,10826.746144680648
48.4123233497678,94.36938185374946,z,0.6,0.8,44.99999999999999,20.0,120.00000000000001,449.99999999999994,AA2024-T3,AA2024-T3,854056.151629837
48.4123233497678,94.36938185374946,formed z,0.6,0.8,44.99999999999999,20.0,120.00000000000001,449.99999999999994,AA2024-T3,AA2024-T3,854056.151629837
48.4123233497678,94.36938185374946,z,0.6,0.9000000000000001,44.99999999999999,20.0,120.00000000000001,449.99999999999994,AA2024-T3,AA2024-T3,854056.151629837
48.4123233497678,94.36938185374946,j,0.6,0.8,44.99999999999999,20.0,120.00000000000001,449.99999999999994,AA2024-T3,AA2024-T3,854056.151629837
48.4123233497678,94.36938185374946,formed z,0.6,0.9000000000000001,44.99999999999999,20.0,120.00000000000001,449.99999999999994,AA2024-T3,AA2024-T3,854056.151629837
48.4123233497678,94.36938185374946,j,0.6,0.9000000000000001,44.99999999999999,20.0,120.00000000000001,449.99999999999994,AA2024-T3,AA2024-T3,854056.151629837
48.41790738519303,93.75122062402703,j,0.6,0.9000000000000001,49.99999999999999,20.0,140.0,350.0,AA2024-T3,AA2024-T3,11037.911066264714
48.41790738519303,93.75122062402703,j,0.6,0.8,49.99999999999999,20.0,140.0,350.0,AA2024-T3,AA2024-T3,11037.911066264716
48.41790738519303,93.75122062402703,z,0.6,0.8,49.99999999999999,20.0,140.0,350.0,AA2024-T3,AA2024-T3,11037.911066264714
48.41790738519303,93.75122062402703,z,0.6,0.9000000000000001,49.99999999999999,20.0,140.0,350.0,AA2024-T3,AA2024-T3,11037.911066264714
48.41790738519303,93.75122062402703,formed z,0.6,0.9000000000000001,49.99999999999999,20.0,140.0,350.0,AA2024-T3,AA2024-T3,11037.911066264714
48.41790738519303,93.75122062402703,formed z,0.6,0.8,49.99999999999999,20.0,140.0,350.0,AA2024-T3,AA2024-T3,11037.911066264714
48.42043622960348,46.562899855582835,z,0.3,0.9000000000000001,65.0,20.0,100.0,300.0,AA2024-T3,AA2024-T3,10134.194690467346
48.42043622960348,46.562899855582835,j,0.3,0.8,65.0,20.0,100.0,300.0,AA2024-T3,AA2024-T3,10134.194690467346
48.42043622960348,46.562899855582835,j,0.3,0.9000000000000001,65.0,20.0,100.0,300.0,AA2024-T3,AA2024-T3,10134.194690467346
48.42043622960348,46.562899855582835,z,0.3,0.8,65.0,20.0,100.0,300.0,AA2024-T3,AA2024-T3,10134.194690467344
48.42043622960348,46.562899855582835,formed z,0.3,0.8,65.0,20.0,100.0,300.0,AA2024-T3,AA2024-T3,10134.194690467346
48.42043622960348,46.562899855582835,formed z,0.3,0.9000000000000001,65.0,20.0,100.0,300.0,AA2024-T3,AA2024-T3,10134.194690467344
48.47191193544431,125.90682492881594,z,0.7999999999999999,0.9000000000000001,35.0,20.0,200.0,449.99999999999994,AA2024-T3,AA2024-T3,9784.133346112161
48.47191193544431,125.90682492881594,formed z,0.7999999999999999,0.8,35.0,20.0,200.0,449.99999999999994,AA2024-T3,AA2024-T3,9784.133346112161
48.47191193544431,125.90682492881594,formed z,0.7999999999999999,0.9000000000000001,35.0,20.0,200.0,449.99999999999994,AA2024-T3,AA2024-T3,9784.133346112161
48.47191193544431,125.90682492881594,j,0.7999999999999999,0.9000000000000001,35.0,20.0,200.0,449.99999999999994,AA2024-T3,AA2024-T3,9784.133346112161
48.47191193544431,125.90682492881594,j,0.7999999999999999,0.8,35.0,20.0,200.0,449.99999999999994,AA2024-T3,AA2024-T3,9784.133346112161
48.47191193544431,125.90682492881594,z,0.7999999999999999,0.8,35.0,20.0,200.0,449.99999999999994,AA2024-T3,AA2024-T3,9784.133346112161
48.53961340095651,108.7903294835366,formed z,0.6999999999999998,0.8,44.99999999999999,20.0,180.00000000000003,300.0,AA2024-T3,AA2024-T3,9500.662426115556
48.53961340095651,108.7903294835366,z,0.6999999999999998,0.9000000000000001,44.99999999999999,20.0,180.00000000000003,300.0,AA2024-T3,AA2024-T3,9500.662426115556
48.53961340095651,108.7903294835366,j,0.6999999999999998,0.8,44.99999999999999,20.0,180.00000000000003,300.0,AA2024-T3,AA2024-T3,9500.662426115554
48.53961340095651,108.7903294835366,j,0.6999999999999998,0.9000000000000001,44.99999999999999,20.0,180.00000000000003,300.0,AA2024-T3,AA2024-T3,9500.662426115554
48.53961340095651,108.7903294835366,z,0.6999999999999998,0.8,44.99999999999999,20.0,180.00000000000003,300.0,AA2024-T3,AA2024-T3,9500.662426115556
48.53961340095651,108.7903294835366,formed z,0.6999999999999998,0.9000000000000001,44.99999999999999,20.0,180.00000000000003,300.0,AA2024-T3,AA2024-T3,9500.662426115554
48.54739891644303,93.88402638659387,z,0.6,0.8,65.0,20.0,180.00000000000003,350.0,AA2024-T3,AA2024-T3,8854.875247790085
48.54739891644303,93.88402638659387,j,0.6,0.9000000000000001,65.0,20.0,180.00000000000003,350.0,AA2024-T3,AA2024-T3,8854.875247790087
48.54739891644303,93.88402638659387,formed z,0.6,0.9000000000000001,65.0,20.0,180.00000000000003,350.0,AA2024-T3,AA2024-T3,8854.875247790085
48.54739891644303,93.88402638659387,formed z,0.6,0.8,65.0,20.0,180.00000000000003,350.0,AA2024-T3,AA2024-T3,8854.875247790087
48.54739891644303,93.88402638659387,j,0.6,0.8,65.0,20.0,180.00000000000003,350.0,AA2024-T3,AA2024-T3,8854.875247790087
48.54739891644303,93.88402638659387,z,0.6,0.9000000000000001,65.0,20.0,180.00000000000003,350.0,AA2024-T3,AA2024-T3,8854.875247790087
48.55797644964217,78.5056953285892,j,0.5,0.9000000000000001,65.0,20.0,140.0,399.99999999999994,AA2024-T3,AA2024-T3,9932.526151436072
48.55797644964217,78.5056953285892,formed z,0.5,0.8,65.0,20.0,140.0,399.99999999999994,AA2024-T3,AA2024-T3,9932.526151436072
48.55797644964217,78.5056953285892,z,0.5,0.8,65.0,20.0,140.0,399.99999999999994,AA2024-T3,AA2024-T3,9932.526151436068
48.55797644964217,78.5056953285892,formed z,0.5,0.9000000000000001,65.0,20.0,140.0,399.99999999999994,AA2024-T3,AA2024-T3,9932.526151436068
48.55797644964217,78.5056953285892,j,0.5,0.8,65.0,20.0,140.0,399.99999999999994,AA2024-T3,AA2024-T3,9932.526151436074
48.55797644964217,78.5056953285892,z,0.5,0.9000000000000001,65.0,20.0,140.0,399.99999999999994,AA2024-T3,AA2024-T3,9932.526151436072
48.571609173856054,110.28692478154642,j,0.6999999999999998,0.8,54.99999999999999,20.0,200.0,449.99999999999994,AA2024-T3,AA2024-T3,8829.875954416344
48.571609173856054,110.28692478154642,j,0.6999999999999998,0.9000000000000001,54.99999999999999,20.0,200.0,449.99999999999994,AA2024-T3,AA2024-T3,8829.875954416344
48.571609173856054,110.28692478154642,z,0.6999999999999998,0.9000000000000001,54.99999999999999,20.0,200.0,449.99999999999994,AA2024-T3,AA2024-T3,8829.875954416344
48.571609173856054,110.28692478154642,formed z,0.6999999999999998,0.8,54.99999999999999,20.0,200.0,449.99999999999994,AA2024-T3,AA2024-T3,8829.875954416344
48.571609173856054,110.28692478154642,formed z,0.6999999999999998,0.9000000000000001,54.99999999999999,20.0,200.0,449.99999999999994,AA2024-T3,AA2024-T3,8829.875954416344
48.571609173856054,110.28692478154642,z,0.6999999999999998,0.8,54.99999999999999,20.0,200.0,449.99999999999994,AA2024-T3,AA2024-T3,8829.875954416344
48.582777244706506,108.84227878363025,z,0.6999999999999998,0.8,49.99999999999999,20.0,200.0,300.0,AA2024-T3,AA2024-T3,8501.013455354909
48.582777244706506,108.84227878363025,z,0.6999999999999998,0.9000000000000001,35.0,20.0,140.0,300.0,AA2024-T3,AA2024-T3,997010.0218324825
48.582777244706506,108.84227878363025,z,0.6999999999999998,0.8,35.0,20.0,140.0,300.0,AA2024-T3,AA2024-T3,997010.0218324825
48.582777244706506,108.84227878363025,formed z,0.6999999999999998,0.9000000000000001,40.0,20.0,160.00000000000003,300.0,AA2024-T3,AA2024-T3,10987.768745682943
48.582777244706506,108.84227878363025,j,0.6999999999999998,0.9000000000000001,40.0,20.0,160.00000000000003,300.0,AA2024-T3,AA2024-T3,10987.76874568294
48.582777244706506,108.84227878363025,z,0.6999999999999998,0.9000000000000001,49.99999999999999,20.0,200.0,300.0,AA2024-T3,AA2024-T3,8501.013455354909
48.582777244706506,108.84227878363025,z,0.6999999999999998,0.8,40.0,20.0,160.00000000000003,300.0,AA2024-T3,AA2024-T3,10987.76874568294
48.582777244706506,108.84227878363025,j,0.6999999999999998,0.8,49.99999999999999,20.0,200.0,300.0,AA2024-T3,AA2024-T3,8501.01345535491
48.582777244706506,108.84227878363025,j,0.6999999999999998,0.8,35.0,20.0,140.0,300.0,AA2024-T3,AA2024-T3,997010.0218324825
48.582777244706506,108.84227878363025,z,0.6999999999999998,0.9000000000000001,40.0,20.0,160.00000000000003,300.0,AA2024-T3,AA2024-T3,10987.76874568294
48.582777244706506,108.84227878363025,formed z,0.6999999999999998,0.8,40.0,20.0,160.00000000000003,300.0,AA2024-T3,AA2024-T3,10987.76874568294
48.582777244706506,108.84227878363025,formed z,0.6999999999999998,0.9000000000000001,49.99999999999999,20.0,200.0,300.0,AA2024-T3,AA2024-T3,8501.013455354909
48.582777244706506,108.84227878363025,j,0.6999999999999998,0.9000000000000001,35.0,20.0,140.0,300.0,AA2024-T3,AA2024-T3,997010.0218324825
48.582777244706506,108.84227878363025,j,0.6999999999999998,0.8,40.0,20.0,160.00000000000003,300.0,AA2024-T3,AA2024-T3,10987.76874568294
48.582777244706506,108.84227878363025,formed z,0.6999999999999998,0.8,35.0,20.0,140.0,300.0,AA2024-T3,AA2024-T3,997010.0218324825
48.582777244706506,108.84227878363025,formed z,0.6999999999999998,0.9000000000000001,35.0,20.0,140.0,300.0,AA2024-T3,AA2024-T3,997010.0218324825
48.582777244706506,108.84227878363025,j,0.6999999999999998,0.9000000000000001,49.99999999999999,20.0,200.0,300.0,AA2024-T3,AA2024-T3,8501.013455354909
48.582777244706506,108.84227878363025,formed z,0.6999999999999998,0.8,49.99999999999999,20.0,200.0,300.0,AA2024-T3,AA2024-T3,8501.013455354909
48.657936861356056,110.38939034673825,z,0.6999999999999998,0.9000000000000001,49.99999999999999,20.0,180.00000000000003,449.99999999999994,AA2024-T3,AA2024-T3,9865.41017945865
48.657936861356056,110.38939034673825,formed z,0.6999999999999998,0.9000000000000001,49.99999999999999,20.0,180.00000000000003,449.99999999999994,AA2024-T3,AA2024-T3,9865.41017945865
48.657936861356056,110.38939034673825,z,0.6999999999999998,0.8,49.99999999999999,20.0,180.00000000000003,449.99999999999994,AA2024-T3,AA2024-T3,9865.41017945865
48.657936861356056,110.38939034673825,j,0.6999999999999998,0.8,49.99999999999999,20.0,180.00000000000003,449.99999999999994,AA2024-T3,AA2024-T3,9865.41017945865
48.657936861356056,110.38939034673825,formed z,0.6999999999999998,0.8,49.99999999999999,20.0,180.00000000000003,449.99999999999994,AA2024-T3,AA2024-T3,9865.41017945865
48.657936861356056,110.38939034673825,j,0.6999999999999998,0.9000000000000001,49.99999999999999,20.0,180.00000000000003,449.99999999999994,AA2024-T3,AA2024-T3,9865.41017945865
48.6713064122678,94.63307199698274,formed z,0.6,0.9000000000000001,59.99999999999999,20.0,160.00000000000003,449.99999999999994,AA2024-T3,AA2024-T3,9931.523352656273
48.6713064122678,94.63307199698274,formed z,0.6,0.8,59.99999999999999,20.0,160.00000000000003,449.99999999999994,AA2024-T3,AA2024-T3,9931.523352656273
48.6713064122678,94.63307199698274,j,0.6,0.8,59.99999999999999,20.0,160.00000000000003,449.99999999999994,AA2024-T3,AA2024-T3,9931.523352656273
48.6713064122678,94.63307199698274,j,0.6,0.9000000000000001,59.99999999999999,20.0,160.00000000000003,449.99999999999994,AA2024-T3,AA2024-T3,9931.523352656273
48.6713064122678,94.63307199698274,z,0.6,0.9000000000000001,59.99999999999999,20.0,160.00000000000003,449.99999999999994,AA2024-T3,AA2024-T3,9931.523352656273
48.6713064122678,94.63307199698274,z,0.6,0.8,59.99999999999999,20.0,160.00000000000003,449.99999999999994,AA2024-T3,AA2024-T3,9931.523352656273
48.682474483118256,93.39614868750495,j,0.6,0.9000000000000001,70.0,20.0,200.0,300.0,AA2024-T3,AA2024-T3,8097.580585168289
48.682474483118256,93.39614868750495,z,0.6,0.9000000000000001,70.0,20.0,200.0,300.0,AA2024-T3,AA2024-T3,8097.580585168288
48.682474483118256,93.39614868750495,z,0.6,0.8,70.0,20.0,200.0,300.0,AA2024-T3,AA2024-T3,7983.052959432543
48.682474483118256,93.39614868750495,j,0.6,0.8,70.0,20.0,200.0,300.0,AA2024-T3,AA2024-T3,8097.580585168289
48.682474483118256,93.39614868750495,formed z,0.6,0.9000000000000001,70.0,20.0,200.0,300.0,AA2024-T3,AA2024-T3,8097.580585168289
48.682474483118256,93.39614868750495,formed z,0.6,0.8,70.0,20.0,200.0,300.0,AA2024-T3,AA2024-T3,8097.580585168289
48.71726227373041,94.36938185374946,z,0.6,0.8,44.99999999999999,20.0,120.00000000000001,399.99999999999994,AA2024-T3,AA2024-T3,854056.151629837
48.71726227373041,94.36938185374946,formed z,0.6,0.8,44.99999999999999,20.0,120.00000000000001,399.99999999999994,AA2024-T3,AA2024-T3,854056.151629837
48.71726227373041,94.36938185374946,formed z,0.6,0.9000000000000001,44.99999999999999,20.0,120.00000000000001,399.99999999999994,AA2024-T3,AA2024-T3,854056.151629837
48.71726227373041,94.36938185374946,j,0.6,0.9000000000000001,44.99999999999999,20.0,120.00000000000001,399.99999999999994,AA2024-T3,AA2024-T3,854056.151629837
48.71726227373041,94.36938185374946,z,0.6,0.9000000000000001,44.99999999999999,20.0,120.00000000000001,399.99999999999994,AA2024-T3,AA2024-T3,854056.151629837
48.71726227373041,94.36938185374946,j,0.6,0.8,44.99999999999999,20.0,120.00000000000001,399.99999999999994,AA2024-T3,AA2024-T3,854056.151629837
48.77685085940692,125.90682492881594,formed z,0.7999999999999999,0.8,35.0,20.0,200.0,399.99999999999994,AA2024-T3,AA2024-T3,9784.133346112161
48.77685085940692,125.90682492881594,j,0.7999999999999999,0.9000000000000001,35.0,20.0,200.0,399.99999999999994,AA2024-T3,AA2024-T3,9784.133346112161
48.77685085940692,125.90682492881594,j,0.7999999999999999,0.8,35.0,20.0,200.0,399.99999999999994,AA2024-T3,AA2024-T3,9784.133346112161
48.77685085940692,125.90682492881594,formed z,0.7999999999999999,0.9000000000000001,35.0,20.0,200.0,399.99999999999994,AA2024-T3,AA2024-T3,9784.133346112161
48.77685085940692,125.90682492881594,z,0.7999999999999999,0.9000000000000001,35.0,20.0,200.0,399.99999999999994,AA2024-T3,AA2024-T3,9784.133346112161
48.77685085940692,125.90682492881594,z,0.7999999999999999,0.8,35.0,20.0,200.0,399.99999999999994,AA2024-T3,AA2024-T3,9784.133346112161
48.86291537360478,78.5056953285892,z,0.5,0.8,65.0,20.0,140.0,350.0,AA2024-T3,AA2024-T3,9932.526151436068
48.86291537360478,78.5056953285892,z,0.5,0.9000000000000001,65.0,20.0,140.0,350.0,AA2024-T3,AA2024-T3,9932.526151436072
48.86291537360478,78.5056953285892,j,0.5,0.8,65.0,20.0,140.0,350.0,AA2024-T3,AA2024-T3,9932.526151436074
48.86291537360478,78.5056953285892,formed z,0.5,0.8,65.0,20.0,140.0,350.0,AA2024-T3,AA2024-T3,9932.526151436072
48.86291537360478,78.5056953285892,j,0.5,0.9000000000000001,65.0,20.0,140.0,350.0,AA2024-T3,AA2024-T3,9932.526151436072
48.86291537360478,78.5056953285892,formed z,0.5,0.9000000000000001,65.0,20.0,140.0,350.0,AA2024-T3,AA2024-T3,9932.526151436068
48.86849940903001,77.98966626540533,z,0.5,0.9000000000000001,54.99999999999999,20.0,120.00000000000001,300.0,AA2024-T3,AA2024-T3,10957.308022253192
48.86849940903001,77.98966626540533,formed z,0.5,0.8,54.99999999999999,20.0,120.00000000000001,300.0,AA2024-T3,AA2024-T3,10957.308022253192
48.86849940903001,77.98966626540533,j,0.5,0.9000000000000001,54.99999999999999,20.0,120.00000000000001,300.0,AA2024-T3,AA2024-T3,10957.308022253192
48.86849940903001,77.98966626540533,j,0.5,0.8,54.99999999999999,20.0,120.00000000000001,300.0,AA2024-T3,AA2024-T3,10957.308022253192
48.86849940903001,77.98966626540533,z,0.5,0.8,54.99999999999999,20.0,120.00000000000001,300.0,AA2024-T3,AA2024-T3,10957.308022253192
48.86849940903001,77.98966626540533,formed z,0.5,0.9000000000000001,54.99999999999999,20.0,120.00000000000001,300.0,AA2024-T3,AA2024-T3,10957.308022253192
48.87070088909128,63.22372731152976,z,0.39999999999999997,0.8,70.0,20.0,120.00000000000001,449.99999999999994,AA2024-T3,AA2024-T3,10063.761454844918
48.87070088909128,63.22372731152976,j,0.39999999999999997,0.9000000000000001,70.0,20.0,120.00000000000001,449.99999999999994,AA2024-T3,AA2024-T3,10304.571875771922
48.87070088909128,63.22372731152976,formed z,0.39999999999999997,0.9000000000000001,70.0,20.0,120.00000000000001,449.99999999999994,AA2024-T3,AA2024-T3,10304.571875771922
48.87070088909128,63.22372731152976,formed z,0.39999999999999997,0.8,70.0,20.0,120.00000000000001,449.99999999999994,AA2024-T3,AA2024-T3,10304.571875771922
48.87070088909128,63.22372731152976,j,0.39999999999999997,0.8,70.0,20.0,120.00000000000001,449.99999999999994,AA2024-T3,AA2024-T3,10304.571875771922
48.87070088909128,63.22372731152976,z,0.39999999999999997,0.9000000000000001,70.0,20.0,120.00000000000001,449.99999999999994,AA2024-T3,AA2024-T3,10304.571875771922
48.873756080106055,110.64513911378903,j,0.6999999999999998,0.9000000000000001,44.99999999999999,20.0,160.00000000000003,449.99999999999994,AA2024-T3,AA2024-T3,11400.080723244215
48.873756080106055,110.64513911378903,j,0.6999999999999998,0.8,44.99999999999999,20.0,160.00000000000003,449.99999999999994,AA2024-T3,AA2024-T3,11400.080723244215
48.873756080106055,110.64513911378903,formed z,0.6999999999999998,0.9000000000000001,44.99999999999999,20.0,160.00000000000003,449.99999999999994,AA2024-T3,AA2024-T3,11400.080723244215
48.873756080106055,110.64513911378903,formed z,0.6999999999999998,0.8,44.99999999999999,20.0,160.00000000000003,449.99999999999994,AA2024-T3,AA2024-T3,11400.080723244217
48.873756080106055,110.64513911378903,z,0.6999999999999998,0.8,44.99999999999999,20.0,160.00000000000003,449.99999999999994,AA2024-T3,AA2024-T3,11400.080723244217
48.873756080106055,110.64513911378903,z,0.6999999999999998,0.9000000000000001,44.99999999999999,20.0,160.00000000000003,449.99999999999994,AA2024-T3,AA2024-T3,11400.080723244218
48.87654809781867,110.28692478154642,z,0.6999999999999998,0.8,54.99999999999999,20.0,200.0,399.99999999999994,AA2024-T3,AA2024-T3,8829.875954416344
48.87654809781867,110.28692478154642,formed z,0.6999999999999998,0.8,54.99999999999999,20.0,200.0,399.99999999999994,AA2024-T3,AA2024-T3,8829.875954416344
48.87654809781867,110.28692478154642,j,0.6999999999999998,0.9000000000000001,54.99999999999999,20.0,200.0,399.99999999999994,AA2024-T3,AA2024-T3,8829.875954416344
48.87654809781867,110.28692478154642,j,0.6999999999999998,0.8,54.99999999999999,20.0,200.0,399.99999999999994,AA2024-T3,AA2024-T3,8829.875954416344
48.87654809781867,110.28692478154642,formed z,0.6999999999999998,0.9000000000000001,54.99999999999999,20.0,200.0,399.99999999999994,AA2024-T3,AA2024-T3,8829.875954416344
48.87654809781867,110.28692478154642,z,0.6999999999999998,0.9000000000000001,54.99999999999999,20.0,200.0,399.99999999999994,AA2024-T3,AA2024-T3,8829.875954416344
48.96287578531867,110.38939034673825,formed z,0.6999999999999998,0.9000000000000001,49.99999999999999,20.0,180.00000000000003,399.99999999999994,AA2024-T3,AA2024-T3,9865.41017945865
48.96287578531867,110.38939034673825,z,0.6999999999999998,0.8,49.99999999999999,20.0,180.00000000000003,399.99999999999994,AA2024-T3,AA2024-T3,9865.41017945865
48.96287578531867,110.38939034673825,z,0.6999999999999998,0.9000000000000001,49.99999999999999,20.0,180.00000000000003,399.99999999999994,AA2024-T3,AA2024-T3,9865.41017945865
48.96287578531867,110.38939034673825,j,0.6999999999999998,0.9000000000000001,49.99999999999999,20.0,180.00000000000003,399.99999999999994,AA2024-T3,AA2024-T3,9865.41017945865
48.96287578531867,110.38939034673825,j,0.6999999999999998,0.8,49.99999999999999,20.0,180.00000000000003,399.99999999999994,AA2024-T3,AA2024-T3,9865.41017945865
48.96287578531867,110.38939034673825,formed z,0.6999999999999998,0.8,49.99999999999999,20.0,180.00000000000003,399.99999999999994,AA2024-T3,AA2024-T3,9865.41017945865
48.97624533623042,94.63307199698274,j,0.6,0.9000000000000001,59.99999999999999,20.0,160.00000000000003,399.99999999999994,AA2024-T3,AA2024-T3,9931.523352656273
48.97624533623042,94.63307199698274,z,0.6,0.9000000000000001,59.99999999999999,20.0,160.00000000000003,399.99999999999994,AA2024-T3,AA2024-T3,9931.523352656273
48.97624533623042,94.63307199698274,z,0.6,0.8,59.99999999999999,20.0,160.00000000000003,399.99999999999994,AA2024-T3,AA2024-T3,9931.523352656273
48.97624533623042,94.63307199698274,formed z,0.6,0.9000000000000001,59.99999999999999,20.0,160.00000000000003,399.99999999999994,AA2024-T3,AA2024-T3,9931.523352656273
48.97624533623042,94.63307199698274,formed z,0.6,0.8,59.99999999999999,20.0,160.00000000000003,399.99999999999994,AA2024-T3,AA2024-T3,9931.523352656273
48.97624533623042,94.63307199698274,j,0.6,0.8,59.99999999999999,20.0,160.00000000000003,399.99999999999994,AA2024-T3,AA2024-T3,9931.523352656273
49.02220119769303,94.36938185374946,z,0.6,0.8,44.99999999999999,20.0,120.00000000000001,350.0,AA2024-T3,AA2024-T3,854056.151629837
49.02220119769303,94.36938185374946,formed z,0.6,0.8,44.99999999999999,20.0,120.00000000000001,350.0,AA2024-T3,AA2024-T3,854056.151629837
49.02220119769303,94.36938185374946,z,0.6,0.9000000000000001,44.99999999999999,20.0,120.00000000000001,350.0,AA2024-T3,AA2024-T3,854056.151629837
49.02220119769303,94.36938185374946,j,0.6,0.8,44.99999999999999,20.0,120.00000000000001,350.0,AA2024-T3,AA2024-T3,854056.151629837
49.02220119769303,94.36938185374946,j,0.6,0.9000000000000001,44.99999999999999,20.0,120.00000000000001,350.0,AA2024-T3,AA2024-T3,854056.151629837
49.02220119769303,94.36938185374946,formed z,0.6,0.9000000000000001,44.99999999999999,20.0,120.00000000000001,350.0,AA2024-T3,AA2024-T3,854056.151629837
49.02778523311825,93.75122062402703,formed z,0.6,0.9000000000000001,49.99999999999999,20.0,140.0,300.0,AA2024-T3,AA2024-T3,11037.911066264714
49.02778523311825,93.75122062402703,z,0.6,0.9000000000000001,49.99999999999999,20.0,140.0,300.0,AA2024-T3,AA2024-T3,11037.911066264714
49.02778523311825,93.75122062402703,j,0.6,0.8,49.99999999999999,20.0,140.0,300.0,AA2024-T3,AA2024-T3,11037.911066264716
49.02778523311825,93.75122062402703,z,0.6,0.8,49.99999999999999,20.0,140.0,300.0,AA2024-T3,AA2024-T3,11037.911066264714
49.02778523311825,93.75122062402703,formed z,0.6,0.8,49.99999999999999,20.0,140.0,300.0,AA2024-T3,AA2024-T3,11037.911066264714
49.02778523311825,93.75122062402703,j,0.6,0.9000000000000001,49.99999999999999,20.0,140.0,300.0,AA2024-T3,AA2024-T3,11037.911066264714
49.08178978336953,125.90682492881594,j,0.7999999999999999,0.9000000000000001,35.0,20.0,200.0,350.0,AA2024-T3,AA2024-T3,9784.133346112161
49.08178978336953,125.90682492881594,j,0.7999999999999999,0.8,35.0,20.0,200.0,350.0,AA2024-T3,AA2024-T3,9784.133346112161
49.08178978336953,125.90682492881594,z,0.7999999999999999,0.8,35.0,20.0,200.0,350.0,AA2024-T3,AA2024-T3,9784.133346112161
49.08178978336953,125.90682492881594,formed z,0.7999999999999999,0.8,35.0,20.0,200.0,350.0,AA2024-T3,AA2024-T3,9784.133346112161
49.08178978336953,125.90682492881594,formed z,0.7999999999999999,0.9000000000000001,35.0,20.0,200.0,350.0,AA2024-T3,AA2024-T3,9784.133346112161
49.08178978336953,125.90682492881594,z,0.7999999999999999,0.9000000000000001,35.0,20.0,200.0,350.0,AA2024-T3,AA2024-T3,9784.133346112161
49.089575298856055,110.90029809651055,formed z,0.6999999999999998,0.8,40.0,20.0,140.0,449.99999999999994,AA2024-T3,AA2024-T3,998032.4868657981
49.089575298856055,110.90029809651055,z,0.6999999999999998,0.9000000000000001,40.0,20.0,140.0,449.99999999999994,AA2024-T3,AA2024-T3,998032.4868657981
49.089575298856055,110.90029809651055,formed z,0.6999999999999998,0.9000000000000001,40.0,20.0,140.0,449.99999999999994,AA2024-T3,AA2024-T3,998032.4868657981
49.089575298856055,110.90029809651055,j,0.6999999999999998,0.8,40.0,20.0,140.0,449.99999999999994,AA2024-T3,AA2024-T3,998032.4868657981
49.089575298856055,110.90029809651055,z,0.6999999999999998,0.8,40.0,20.0,140.0,449.99999999999994,AA2024-T3,AA2024-T3,998032.4868657981
49.089575298856055,110.90029809651055,j,0.6999999999999998,0.9000000000000001,40.0,20.0,140.0,449.99999999999994,AA2024-T3,AA2024-T3,998032.4868657981
49.157276764368255,93.88402638659387,formed z,0.6,0.8,65.0,20.0,180.00000000000003,300.0,AA2024-T3,AA2024-T3,8854.875247790087
49.157276764368255,93.88402638659387,j,0.6,0.9000000000000001,65.0,20.0,180.00000000000003,300.0,AA2024-T3,AA2024-T3,8854.875247790087
49.157276764368255,93.88402638659387,formed z,0.6,0.9000000000000001,65.0,20.0,180.00000000000003,300.0,AA2024-T3,AA2024-T3,8854.875247790085
49.157276764368255,93.88402638659387,j,0.6,0.8,65.0,20.0,180.00000000000003,300.0,AA2024-T3,AA2024-T3,8854.875247790087
49.157276764368255,93.88402638659387,z,0.6,0.8,65.0,20.0,180.00000000000003,300.0,AA2024-T3,AA2024-T3,8854.875247790085
49.157276764368255,93.88402638659387,z,0.6,0.9000000000000001,65.0,20.0,180.00000000000003,300.0,AA2024-T3,AA2024-T3,8854.875247790087
49.1756398130539,63.22372731152976,j,0.39999999999999997,0.9000000000000001,70.0,20.0,120.00000000000001,399.99999999999994,AA2024-T3,AA2024-T3,10304.571875771922
49.1756398130539,63.22372731152976,z,0.39999999999999997,0.8,70.0,20.0,120.00000000000001,399.99999999999994,AA2024-T3,AA2024-T3,10087.543095481165
49.1756398130539,63.22372731152976,formed z,0.39999999999999997,0.8,70.0,20.0,120.00000000000001,399.99999999999994,AA2024-T3,AA2024-T3,10304.571875771922
49.1756398130539,63.22372731152976,formed z,0.39999999999999997,0.9000000000000001,70.0,20.0,120.00000000000001,399.99999999999994,AA2024-T3,AA2024-T3,10304.571875771922
49.1756398130539,63.22372731152976,z,0.39999999999999997,0.9000000000000001,70.0,20.0,120.00000000000001,399.99999999999994,AA2024-T3,AA2024-T3,10304.571875771922
49.1756398130539,63.22372731152976,j,0.39999999999999997,0.8,70.0,20.0,120.00000000000001,399.99999999999994,AA2024-T3,AA2024-T3,10304.571875771922
49.17590298635605,111.00219746135197,j,0.6999999999999998,0.9000000000000001,35.0,20.0,120.00000000000001,449.99999999999994,AA2024-T3,AA2024-T3,793706.208496769
49.17590298635605,111.00219746135197,z,0.6999999999999998,0.9000000000000001,35.0,20.0,120.00000000000001,449.99999999999994,AA2024-T3,AA2024-T3,793706.208496769
49.17590298635605,111.00219746135197,formed z,0.6999999999999998,0.9000000000000001,35.0,20.0,120.00000000000001,449.99999999999994,AA2024-T3,AA2024-T3,793706.208496769
49.17590298635605,111.00219746135197,formed z,0.6999999999999998,0.8,35.0,20.0,120.00000000000001,449.99999999999994,AA2024-T3,AA2024-T3,793706.208496769
49.17590298635605,111.00219746135197,j,0.6999999999999998,0.8,35.0,20.0,120.00000000000001,449.99999999999994,AA2024-T3,AA2024-T3,793706.208496769
49.17590298635605,111.00219746135197,z,0.6999999999999998,0.8,35.0,20.0,120.00000000000001,449.99999999999994,AA2024-T3,AA2024-T3,793706.208496769
49.17869500406867,110.64513911378903,j,0.6999999999999998,0.8,44.99999999999999,20.0,160.00000000000003,399.99999999999994,AA2024-T3,AA2024-T3,11400.080723244215
49.17869500406867,110.64513911378903,z,0.6999999999999998,0.9000000000000001,44.99999999999999,20.0,160.00000000000003,399.99999999999994,AA2024-T3,AA2024-T3,11400.080723244218
49.17869500406867,110.64513911378903,formed z,0.6999999999999998,0.8,44.99999999999999,20.0,160.00000000000003,399.99999999999994,AA2024-T3,AA2024-T3,11400.080723244217
49.17869500406867,110.64513911378903,formed z,0.6999999999999998,0.9000000000000001,44.99999999999999,20.0,160.00000000000003,399.99999999999994,AA2024-T3,AA2024-T3,11400.080723244215
49.17869500406867,110.64513911378903,z,0.6999999999999998,0.8,44.99999999999999,20.0,160.00000000000003,399.99999999999994,AA2024-T3,AA2024-T3,11400.080723244217
49.17869500406867,110.64513911378903,j,0.6999999999999998,0.9000000000000001,44.99999999999999,20.0,160.00000000000003,399.99999999999994,AA2024-T3,AA2024-T3,11400.080723244215
49.18148702178128,110.28692478154642,formed z,0.6999999999999998,0.9000000000000001,54.99999999999999,20.0,200.0,350.0,AA2024-T3,AA2024-T3,8829.875954416344
49.18148702178128,110.28692478154642,z,0.6999999999999998,0.9000000000000001,54.99999999999999,20.0,200.0,350.0,AA2024-T3,AA2024-T3,8829.875954416344
49.18148702178128,110.28692478154642,j,0.6999999999999998,0.8,54.99999999999999,20.0,200.0,350.0,AA2024-T3,AA2024-T3,8829.875954416344
49.18148702178128,110.28692478154642,z,0.6999999999999998,0.8,54.99999999999999,20.0,200.0,350.0,AA2024-T3,AA2024-T3,8829.875954416344
49.18148702178128,110.28692478154642,j,0.6999999999999998,0.9000000000000001,54.99999999999999,20.0,200.0,350.0,AA2024-T3,AA2024-T3,8829.875954416344
49.18148702178128,110.28692478154642,formed z,0.6999999999999998,0.8,54.99999999999999,20.0,200.0,350.0,AA2024-T3,AA2024-T3,8829.875954416344
49.26781470928128,110.38939034673825,formed z,0.6999999999999998,0.8,49.99999999999999,20.0,180.00000000000003,350.0,AA2024-T3,AA2024-T3,9865.41017945865
49.26781470928128,110.38939034673825,z,0.6999999999999998,0.8,49.99999999999999,20.0,180.00000000000003,350.0,AA2024-T3,AA2024-T3,9865.41017945865
49.26781470928128,110.38939034673825,formed z,0.6999999999999998,0.9000000000000001,49.99999999999999,20.0,180.00000000000003,350.0,AA2024-T3,AA2024-T3,9865.41017945865
49.26781470928128,110.38939034673825,j,0.6999999999999998,0.8,49.99999999999999,20.0,180.00000000000003,350.0,AA2024-T3,AA2024-T3,9865.41017945865
49.26781470928128,110.38939034673825,j,0.6999999999999998,0.9000000000000001,49.99999999999999,20.0,180.00000000000003,350.0,AA2024-T3,AA2024-T3,9865.41017945865
49.26781470928128,110.38939034673825,z,0.6999999999999998,0.9000000000000001,49.99999999999999,20.0,180.00000000000003,350.0,AA2024-T3,AA2024-T3,9865.41017945865
49.2756002247678,95.24551001779511,formed z,0.6,0.8,70.0,20.0,180.00000000000003,449.99999999999994,AA2024-T3,AA2024-T3,9219.539451886409
49.2756002247678,95.24551001779511,z,0.6,0.8,70.0,20.0,180.00000000000003,449.99999999999994,AA2024-T3,AA2024-T3,9042.776081253878
49.2756002247678,95.24551001779511,z,0.6,0.9000000000000001,70.0,20.0,180.00000000000003,449.99999999999994,AA2024-T3,AA2024-T3,9219.539451886409
49.2756002247678,95.24551001779511,j,0.6,0.9000000000000001,70.0,20.0,180.00000000000003,449.99999999999994,AA2024-T3,AA2024-T3,9219.539451886409
49.2756002247678,95.24551001779511,formed z,0.6,0.9000000000000001,70.0,20.0,180.00000000000003,449.99999999999994,AA2024-T3,AA2024-T3,9219.539451886409
49.2756002247678,95.24551001779511,j,0.6,0.8,70.0,20.0,180.00000000000003,449.99999999999994,AA2024-T3,AA2024-T3,9219.539451886409
49.28118426019303,94.63307199698274,formed z,0.6,0.9000000000000001,59.99999999999999,20.0,160.00000000000003,350.0,AA2024-T3,AA2024-T3,9931.523352656273
49.28118426019303,94.63307199698274,j,0.6,0.9000000000000001,59.99999999999999,20.0,160.00000000000003,350.0,AA2024-T3,AA2024-T3,9931.523352656273
49.28118426019303,94.63307199698274,j,0.6,0.8,59.99999999999999,20.0,160.00000000000003,350.0,AA2024-T3,AA2024-T3,9931.523352656273
49.28118426019303,94.63307199698274,formed z,0.6,0.8,59.99999999999999,20.0,160.00000000000003,350.0,AA2024-T3,AA2024-T3,9931.523352656273
49.28118426019303,94.63307199698274,z,0.6,0.9000000000000001,59.99999999999999,20.0,160.00000000000003,350.0,AA2024-T3,AA2024-T3,9931.523352656273
49.28118426019303,94.63307199698274,z,0.6,0.8,59.99999999999999,20.0,160.00000000000003,350.0,AA2024-T3,AA2024-T3,9931.523352656273
49.3783526541943,127.1323412756393,j,0.7999999999999999,0.9000000000000001,35.0,20.0,180.00000000000003,449.99999999999994,AA2024-T3,AA2024-T3,11627.05660745278
49.3783526541943,127.1323412756393,j,0.7999999999999999,0.8,35.0,20.0,180.00000000000003,449.99999999999994,AA2024-T3,AA2024-T3,11627.05660745278
49.3783526541943,127.1323412756393,formed z,0.7999999999999999,0.8,35.0,20.0,180.00000000000003,449.99999999999994,AA2024-T3,AA2024-T3,11627.05660745278
49.3783526541943,127.1323412756393,z,0.7999999999999999,0.8,35.0,20.0,180.00000000000003,449.99999999999994,AA2024-T3,AA2024-T3,11627.05660745278
49.3783526541943,127.1323412756393,formed z,0.7999999999999999,0.9000000000000001,35.0,20.0,180.00000000000003,449.99999999999994,AA2024-T3,AA2024-T3,11627.05660745278
49.3783526541943,127.1323412756393,z,0.7999999999999999,0.9000000000000001,35.0,20.0,180.00000000000003,449.99999999999994,AA2024-T3,AA2024-T3,11627.05660745278
49.39451422281867,110.90029809651055,formed z,0.6999999999999998,0.9000000000000001,40.0,20.0,140.0,399.99999999999994,AA2024-T3,AA2024-T3,998032.4868657981
49.39451422281867,110.90029809651055,j,0.6999999999999998,0.8,40.0,20.0,140.0,399.99999999999994,AA2024-T3,AA2024-T3,998032.4868657981
49.39451422281867,110.90029809651055,formed z,0.6999999999999998,0.8,40.0,20.0,140.0,399.99999999999994,AA2024-T3,AA2024-T3,998032.4868657981
49.39451422281867,110.90029809651055,z,0.6999999999999998,0.9000000000000001,40.0,20.0,140.0,399.99999999999994,AA2024-T3,AA2024-T3,998032.4868657981
49.39451422281867,110.90029809651055,j,0.6999999999999998,0.9000000000000001,40.0,20.0,140.0,399.99999999999994,AA2024-T3,AA2024-T3,998032.4868657981
49.39451422281867,110.90029809651055,z,0.6999999999999998,0.8,40.0,20.0,140.0,399.99999999999994,AA2024-T3,AA2024-T3,998032.4868657981
49.472793221530004,78.5056953285892,j,0.5,0.9000000000000001,65.0,20.0,140.0,300.0,AA2024-T3,AA2024-T3,9932.526151436072
49.472793221530004,78.5056953285892,j,0.5,0.8,65.0,20.0,140.0,300.0,AA2024-T3,AA2024-T3,9932.526151436074
49.472793221530004,78.5056953285892,formed z,0.5,0.9000000000000001,65.0,20.0,140.0,300.0,AA2024-T3,AA2024-T3,9932.526151436068
49.472793221530004,78.5056953285892,z,0.5,0.9000000000000001,65.0,20.0,140.0,300.0,AA2024-T3,AA2024-T3,9932.526151436072
49.472793221530004,78.5056953285892,z,0.5,0.8,65.0,20.0,140.0,300.0,AA2024-T3,AA2024-T3,9932.526151436068
49.472793221530004,78.5056953285892,formed z,0.5,0.8,65.0,20.0,140.0,300.0,AA2024-T3,AA2024-T3,9932.526151436072
49.48057873701651,63.22372731152976,formed z,0.39999999999999997,0.9000000000000001,70.0,20.0,120.00000000000001,350.0,AA2024-T3,AA2024-T3,10304.571875771922
49.48057873701651,63.22372731152976,z,0.39999999999999997,0.9000000000000001,70.0,20.0,120.00000000000001,350.0,AA2024-T3,AA2024-T3,10304.571875771922
49.48057873701651,63.22372731152976,j,0.39999999999999997,0.8,70.0,20.0,120.00000000000001,350.0,AA2024-T3,AA2024-T3,10304.571875771922
49.48057873701651,63.22372731152976,z,0.39999999999999997,0.8,70.0,20.0,120.00000000000001,350.0,AA2024-T3,AA2024-T3,10111.14404071573
49.48057873701651,63.22372731152976,j,0.39999999999999997,0.9000000000000001,70.0,20.0,120.00000000000001,350.0,AA2024-T3,AA2024-T3,10304.571875771922
49.48057873701651,63.22372731152976,formed z,0.39999999999999997,0.8,70.0,20.0,120.00000000000001,350.0,AA2024-T3,AA2024-T3,10304.571875771922
49.480841910318674,111.00219746135197,j,0.6999999999999998,0.8,35.0,20.0,120.00000000000001,399.99999999999994,AA2024-T3,AA2024-T3,793706.208496769
49.480841910318674,111.00219746135197,j,0.6999999999999998,0.9000000000000001,35.0,20.0,120.00000000000001,399.99999999999994,AA2024-T3,AA2024-T3,793706.208496769
49.480841910318674,111.00219746135197,formed z,0.6999999999999998,0.8,35.0,20.0,120.00000000000001,399.99999999999994,AA2024-T3,AA2024-T3,793706.208496769
49.480841910318674,111.00219746135197,z,0.6999999999999998,0.8,35.0,20.0,120.00000000000001,399.99999999999994,AA2024-T3,AA2024-T3,793706.208496769
49.480841910318674,111.00219746135197,z,0.6999999999999998,0.9000000000000001,35.0,20.0,120.00000000000001,399.99999999999994,AA2024-T3,AA2024-T3,793706.208496769
49.480841910318674,111.00219746135197,formed z,0.6999999999999998,0.9000000000000001,35.0,20.0,120.00000000000001,399.99999999999994,AA2024-T3,AA2024-T3,793706.208496769
49.48363392803128,110.64513911378903,z,0.6999999999999998,0.9000000000000001,44.99999999999999,20.0,160.00000000000003,350.0,AA2024-T3,AA2024-T3,11400.080723244218
49.48363392803128,110.64513911378903,formed z,0.6999999999999998,0.8,44.99999999999999,20.0,160.00000000000003,350.0,AA2024-T3,AA2024-T3,11400.080723244217
49.48363392803128,110.64513911378903,j,0.6999999999999998,0.8,44.99999999999999,20.0,160.00000000000003,350.0,AA2024-T3,AA2024-T3,11400.080723244215
49.48363392803128,110.64513911378903,formed z,0.6999999999999998,0.9000000000000001,44.99999999999999,20.0,160.00000000000003,350.0,AA2024-T3,AA2024-T3,11400.080723244215
49.48363392803128,110.64513911378903,z,0.6999999999999998,0.8,44.99999999999999,20.0,160.00000000000003,350.0,AA2024-T3,AA2024-T3,11400.080723244217
49.48363392803128,110.64513911378903,j,0.6999999999999998,0.9000000000000001,44.99999999999999,20.0,160.00000000000003,350.0,AA2024-T3,AA2024-T3,11400.080723244215
49.5345832872678,95.50678123922536,z,0.6,0.9000000000000001,40.0,20.0,100.0,449.99999999999994,AA2024-T3,AA2024-T3,618106.5634387183
49.5345832872678,95.50678123922536,j,0.6,0.8,40.0,20.0,100.0,449.99999999999994,AA2024-T3,AA2024-T3,618106.5634387183
49.5345832872678,95.50678123922536,z,0.6,0.8,40.0,20.0,100.0,449.99999999999994,AA2024-T3,AA2024-T3,618106.5634387183
49.5345832872678,95.50678123922536,j,0.6,0.9000000000000001,54.99999999999999,20.0,140.0,449.99999999999994,AA2024-T3,AA2024-T3,11509.20643286792
49.5345832872678,95.50678123922536,j,0.6,0.9000000000000001,40.0,20.0,100.0,449.99999999999994,AA2024-T3,AA2024-T3,618106.5634387183
49.5345832872678,95.50678123922536,z,0.6,0.8,54.99999999999999,20.0,140.0,449.99999999999994,AA2024-T3,AA2024-T3,11509.20643286792
49.5345832872678,95.50678123922536,formed z,0.6,0.9000000000000001,54.99999999999999,20.0,140.0,449.99999999999994,AA2024-T3,AA2024-T3,11509.20643286792
49.5345832872678,95.50678123922536,j,0.6,0.8,54.99999999999999,20.0,140.0,449.99999999999994,AA2024-T3,AA2024-T3,11509.20643286792
49.5345832872678,95.50678123922536,z,0.6,0.9000000000000001,54.99999999999999,20.0,140.0,449.99999999999994,AA2024-T3,AA2024-T3,11509.20643286792
49.5345832872678,95.50678123922536,formed z,0.6,0.8,54.99999999999999,20.0,140.0,449.99999999999994,AA2024-T3,AA2024-T3,11509.20643286792
49.5345832872678,95.50678123922536,formed z,0.6,0.8,40.0,20.0,100.0,449.99999999999994,AA2024-T3,AA2024-T3,618106.5634387183
49.5345832872678,95.50678123922536,formed z,0.6,0.9000000000000001,40.0,20.0,100.0,449.99999999999994,AA2024-T3,AA2024-T3,618106.5634387188
49.54795283817955,79.6002079284043,formed z,0.5,0.8,49.99999999999999,20.0,100.0,449.99999999999994,AA2024-T3,AA2024-T3,713362.2426383223
49.54795283817955,79.6002079284043,z,0.5,0.8,49.99999999999999,20.0,100.0,449.99999999999994,AA2024-T3,AA2024-T3,713362.2426383223
49.54795283817955,79.6002079284043,j,0.5,0.8,49.99999999999999,20.0,100.0,449.99999999999994,AA2024-T3,AA2024-T3,713362.2426383223
49.54795283817955,79.6002079284043,formed z,0.5,0.9000000000000001,49.99999999999999,20.0,100.0,449.99999999999994,AA2024-T3,AA2024-T3,713362.2426383223
49.54795283817955,79.6002079284043,z,0.5,0.9000000000000001,49.99999999999999,20.0,100.0,449.99999999999994,AA2024-T3,AA2024-T3,713362.2426383223
49.54795283817955,79.6002079284043,j,0.5,0.9000000000000001,49.99999999999999,20.0,100.0,449.99999999999994,AA2024-T3,AA2024-T3,713362.2426383223
49.56132238909129,63.68914392679814,formed z,0.39999999999999997,0.8,59.99999999999999,20.0,100.0,449.99999999999994,AA2024-T3,AA2024-T3,11475.567013501817
49.56132238909129,63.68914392679814,z,0.39999999999999997,0.9000000000000001,59.99999999999999,20.0,100.0,449.99999999999994,AA2024-T3,AA2024-T3,11475.567013501817
49.56132238909129,63.68914392679814,j,0.39999999999999997,0.9000000000000001,59.99999999999999,20.0,100.0,449.99999999999994,AA2024-T3,AA2024-T3,11475.567013501815
49.56132238909129,63.68914392679814,formed z,0.39999999999999997,0.9000000000000001,59.99999999999999,20.0,100.0,449.99999999999994,AA2024-T3,AA2024-T3,11475.567013501815
49.56132238909129,63.68914392679814,j,0.39999999999999997,0.8,59.99999999999999,20.0,100.0,449.99999999999994,AA2024-T3,AA2024-T3,11475.567013501815
49.56132238909129,63.68914392679814,z,0.39999999999999997,0.8,59.99999999999999,20.0,100.0,449.99999999999994,AA2024-T3,AA2024-T3,11475.567013501815
49.57469194000303,47.7735901841822,formed z,0.3,0.8,70.0,20.0,100.0,449.99999999999994,AA2024-T3,AA2024-T3,10783.005188279098
49.57469194000303,47.7735901841822,z,0.3,0.9000000000000001,70.0,20.0,100.0,449.99999999999994,AA2024-T3,AA2024-T3,10783.005188279096
49.57469194000303,47.7735901841822,j,0.3,0.9000000000000001,70.0,20.0,100.0,449.99999999999994,AA2024-T3,AA2024-T3,10783.005188279098
49.57469194000303,47.7735901841822,formed z,0.3,0.9000000000000001,70.0,20.0,100.0,449.99999999999994,AA2024-T3,AA2024-T3,10783.005188279098
49.57469194000303,47.7735901841822,j,0.3,0.8,70.0,20.0,100.0,449.99999999999994,AA2024-T3,AA2024-T3,10783.005188279098
49.57469194000303,47.7735901841822,z,0.3,0.8,70.0,20.0,100.0,449.99999999999994,AA2024-T3,AA2024-T3,10502.93802520157
49.58053914873041,95.24551001779511,j,0.6,0.8,70.0,20.0,180.00000000000003,399.99999999999994,AA2024-T3,AA2024-T3,9219.539451886409
49.58053914873041,95.24551001779511,z,0.6,0.9000000000000001,70.0,20.0,180.00000000000003,399.99999999999994,AA2024-T3,AA2024-T3,9219.539451886409
49.58053914873041,95.24551001779511,j,0.6,0.9000000000000001,70.0,20.0,180.00000000000003,399.99999999999994,AA2024-T3,AA2024-T3,9219.539451886409
49.58053914873041,95.24551001779511,formed z,0.6,0.9000000000000001,70.0,20.0,180.00000000000003,399.99999999999994,AA2024-T3,AA2024-T3,9219.539451886409
49.58053914873041,95.24551001779511,formed z,0.6,0.8,70.0,20.0,180.00000000000003,399.99999999999994,AA2024-T3,AA2024-T3,9219.539451886409
49.58053914873041,95.24551001779511,z,0.6,0.8,70.0,20.0,180.00000000000003,399.99999999999994,AA2024-T3,AA2024-T3,9060.22918407395
49.632079045618255,94.36938185374946,formed z,0.6,0.8,44.99999999999999,20.0,120.00000000000001,300.0,AA2024-T3,AA2024-T3,854056.151629837
49.632079045618255,94.36938185374946,formed z,0.6,0.9000000000000001,44.99999999999999,20.0,120.00000000000001,300.0,AA2024-T3,AA2024-T3,854056.151629837
49.632079045618255,94.36938185374946,j,0.6,0.9000000000000001,44.99999999999999,20.0,120.00000000000001,300.0,AA2024-T3,AA2024-T3,854056.151629837
49.632079045618255,94.36938185374946,z,0.6,0.8,44.99999999999999,20.0,120.00000000000001,300.0,AA2024-T3,AA2024-T3,854056.151629837
49.632079045618255,94.36938185374946,j,0.6,0.8,44.99999999999999,20.0,120.00000000000001,300.0,AA2024-T3,AA2024-T3,854056.151629837
49.632079045618255,94.36938185374946,z,0.6,0.9000000000000001,44.99999999999999,20.0,120.00000000000001,300.0,AA2024-T3,AA2024-T3,854056.151629837
49.63428052567954,79.6726408235173,j,0.5,0.9000000000000001,59.99999999999999,20.0,120.00000000000001,449.99999999999994,AA2024-T3,AA2024-T3,11499.833107426115
49.63428052567954,79.6726408235173,formed z,0.5,0.9000000000000001,59.99999999999999,20.0,120.00000000000001,449.99999999999994,AA2024-T3,AA2024-T3,11499.833107426115
49.63428052567954,79.6726408235173,j,0.5,0.8,59.99999999999999,20.0,120.00000000000001,449.99999999999994,AA2024-T3,AA2024-T3,11499.833107426115
49.63428052567954,79.6726408235173,formed z,0.5,0.8,59.99999999999999,20.0,120.00000000000001,449.99999999999994,AA2024-T3,AA2024-T3,11499.833107426115
49.63428052567954,79.6726408235173,z,0.5,0.8,59.99999999999999,20.0,120.00000000000001,449.99999999999994,AA2024-T3,AA2024-T3,11499.833107426115
49.63428052567954,79.6726408235173,z,0.5,0.9000000000000001,59.99999999999999,20.0,120.00000000000001,449.99999999999994,AA2024-T3,AA2024-T3,11499.833107426115
49.680499560444304,127.5382298623266,j,0.7999999999999999,0.9000000000000001,40.0,20.0,200.0,449.99999999999994,AA2024-T3,AA2024-T3,10113.287158735307
49.680499560444304,127.5382298623266,z,0.7999999999999999,0.8,40.0,20.0,200.0,449.99999999999994,AA2024-T3,AA2024-T3,10113.287158735307
49.680499560444304,127.5382298623266,formed z,0.7999999999999999,0.8,40.0,20.0,200.0,449.99999999999994,AA2024-T3,AA2024-T3,10113.287158735307
49.680499560444304,127.5382298623266,formed z,0.7999999999999999,0.9000000000000001,40.0,20.0,200.0,449.99999999999994,AA2024-T3,AA2024-T3,10113.287158735307
49.680499560444304,127.5382298623266,z,0.7999999999999999,0.9000000000000001,40.0,20.0,200.0,449.99999999999994,AA2024-T3,AA2024-T3,10113.287158735307
49.680499560444304,127.5382298623266,j,0.7999999999999999,0.8,40.0,20.0,200.0,449.99999999999994,AA2024-T3,AA2024-T3,10113.287158735307
49.683291578156926,127.1323412756393,j,0.7999999999999999,0.9000000000000001,35.0,20.0,180.00000000000003,399.99999999999994,AA2024-T3,AA2024-T3,11627.05660745278
49.683291578156926,127.1323412756393,j,0.7999999999999999,0.8,35.0,20.0,180.00000000000003,399.99999999999994,AA2024-T3,AA2024-T3,11627.05660745278
49.683291578156926,127.1323412756393,formed z,0.7999999999999999,0.8,35.0,20.0,180.00000000000003,399.99999999999994,AA2024-T3,AA2024-T3,11627.05660745278
49.683291578156926,127.1323412756393,z,0.7999999999999999,0.8,35.0,20.0,180.00000000000003,399.99999999999994,AA2024-T3,AA2024-T3,11627.05660745278
49.683291578156926,127.1323412756393,formed z,0.7999999999999999,0.9000000000000001,35.0,20.0,180.00000000000003,399.99999999999994,AA2024-T3,AA2024-T3,11627.05660745278
49.683291578156926,127.1323412756393,z,0.7999999999999999,0.9000000000000001,35.0,20.0,180.00000000000003,399.99999999999994,AA2024-T3,AA2024-T3,11627.05660745278
49.69166763129476,125.90682492881594,formed z,0.7999999999999999,0.9000000000000001,35.0,20.0,200.0,300.0,AA2024-T3,AA2024-T3,9784.133346112161
49.69166763129476,125.90682492881594,formed z,0.7999999999999999,0.8,35.0,20.0,200.0,300.0,AA2024-T3,AA2024-T3,9784.133346112161
49.69166763129476,125.90682492881594,z,0.7999999999999999,0.9000000000000001,35.0,20.0,200.0,300.0,AA2024-T3,AA2024-T3,9784.133346112161
49.69166763129476,125.90682492881594,j,0.7999999999999999,0.9000000000000001,35.0,20.0,200.0,300.0,AA2024-T3,AA2024-T3,9784.133346112161
49.69166763129476,125.90682492881594,j,0.7999999999999999,0.8,35.0,20.0,200.0,300.0,AA2024-T3,AA2024-T3,9784.133346112161
49.69166763129476,125.90682492881594,z,0.7999999999999999,0.8,35.0,20.0,200.0,300.0,AA2024-T3,AA2024-T3,9784.133346112161
49.69945314678128,110.90029809651055,formed z,0.6999999999999998,0.9000000000000001,40.0,20.0,140.0,350.0,AA2024-T3,AA2024-T3,998032.4868657981
49.69945314678128,110.90029809651055,z,0.6999999999999998,0.9000000000000001,40.0,20.0,140.0,350.0,AA2024-T3,AA2024-T3,998032.4868657981
49.69945314678128,110.90029809651055,z,0.6999999999999998,0.8,40.0,20.0,140.0,350.0,AA2024-T3,AA2024-T3,998032.4868657981
49.69945314678128,110.90029809651055,j,0.6999999999999998,0.9000000000000001,40.0,20.0,140.0,350.0,AA2024-T3,AA2024-T3,998032.4868657981
49.69945314678128,110.90029809651055,formed z,0.6999999999999998,0.8,40.0,20.0,140.0,350.0,AA2024-T3,AA2024-T3,998032.4868657981
49.69945314678128,110.90029809651055,j,0.6999999999999998,0.8,40.0,20.0,140.0,350.0,AA2024-T3,AA2024-T3,998032.4868657981
49.78019679885605,111.71289050386024,j,0.6999999999999998,0.8,59.99999999999999,20.0,200.0,449.99999999999994,AA2024-T3,AA2024-T3,9158.812865429603
49.78019679885605,111.71289050386024,z,0.6999999999999998,0.8,59.99999999999999,20.0,200.0,449.99999999999994,AA2024-T3,AA2024-T3,9158.812865429603
49.78019679885605,111.71289050386024,formed z,0.6999999999999998,0.8,59.99999999999999,20.0,200.0,449.99999999999994,AA2024-T3,AA2024-T3,9158.812865429605
49.78019679885605,111.71289050386024,z,0.6999999999999998,0.9000000000000001,59.99999999999999,20.0,200.0,449.99999999999994,AA2024-T3,AA2024-T3,9158.812865429605
49.78019679885605,111.71289050386024,formed z,0.6999999999999998,0.9000000000000001,59.99999999999999,20.0,200.0,449.99999999999994,AA2024-T3,AA2024-T3,9158.812865429603
49.78019679885605,111.71289050386024,j,0.6999999999999998,0.9000000000000001,59.99999999999999,20.0,200.0,449.99999999999994,AA2024-T3,AA2024-T3,9158.812865429603
49.78578083428128,111.00219746135197,j,0.6999999999999998,0.9000000000000001,35.0,20.0,120.00000000000001,350.0,AA2024-T3,AA2024-T3,793706.208496769
49.78578083428128,111.00219746135197,z,0.6999999999999998,0.9000000000000001,35.0,20.0,120.00000000000001,350.0,AA2024-T3,AA2024-T3,793706.208496769
49.78578083428128,111.00219746135197,z,0.6999999999999998,0.8,35.0,20.0,120.00000000000001,350.0,AA2024-T3,AA2024-T3,793706.208496769
49.78578083428128,111.00219746135197,formed z,0.6999999999999998,0.8,35.0,20.0,120.00000000000001,350.0,AA2024-T3,AA2024-T3,793706.208496769
49.78578083428128,111.00219746135197,formed z,0.6999999999999998,0.9000000000000001,35.0,20.0,120.00000000000001,350.0,AA2024-T3,AA2024-T3,793706.208496769
49.78578083428128,111.00219746135197,j,0.6999999999999998,0.8,35.0,20.0,120.00000000000001,350.0,AA2024-T3,AA2024-T3,793706.208496769
49.791364869706506,110.28692478154642,z,0.6999999999999998,0.9000000000000001,54.99999999999999,20.0,200.0,300.0,AA2024-T3,AA2024-T3,8829.875954416344
49.791364869706506,110.28692478154642,formed z,0.6999999999999998,0.9000000000000001,54.99999999999999,20.0,200.0,300.0,AA2024-T3,AA2024-T3,8829.875954416344
49.791364869706506,110.28692478154642,j,0.6999999999999998,0.9000000000000001,54.99999999999999,20.0,200.0,300.0,AA2024-T3,AA2024-T3,8829.875954416344
49.791364869706506,110.28692478154642,z,0.6999999999999998,0.8,54.99999999999999,20.0,200.0,300.0,AA2024-T3,AA2024-T3,8829.875954416344
49.791364869706506,110.28692478154642,j,0.6999999999999998,0.8,54.99999999999999,20.0,200.0,300.0,AA2024-T3,AA2024-T3,8829.875954416344
49.791364869706506,110.28692478154642,formed z,0.6999999999999998,0.8,54.99999999999999,20.0,200.0,300.0,AA2024-T3,AA2024-T3,8829.875954416344
49.83952221123042,95.50678123922536,formed z,0.6,0.9000000000000001,40.0,20.0,100.0,399.99999999999994,AA2024-T3,AA2024-T3,618106.5634387188
49.83952221123042,95.50678123922536,j,0.6,0.8,40.0,20.0,100.0,399.99999999999994,AA2024-T3,AA2024-T3,618106.5634387183
49.83952221123042,95.50678123922536,j,0.6,0.8,54.99999999999999,20.0,140.0,399.99999999999994,AA2024-T3,AA2024-T3,11509.20643286792
49.83952221123042,95.50678123922536,formed z,0.6,0.8,40.0,20.0,100.0,399.99999999999994,AA2024-T3,AA2024-T3,618106.5634387183
49.83952221123042,95.50678123922536,z,0.6,0.9000000000000001,54.99999999999999,20.0,140.0,399.99999999999994,AA2024-T3,AA2024-T3,11509.20643286792
49.83952221123042,95.50678123922536,z,0.6,0.9000000000000001,40.0,20.0,100.0,399.99999999999994,AA2024-T3,AA2024-T3,618106.5634387183
49.83952221123042,95.50678123922536,formed z,0.6,0.8,54.99999999999999,20.0,140.0,399.99999999999994,AA2024-T3,AA2024-T3,11509.20643286792
49.83952221123042,95.50678123922536,formed z,0.6,0.9000000000000001,54.99999999999999,20.0,140.0,399.99999999999994,AA2024-T3,AA2024-T3,11509.20643286792
49.83952221123042,95.50678123922536,j,0.6,0.9000000000000001,40.0,20.0,100.0,399.99999999999994,AA2024-T3,AA2024-T3,618106.5634387183
49.83952221123042,95.50678123922536,z,0.6,0.8,54.99999999999999,20.0,140.0,399.99999999999994,AA2024-T3,AA2024-T3,11509.20643286792
49.83952221123042,95.50678123922536,z,0.6,0.8,40.0,20.0,100.0,399.99999999999994,AA2024-T3,AA2024-T3,618106.5634387183
49.83952221123042,95.50678123922536,j,0.6,0.9000000000000001,54.99999999999999,20.0,140.0,399.99999999999994,AA2024-T3,AA2024-T3,11509.20643286792
49.852891762142164,79.6002079284043,z,0.5,0.9000000000000001,49.99999999999999,20.0,100.0,399.99999999999994,AA2024-T3,AA2024-T3,713362.2426383223
49.852891762142164,79.6002079284043,formed z,0.5,0.8,49.99999999999999,20.0,100.0,399.99999999999994,AA2024-T3,AA2024-T3,713362.2426383223
49.852891762142164,79.6002079284043,z,0.5,0.8,49.99999999999999,20.0,100.0,399.99999999999994,AA2024-T3,AA2024-T3,713362.2426383223
49.852891762142164,79.6002079284043,j,0.5,0.8,49.99999999999999,20.0,100.0,399.99999999999994,AA2024-T3,AA2024-T3,713362.2426383223
49.852891762142164,79.6002079284043,j,0.5,0.9000000000000001,49.99999999999999,20.0,100.0,399.99999999999994,AA2024-T3,AA2024-T3,713362.2426383223
49.852891762142164,79.6002079284043,formed z,0.5,0.9000000000000001,49.99999999999999,20.0,100.0,399.99999999999994,AA2024-T3,AA2024-T3,713362.2426383223
49.8662613130539,63.68914392679814,j,0.39999999999999997,0.8,59.99999999999999,20.0,100.0,399.99999999999994,AA2024-T3,AA2024-T3,11475.567013501815
49.8662613130539,63.68914392679814,z,0.39999999999999997,0.8,59.99999999999999,20.0,100.0,399.99999999999994,AA2024-T3,AA2024-T3,11475.567013501815
49.8662613130539,63.68914392679814,formed z,0.39999999999999997,0.9000000000000001,59.99999999999999,20.0,100.0,399.99999999999994,AA2024-T3,AA2024-T3,11475.567013501815
49.8662613130539,63.68914392679814,z,0.39999999999999997,0.9000000000000001,59.99999999999999,20.0,100.0,399.99999999999994,AA2024-T3,AA2024-T3,11475.567013501817
49.8662613130539,63.68914392679814,j,0.39999999999999997,0.9000000000000001,59.99999999999999,20.0,100.0,399.99999999999994,AA2024-T3,AA2024-T3,11475.567013501815
49.8662613130539,63.68914392679814,formed z,0.39999999999999997,0.8,59.99999999999999,20.0,100.0,399.99999999999994,AA2024-T3,AA2024-T3,11475.567013501817
49.87769255720651,110.38939034673825,j,0.6999999999999998,0.9000000000000001,49.99999999999999,20.0,180.00000000000003,300.0,AA2024-T3,AA2024-T3,9865.41017945865
49.87769255720651,110.38939034673825,z,0.6999999999999998,0.9000000000000001,49.99999999999999,20.0,180.00000000000003,300.0,AA2024-T3,AA2024-T3,9865.41017945865
49.87769255720651,110.38939034673825,formed z,0.6999999999999998,0.9000000000000001,49.99999999999999,20.0,180.00000000000003,300.0,AA2024-T3,AA2024-T3,9865.41017945865
49.87769255720651,110.38939034673825,z,0.6999999999999998,0.8,49.99999999999999,20.0,180.00000000000003,300.0,AA2024-T3,AA2024-T3,9865.41017945865
49.87769255720651,110.38939034673825,formed z,0.6999999999999998,0.8,49.99999999999999,20.0,180.00000000000003,300.0,AA2024-T3,AA2024-T3,9865.41017945865
49.87769255720651,110.38939034673825,j,0.6999999999999998,0.8,49.99999999999999,20.0,180.00000000000003,300.0,AA2024-T3,AA2024-T3,9865.41017945865
49.879630863965644,47.7735901841822,formed z,0.3,0.9000000000000001,70.0,20.0,100.0,399.99999999999994,AA2024-T3,AA2024-T3,10783.005188279098
49.879630863965644,47.7735901841822,formed z,0.3,0.8,70.0,20.0,100.0,399.99999999999994,AA2024-T3,AA2024-T3,10783.005188279098
49.879630863965644,47.7735901841822,j,0.3,0.9000000000000001,70.0,20.0,100.0,399.99999999999994,AA2024-T3,AA2024-T3,10783.005188279098
49.879630863965644,47.7735901841822,z,0.3,0.9000000000000001,70.0,20.0,100.0,399.99999999999994,AA2024-T3,AA2024-T3,10783.005188279096
49.879630863965644,47.7735901841822,z,0.3,0.8,70.0,20.0,100.0,399.99999999999994,AA2024-T3,AA2024-T3,10530.603292787915
49.879630863965644,47.7735901841822,j,0.3,0.8,70.0,20.0,100.0,399.99999999999994,AA2024-T3,AA2024-T3,10783.005188279098
49.885478072693026,95.24551001779511,j,0.6,0.9000000000000001,70.0,20.0,180.00000000000003,350.0,AA2024-T3,AA2024-T3,9219.539451886409
49.885478072693026,95.24551001779511,z,0.6,0.8,70.0,20.0,180.00000000000003,350.0,AA2024-T3,AA2024-T3,9077.550489167586
49.885478072693026,95.24551001779511,formed z,0.6,0.9000000000000001,70.0,20.0,180.00000000000003,350.0,AA2024-T3,AA2024-T3,9219.539451886409
49.885478072693026,95.24551001779511,j,0.6,0.8,70.0,20.0,180.00000000000003,350.0,AA2024-T3,AA2024-T3,9219.539451886409
49.885478072693026,95.24551001779511,formed z,0.6,0.8,70.0,20.0,180.00000000000003,350.0,AA2024-T3,AA2024-T3,9219.539451886409
49.885478072693026,95.24551001779511,z,0.6,0.9000000000000001,70.0,20.0,180.00000000000003,350.0,AA2024-T3,AA2024-T3,9219.539451886409
49.891062108118255,94.63307199698274,z,0.6,0.9000000000000001,59.99999999999999,20.0,160.00000000000003,300.0,AA2024-T3,AA2024-T3,9931.523352656273
49.891062108118255,94.63307199698274,z,0.6,0.8,59.99999999999999,20.0,160.00000000000003,300.0,AA2024-T3,AA2024-T3,9931.523352656273
49.891062108118255,94.63307199698274,j,0.6,0.9000000000000001,59.99999999999999,20.0,160.00000000000003,300.0,AA2024-T3,AA2024-T3,9931.523352656273
49.891062108118255,94.63307199698274,formed z,0.6,0.9000000000000001,59.99999999999999,20.0,160.00000000000003,300.0,AA2024-T3,AA2024-T3,9931.523352656273
49.891062108118255,94.63307199698274,formed z,0.6,0.8,59.99999999999999,20.0,160.00000000000003,300.0,AA2024-T3,AA2024-T3,9931.523352656273
49.891062108118255,94.63307199698274,j,0.6,0.8,59.99999999999999,20.0,160.00000000000003,300.0,AA2024-T3,AA2024-T3,9931.523352656273
49.93921944964216,79.6726408235173,z,0.5,0.8,59.99999999999999,20.0,120.00000000000001,399.99999999999994,AA2024-T3,AA2024-T3,11499.833107426115
49.93921944964216,79.6726408235173,j,0.5,0.8,59.99999999999999,20.0,120.00000000000001,399.99999999999994,AA2024-T3,AA2024-T3,11499.833107426115
49.93921944964216,79.6726408235173,j,0.5,0.9000000000000001,59.99999999999999,20.0,120.00000000000001,399.99999999999994,AA2024-T3,AA2024-T3,11499.833107426115
49.93921944964216,79.6726408235173,formed z,0.5,0.9000000000000001,59.99999999999999,20.0,120.00000000000001,399.99999999999994,AA2024-T3,AA2024-T3,11499.833107426115
49.93921944964216,79.6726408235173,formed z,0.5,0.8,59.99999999999999,20.0,120.00000000000001,399.99999999999994,AA2024-T3,AA2024-T3,11499.833107426115
49.93921944964216,79.6726408235173,z,0.5,0.9000000000000001,59.99999999999999,20.0,120.00000000000001,399.99999999999994,AA2024-T3,AA2024-T3,11499.833107426115
49.979591275679546,79.96171627713589,j,0.5,0.9000000000000001,70.0,20.0,140.0,449.99999999999994,AA2024-T3,AA2024-T3,10403.462400619852
49.979591275679546,79.96171627713589,formed z,0.5,0.8,70.0,20.0,140.0,449.99999999999994,AA2024-T3,AA2024-T3,10403.462400619852
49.979591275679546,79.96171627713589,z,0.5,0.8,70.0,20.0,140.0,449.99999999999994,AA2024-T3,AA2024-T3,10189.224470161153
49.979591275679546,79.96171627713589,j,0.5,0.8,70.0,20.0,140.0,449.99999999999994,AA2024-T3,AA2024-T3,10403.462400619852
49.979591275679546,79.96171627713589,formed z,0.5,0.9000000000000001,70.0,20.0,140.0,449.99999999999994,AA2024-T3,AA2024-T3,10403.462400619852
49.979591275679546,79.96171627713589,z,0.5,0.9000000000000001,70.0,20.0,140.0,449.99999999999994,AA2024-T3,AA2024-T3,10403.462400619852
49.98543848440692,127.5382298623266,j,0.7999999999999999,0.9000000000000001,40.0,20.0,200.0,399.99999999999994,AA2024-T3,AA2024-T3,10113.287158735307
49.98543848440692,127.5382298623266,z,0.7999999999999999,0.9000000000000001,40.0,20.0,200.0,399.99999999999994,AA2024-T3,AA2024-T3,10113.287158735307
49.98543848440692,127.5382298623266,formed z,0.7999999999999999,0.8,40.0,20.0,200.0,399.99999999999994,AA2024-T3,AA2024-T3,10113.287158735307
49.98543848440692,127.5382298623266,z,0.7999999999999999,0.8,40.0,20.0,200.0,399.99999999999994,AA2024-T3,AA2024-T3,10113.287158735307
49.98543848440692,127.5382298623266,formed z,0.7999999999999999,0.9000000000000001,40.0,20.0,200.0,399.99999999999994,AA2024-T3,AA2024-T3,10113.287158735307
49.98543848440692,127.5382298623266,j,0.7999999999999999,0.8,40.0,20.0,200.0,399.99999999999994,AA2024-T3,AA2024-T3,10113.287158735307
49.988230502119535,127.1323412756393,j,0.7999999999999999,0.8,35.0,20.0,180.00000000000003,350.0,AA2024-T3,AA2024-T3,11627.05660745278
49.988230502119535,127.1323412756393,j,0.7999999999999999,0.9000000000000001,35.0,20.0,180.00000000000003,350.0,AA2024-T3,AA2024-T3,11627.05660745278
49.988230502119535,127.1323412756393,z,0.7999999999999999,0.9000000000000001,35.0,20.0,180.00000000000003,350.0,AA2024-T3,AA2024-T3,11627.05660745278
49.988230502119535,127.1323412756393,formed z,0.7999999999999999,0.8,35.0,20.0,180.00000000000003,350.0,AA2024-T3,AA2024-T3,11627.05660745278
49.988230502119535,127.1323412756393,formed z,0.7999999999999999,0.9000000000000001,35.0,20.0,180.00000000000003,350.0,AA2024-T3,AA2024-T3,11627.05660745278
49.988230502119535,127.1323412756393,z,0.7999999999999999,0.8,35.0,20.0,180.00000000000003,350.0,AA2024-T3,AA2024-T3,11627.05660745278
49.99601601760605,111.96561620923026,formed z,0.6999999999999998,0.8,54.99999999999999,20.0,180.00000000000003,449.99999999999994,AA2024-T3,AA2024-T3,10230.213054718533
49.99601601760605,111.96561620923026,j,0.6999999999999998,0.8,54.99999999999999,20.0,180.00000000000003,449.99999999999994,AA2024-T3,AA2024-T3,10230.213054718533
49.99601601760605,111.96561620923026,z,0.6999999999999998,0.9000000000000001,54.99999999999999,20.0,180.00000000000003,449.99999999999994,AA2024-T3,AA2024-T3,10230.213054718533
49.99601601760605,111.96561620923026,z,0.6999999999999998,0.8,54.99999999999999,20.0,180.00000000000003,449.99999999999994,AA2024-T3,AA2024-T3,10230.213054718533
49.99601601760605,111.96561620923026,j,0.6999999999999998,0.9000000000000001,54.99999999999999,20.0,180.00000000000003,449.99999999999994,AA2024-T3,AA2024-T3,10230.213054718533
49.99601601760605,111.96561620923026,formed z,0.6999999999999998,0.9000000000000001,54.99999999999999,20.0,180.00000000000003,449.99999999999994,AA2024-T3,AA2024-T3,10230.213054718533
50.08513572281867,111.71289050386024,formed z,0.6999999999999998,0.8,59.99999999999999,20.0,200.0,399.99999999999994,AA2024-T3,AA2024-T3,9158.812865429605
50.08513572281867,111.71289050386024,j,0.6999999999999998,0.8,59.99999999999999,20.0,200.0,399.99999999999994,AA2024-T3,AA2024-T3,9158.812865429603
50.08513572281867,111.71289050386024,z,0.6999999999999998,0.9000000000000001,59.99999999999999,20.0,200.0,399.99999999999994,AA2024-T3,AA2024-T3,9158.812865429605
50.08513572281867,111.71289050386024,formed z,0.6999999999999998,0.9000000000000001,59.99999999999999,20.0,200.0,399.99999999999994,AA2024-T3,AA2024-T3,9158.812865429603
50.08513572281867,111.71289050386024,j,0.6999999999999998,0.9000000000000001,59.99999999999999,20.0,200.0,399.99999999999994,AA2024-T3,AA2024-T3,9158.812865429603
50.08513572281867,111.71289050386024,z,0.6999999999999998,0.8,59.99999999999999,20.0,200.0,399.99999999999994,AA2024-T3,AA2024-T3,9158.812865429603
50.090456584941734,63.22372731152976,z,0.39999999999999997,0.9000000000000001,70.0,20.0,120.00000000000001,300.0,AA2024-T3,AA2024-T3,10304.571875771922
50.090456584941734,63.22372731152976,formed z,0.39999999999999997,0.8,70.0,20.0,120.00000000000001,300.0,AA2024-T3,AA2024-T3,10304.571875771922
50.090456584941734,63.22372731152976,j,0.39999999999999997,0.9000000000000001,70.0,20.0,120.00000000000001,300.0,AA2024-T3,AA2024-T3,10304.571875771922
50.090456584941734,63.22372731152976,j,0.39999999999999997,0.8,70.0,20.0,120.00000000000001,300.0,AA2024-T3,AA2024-T3,10304.571875771922
50.090456584941734,63.22372731152976,z,0.39999999999999997,0.8,70.0,20.0,120.00000000000001,300.0,AA2024-T3,AA2024-T3,10134.567894231604
50.090456584941734,63.22372731152976,formed z,0.39999999999999997,0.9000000000000001,70.0,20.0,120.00000000000001,300.0,AA2024-T3,AA2024-T3,10304.571875771922
50.09351177595651,110.64513911378903,j,0.6999999999999998,0.9000000000000001,44.99999999999999,20.0,160.00000000000003,300.0,AA2024-T3,AA2024-T3,11400.080723244215
50.09351177595651,110.64513911378903,formed z,0.6999999999999998,0.9000000000000001,44.99999999999999,20.0,160.00000000000003,300.0,AA2024-T3,AA2024-T3,11400.080723244215
50.09351177595651,110.64513911378903,z,0.6999999999999998,0.9000000000000001,44.99999999999999,20.0,160.00000000000003,300.0,AA2024-T3,AA2024-T3,11400.080723244218
50.09351177595651,110.64513911378903,formed z,0.6999999999999998,0.8,44.99999999999999,20.0,160.00000000000003,300.0,AA2024-T3,AA2024-T3,11400.080723244217
50.09351177595651,110.64513911378903,j,0.6999999999999998,0.8,44.99999999999999,20.0,160.00000000000003,300.0,AA2024-T3,AA2024-T3,11400.080723244215
50.09351177595651,110.64513911378903,z,0.6999999999999998,0.8,44.99999999999999,20.0,160.00000000000003,300.0,AA2024-T3,AA2024-T3,11400.080723244217
50.144461135193026,95.50678123922536,z,0.6,0.8,54.99999999999999,20.0,140.0,350.0,AA2024-T3,AA2024-T3,11509.20643286792
50.144461135193026,95.50678123922536,z,0.6,0.9000000000000001,54.99999999999999,20.0,140.0,350.0,AA2024-T3,AA2024-T3,11509.20643286792
50.144461135193026,95.50678123922536,z,0.6,0.9000000000000001,40.0,20.0,100.0,350.0,AA2024-T3,AA2024-T3,618106.5634387183
50.144461135193026,95.50678123922536,j,0.6,0.9000000000000001,54.99999999999999,20.0,140.0,350.0,AA2024-T3,AA2024-T3,11509.20643286792
50.144461135193026,95.50678123922536,z,0.6,0.8,40.0,20.0,100.0,350.0,AA2024-T3,AA2024-T3,618106.5634387183
50.144461135193026,95.50678123922536,formed z,0.6,0.9000000000000001,54.99999999999999,20.0,140.0,350.0,AA2024-T3,AA2024-T3,11509.20643286792
50.144461135193026,95.50678123922536,j,0.6,0.8,40.0,20.0,100.0,350.0,AA2024-T3,AA2024-T3,618106.5634387183
50.144461135193026,95.50678123922536,formed z,0.6,0.9000000000000001,40.0,20.0,100.0,350.0,AA2024-T3,AA2024-T3,618106.5634387188
50.144461135193026,95.50678123922536,j,0.6,0.8,54.99999999999999,20.0,140.0,350.0,AA2024-T3,AA2024-T3,11509.20643286792
50.144461135193026,95.50678123922536,formed z,0.6,0.8,54.99999999999999,20.0,140.0,350.0,AA2024-T3,AA2024-T3,11509.20643286792
50.144461135193026,95.50678123922536,formed z,0.6,0.8,40.0,20.0,100.0,350.0,AA2024-T3,AA2024-T3,618106.5634387183
50.144461135193026,95.50678123922536,j,0.6,0.9000000000000001,40.0,20.0,100.0,350.0,AA2024-T3,AA2024-T3,618106.5634387183
50.157830686104774,79.6002079284043,z,0.5,0.8,49.99999999999999,20.0,100.0,350.0,AA2024-T3,AA2024-T3,713362.2426383223
50.157830686104774,79.6002079284043,j,0.5,0.9000000000000001,49.99999999999999,20.0,100.0,350.0,AA2024-T3,AA2024-T3,713362.2426383223
50.157830686104774,79.6002079284043,z,0.5,0.9000000000000001,49.99999999999999,20.0,100.0,350.0,AA2024-T3,AA2024-T3,713362.2426383223
50.157830686104774,79.6002079284043,formed z,0.5,0.9000000000000001,49.99999999999999,20.0,100.0,350.0,AA2024-T3,AA2024-T3,713362.2426383223
50.157830686104774,79.6002079284043,formed z,0.5,0.8,49.99999999999999,20.0,100.0,350.0,AA2024-T3,AA2024-T3,713362.2426383223
50.157830686104774,79.6002079284043,j,0.5,0.8,49.99999999999999,20.0,100.0,350.0,AA2024-T3,AA2024-T3,713362.2426383223
50.17120023701651,63.68914392679814,z,0.39999999999999997,0.8,59.99999999999999,20.0,100.0,350.0,AA2024-T3,AA2024-T3,11475.567013501815
50.17120023701651,63.68914392679814,formed z,0.39999999999999997,0.8,59.99999999999999,20.0,100.0,350.0,AA2024-T3,AA2024-T3,11475.567013501817
50.17120023701651,63.68914392679814,j,0.39999999999999997,0.9000000000000001,59.99999999999999,20.0,100.0,350.0,AA2024-T3,AA2024-T3,11475.567013501815
50.17120023701651,63.68914392679814,j,0.39999999999999997,0.8,59.99999999999999,20.0,100.0,350.0,AA2024-T3,AA2024-T3,11475.567013501815
50.17120023701651,63.68914392679814,formed z,0.39999999999999997,0.9000000000000001,59.99999999999999,20.0,100.0,350.0,AA2024-T3,AA2024-T3,11475.567013501815
50.17120023701651,63.68914392679814,z,0.39999999999999997,0.9000000000000001,59.99999999999999,20.0,100.0,350.0,AA2024-T3,AA2024-T3,11475.567013501817
50.1820409435178,96.15685348947103,j,0.6,0.9000000000000001,65.0,20.0,160.00000000000003,449.99999999999994,AA2024-T3,AA2024-T3,10343.388485684682
50.1820409435178,96.15685348947103,z,0.6,0.8,65.0,20.0,160.00000000000003,449.99999999999994,AA2024-T3,AA2024-T3,10343.38848568468
50.1820409435178,96.15685348947103,z,0.6,0.9000000000000001,65.0,20.0,160.00000000000003,449.99999999999994,AA2024-T3,AA2024-T3,10343.388485684682
50.1820409435178,96.15685348947103,formed z,0.6,0.9000000000000001,65.0,20.0,160.00000000000003,449.99999999999994,AA2024-T3,AA2024-T3,10343.38848568468
50.1820409435178,96.15685348947103,formed z,0.6,0.8,65.0,20.0,160.00000000000003,449.99999999999994,AA2024-T3,AA2024-T3,10343.388485684682
50.1820409435178,96.15685348947103,j,0.6,0.8,65.0,20.0,160.00000000000003,449.99999999999994,AA2024-T3,AA2024-T3,10343.388485684682
50.184569787928254,47.7735901841822,z,0.3,0.9000000000000001,70.0,20.0,100.0,350.0,AA2024-T3,AA2024-T3,10783.005188279096
50.184569787928254,47.7735901841822,formed z,0.3,0.8,70.0,20.0,100.0,350.0,AA2024-T3,AA2024-T3,10783.005188279098
50.184569787928254,47.7735901841822,formed z,0.3,0.9000000000000001,70.0,20.0,100.0,350.0,AA2024-T3,AA2024-T3,10783.005188279098
50.184569787928254,47.7735901841822,z,0.3,0.8,70.0,20.0,100.0,350.0,AA2024-T3,AA2024-T3,10558.056823874043
50.184569787928254,47.7735901841822,j,0.3,0.8,70.0,20.0,100.0,350.0,AA2024-T3,AA2024-T3,10783.005188279098
50.184569787928254,47.7735901841822,j,0.3,0.9000000000000001,70.0,20.0,100.0,350.0,AA2024-T3,AA2024-T3,10783.005188279098
50.244158373604776,79.6726408235173,z,0.5,0.8,59.99999999999999,20.0,120.00000000000001,350.0,AA2024-T3,AA2024-T3,11499.833107426115
50.244158373604776,79.6726408235173,j,0.5,0.8,59.99999999999999,20.0,120.00000000000001,350.0,AA2024-T3,AA2024-T3,11499.833107426115
50.244158373604776,79.6726408235173,j,0.5,0.9000000000000001,59.99999999999999,20.0,120.00000000000001,350.0,AA2024-T3,AA2024-T3,11499.833107426115
50.244158373604776,79.6726408235173,z,0.5,0.9000000000000001,59.99999999999999,20.0,120.00000000000001,350.0,AA2024-T3,AA2024-T3,11499.833107426115
50.244158373604776,79.6726408235173,formed z,0.5,0.9000000000000001,59.99999999999999,20.0,120.00000000000001,350.0,AA2024-T3,AA2024-T3,11499.833107426115
50.244158373604776,79.6726408235173,formed z,0.5,0.8,59.99999999999999,20.0,120.00000000000001,350.0,AA2024-T3,AA2024-T3,11499.833107426115
50.28453019964216,79.96171627713589,formed z,0.5,0.8,70.0,20.0,140.0,399.99999999999994,AA2024-T3,AA2024-T3,10403.462400619852
50.28453019964216,79.96171627713589,formed z,0.5,0.9000000000000001,70.0,20.0,140.0,399.99999999999994,AA2024-T3,AA2024-T3,10403.462400619852
50.28453019964216,79.96171627713589,z,0.5,0.9000000000000001,70.0,20.0,140.0,399.99999999999994,AA2024-T3,AA2024-T3,10403.462400619852
50.28453019964216,79.96171627713589,z,0.5,0.8,70.0,20.0,140.0,399.99999999999994,AA2024-T3,AA2024-T3,10210.371272260947
50.28453019964216,79.96171627713589,j,0.5,0.9000000000000001,70.0,20.0,140.0,399.99999999999994,AA2024-T3,AA2024-T3,10403.462400619852
50.28453019964216,79.96171627713589,j,0.5,0.8,70.0,20.0,140.0,399.99999999999994,AA2024-T3,AA2024-T3,10403.462400619852
50.29037740836953,127.5382298623266,z,0.7999999999999999,0.8,40.0,20.0,200.0,350.0,AA2024-T3,AA2024-T3,10113.287158735307
50.29037740836953,127.5382298623266,formed z,0.7999999999999999,0.9000000000000001,40.0,20.0,200.0,350.0,AA2024-T3,AA2024-T3,10113.287158735307
50.29037740836953,127.5382298623266,z,0.7999999999999999,0.9000000000000001,40.0,20.0,200.0,350.0,AA2024-T3,AA2024-T3,10113.287158735307
50.29037740836953,127.5382298623266,formed z,0.7999999999999999,0.8,40.0,20.0,200.0,350.0,AA2024-T3,AA2024-T3,10113.287158735307
50.29037740836953,127.5382298623266,j,0.7999999999999999,0.8,40.0,20.0,200.0,350.0,AA2024-T3,AA2024-T3,10113.287158735307
50.29037740836953,127.5382298623266,j,0.7999999999999999,0.9000000000000001,40.0,20.0,200.0,350.0,AA2024-T3,AA2024-T3,10113.287158735307
50.30095494156867,111.96561620923026,j,0.6999999999999998,0.8,54.99999999999999,20.0,180.00000000000003,399.99999999999994,AA2024-T3,AA2024-T3,10230.213054718533
50.30095494156867,111.96561620923026,formed z,0.6999999999999998,0.8,54.99999999999999,20.0,180.00000000000003,399.99999999999994,AA2024-T3,AA2024-T3,10230.213054718533
50.30095494156867,111.96561620923026,z,0.6999999999999998,0.9000000000000001,54.99999999999999,20.0,180.00000000000003,399.99999999999994,AA2024-T3,AA2024-T3,10230.213054718533
50.30095494156867,111.96561620923026,j,0.6999999999999998,0.9000000000000001,54.99999999999999,20.0,180.00000000000003,399.99999999999994,AA2024-T3,AA2024-T3,10230.213054718533
50.30095494156867,111.96561620923026,z,0.6999999999999998,0.8,54.99999999999999,20.0,180.00000000000003,399.99999999999994,AA2024-T3,AA2024-T3,10230.213054718533
50.30095494156867,111.96561620923026,formed z,0.6999999999999998,0.9000000000000001,54.99999999999999,20.0,180.00000000000003,399.99999999999994,AA2024-T3,AA2024-T3,10230.213054718533
50.30933099470651,110.90029809651055,formed z,0.6999999999999998,0.9000000000000001,40.0,20.0,140.0,300.0,AA2024-T3,AA2024-T3,998032.4868657981
50.30933099470651,110.90029809651055,z,0.6999999999999998,0.9000000000000001,40.0,20.0,140.0,300.0,AA2024-T3,AA2024-T3,998032.4868657981
50.30933099470651,110.90029809651055,z,0.6999999999999998,0.8,40.0,20.0,140.0,300.0,AA2024-T3,AA2024-T3,998032.4868657981
50.30933099470651,110.90029809651055,formed z,0.6999999999999998,0.8,40.0,20.0,140.0,300.0,AA2024-T3,AA2024-T3,998032.4868657981
50.30933099470651,110.90029809651055,j,0.6999999999999998,0.8,40.0,20.0,140.0,300.0,AA2024-T3,AA2024-T3,998032.4868657981
50.30933099470651,110.90029809651055,j,0.6999999999999998,0.9000000000000001,40.0,20.0,140.0,300.0,AA2024-T3,AA2024-T3,998032.4868657981
50.38449061135606,112.41909076400664,j,0.6999999999999998,0.9000000000000001,49.99999999999999,20.0,160.00000000000003,449.99999999999994,AA2024-T3,AA2024-T3,11812.431370253713
50.38449061135606,112.41909076400664,z,0.6999999999999998,0.9000000000000001,49.99999999999999,20.0,160.00000000000003,449.99999999999994,AA2024-T3,AA2024-T3,11812.431370253713
50.38449061135606,112.41909076400664,formed z,0.6999999999999998,0.9000000000000001,49.99999999999999,20.0,160.00000000000003,449.99999999999994,AA2024-T3,AA2024-T3,11812.431370253713
50.38449061135606,112.41909076400664,z,0.6999999999999998,0.8,49.99999999999999,20.0,160.00000000000003,449.99999999999994,AA2024-T3,AA2024-T3,11812.431370253713
50.38449061135606,112.41909076400664,j,0.6999999999999998,0.8,49.99999999999999,20.0,160.00000000000003,449.99999999999994,AA2024-T3,AA2024-T3,11812.431370253713
50.38449061135606,112.41909076400664,formed z,0.6999999999999998,0.8,49.99999999999999,20.0,160.00000000000003,449.99999999999994,AA2024-T3,AA2024-T3,11812.431370253713
50.39007464678128,111.71289050386024,z,0.6999999999999998,0.9000000000000001,59.99999999999999,20.0,200.0,350.0,AA2024-T3,AA2024-T3,9158.812865429605
50.39007464678128,111.71289050386024,z,0.6999999999999998,0.8,59.99999999999999,20.0,200.0,350.0,AA2024-T3,AA2024-T3,9158.812865429603
50.39007464678128,111.71289050386024,j,0.6999999999999998,0.9000000000000001,59.99999999999999,20.0,200.0,350.0,AA2024-T3,AA2024-T3,9158.812865429603
50.39007464678128,111.71289050386024,formed z,0.6999999999999998,0.9000000000000001,59.99999999999999,20.0,200.0,350.0,AA2024-T3,AA2024-T3,9158.812865429603
50.39007464678128,111.71289050386024,formed z,0.6999999999999998,0.8,59.99999999999999,20.0,200.0,350.0,AA2024-T3,AA2024-T3,9158.812865429605
50.39007464678128,111.71289050386024,j,0.6999999999999998,0.8,59.99999999999999,20.0,200.0,350.0,AA2024-T3,AA2024-T3,9158.812865429603
50.3956586822065,111.00219746135197,formed z,0.6999999999999998,0.8,35.0,20.0,120.00000000000001,300.0,AA2024-T3,AA2024-T3,793706.208496769
50.3956586822065,111.00219746135197,formed z,0.6999999999999998,0.9000000000000001,35.0,20.0,120.00000000000001,300.0,AA2024-T3,AA2024-T3,793706.208496769
50.3956586822065,111.00219746135197,j,0.6999999999999998,0.8,35.0,20.0,120.00000000000001,300.0,AA2024-T3,AA2024-T3,793706.208496769
50.3956586822065,111.00219746135197,z,0.6999999999999998,0.8,35.0,20.0,120.00000000000001,300.0,AA2024-T3,AA2024-T3,793706.208496769
50.3956586822065,111.00219746135197,z,0.6999999999999998,0.9000000000000001,35.0,20.0,120.00000000000001,300.0,AA2024-T3,AA2024-T3,793706.208496769
50.3956586822065,111.00219746135197,j,0.6999999999999998,0.9000000000000001,35.0,20.0,120.00000000000001,300.0,AA2024-T3,AA2024-T3,793706.208496769
50.397860162267804,96.37256979954608,z,0.6,0.8,49.99999999999999,20.0,120.00000000000001,449.99999999999994,AA2024-T3,AA2024-T3,854735.853465492
50.397860162267804,96.37256979954608,formed z,0.6,0.8,49.99999999999999,20.0,120.00000000000001,449.99999999999994,AA2024-T3,AA2024-T3,854735.853465492
50.397860162267804,96.37256979954608,j,0.6,0.9000000000000001,49.99999999999999,20.0,120.00000000000001,449.99999999999994,AA2024-T3,AA2024-T3,854735.853465492
50.397860162267804,96.37256979954608,j,0.6,0.8,49.99999999999999,20.0,120.00000000000001,449.99999999999994,AA2024-T3,AA2024-T3,854735.853465492
50.397860162267804,96.37256979954608,formed z,0.6,0.9000000000000001,49.99999999999999,20.0,120.00000000000001,449.99999999999994,AA2024-T3,AA2024-T3,854735.853465492
50.397860162267804,96.37256979954608,z,0.6,0.9000000000000001,49.99999999999999,20.0,120.00000000000001,449.99999999999994,AA2024-T3,AA2024-T3,854735.853465492
50.486979867480414,96.15685348947103,z,0.6,0.9000000000000001,65.0,20.0,160.00000000000003,399.99999999999994,AA2024-T3,AA2024-T3,10343.388485684682
50.486979867480414,96.15685348947103,j,0.6,0.9000000000000001,65.0,20.0,160.00000000000003,399.99999999999994,AA2024-T3,AA2024-T3,10343.388485684682
50.486979867480414,96.15685348947103,j,0.6,0.8,65.0,20.0,160.00000000000003,399.99999999999994,AA2024-T3,AA2024-T3,10343.388485684682
50.486979867480414,96.15685348947103,formed z,0.6,0.9000000000000001,65.0,20.0,160.00000000000003,399.99999999999994,AA2024-T3,AA2024-T3,10343.38848568468
50.486979867480414,96.15685348947103,formed z,0.6,0.8,65.0,20.0,160.00000000000003,399.99999999999994,AA2024-T3,AA2024-T3,10343.388485684682
50.486979867480414,96.15685348947103,z,0.6,0.8,65.0,20.0,160.00000000000003,399.99999999999994,AA2024-T3,AA2024-T3,10343.38848568468
50.49535592061825,95.24551001779511,z,0.6,0.9000000000000001,70.0,20.0,180.00000000000003,300.0,AA2024-T3,AA2024-T3,9219.539451886409
50.49535592061825,95.24551001779511,formed z,0.6,0.9000000000000001,70.0,20.0,180.00000000000003,300.0,AA2024-T3,AA2024-T3,9219.539451886409
50.49535592061825,95.24551001779511,j,0.6,0.9000000000000001,70.0,20.0,180.00000000000003,300.0,AA2024-T3,AA2024-T3,9219.539451886409
50.49535592061825,95.24551001779511,z,0.6,0.8,70.0,20.0,180.00000000000003,300.0,AA2024-T3,AA2024-T3,9094.742599748364
50.49535592061825,95.24551001779511,j,0.6,0.8,70.0,20.0,180.00000000000003,300.0,AA2024-T3,AA2024-T3,9219.539451886409
50.49535592061825,95.24551001779511,formed z,0.6,0.8,70.0,20.0,180.00000000000003,300.0,AA2024-T3,AA2024-T3,9219.539451886409
50.58694027919431,128.74821828276214,z,0.7999999999999999,0.8,35.0,20.0,160.00000000000003,449.99999999999994,AA2024-T3,AA2024-T3,1137427.9794461203
50.58694027919431,128.74821828276214,formed z,0.7999999999999999,0.9000000000000001,35.0,20.0,160.00000000000003,449.99999999999994,AA2024-T3,AA2024-T3,1137427.9794461203
50.58694027919431,128.74821828276214,j,0.7999999999999999,0.8,35.0,20.0,160.00000000000003,449.99999999999994,AA2024-T3,AA2024-T3,1137427.9794461203
50.58694027919431,128.74821828276214,j,0.7999999999999999,0.9000000000000001,35.0,20.0,160.00000000000003,449.99999999999994,AA2024-T3,AA2024-T3,1137427.9794461203
50.58694027919431,128.74821828276214,z,0.7999999999999999,0.9000000000000001,35.0,20.0,160.00000000000003,449.99999999999994,AA2024-T3,AA2024-T3,1137427.9794461203
50.58694027919431,128.74821828276214,formed z,0.7999999999999999,0.8,35.0,20.0,160.00000000000003,449.99999999999994,AA2024-T3,AA2024-T3,1137427.9794461203
50.58946912360477,79.96171627713589,z,0.5,0.8,70.0,20.0,140.0,350.0,AA2024-T3,AA2024-T3,10231.35979388755
50.58946912360477,79.96171627713589,j,0.5,0.9000000000000001,70.0,20.0,140.0,350.0,AA2024-T3,AA2024-T3,10403.462400619852
50.58946912360477,79.96171627713589,formed z,0.5,0.9000000000000001,70.0,20.0,140.0,350.0,AA2024-T3,AA2024-T3,10403.462400619852
50.58946912360477,79.96171627713589,formed z,0.5,0.8,70.0,20.0,140.0,350.0,AA2024-T3,AA2024-T3,10403.462400619852
50.58946912360477,79.96171627713589,j,0.5,0.8,70.0,20.0,140.0,350.0,AA2024-T3,AA2024-T3,10403.462400619852
50.58946912360477,79.96171627713589,z,0.5,0.9000000000000001,70.0,20.0,140.0,350.0,AA2024-T3,AA2024-T3,10403.462400619852
50.598108350044754,127.1323412756393,j,0.7999999999999999,0.9000000000000001,35.0,20.0,180.00000000000003,300.0,AA2024-T3,AA2024-T3,11627.05660745278
50.598108350044754,127.1323412756393,formed z,0.7999999999999999,0.8,35.0,20.0,180.00000000000003,300.0,AA2024-T3,AA2024-T3,11627.05660745278
50.598108350044754,127.1323412756393,z,0.7999999999999999,0.8,35.0,20.0,180.00000000000003,300.0,AA2024-T3,AA2024-T3,11627.05660745278
50.598108350044754,127.1323412756393,z,0.7999999999999999,0.9000000000000001,35.0,20.0,180.00000000000003,300.0,AA2024-T3,AA2024-T3,11627.05660745278
50.598108350044754,127.1323412756393,j,0.7999999999999999,0.8,35.0,20.0,180.00000000000003,300.0,AA2024-T3,AA2024-T3,11627.05660745278
50.598108350044754,127.1323412756393,formed z,0.7999999999999999,0.9000000000000001,35.0,20.0,180.00000000000003,300.0,AA2024-T3,AA2024-T3,11627.05660745278
50.60589386553128,111.96561620923026,z,0.6999999999999998,0.8,54.99999999999999,20.0,180.00000000000003,350.0,AA2024-T3,AA2024-T3,10230.213054718533
50.60589386553128,111.96561620923026,j,0.6999999999999998,0.9000000000000001,54.99999999999999,20.0,180.00000000000003,350.0,AA2024-T3,AA2024-T3,10230.213054718533
50.60589386553128,111.96561620923026,j,0.6999999999999998,0.8,54.99999999999999,20.0,180.00000000000003,350.0,AA2024-T3,AA2024-T3,10230.213054718533
50.60589386553128,111.96561620923026,formed z,0.6999999999999998,0.8,54.99999999999999,20.0,180.00000000000003,350.0,AA2024-T3,AA2024-T3,10230.213054718533
50.60589386553128,111.96561620923026,formed z,0.6999999999999998,0.9000000000000001,54.99999999999999,20.0,180.00000000000003,350.0,AA2024-T3,AA2024-T3,10230.213054718533
50.60589386553128,111.96561620923026,z,0.6999999999999998,0.9000000000000001,54.99999999999999,20.0,180.00000000000003,350.0,AA2024-T3,AA2024-T3,10230.213054718533
50.689429535318666,112.41909076400664,formed z,0.6999999999999998,0.9000000000000001,49.99999999999999,20.0,160.00000000000003,399.99999999999994,AA2024-T3,AA2024-T3,11812.431370253713
50.689429535318666,112.41909076400664,z,0.6999999999999998,0.9000000000000001,49.99999999999999,20.0,160.00000000000003,399.99999999999994,AA2024-T3,AA2024-T3,11812.431370253713
50.689429535318666,112.41909076400664,j,0.6999999999999998,0.8,49.99999999999999,20.0,160.00000000000003,399.99999999999994,AA2024-T3,AA2024-T3,11812.431370253713
50.689429535318666,112.41909076400664,formed z,0.6999999999999998,0.8,49.99999999999999,20.0,160.00000000000003,399.99999999999994,AA2024-T3,AA2024-T3,11812.431370253713
50.689429535318666,112.41909076400664,j,0.6999999999999998,0.9000000000000001,49.99999999999999,20.0,160.00000000000003,399.99999999999994,AA2024-T3,AA2024-T3,11812.431370253713
50.689429535318666,112.41909076400664,z,0.6999999999999998,0.8,49.99999999999999,20.0,160.00000000000003,399.99999999999994,AA2024-T3,AA2024-T3,11812.431370253713
50.702799086230414,96.37256979954608,z,0.6,0.8,49.99999999999999,20.0,120.00000000000001,399.99999999999994,AA2024-T3,AA2024-T3,854735.853465492
50.702799086230414,96.37256979954608,j,0.6,0.8,49.99999999999999,20.0,120.00000000000001,399.99999999999994,AA2024-T3,AA2024-T3,854735.853465492
50.702799086230414,96.37256979954608,z,0.6,0.9000000000000001,49.99999999999999,20.0,120.00000000000001,399.99999999999994,AA2024-T3,AA2024-T3,854735.853465492
50.702799086230414,96.37256979954608,formed z,0.6,0.9000000000000001,49.99999999999999,20.0,120.00000000000001,399.99999999999994,AA2024-T3,AA2024-T3,854735.853465492
50.702799086230414,96.37256979954608,formed z,0.6,0.8,49.99999999999999,20.0,120.00000000000001,399.99999999999994,AA2024-T3,AA2024-T3,854735.853465492
50.702799086230414,96.37256979954608,j,0.6,0.9000000000000001,49.99999999999999,20.0,120.00000000000001,399.99999999999994,AA2024-T3,AA2024-T3,854735.853465492
50.716431810444305,128.92014671962667,j,0.7999999999999999,0.9000000000000001,40.0,20.0,180.00000000000003,449.99999999999994,AA2024-T3,AA2024-T3,11992.352064921062
50.716431810444305,128.92014671962667,j,0.7999999999999999,0.8,40.0,20.0,180.00000000000003,449.99999999999994,AA2024-T3,AA2024-T3,11992.352064921062
50.716431810444305,128.92014671962667,formed z,0.7999999999999999,0.9000000000000001,40.0,20.0,180.00000000000003,449.99999999999994,AA2024-T3,AA2024-T3,11992.352064921066
50.716431810444305,128.92014671962667,z,0.7999999999999999,0.9000000000000001,40.0,20.0,180.00000000000003,449.99999999999994,AA2024-T3,AA2024-T3,11992.352064921062
50.716431810444305,128.92014671962667,formed z,0.7999999999999999,0.8,40.0,20.0,180.00000000000003,449.99999999999994,AA2024-T3,AA2024-T3,11992.352064921062
50.716431810444305,128.92014671962667,z,0.7999999999999999,0.8,40.0,20.0,180.00000000000003,449.99999999999994,AA2024-T3,AA2024-T3,11992.352064921062
50.75433898311825,95.50678123922536,formed z,0.6,0.8,40.0,20.0,100.0,300.0,AA2024-T3,AA2024-T3,618106.5634387183
50.75433898311825,95.50678123922536,j,0.6,0.8,54.99999999999999,20.0,140.0,300.0,AA2024-T3,AA2024-T3,11509.20643286792
50.75433898311825,95.50678123922536,j,0.6,0.9000000000000001,54.99999999999999,20.0,140.0,300.0,AA2024-T3,AA2024-T3,11509.20643286792
50.75433898311825,95.50678123922536,z,0.6,0.8,40.0,20.0,100.0,300.0,AA2024-T3,AA2024-T3,618106.5634387183
50.75433898311825,95.50678123922536,formed z,0.6,0.8,54.99999999999999,20.0,140.0,300.0,AA2024-T3,AA2024-T3,11509.20643286792
50.75433898311825,95.50678123922536,z,0.6,0.9000000000000001,54.99999999999999,20.0,140.0,300.0,AA2024-T3,AA2024-T3,11509.20643286792
50.75433898311825,95.50678123922536,j,0.6,0.8,40.0,20.0,100.0,300.0,AA2024-T3,AA2024-T3,618106.5634387183
50.75433898311825,95.50678123922536,z,0.6,0.8,54.99999999999999,20.0,140.0,300.0,AA2024-T3,AA2024-T3,11509.20643286792
50.75433898311825,95.50678123922536,z,0.6,0.9000000000000001,40.0,20.0,100.0,300.0,AA2024-T3,AA2024-T3,618106.5634387183
50.75433898311825,95.50678123922536,j,0.6,0.9000000000000001,40.0,20.0,100.0,300.0,AA2024-T3,AA2024-T3,618106.5634387183
50.75433898311825,95.50678123922536,formed z,0.6,0.9000000000000001,40.0,20.0,100.0,300.0,AA2024-T3,AA2024-T3,618106.5634387188
50.75433898311825,95.50678123922536,formed z,0.6,0.9000000000000001,54.99999999999999,20.0,140.0,300.0,AA2024-T3,AA2024-T3,11509.20643286792
50.76770853403,79.6002079284043,formed z,0.5,0.8,49.99999999999999,20.0,100.0,300.0,AA2024-T3,AA2024-T3,713362.2426383223
50.76770853403,79.6002079284043,formed z,0.5,0.9000000000000001,49.99999999999999,20.0,100.0,300.0,AA2024-T3,AA2024-T3,713362.2426383223
50.76770853403,79.6002079284043,z,0.5,0.9000000000000001,49.99999999999999,20.0,100.0,300.0,AA2024-T3,AA2024-T3,713362.2426383223
50.76770853403,79.6002079284043,j,0.5,0.9000000000000001,49.99999999999999,20.0,100.0,300.0,AA2024-T3,AA2024-T3,713362.2426383223
50.76770853403,79.6002079284043,j,0.5,0.8,49.99999999999999,20.0,100.0,300.0,AA2024-T3,AA2024-T3,713362.2426383223
50.76770853403,79.6002079284043,z,0.5,0.8,49.99999999999999,20.0,100.0,300.0,AA2024-T3,AA2024-T3,713362.2426383223
50.78107808494173,63.68914392679814,j,0.39999999999999997,0.8,59.99999999999999,20.0,100.0,300.0,AA2024-T3,AA2024-T3,11475.567013501815
50.78107808494173,63.68914392679814,formed z,0.39999999999999997,0.8,59.99999999999999,20.0,100.0,300.0,AA2024-T3,AA2024-T3,11475.567013501817
50.78107808494173,63.68914392679814,j,0.39999999999999997,0.9000000000000001,59.99999999999999,20.0,100.0,300.0,AA2024-T3,AA2024-T3,11475.567013501815
50.78107808494173,63.68914392679814,formed z,0.39999999999999997,0.9000000000000001,59.99999999999999,20.0,100.0,300.0,AA2024-T3,AA2024-T3,11475.567013501815
50.78107808494173,63.68914392679814,z,0.39999999999999997,0.9000000000000001,59.99999999999999,20.0,100.0,300.0,AA2024-T3,AA2024-T3,11475.567013501817
50.78107808494173,63.68914392679814,z,0.39999999999999997,0.8,59.99999999999999,20.0,100.0,300.0,AA2024-T3,AA2024-T3,11475.567013501815
50.791918791443024,96.15685348947103,z,0.6,0.9000000000000001,65.0,20.0,160.00000000000003,350.0,AA2024-T3,AA2024-T3,10343.388485684682
50.791918791443024,96.15685348947103,formed z,0.6,0.9000000000000001,65.0,20.0,160.00000000000003,350.0,AA2024-T3,AA2024-T3,10343.38848568468
50.791918791443024,96.15685348947103,j,0.6,0.9000000000000001,65.0,20.0,160.00000000000003,350.0,AA2024-T3,AA2024-T3,10343.388485684682
50.791918791443024,96.15685348947103,formed z,0.6,0.8,65.0,20.0,160.00000000000003,350.0,AA2024-T3,AA2024-T3,10343.388485684682
50.791918791443024,96.15685348947103,z,0.6,0.8,65.0,20.0,160.00000000000003,350.0,AA2024-T3,AA2024-T3,10343.38848568468
50.791918791443024,96.15685348947103,j,0.6,0.8,65.0,20.0,160.00000000000003,350.0,AA2024-T3,AA2024-T3,10343.388485684682
50.79444763585348,47.7735901841822,formed z,0.3,0.8,70.0,20.0,100.0,300.0,AA2024-T3,AA2024-T3,10783.005188279098
50.79444763585348,47.7735901841822,z,0.3,0.9000000000000001,70.0,20.0,100.0,300.0,AA2024-T3,AA2024-T3,10783.005188279096
50.79444763585348,47.7735901841822,j,0.3,0.8,70.0,20.0,100.0,300.0,AA2024-T3,AA2024-T3,10783.005188279098
50.79444763585348,47.7735901841822,formed z,0.3,0.9000000000000001,70.0,20.0,100.0,300.0,AA2024-T3,AA2024-T3,10783.005188279098
50.79444763585348,47.7735901841822,j,0.3,0.9000000000000001,70.0,20.0,100.0,300.0,AA2024-T3,AA2024-T3,10783.005188279098
50.79444763585348,47.7735901841822,z,0.3,0.8,70.0,20.0,100.0,300.0,AA2024-T3,AA2024-T3,10585.302870357014
50.816129048856055,112.9208155522104,z,0.6999999999999998,0.8,44.99999999999999,20.0,140.0,449.99999999999994,AA2024-T3,AA2024-T3,999016.4529195706
50.816129048856055,112.9208155522104,formed z,0.6999999999999998,0.9000000000000001,44.99999999999999,20.0,140.0,449.99999999999994,AA2024-T3,AA2024-T3,999016.4529195706
50.816129048856055,112.9208155522104,formed z,0.6999999999999998,0.8,44.99999999999999,20.0,140.0,449.99999999999994,AA2024-T3,AA2024-T3,999016.4529195706
50.816129048856055,112.9208155522104,j,0.6999999999999998,0.9000000000000001,44.99999999999999,20.0,140.0,449.99999999999994,AA2024-T3,AA2024-T3,999016.4529195706
50.816129048856055,112.9208155522104,j,0.6999999999999998,0.8,44.99999999999999,20.0,140.0,449.99999999999994,AA2024-T3,AA2024-T3,999016.4529195706
50.816129048856055,112.9208155522104,z,0.6999999999999998,0.9000000000000001,44.99999999999999,20.0,140.0,449.99999999999994,AA2024-T3,AA2024-T3,999016.4529195706
50.854036221529995,79.6726408235173,formed z,0.5,0.9000000000000001,59.99999999999999,20.0,120.00000000000001,300.0,AA2024-T3,AA2024-T3,11499.833107426115
50.854036221529995,79.6726408235173,z,0.5,0.9000000000000001,59.99999999999999,20.0,120.00000000000001,300.0,AA2024-T3,AA2024-T3,11499.833107426115
50.854036221529995,79.6726408235173,j,0.5,0.9000000000000001,59.99999999999999,20.0,120.00000000000001,300.0,AA2024-T3,AA2024-T3,11499.833107426115
50.854036221529995,79.6726408235173,j,0.5,0.8,59.99999999999999,20.0,120.00000000000001,300.0,AA2024-T3,AA2024-T3,11499.833107426115
50.854036221529995,79.6726408235173,z,0.5,0.8,59.99999999999999,20.0,120.00000000000001,300.0,AA2024-T3,AA2024-T3,11499.833107426115
50.854036221529995,79.6726408235173,formed z,0.5,0.8,59.99999999999999,20.0,120.00000000000001,300.0,AA2024-T3,AA2024-T3,11499.833107426115
50.8890871854443,129.14902860329926,z,0.7999999999999999,0.9000000000000001,44.99999999999999,20.0,200.0,449.99999999999994,AA2024-T3,AA2024-T3,10442.499357966984
50.8890871854443,129.14902860329926,formed z,0.7999999999999999,0.9000000000000001,44.99999999999999,20.0,200.0,449.99999999999994,AA2024-T3,AA2024-T3,10442.499357966984
50.8890871854443,129.14902860329926,z,0.7999999999999999,0.8,44.99999999999999,20.0,200.0,449.99999999999994,AA2024-T3,AA2024-T3,10442.499357966984
50.8890871854443,129.14902860329926,j,0.7999999999999999,0.9000000000000001,44.99999999999999,20.0,200.0,449.99999999999994,AA2024-T3,AA2024-T3,10442.499357966984
50.8890871854443,129.14902860329926,formed z,0.7999999999999999,0.8,44.99999999999999,20.0,200.0,449.99999999999994,AA2024-T3,AA2024-T3,10442.499357966984
50.8890871854443,129.14902860329926,j,0.7999999999999999,0.8,44.99999999999999,20.0,200.0,449.99999999999994,AA2024-T3,AA2024-T3,10442.499357966984
50.89187920315692,128.74821828276214,formed z,0.7999999999999999,0.8,35.0,20.0,160.00000000000003,399.99999999999994,AA2024-T3,AA2024-T3,1137427.9794461203
50.89187920315692,128.74821828276214,z,0.7999999999999999,0.8,35.0,20.0,160.00000000000003,399.99999999999994,AA2024-T3,AA2024-T3,1137427.9794461203
50.89187920315692,128.74821828276214,j,0.7999999999999999,0.8,35.0,20.0,160.00000000000003,399.99999999999994,AA2024-T3,AA2024-T3,1137427.9794461203
50.89187920315692,128.74821828276214,formed z,0.7999999999999999,0.9000000000000001,35.0,20.0,160.00000000000003,399.99999999999994,AA2024-T3,AA2024-T3,1137427.9794461203
50.89187920315692,128.74821828276214,j,0.7999999999999999,0.9000000000000001,35.0,20.0,160.00000000000003,399.99999999999994,AA2024-T3,AA2024-T3,1137427.9794461203
50.89187920315692,128.74821828276214,z,0.7999999999999999,0.9000000000000001,35.0,20.0,160.00000000000003,399.99999999999994,AA2024-T3,AA2024-T3,1137427.9794461203
50.900255256294756,127.5382298623266,j,0.7999999999999999,0.9000000000000001,40.0,20.0,200.0,300.0,AA2024-T3,AA2024-T3,10113.287158735307
50.900255256294756,127.5382298623266,formed z,0.7999999999999999,0.8,40.0,20.0,200.0,300.0,AA2024-T3,AA2024-T3,10113.287158735307
50.900255256294756,127.5382298623266,formed z,0.7999999999999999,0.9000000000000001,40.0,20.0,200.0,300.0,AA2024-T3,AA2024-T3,10113.287158735307
50.900255256294756,127.5382298623266,z,0.7999999999999999,0.8,40.0,20.0,200.0,300.0,AA2024-T3,AA2024-T3,10113.287158735307
50.900255256294756,127.5382298623266,z,0.7999999999999999,0.9000000000000001,40.0,20.0,200.0,300.0,AA2024-T3,AA2024-T3,10113.287158735307
50.900255256294756,127.5382298623266,j,0.7999999999999999,0.8,40.0,20.0,200.0,300.0,AA2024-T3,AA2024-T3,10113.287158735307
50.98878442385605,113.12088238554568,j,0.6999999999999998,0.8,65.0,20.0,200.0,449.99999999999994,AA2024-T3,AA2024-T3,9487.818743617725
50.98878442385605,113.12088238554568,z,0.6999999999999998,0.8,65.0,20.0,200.0,449.99999999999994,AA2024-T3,AA2024-T3,9487.818743617723
50.98878442385605,113.12088238554568,formed z,0.6999999999999998,0.8,65.0,20.0,200.0,449.99999999999994,AA2024-T3,AA2024-T3,9487.818743617725
50.98878442385605,113.12088238554568,j,0.6999999999999998,0.9000000000000001,65.0,20.0,200.0,449.99999999999994,AA2024-T3,AA2024-T3,9487.818743617725
50.98878442385605,113.12088238554568,formed z,0.6999999999999998,0.9000000000000001,65.0,20.0,200.0,449.99999999999994,AA2024-T3,AA2024-T3,9487.818743617723
50.98878442385605,113.12088238554568,z,0.6999999999999998,0.9000000000000001,65.0,20.0,200.0,449.99999999999994,AA2024-T3,AA2024-T3,9487.818743617725
50.994368459281276,112.41909076400664,formed z,0.6999999999999998,0.9000000000000001,49.99999999999999,20.0,160.00000000000003,350.0,AA2024-T3,AA2024-T3,11812.431370253713
50.994368459281276,112.41909076400664,z,0.6999999999999998,0.9000000000000001,49.99999999999999,20.0,160.00000000000003,350.0,AA2024-T3,AA2024-T3,11812.431370253713
50.994368459281276,112.41909076400664,j,0.6999999999999998,0.8,49.99999999999999,20.0,160.00000000000003,350.0,AA2024-T3,AA2024-T3,11812.431370253713
50.994368459281276,112.41909076400664,formed z,0.6999999999999998,0.8,49.99999999999999,20.0,160.00000000000003,350.0,AA2024-T3,AA2024-T3,11812.431370253713
50.994368459281276,112.41909076400664,j,0.6999999999999998,0.9000000000000001,49.99999999999999,20.0,160.00000000000003,350.0,AA2024-T3,AA2024-T3,11812.431370253713
50.994368459281276,112.41909076400664,z,0.6999999999999998,0.8,49.99999999999999,20.0,160.00000000000003,350.0,AA2024-T3,AA2024-T3,11812.431370253713
50.999952494706505,111.71289050386024,formed z,0.6999999999999998,0.9000000000000001,59.99999999999999,20.0,200.0,300.0,AA2024-T3,AA2024-T3,9158.812865429603
50.999952494706505,111.71289050386024,z,0.6999999999999998,0.8,59.99999999999999,20.0,200.0,300.0,AA2024-T3,AA2024-T3,9158.812865429603
50.999952494706505,111.71289050386024,formed z,0.6999999999999998,0.8,59.99999999999999,20.0,200.0,300.0,AA2024-T3,AA2024-T3,9158.812865429605
50.999952494706505,111.71289050386024,j,0.6999999999999998,0.8,59.99999999999999,20.0,200.0,300.0,AA2024-T3,AA2024-T3,9158.812865429603
50.999952494706505,111.71289050386024,z,0.6999999999999998,0.9000000000000001,59.99999999999999,20.0,200.0,300.0,AA2024-T3,AA2024-T3,9158.812865429605
50.999952494706505,111.71289050386024,j,0.6999999999999998,0.9000000000000001,59.99999999999999,20.0,200.0,300.0,AA2024-T3,AA2024-T3,9158.812865429603
51.00773801019302,96.37256979954608,z,0.6,0.9000000000000001,49.99999999999999,20.0,120.00000000000001,350.0,AA2024-T3,AA2024-T3,854735.853465492
51.00773801019302,96.37256979954608,j,0.6,0.9000000000000001,49.99999999999999,20.0,120.00000000000001,350.0,AA2024-T3,AA2024-T3,854735.853465492
51.00773801019302,96.37256979954608,formed z,0.6,0.8,49.99999999999999,20.0,120.00000000000001,350.0,AA2024-T3,AA2024-T3,854735.853465492
51.00773801019302,96.37256979954608,formed z,0.6,0.9000000000000001,49.99999999999999,20.0,120.00000000000001,350.0,AA2024-T3,AA2024-T3,854735.853465492
51.00773801019302,96.37256979954608,j,0.6,0.8,49.99999999999999,20.0,120.00000000000001,350.0,AA2024-T3,AA2024-T3,854735.853465492
51.00773801019302,96.37256979954608,z,0.6,0.8,49.99999999999999,20.0,120.00000000000001,350.0,AA2024-T3,AA2024-T3,854735.853465492
51.02137073440692,128.92014671962667,formed z,0.7999999999999999,0.9000000000000001,40.0,20.0,180.00000000000003,399.99999999999994,AA2024-T3,AA2024-T3,11992.352064921066
51.02137073440692,128.92014671962667,j,0.7999999999999999,0.9000000000000001,40.0,20.0,180.00000000000003,399.99999999999994,AA2024-T3,AA2024-T3,11992.352064921062
51.02137073440692,128.92014671962667,z,0.7999999999999999,0.9000000000000001,40.0,20.0,180.00000000000003,399.99999999999994,AA2024-T3,AA2024-T3,11992.352064921062
51.02137073440692,128.92014671962667,formed z,0.7999999999999999,0.8,40.0,20.0,180.00000000000003,399.99999999999994,AA2024-T3,AA2024-T3,11992.352064921062
51.02137073440692,128.92014671962667,z,0.7999999999999999,0.8,40.0,20.0,180.00000000000003,399.99999999999994,AA2024-T3,AA2024-T3,11992.352064921062
51.02137073440692,128.92014671962667,j,0.7999999999999999,0.8,40.0,20.0,180.00000000000003,399.99999999999994,AA2024-T3,AA2024-T3,11992.352064921062
51.12106797281867,112.9208155522104,z,0.6999999999999998,0.9000000000000001,44.99999999999999,20.0,140.0,399.99999999999994,AA2024-T3,AA2024-T3,999016.4529195706
51.12106797281867,112.9208155522104,j,0.6999999999999998,0.9000000000000001,44.99999999999999,20.0,140.0,399.99999999999994,AA2024-T3,AA2024-T3,999016.4529195706
51.12106797281867,112.9208155522104,j,0.6999999999999998,0.8,44.99999999999999,20.0,140.0,399.99999999999994,AA2024-T3,AA2024-T3,999016.4529195706
51.12106797281867,112.9208155522104,formed z,0.6999999999999998,0.8,44.99999999999999,20.0,140.0,399.99999999999994,AA2024-T3,AA2024-T3,999016.4529195706
51.12106797281867,112.9208155522104,z,0.6999999999999998,0.8,44.99999999999999,20.0,140.0,399.99999999999994,AA2024-T3,AA2024-T3,999016.4529195706
51.12106797281867,112.9208155522104,formed z,0.6999999999999998,0.9000000000000001,44.99999999999999,20.0,140.0,399.99999999999994,AA2024-T3,AA2024-T3,999016.4529195706
51.16143979885605,113.32059600263582,j,0.6999999999999998,0.9000000000000001,40.0,20.0,120.00000000000001,449.99999999999994,AA2024-T3,AA2024-T3,794392.4791801707
51.16143979885605,113.32059600263582,formed z,0.6999999999999998,0.8,40.0,20.0,120.00000000000001,449.99999999999994,AA2024-T3,AA2024-T3,794392.4791801707
51.16143979885605,113.32059600263582,z,0.6999999999999998,0.8,40.0,20.0,120.00000000000001,449.99999999999994,AA2024-T3,AA2024-T3,794392.4791801707
51.16143979885605,113.32059600263582,formed z,0.6999999999999998,0.9000000000000001,40.0,20.0,120.00000000000001,449.99999999999994,AA2024-T3,AA2024-T3,794392.4791801707
51.16143979885605,113.32059600263582,z,0.6999999999999998,0.9000000000000001,40.0,20.0,120.00000000000001,449.99999999999994,AA2024-T3,AA2024-T3,794392.4791801707
51.16143979885605,113.32059600263582,j,0.6999999999999998,0.8,40.0,20.0,120.00000000000001,449.99999999999994,AA2024-T3,AA2024-T3,794392.4791801707
51.19402610940692,129.14902860329926,formed z,0.7999999999999999,0.9000000000000001,44.99999999999999,20.0,200.0,399.99999999999994,AA2024-T3,AA2024-T3,10442.499357966984
51.19402610940692,129.14902860329926,formed z,0.7999999999999999,0.8,44.99999999999999,20.0,200.0,399.99999999999994,AA2024-T3,AA2024-T3,10442.499357966984
51.19402610940692,129.14902860329926,j,0.7999999999999999,0.8,44.99999999999999,20.0,200.0,399.99999999999994,AA2024-T3,AA2024-T3,10442.499357966984
51.19402610940692,129.14902860329926,z,0.7999999999999999,0.9000000000000001,44.99999999999999,20.0,200.0,399.99999999999994,AA2024-T3,AA2024-T3,10442.499357966984
51.19402610940692,129.14902860329926,z,0.7999999999999999,0.8,44.99999999999999,20.0,200.0,399.99999999999994,AA2024-T3,AA2024-T3,10442.499357966984
51.19402610940692,129.14902860329926,j,0.7999999999999999,0.9000000000000001,44.99999999999999,20.0,200.0,399.99999999999994,AA2024-T3,AA2024-T3,10442.499357966984
51.19681812711953,128.74821828276214,z,0.7999999999999999,0.9000000000000001,35.0,20.0,160.00000000000003,350.0,AA2024-T3,AA2024-T3,1137427.9794461203
51.19681812711953,128.74821828276214,j,0.7999999999999999,0.8,35.0,20.0,160.00000000000003,350.0,AA2024-T3,AA2024-T3,1137427.9794461203
51.19681812711953,128.74821828276214,j,0.7999999999999999,0.9000000000000001,35.0,20.0,160.00000000000003,350.0,AA2024-T3,AA2024-T3,1137427.9794461203
51.19681812711953,128.74821828276214,formed z,0.7999999999999999,0.9000000000000001,35.0,20.0,160.00000000000003,350.0,AA2024-T3,AA2024-T3,1137427.9794461203
51.19681812711953,128.74821828276214,z,0.7999999999999999,0.8,35.0,20.0,160.00000000000003,350.0,AA2024-T3,AA2024-T3,1137427.9794461203
51.19681812711953,128.74821828276214,formed z,0.7999999999999999,0.8,35.0,20.0,160.00000000000003,350.0,AA2024-T3,AA2024-T3,1137427.9794461203
51.19934697153,79.96171627713589,z,0.5,0.8,70.0,20.0,140.0,300.0,AA2024-T3,AA2024-T3,10252.193151239495
51.19934697153,79.96171627713589,formed z,0.5,0.9000000000000001,70.0,20.0,140.0,300.0,AA2024-T3,AA2024-T3,10403.462400619852
51.19934697153,79.96171627713589,j,0.5,0.8,70.0,20.0,140.0,300.0,AA2024-T3,AA2024-T3,10403.462400619852
51.19934697153,79.96171627713589,formed z,0.5,0.8,70.0,20.0,140.0,300.0,AA2024-T3,AA2024-T3,10403.462400619852
51.19934697153,79.96171627713589,z,0.5,0.9000000000000001,70.0,20.0,140.0,300.0,AA2024-T3,AA2024-T3,10403.462400619852
51.19934697153,79.96171627713589,j,0.5,0.9000000000000001,70.0,20.0,140.0,300.0,AA2024-T3,AA2024-T3,10403.462400619852
51.215771713456505,111.96561620923026,formed z,0.6999999999999998,0.9000000000000001,54.99999999999999,20.0,180.00000000000003,300.0,AA2024-T3,AA2024-T3,10230.213054718533
51.215771713456505,111.96561620923026,z,0.6999999999999998,0.9000000000000001,54.99999999999999,20.0,180.00000000000003,300.0,AA2024-T3,AA2024-T3,10230.213054718533
51.215771713456505,111.96561620923026,z,0.6999999999999998,0.8,54.99999999999999,20.0,180.00000000000003,300.0,AA2024-T3,AA2024-T3,10230.213054718533
51.215771713456505,111.96561620923026,j,0.6999999999999998,0.8,54.99999999999999,20.0,180.00000000000003,300.0,AA2024-T3,AA2024-T3,10230.213054718533
51.215771713456505,111.96561620923026,formed z,0.6999999999999998,0.8,54.99999999999999,20.0,180.00000000000003,300.0,AA2024-T3,AA2024-T3,10230.213054718533
51.215771713456505,111.96561620923026,j,0.6999999999999998,0.9000000000000001,54.99999999999999,20.0,180.00000000000003,300.0,AA2024-T3,AA2024-T3,10230.213054718533
51.2611370372678,97.23064926688248,j,0.6,0.9000000000000001,59.99999999999999,20.0,140.0,449.99999999999994,AA2024-T3,AA2024-T3,11980.545845252445
51.2611370372678,97.23064926688248,formed z,0.6,0.8,59.99999999999999,20.0,140.0,449.99999999999994,AA2024-T3,AA2024-T3,11980.545845252445
51.2611370372678,97.23064926688248,formed z,0.6,0.9000000000000001,59.99999999999999,20.0,140.0,449.99999999999994,AA2024-T3,AA2024-T3,11980.545845252445
51.2611370372678,97.23064926688248,z,0.6,0.9000000000000001,59.99999999999999,20.0,140.0,449.99999999999994,AA2024-T3,AA2024-T3,11980.545845252445
51.2611370372678,97.23064926688248,j,0.6,0.8,59.99999999999999,20.0,140.0,449.99999999999994,AA2024-T3,AA2024-T3,11980.545845252445
51.2611370372678,97.23064926688248,z,0.6,0.8,59.99999999999999,20.0,140.0,449.99999999999994,AA2024-T3,AA2024-T3,11980.545845252445
51.29372334781867,113.12088238554568,z,0.6999999999999998,0.8,65.0,20.0,200.0,399.99999999999994,AA2024-T3,AA2024-T3,9487.818743617723
51.29372334781867,113.12088238554568,formed z,0.6999999999999998,0.8,65.0,20.0,200.0,399.99999999999994,AA2024-T3,AA2024-T3,9487.818743617725
51.29372334781867,113.12088238554568,j,0.6999999999999998,0.9000000000000001,65.0,20.0,200.0,399.99999999999994,AA2024-T3,AA2024-T3,9487.818743617725
51.29372334781867,113.12088238554568,j,0.6999999999999998,0.8,65.0,20.0,200.0,399.99999999999994,AA2024-T3,AA2024-T3,9487.818743617725
51.29372334781867,113.12088238554568,z,0.6999999999999998,0.9000000000000001,65.0,20.0,200.0,399.99999999999994,AA2024-T3,AA2024-T3,9487.818743617725
51.29372334781867,113.12088238554568,formed z,0.6999999999999998,0.9000000000000001,65.0,20.0,200.0,399.99999999999994,AA2024-T3,AA2024-T3,9487.818743617723
51.32630965836953,128.92014671962667,formed z,0.7999999999999999,0.8,40.0,20.0,180.00000000000003,350.0,AA2024-T3,AA2024-T3,11992.352064921062
51.32630965836953,128.92014671962667,formed z,0.7999999999999999,0.9000000000000001,40.0,20.0,180.00000000000003,350.0,AA2024-T3,AA2024-T3,11992.352064921066
51.32630965836953,128.92014671962667,z,0.7999999999999999,0.9000000000000001,40.0,20.0,180.00000000000003,350.0,AA2024-T3,AA2024-T3,11992.352064921062
51.32630965836953,128.92014671962667,z,0.7999999999999999,0.8,40.0,20.0,180.00000000000003,350.0,AA2024-T3,AA2024-T3,11992.352064921062
51.32630965836953,128.92014671962667,j,0.7999999999999999,0.9000000000000001,40.0,20.0,180.00000000000003,350.0,AA2024-T3,AA2024-T3,11992.352064921062
51.32630965836953,128.92014671962667,j,0.7999999999999999,0.8,40.0,20.0,180.00000000000003,350.0,AA2024-T3,AA2024-T3,11992.352064921062
51.334095173856056,113.51995826770172,formed z,0.6999999999999998,0.8,59.99999999999999,20.0,180.00000000000003,449.99999999999994,AA2024-T3,AA2024-T3,10595.066606579341
51.334095173856056,113.51995826770172,z,0.6999999999999998,0.9000000000000001,59.99999999999999,20.0,180.00000000000003,449.99999999999994,AA2024-T3,AA2024-T3,10595.066606579341
51.334095173856056,113.51995826770172,j,0.6999999999999998,0.9000000000000001,59.99999999999999,20.0,180.00000000000003,449.99999999999994,AA2024-T3,AA2024-T3,10595.066606579341
51.334095173856056,113.51995826770172,formed z,0.6999999999999998,0.9000000000000001,59.99999999999999,20.0,180.00000000000003,449.99999999999994,AA2024-T3,AA2024-T3,10595.066606579341
51.334095173856056,113.51995826770172,z,0.6999999999999998,0.8,59.99999999999999,20.0,180.00000000000003,449.99999999999994,AA2024-T3,AA2024-T3,10595.066606579341
51.334095173856056,113.51995826770172,j,0.6999999999999998,0.8,59.99999999999999,20.0,180.00000000000003,449.99999999999994,AA2024-T3,AA2024-T3,10595.066606579341
51.40179663936825,96.15685348947103,formed z,0.6,0.8,65.0,20.0,160.00000000000003,300.0,AA2024-T3,AA2024-T3,10343.388485684682
51.40179663936825,96.15685348947103,z,0.6,0.9000000000000001,65.0,20.0,160.00000000000003,300.0,AA2024-T3,AA2024-T3,10343.388485684682
51.40179663936825,96.15685348947103,j,0.6,0.8,65.0,20.0,160.00000000000003,300.0,AA2024-T3,AA2024-T3,10343.388485684682
51.40179663936825,96.15685348947103,z,0.6,0.8,65.0,20.0,160.00000000000003,300.0,AA2024-T3,AA2024-T3,10343.38848568468
51.40179663936825,96.15685348947103,j,0.6,0.9000000000000001,65.0,20.0,160.00000000000003,300.0,AA2024-T3,AA2024-T3,10343.388485684682
51.40179663936825,96.15685348947103,formed z,0.6,0.9000000000000001,65.0,20.0,160.00000000000003,300.0,AA2024-T3,AA2024-T3,10343.38848568468
51.42600689678128,112.9208155522104,z,0.6999999999999998,0.8,44.99999999999999,20.0,140.0,350.0,AA2024-T3,AA2024-T3,999016.4529195706
51.42600689678128,112.9208155522104,formed z,0.6999999999999998,0.8,44.99999999999999,20.0,140.0,350.0,AA2024-T3,AA2024-T3,999016.4529195706
51.42600689678128,112.9208155522104,j,0.6999999999999998,0.9000000000000001,44.99999999999999,20.0,140.0,350.0,AA2024-T3,AA2024-T3,999016.4529195706
51.42600689678128,112.9208155522104,z,0.6999999999999998,0.9000000000000001,44.99999999999999,20.0,140.0,350.0,AA2024-T3,AA2024-T3,999016.4529195706
51.42600689678128,112.9208155522104,j,0.6999999999999998,0.8,44.99999999999999,20.0,140.0,350.0,AA2024-T3,AA2024-T3,999016.4529195706
51.42600689678128,112.9208155522104,formed z,0.6999999999999998,0.9000000000000001,44.99999999999999,20.0,140.0,350.0,AA2024-T3,AA2024-T3,999016.4529195706
51.46637872281867,113.32059600263582,j,0.6999999999999998,0.8,40.0,20.0,120.00000000000001,399.99999999999994,AA2024-T3,AA2024-T3,794392.4791801707
51.46637872281867,113.32059600263582,j,0.6999999999999998,0.9000000000000001,40.0,20.0,120.00000000000001,399.99999999999994,AA2024-T3,AA2024-T3,794392.4791801707
51.46637872281867,113.32059600263582,z,0.6999999999999998,0.9000000000000001,40.0,20.0,120.00000000000001,399.99999999999994,AA2024-T3,AA2024-T3,794392.4791801707
51.46637872281867,113.32059600263582,formed z,0.6999999999999998,0.9000000000000001,40.0,20.0,120.00000000000001,399.99999999999994,AA2024-T3,AA2024-T3,794392.4791801707
51.46637872281867,113.32059600263582,z,0.6999999999999998,0.8,40.0,20.0,120.00000000000001,399.99999999999994,AA2024-T3,AA2024-T3,794392.4791801707
51.46637872281867,113.32059600263582,formed z,0.6999999999999998,0.8,40.0,20.0,120.00000000000001,399.99999999999994,AA2024-T3,AA2024-T3,794392.4791801707
51.49896503336953,129.14902860329926,j,0.7999999999999999,0.8,44.99999999999999,20.0,200.0,350.0,AA2024-T3,AA2024-T3,10442.499357966984
51.49896503336953,129.14902860329926,z,0.7999999999999999,0.9000000000000001,44.99999999999999,20.0,200.0,350.0,AA2024-T3,AA2024-T3,10442.499357966984
51.49896503336953,129.14902860329926,j,0.7999999999999999,0.9000000000000001,44.99999999999999,20.0,200.0,350.0,AA2024-T3,AA2024-T3,10442.499357966984
51.49896503336953,129.14902860329926,formed z,0.7999999999999999,0.8,44.99999999999999,20.0,200.0,350.0,AA2024-T3,AA2024-T3,10442.499357966984
51.49896503336953,129.14902860329926,z,0.7999999999999999,0.8,44.99999999999999,20.0,200.0,350.0,AA2024-T3,AA2024-T3,10442.499357966984
51.49896503336953,129.14902860329926,formed z,0.7999999999999999,0.9000000000000001,44.99999999999999,20.0,200.0,350.0,AA2024-T3,AA2024-T3,10442.499357966984
51.56607596123041,97.23064926688248,j,0.6,0.9000000000000001,59.99999999999999,20.0,140.0,399.99999999999994,AA2024-T3,AA2024-T3,11980.545845252445
51.56607596123041,97.23064926688248,j,0.6,0.8,59.99999999999999,20.0,140.0,399.99999999999994,AA2024-T3,AA2024-T3,11980.545845252445
51.56607596123041,97.23064926688248,z,0.6,0.8,59.99999999999999,20.0,140.0,399.99999999999994,AA2024-T3,AA2024-T3,11980.545845252445
51.56607596123041,97.23064926688248,formed z,0.6,0.8,59.99999999999999,20.0,140.0,399.99999999999994,AA2024-T3,AA2024-T3,11980.545845252445
51.56607596123041,97.23064926688248,z,0.6,0.9000000000000001,59.99999999999999,20.0,140.0,399.99999999999994,AA2024-T3,AA2024-T3,11980.545845252445
51.56607596123041,97.23064926688248,formed z,0.6,0.9000000000000001,59.99999999999999,20.0,140.0,399.99999999999994,AA2024-T3,AA2024-T3,11980.545845252445
51.59866227178128,113.12088238554568,z,0.6999999999999998,0.9000000000000001,65.0,20.0,200.0,350.0,AA2024-T3,AA2024-T3,9487.818743617725
51.59866227178128,113.12088238554568,z,0.6999999999999998,0.8,65.0,20.0,200.0,350.0,AA2024-T3,AA2024-T3,9487.818743617723
51.59866227178128,113.12088238554568,j,0.6999999999999998,0.8,65.0,20.0,200.0,350.0,AA2024-T3,AA2024-T3,9487.818743617725
51.59866227178128,113.12088238554568,j,0.6999999999999998,0.9000000000000001,65.0,20.0,200.0,350.0,AA2024-T3,AA2024-T3,9487.818743617725
51.59866227178128,113.12088238554568,formed z,0.6999999999999998,0.8,65.0,20.0,200.0,350.0,AA2024-T3,AA2024-T3,9487.818743617725
51.59866227178128,113.12088238554568,formed z,0.6999999999999998,0.9000000000000001,65.0,20.0,200.0,350.0,AA2024-T3,AA2024-T3,9487.818743617723
51.60424630720651,112.41909076400664,z,0.6999999999999998,0.8,49.99999999999999,20.0,160.00000000000003,300.0,AA2024-T3,AA2024-T3,11812.431370253713
51.60424630720651,112.41909076400664,j,0.6999999999999998,0.9000000000000001,49.99999999999999,20.0,160.00000000000003,300.0,AA2024-T3,AA2024-T3,11812.431370253713
51.60424630720651,112.41909076400664,z,0.6999999999999998,0.9000000000000001,49.99999999999999,20.0,160.00000000000003,300.0,AA2024-T3,AA2024-T3,11812.431370253713
51.60424630720651,112.41909076400664,formed z,0.6999999999999998,0.9000000000000001,49.99999999999999,20.0,160.00000000000003,300.0,AA2024-T3,AA2024-T3,11812.431370253713
51.60424630720651,112.41909076400664,formed z,0.6999999999999998,0.8,49.99999999999999,20.0,160.00000000000003,300.0,AA2024-T3,AA2024-T3,11812.431370253713
51.60424630720651,112.41909076400664,j,0.6999999999999998,0.8,49.99999999999999,20.0,160.00000000000003,300.0,AA2024-T3,AA2024-T3,11812.431370253713
51.617615858118256,96.37256979954608,formed z,0.6,0.9000000000000001,49.99999999999999,20.0,120.00000000000001,300.0,AA2024-T3,AA2024-T3,854735.853465492
51.617615858118256,96.37256979954608,j,0.6,0.9000000000000001,49.99999999999999,20.0,120.00000000000001,300.0,AA2024-T3,AA2024-T3,854735.853465492
51.617615858118256,96.37256979954608,z,0.6,0.9000000000000001,49.99999999999999,20.0,120.00000000000001,300.0,AA2024-T3,AA2024-T3,854735.853465492
51.617615858118256,96.37256979954608,z,0.6,0.8,49.99999999999999,20.0,120.00000000000001,300.0,AA2024-T3,AA2024-T3,854735.853465492
51.617615858118256,96.37256979954608,formed z,0.6,0.8,49.99999999999999,20.0,120.00000000000001,300.0,AA2024-T3,AA2024-T3,854735.853465492
51.617615858118256,96.37256979954608,j,0.6,0.8,49.99999999999999,20.0,120.00000000000001,300.0,AA2024-T3,AA2024-T3,854735.853465492
51.619817338179544,81.32079283551708,j,0.5,0.9000000000000001,65.0,20.0,120.00000000000001,449.99999999999994,AA2024-T3,AA2024-T3,12042.373711363789
51.619817338179544,81.32079283551708,formed z,0.5,0.9000000000000001,65.0,20.0,120.00000000000001,449.99999999999994,AA2024-T3,AA2024-T3,12042.373711363789
51.619817338179544,81.32079283551708,formed z,0.5,0.8,65.0,20.0,120.00000000000001,449.99999999999994,AA2024-T3,AA2024-T3,12042.373711363789
51.619817338179544,81.32079283551708,z,0.5,0.8,65.0,20.0,120.00000000000001,449.99999999999994,AA2024-T3,AA2024-T3,12042.373711363789
51.619817338179544,81.32079283551708,z,0.5,0.9000000000000001,65.0,20.0,120.00000000000001,449.99999999999994,AA2024-T3,AA2024-T3,12042.373711363789
51.619817338179544,81.32079283551708,j,0.5,0.8,65.0,20.0,120.00000000000001,449.99999999999994,AA2024-T3,AA2024-T3,12042.37371136379
51.639034097818666,113.51995826770172,z,0.6999999999999998,0.8,59.99999999999999,20.0,180.00000000000003,399.99999999999994,AA2024-T3,AA2024-T3,10595.066606579341
51.639034097818666,113.51995826770172,j,0.6999999999999998,0.8,59.99999999999999,20.0,180.00000000000003,399.99999999999994,AA2024-T3,AA2024-T3,10595.066606579341
51.639034097818666,113.51995826770172,formed z,0.6999999999999998,0.9000000000000001,59.99999999999999,20.0,180.00000000000003,399.99999999999994,AA2024-T3,AA2024-T3,10595.066606579341
51.639034097818666,113.51995826770172,j,0.6999999999999998,0.9000000000000001,59.99999999999999,20.0,180.00000000000003,399.99999999999994,AA2024-T3,AA2024-T3,10595.066606579341
51.639034097818666,113.51995826770172,formed z,0.6999999999999998,0.8,59.99999999999999,20.0,180.00000000000003,399.99999999999994,AA2024-T3,AA2024-T3,10595.066606579341
51.639034097818666,113.51995826770172,z,0.6999999999999998,0.9000000000000001,59.99999999999999,20.0,180.00000000000003,399.99999999999994,AA2024-T3,AA2024-T3,10595.066606579341
51.6927754747678,97.65686166575844,formed z,0.6,0.9000000000000001,70.0,20.0,160.00000000000003,449.99999999999994,AA2024-T3,AA2024-T3,10755.318274712734
51.6927754747678,97.65686166575844,formed z,0.6,0.8,70.0,20.0,160.00000000000003,449.99999999999994,AA2024-T3,AA2024-T3,10755.318274712734
51.6927754747678,97.65686166575844,z,0.6,0.8,70.0,20.0,160.00000000000003,449.99999999999994,AA2024-T3,AA2024-T3,10562.430081665898
51.6927754747678,97.65686166575844,z,0.6,0.9000000000000001,70.0,20.0,160.00000000000003,449.99999999999994,AA2024-T3,AA2024-T3,10755.31827471273
51.6927754747678,97.65686166575844,j,0.6,0.9000000000000001,70.0,20.0,160.00000000000003,449.99999999999994,AA2024-T3,AA2024-T3,10755.318274712734
51.6927754747678,97.65686166575844,j,0.6,0.8,70.0,20.0,160.00000000000003,449.99999999999994,AA2024-T3,AA2024-T3,10755.318274712734
51.77131764678128,113.32059600263582,formed z,0.6999999999999998,0.8,40.0,20.0,120.00000000000001,350.0,AA2024-T3,AA2024-T3,794392.4791801707
51.77131764678128,113.32059600263582,j,0.6999999999999998,0.8,40.0,20.0,120.00000000000001,350.0,AA2024-T3,AA2024-T3,794392.4791801707
51.77131764678128,113.32059600263582,z,0.6999999999999998,0.8,40.0,20.0,120.00000000000001,350.0,AA2024-T3,AA2024-T3,794392.4791801707
51.77131764678128,113.32059600263582,j,0.6999999999999998,0.9000000000000001,40.0,20.0,120.00000000000001,350.0,AA2024-T3,AA2024-T3,794392.4791801707
51.77131764678128,113.32059600263582,formed z,0.6999999999999998,0.9000000000000001,40.0,20.0,120.00000000000001,350.0,AA2024-T3,AA2024-T3,794392.4791801707
51.77131764678128,113.32059600263582,z,0.6999999999999998,0.9000000000000001,40.0,20.0,120.00000000000001,350.0,AA2024-T3,AA2024-T3,794392.4791801707
51.80669597504476,128.74821828276214,formed z,0.7999999999999999,0.9000000000000001,35.0,20.0,160.00000000000003,300.0,AA2024-T3,AA2024-T3,1137427.9794461203
51.80669597504476,128.74821828276214,j,0.7999999999999999,0.9000000000000001,35.0,20.0,160.00000000000003,300.0,AA2024-T3,AA2024-T3,1137427.9794461203
51.80669597504476,128.74821828276214,j,0.7999999999999999,0.8,35.0,20.0,160.00000000000003,300.0,AA2024-T3,AA2024-T3,1137427.9794461203
51.80669597504476,128.74821828276214,z,0.7999999999999999,0.9000000000000001,35.0,20.0,160.00000000000003,300.0,AA2024-T3,AA2024-T3,1137427.9794461203
51.80669597504476,128.74821828276214,z,0.7999999999999999,0.8,35.0,20.0,160.00000000000003,300.0,AA2024-T3,AA2024-T3,1137427.9794461203
51.80669597504476,128.74821828276214,formed z,0.7999999999999999,0.8,35.0,20.0,160.00000000000003,300.0,AA2024-T3,AA2024-T3,1137427.9794461203
51.87101488519303,97.23064926688248,formed z,0.6,0.9000000000000001,59.99999999999999,20.0,140.0,350.0,AA2024-T3,AA2024-T3,11980.545845252445
51.87101488519303,97.23064926688248,formed z,0.6,0.8,59.99999999999999,20.0,140.0,350.0,AA2024-T3,AA2024-T3,11980.545845252445
51.87101488519303,97.23064926688248,j,0.6,0.9000000000000001,59.99999999999999,20.0,140.0,350.0,AA2024-T3,AA2024-T3,11980.545845252445
51.87101488519303,97.23064926688248,j,0.6,0.8,59.99999999999999,20.0,140.0,350.0,AA2024-T3,AA2024-T3,11980.545845252445
51.87101488519303,97.23064926688248,z,0.6,0.8,59.99999999999999,20.0,140.0,350.0,AA2024-T3,AA2024-T3,11980.545845252445
51.87101488519303,97.23064926688248,z,0.6,0.9000000000000001,59.99999999999999,20.0,140.0,350.0,AA2024-T3,AA2024-T3,11980.545845252445
51.89522514260605,114.16548132821148,z,0.6999999999999998,0.9000000000000001,54.99999999999999,20.0,160.00000000000003,449.99999999999994,AA2024-T3,AA2024-T3,12224.817213407692
51.89522514260605,114.16548132821148,formed z,0.6999999999999998,0.8,35.0,20.0,100.0,449.99999999999994,AA2024-T3,AA2024-T3,22072.749367024684
51.89522514260605,114.16548132821148,z,0.6999999999999998,0.8,54.99999999999999,20.0,160.00000000000003,449.99999999999994,AA2024-T3,AA2024-T3,12224.817213407692
51.89522514260605,114.16548132821148,j,0.6999999999999998,0.9000000000000001,35.0,20.0,100.0,449.99999999999994,AA2024-T3,AA2024-T3,22072.749367024684
51.89522514260605,114.16548132821148,z,0.6999999999999998,0.8,35.0,20.0,100.0,449.99999999999994,AA2024-T3,AA2024-T3,22072.749367024684
51.89522514260605,114.16548132821148,formed z,0.6999999999999998,0.8,54.99999999999999,20.0,160.00000000000003,449.99999999999994,AA2024-T3,AA2024-T3,12224.817213407692
51.89522514260605,114.16548132821148,formed z,0.6999999999999998,0.9000000000000001,54.99999999999999,20.0,160.00000000000003,449.99999999999994,AA2024-T3,AA2024-T3,12224.817213407692
51.89522514260605,114.16548132821148,z,0.6999999999999998,0.9000000000000001,35.0,20.0,100.0,449.99999999999994,AA2024-T3,AA2024-T3,22072.749367024684
51.89522514260605,114.16548132821148,j,0.6999999999999998,0.8,35.0,20.0,100.0,449.99999999999994,AA2024-T3,AA2024-T3,22072.749367024684
51.89522514260605,114.16548132821148,formed z,0.6999999999999998,0.9000000000000001,35.0,20.0,100.0,449.99999999999994,AA2024-T3,AA2024-T3,22072.749367024684
51.89522514260605,114.16548132821148,j,0.6999999999999998,0.8,54.99999999999999,20.0,160.00000000000003,449.99999999999994,AA2024-T3,AA2024-T3,12224.817213407692
51.89522514260605,114.16548132821148,j,0.6999999999999998,0.9000000000000001,54.99999999999999,20.0,160.00000000000003,449.99999999999994,AA2024-T3,AA2024-T3,12224.817213407692
51.9085946935178,97.86927182306948,formed z,0.6,0.8,44.99999999999999,20.0,100.0,449.99999999999994,AA2024-T3,AA2024-T3,618804.2425906308
51.9085946935178,97.86927182306948,z,0.6,0.8,44.99999999999999,20.0,100.0,449.99999999999994,AA2024-T3,AA2024-T3,618804.2425906308
51.9085946935178,97.86927182306948,formed z,0.6,0.9000000000000001,44.99999999999999,20.0,100.0,449.99999999999994,AA2024-T3,AA2024-T3,618804.2425906308
51.9085946935178,97.86927182306948,j,0.6,0.9000000000000001,44.99999999999999,20.0,100.0,449.99999999999994,AA2024-T3,AA2024-T3,618804.2425906308
51.9085946935178,97.86927182306948,z,0.6,0.9000000000000001,44.99999999999999,20.0,100.0,449.99999999999994,AA2024-T3,AA2024-T3,618804.2425906312
51.9085946935178,97.86927182306948,j,0.6,0.8,44.99999999999999,20.0,100.0,449.99999999999994,AA2024-T3,AA2024-T3,618804.2425906308
51.921964244429546,81.5686791900854,formed z,0.5,0.8,54.99999999999999,20.0,100.0,449.99999999999994,AA2024-T3,AA2024-T3,714058.176013454
51.921964244429546,81.5686791900854,z,0.5,0.9000000000000001,54.99999999999999,20.0,100.0,449.99999999999994,AA2024-T3,AA2024-T3,714058.176013454
51.921964244429546,81.5686791900854,j,0.5,0.9000000000000001,54.99999999999999,20.0,100.0,449.99999999999994,AA2024-T3,AA2024-T3,714058.176013454
51.921964244429546,81.5686791900854,z,0.5,0.8,54.99999999999999,20.0,100.0,449.99999999999994,AA2024-T3,AA2024-T3,714058.176013454
51.921964244429546,81.5686791900854,j,0.5,0.8,54.99999999999999,20.0,100.0,449.99999999999994,AA2024-T3,AA2024-T3,714058.176013454
51.921964244429546,81.5686791900854,formed z,0.5,0.9000000000000001,54.99999999999999,20.0,100.0,449.99999999999994,AA2024-T3,AA2024-T3,714058.1760134541
51.924756262142154,81.32079283551708,j,0.5,0.8,65.0,20.0,120.00000000000001,399.99999999999994,AA2024-T3,AA2024-T3,12042.37371136379
51.924756262142154,81.32079283551708,z,0.5,0.8,65.0,20.0,120.00000000000001,399.99999999999994,AA2024-T3,AA2024-T3,12042.373711363789
51.924756262142154,81.32079283551708,formed z,0.5,0.9000000000000001,65.0,20.0,120.00000000000001,399.99999999999994,AA2024-T3,AA2024-T3,12042.373711363789
51.924756262142154,81.32079283551708,j,0.5,0.9000000000000001,65.0,20.0,120.00000000000001,399.99999999999994,AA2024-T3,AA2024-T3,12042.373711363789
51.924756262142154,81.32079283551708,z,0.5,0.9000000000000001,65.0,20.0,120.00000000000001,399.99999999999994,AA2024-T3,AA2024-T3,12042.373711363789
51.924756262142154,81.32079283551708,formed z,0.5,0.8,65.0,20.0,120.00000000000001,399.99999999999994,AA2024-T3,AA2024-T3,12042.373711363789
51.93533379534128,65.26370431237508,formed z,0.39999999999999997,0.8,65.0,20.0,100.0,449.99999999999994,AA2024-T3,AA2024-T3,12124.395726773306
51.93533379534128,65.26370431237508,j,0.39999999999999997,0.8,65.0,20.0,100.0,449.99999999999994,AA2024-T3,AA2024-T3,12124.395726773306
51.93533379534128,65.26370431237508,z,0.39999999999999997,0.9000000000000001,65.0,20.0,100.0,449.99999999999994,AA2024-T3,AA2024-T3,12124.395726773306
51.93533379534128,65.26370431237508,z,0.39999999999999997,0.8,65.0,20.0,100.0,449.99999999999994,AA2024-T3,AA2024-T3,12124.395726773306
51.93533379534128,65.26370431237508,formed z,0.39999999999999997,0.9000000000000001,65.0,20.0,100.0,449.99999999999994,AA2024-T3,AA2024-T3,12124.395726773306
51.93533379534128,65.26370431237508,j,0.39999999999999997,0.9000000000000001,65.0,20.0,100.0,449.99999999999994,AA2024-T3,AA2024-T3,12124.395726773306
51.93618750629476,128.92014671962667,z,0.7999999999999999,0.9000000000000001,40.0,20.0,180.00000000000003,300.0,AA2024-T3,AA2024-T3,11992.352064921062
51.93618750629476,128.92014671962667,formed z,0.7999999999999999,0.9000000000000001,40.0,20.0,180.00000000000003,300.0,AA2024-T3,AA2024-T3,11992.352064921066
51.93618750629476,128.92014671962667,z,0.7999999999999999,0.8,40.0,20.0,180.00000000000003,300.0,AA2024-T3,AA2024-T3,11992.352064921062
51.93618750629476,128.92014671962667,j,0.7999999999999999,0.9000000000000001,40.0,20.0,180.00000000000003,300.0,AA2024-T3,AA2024-T3,11992.352064921062
51.93618750629476,128.92014671962667,formed z,0.7999999999999999,0.8,40.0,20.0,180.00000000000003,300.0,AA2024-T3,AA2024-T3,11992.352064921062
51.93618750629476,128.92014671962667,j,0.7999999999999999,0.8,40.0,20.0,180.00000000000003,300.0,AA2024-T3,AA2024-T3,11992.352064921062
51.943973021781275,113.51995826770172,j,0.6999999999999998,0.8,59.99999999999999,20.0,180.00000000000003,350.0,AA2024-T3,AA2024-T3,10595.066606579341
51.943973021781275,113.51995826770172,j,0.6999999999999998,0.9000000000000001,59.99999999999999,20.0,180.00000000000003,350.0,AA2024-T3,AA2024-T3,10595.066606579341
51.943973021781275,113.51995826770172,formed z,0.6999999999999998,0.8,59.99999999999999,20.0,180.00000000000003,350.0,AA2024-T3,AA2024-T3,10595.066606579341
51.943973021781275,113.51995826770172,formed z,0.6999999999999998,0.9000000000000001,59.99999999999999,20.0,180.00000000000003,350.0,AA2024-T3,AA2024-T3,10595.066606579341
51.943973021781275,113.51995826770172,z,0.6999999999999998,0.8,59.99999999999999,20.0,180.00000000000003,350.0,AA2024-T3,AA2024-T3,10595.066606579341
51.943973021781275,113.51995826770172,z,0.6999999999999998,0.9000000000000001,59.99999999999999,20.0,180.00000000000003,350.0,AA2024-T3,AA2024-T3,10595.066606579341
51.99771439873041,97.65686166575844,j,0.6,0.9000000000000001,70.0,20.0,160.00000000000003,399.99999999999994,AA2024-T3,AA2024-T3,10755.318274712734
51.99771439873041,97.65686166575844,formed z,0.6,0.8,70.0,20.0,160.00000000000003,399.99999999999994,AA2024-T3,AA2024-T3,10755.318274712734
51.99771439873041,97.65686166575844,z,0.6,0.8,70.0,20.0,160.00000000000003,399.99999999999994,AA2024-T3,AA2024-T3,10581.454402666008
51.99771439873041,97.65686166575844,j,0.6,0.8,70.0,20.0,160.00000000000003,399.99999999999994,AA2024-T3,AA2024-T3,10755.318274712734
51.99771439873041,97.65686166575844,z,0.6,0.9000000000000001,70.0,20.0,160.00000000000003,399.99999999999994,AA2024-T3,AA2024-T3,10755.31827471273
51.99771439873041,97.65686166575844,formed z,0.6,0.9000000000000001,70.0,20.0,160.00000000000003,399.99999999999994,AA2024-T3,AA2024-T3,10755.318274712734
52.03588474470651,112.9208155522104,z,0.6999999999999998,0.8,44.99999999999999,20.0,140.0,300.0,AA2024-T3,AA2024-T3,999016.4529195706
52.03588474470651,112.9208155522104,formed z,0.6999999999999998,0.8,44.99999999999999,20.0,140.0,300.0,AA2024-T3,AA2024-T3,999016.4529195706
52.03588474470651,112.9208155522104,j,0.6999999999999998,0.8,44.99999999999999,20.0,140.0,300.0,AA2024-T3,AA2024-T3,999016.4529195706
52.03588474470651,112.9208155522104,formed z,0.6999999999999998,0.9000000000000001,44.99999999999999,20.0,140.0,300.0,AA2024-T3,AA2024-T3,999016.4529195706
52.03588474470651,112.9208155522104,z,0.6999999999999998,0.9000000000000001,44.99999999999999,20.0,140.0,300.0,AA2024-T3,AA2024-T3,999016.4529195706
52.03588474470651,112.9208155522104,j,0.6999999999999998,0.9000000000000001,44.99999999999999,20.0,140.0,300.0,AA2024-T3,AA2024-T3,999016.4529195706
52.05451096669431,130.6834965180934,formed z,0.7999999999999999,0.8,44.99999999999999,20.0,180.00000000000003,449.99999999999994,AA2024-T3,AA2024-T3,12357.671332049073
52.05451096669431,130.6834965180934,z,0.7999999999999999,0.8,44.99999999999999,20.0,180.00000000000003,449.99999999999994,AA2024-T3,AA2024-T3,12357.671332049073
52.05451096669431,130.6834965180934,z,0.7999999999999999,0.9000000000000001,44.99999999999999,20.0,180.00000000000003,449.99999999999994,AA2024-T3,AA2024-T3,12357.671332049076
52.05451096669431,130.6834965180934,j,0.7999999999999999,0.8,44.99999999999999,20.0,180.00000000000003,449.99999999999994,AA2024-T3,AA2024-T3,12357.671332049073
52.05451096669431,130.6834965180934,j,0.7999999999999999,0.9000000000000001,44.99999999999999,20.0,180.00000000000003,449.99999999999994,AA2024-T3,AA2024-T3,12357.671332049073
52.05451096669431,130.6834965180934,formed z,0.7999999999999999,0.9000000000000001,44.99999999999999,20.0,180.00000000000003,449.99999999999994,AA2024-T3,AA2024-T3,12357.671332049073
52.0976748104443,130.7399827976735,formed z,0.7999999999999999,0.8,49.99999999999999,20.0,200.0,449.99999999999994,AA2024-T3,AA2024-T3,10771.765773335148
52.0976748104443,130.7399827976735,z,0.7999999999999999,0.9000000000000001,35.0,20.0,140.0,449.99999999999994,AA2024-T3,AA2024-T3,960127.4840172742
52.0976748104443,130.7399827976735,formed z,0.7999999999999999,0.8,40.0,20.0,160.00000000000003,449.99999999999994,AA2024-T3,AA2024-T3,1138391.7191449548
52.0976748104443,130.7399827976735,formed z,0.7999999999999999,0.9000000000000001,49.99999999999999,20.0,200.0,449.99999999999994,AA2024-T3,AA2024-T3,10771.765773335148
52.0976748104443,130.7399827976735,z,0.7999999999999999,0.8,35.0,20.0,140.0,449.99999999999994,AA2024-T3,AA2024-T3,960127.4840172742
52.0976748104443,130.7399827976735,j,0.7999999999999999,0.9000000000000001,40.0,20.0,160.00000000000003,449.99999999999994,AA2024-T3,AA2024-T3,1138391.7191449548
52.0976748104443,130.7399827976735,formed z,0.7999999999999999,0.8,35.0,20.0,140.0,449.99999999999994,AA2024-T3,AA2024-T3,960127.4840172742
52.0976748104443,130.7399827976735,z,0.7999999999999999,0.8,40.0,20.0,160.00000000000003,449.99999999999994,AA2024-T3,AA2024-T3,1138391.7191449548
52.0976748104443,130.7399827976735,j,0.7999999999999999,0.8,40.0,20.0,160.00000000000003,449.99999999999994,AA2024-T3,AA2024-T3,1138391.7191449548
52.0976748104443,130.7399827976735,j,0.7999999999999999,0.8,35.0,20.0,140.0,449.99999999999994,AA2024-T3,AA2024-T3,960127.4840172742
52.0976748104443,130.7399827976735,formed z,0.7999999999999999,0.9000000000000001,40.0,20.0,160.00000000000003,449.99999999999994,AA2024-T3,AA2024-T3,1138391.7191449548
52.0976748104443,130.7399827976735,z,0.7999999999999999,0.8,49.99999999999999,20.0,200.0,449.99999999999994,AA2024-T3,AA2024-T3,10771.765773335148
52.0976748104443,130.7399827976735,j,0.7999999999999999,0.8,49.99999999999999,20.0,200.0,449.99999999999994,AA2024-T3,AA2024-T3,10771.765773335148
52.0976748104443,130.7399827976735,z,0.7999999999999999,0.9000000000000001,40.0,20.0,160.00000000000003,449.99999999999994,AA2024-T3,AA2024-T3,1138391.7191449548
52.0976748104443,130.7399827976735,formed z,0.7999999999999999,0.9000000000000001,35.0,20.0,140.0,449.99999999999994,AA2024-T3,AA2024-T3,960127.4840172742
52.0976748104443,130.7399827976735,z,0.7999999999999999,0.9000000000000001,49.99999999999999,20.0,200.0,449.99999999999994,AA2024-T3,AA2024-T3,10771.765773335148
52.0976748104443,130.7399827976735,j,0.7999999999999999,0.9000000000000001,49.99999999999999,20.0,200.0,449.99999999999994,AA2024-T3,AA2024-T3,10771.765773335148
52.0976748104443,130.7399827976735,j,0.7999999999999999,0.9000000000000001,35.0,20.0,140.0,449.99999999999994,AA2024-T3,AA2024-T3,960127.4840172742
52.108842881294756,129.14902860329926,formed z,0.7999999999999999,0.9000000000000001,44.99999999999999,20.0,200.0,300.0,AA2024-T3,AA2024-T3,10442.499357966984
52.108842881294756,129.14902860329926,j,0.7999999999999999,0.9000000000000001,44.99999999999999,20.0,200.0,300.0,AA2024-T3,AA2024-T3,10442.499357966984
52.108842881294756,129.14902860329926,z,0.7999999999999999,0.8,44.99999999999999,20.0,200.0,300.0,AA2024-T3,AA2024-T3,10442.499357966984
52.108842881294756,129.14902860329926,j,0.7999999999999999,0.8,44.99999999999999,20.0,200.0,300.0,AA2024-T3,AA2024-T3,10442.499357966984
52.108842881294756,129.14902860329926,formed z,0.7999999999999999,0.8,44.99999999999999,20.0,200.0,300.0,AA2024-T3,AA2024-T3,10442.499357966984
52.108842881294756,129.14902860329926,z,0.7999999999999999,0.9000000000000001,44.99999999999999,20.0,200.0,300.0,AA2024-T3,AA2024-T3,10442.499357966984
52.19737204885605,114.51156342763576,z,0.6999999999999998,0.8,70.0,20.0,200.0,449.99999999999994,AA2024-T3,AA2024-T3,9651.062256228306
52.19737204885605,114.51156342763576,formed z,0.6999999999999998,0.9000000000000001,70.0,20.0,200.0,449.99999999999994,AA2024-T3,AA2024-T3,9816.888662753932
52.19737204885605,114.51156342763576,z,0.6999999999999998,0.9000000000000001,70.0,20.0,200.0,449.99999999999994,AA2024-T3,AA2024-T3,9816.888662753929
52.19737204885605,114.51156342763576,formed z,0.6999999999999998,0.8,70.0,20.0,200.0,449.99999999999994,AA2024-T3,AA2024-T3,9816.888662753932
52.19737204885605,114.51156342763576,j,0.6999999999999998,0.9000000000000001,70.0,20.0,200.0,449.99999999999994,AA2024-T3,AA2024-T3,9816.888662753932
52.19737204885605,114.51156342763576,j,0.6999999999999998,0.8,70.0,20.0,200.0,449.99999999999994,AA2024-T3,AA2024-T3,9816.888662753932
52.20016406656867,114.16548132821148,z,0.6999999999999998,0.9000000000000001,54.99999999999999,20.0,160.00000000000003,399.99999999999994,AA2024-T3,AA2024-T3,12224.817213407692
52.20016406656867,114.16548132821148,z,0.6999999999999998,0.9000000000000001,35.0,20.0,100.0,399.99999999999994,AA2024-T3,AA2024-T3,22072.749367024684
52.20016406656867,114.16548132821148,j,0.6999999999999998,0.8,35.0,20.0,100.0,399.99999999999994,AA2024-T3,AA2024-T3,22072.749367024684
52.20016406656867,114.16548132821148,formed z,0.6999999999999998,0.8,35.0,20.0,100.0,399.99999999999994,AA2024-T3,AA2024-T3,22072.749367024684
52.20016406656867,114.16548132821148,j,0.6999999999999998,0.8,54.99999999999999,20.0,160.00000000000003,399.99999999999994,AA2024-T3,AA2024-T3,12224.817213407692
52.20016406656867,114.16548132821148,formed z,0.6999999999999998,0.8,54.99999999999999,20.0,160.00000000000003,399.99999999999994,AA2024-T3,AA2024-T3,12224.817213407692
52.20016406656867,114.16548132821148,j,0.6999999999999998,0.9000000000000001,54.99999999999999,20.0,160.00000000000003,399.99999999999994,AA2024-T3,AA2024-T3,12224.817213407692
52.20016406656867,114.16548132821148,formed z,0.6999999999999998,0.9000000000000001,35.0,20.0,100.0,399.99999999999994,AA2024-T3,AA2024-T3,22072.749367024684
52.20016406656867,114.16548132821148,formed z,0.6999999999999998,0.9000000000000001,54.99999999999999,20.0,160.00000000000003,399.99999999999994,AA2024-T3,AA2024-T3,12224.817213407692
52.20016406656867,114.16548132821148,z,0.6999999999999998,0.8,35.0,20.0,100.0,399.99999999999994,AA2024-T3,AA2024-T3,22072.749367024684
52.20016406656867,114.16548132821148,j,0.6999999999999998,0.9000000000000001,35.0,20.0,100.0,399.99999999999994,AA2024-T3,AA2024-T3,22072.749367024684
52.20016406656867,114.16548132821148,z,0.6999999999999998,0.8,54.99999999999999,20.0,160.00000000000003,399.99999999999994,AA2024-T3,AA2024-T3,12224.817213407692
52.208540119706505,113.12088238554568,formed z,0.6999999999999998,0.9000000000000001,65.0,20.0,200.0,300.0,AA2024-T3,AA2024-T3,9487.818743617723
52.208540119706505,113.12088238554568,formed z,0.6999999999999998,0.8,65.0,20.0,200.0,300.0,AA2024-T3,AA2024-T3,9487.818743617725
52.208540119706505,113.12088238554568,j,0.6999999999999998,0.9000000000000001,65.0,20.0,200.0,300.0,AA2024-T3,AA2024-T3,9487.818743617725
52.208540119706505,113.12088238554568,z,0.6999999999999998,0.8,65.0,20.0,200.0,300.0,AA2024-T3,AA2024-T3,9487.818743617723
52.208540119706505,113.12088238554568,j,0.6999999999999998,0.8,65.0,20.0,200.0,300.0,AA2024-T3,AA2024-T3,9487.818743617725
52.208540119706505,113.12088238554568,z,0.6999999999999998,0.9000000000000001,65.0,20.0,200.0,300.0,AA2024-T3,AA2024-T3,9487.818743617725
52.21353361748041,97.86927182306948,formed z,0.6,0.9000000000000001,44.99999999999999,20.0,100.0,399.99999999999994,AA2024-T3,AA2024-T3,618804.2425906308
52.21353361748041,97.86927182306948,formed z,0.6,0.8,44.99999999999999,20.0,100.0,399.99999999999994,AA2024-T3,AA2024-T3,618804.2425906308
52.21353361748041,97.86927182306948,z,0.6,0.9000000000000001,44.99999999999999,20.0,100.0,399.99999999999994,AA2024-T3,AA2024-T3,618804.2425906312
52.21353361748041,97.86927182306948,j,0.6,0.9000000000000001,44.99999999999999,20.0,100.0,399.99999999999994,AA2024-T3,AA2024-T3,618804.2425906308
52.21353361748041,97.86927182306948,j,0.6,0.8,44.99999999999999,20.0,100.0,399.99999999999994,AA2024-T3,AA2024-T3,618804.2425906308
52.21353361748041,97.86927182306948,z,0.6,0.8,44.99999999999999,20.0,100.0,399.99999999999994,AA2024-T3,AA2024-T3,618804.2425906308
52.22690316839216,81.5686791900854,j,0.5,0.9000000000000001,54.99999999999999,20.0,100.0,399.99999999999994,AA2024-T3,AA2024-T3,714058.176013454
52.22690316839216,81.5686791900854,z,0.5,0.9000000000000001,54.99999999999999,20.0,100.0,399.99999999999994,AA2024-T3,AA2024-T3,714058.176013454
52.22690316839216,81.5686791900854,z,0.5,0.8,54.99999999999999,20.0,100.0,399.99999999999994,AA2024-T3,AA2024-T3,714058.176013454
52.22690316839216,81.5686791900854,j,0.5,0.8,54.99999999999999,20.0,100.0,399.99999999999994,AA2024-T3,AA2024-T3,714058.176013454
52.22690316839216,81.5686791900854,formed z,0.5,0.8,54.99999999999999,20.0,100.0,399.99999999999994,AA2024-T3,AA2024-T3,714058.176013454
52.22690316839216,81.5686791900854,formed z,0.5,0.9000000000000001,54.99999999999999,20.0,100.0,399.99999999999994,AA2024-T3,AA2024-T3,714058.1760134541
52.22969518610477,81.32079283551708,formed z,0.5,0.8,65.0,20.0,120.00000000000001,350.0,AA2024-T3,AA2024-T3,12042.373711363789
52.22969518610477,81.32079283551708,formed z,0.5,0.9000000000000001,65.0,20.0,120.00000000000001,350.0,AA2024-T3,AA2024-T3,12042.373711363789
52.22969518610477,81.32079283551708,j,0.5,0.9000000000000001,65.0,20.0,120.00000000000001,350.0,AA2024-T3,AA2024-T3,12042.373711363789
52.22969518610477,81.32079283551708,j,0.5,0.8,65.0,20.0,120.00000000000001,350.0,AA2024-T3,AA2024-T3,12042.37371136379
52.22969518610477,81.32079283551708,z,0.5,0.9000000000000001,65.0,20.0,120.00000000000001,350.0,AA2024-T3,AA2024-T3,12042.373711363789
52.22969518610477,81.32079283551708,z,0.5,0.8,65.0,20.0,120.00000000000001,350.0,AA2024-T3,AA2024-T3,12042.373711363789
52.240272719303896,65.26370431237508,z,0.39999999999999997,0.8,65.0,20.0,100.0,399.99999999999994,AA2024-T3,AA2024-T3,12124.395726773306
52.240272719303896,65.26370431237508,j,0.39999999999999997,0.8,65.0,20.0,100.0,399.99999999999994,AA2024-T3,AA2024-T3,12124.395726773306
52.240272719303896,65.26370431237508,j,0.39999999999999997,0.9000000000000001,65.0,20.0,100.0,399.99999999999994,AA2024-T3,AA2024-T3,12124.395726773306
52.240272719303896,65.26370431237508,z,0.39999999999999997,0.9000000000000001,65.0,20.0,100.0,399.99999999999994,AA2024-T3,AA2024-T3,12124.395726773306
52.240272719303896,65.26370431237508,formed z,0.39999999999999997,0.9000000000000001,65.0,20.0,100.0,399.99999999999994,AA2024-T3,AA2024-T3,12124.395726773306
52.240272719303896,65.26370431237508,formed z,0.39999999999999997,0.8,65.0,20.0,100.0,399.99999999999994,AA2024-T3,AA2024-T3,12124.395726773306
52.302653322693025,97.65686166575844,j,0.6,0.9000000000000001,70.0,20.0,160.00000000000003,350.0,AA2024-T3,AA2024-T3,10755.318274712734
52.302653322693025,97.65686166575844,formed z,0.6,0.8,70.0,20.0,160.00000000000003,350.0,AA2024-T3,AA2024-T3,10755.318274712734
52.302653322693025,97.65686166575844,z,0.6,0.9000000000000001,70.0,20.0,160.00000000000003,350.0,AA2024-T3,AA2024-T3,10755.31827471273
52.302653322693025,97.65686166575844,formed z,0.6,0.9000000000000001,70.0,20.0,160.00000000000003,350.0,AA2024-T3,AA2024-T3,10755.318274712734
52.302653322693025,97.65686166575844,z,0.6,0.8,70.0,20.0,160.00000000000003,350.0,AA2024-T3,AA2024-T3,10600.339730097188
52.302653322693025,97.65686166575844,j,0.6,0.8,70.0,20.0,160.00000000000003,350.0,AA2024-T3,AA2024-T3,10755.318274712734
52.35944989065692,130.6834965180934,j,0.7999999999999999,0.8,44.99999999999999,20.0,180.00000000000003,399.99999999999994,AA2024-T3,AA2024-T3,12357.671332049073
52.35944989065692,130.6834965180934,z,0.7999999999999999,0.9000000000000001,44.99999999999999,20.0,180.00000000000003,399.99999999999994,AA2024-T3,AA2024-T3,12357.671332049076
52.35944989065692,130.6834965180934,z,0.7999999999999999,0.8,44.99999999999999,20.0,180.00000000000003,399.99999999999994,AA2024-T3,AA2024-T3,12357.671332049073
52.35944989065692,130.6834965180934,formed z,0.7999999999999999,0.9000000000000001,44.99999999999999,20.0,180.00000000000003,399.99999999999994,AA2024-T3,AA2024-T3,12357.671332049073
52.35944989065692,130.6834965180934,formed z,0.7999999999999999,0.8,44.99999999999999,20.0,180.00000000000003,399.99999999999994,AA2024-T3,AA2024-T3,12357.671332049073
52.35944989065692,130.6834965180934,j,0.7999999999999999,0.9000000000000001,44.99999999999999,20.0,180.00000000000003,399.99999999999994,AA2024-T3,AA2024-T3,12357.671332049073
52.3811954947065,113.32059600263582,j,0.6999999999999998,0.9000000000000001,40.0,20.0,120.00000000000001,300.0,AA2024-T3,AA2024-T3,794392.4791801707
52.3811954947065,113.32059600263582,formed z,0.6999999999999998,0.9000000000000001,40.0,20.0,120.00000000000001,300.0,AA2024-T3,AA2024-T3,794392.4791801707
52.3811954947065,113.32059600263582,z,0.6999999999999998,0.9000000000000001,40.0,20.0,120.00000000000001,300.0,AA2024-T3,AA2024-T3,794392.4791801707
52.3811954947065,113.32059600263582,z,0.6999999999999998,0.8,40.0,20.0,120.00000000000001,300.0,AA2024-T3,AA2024-T3,794392.4791801707
52.3811954947065,113.32059600263582,formed z,0.6999999999999998,0.8,40.0,20.0,120.00000000000001,300.0,AA2024-T3,AA2024-T3,794392.4791801707
52.3811954947065,113.32059600263582,j,0.6999999999999998,0.8,40.0,20.0,120.00000000000001,300.0,AA2024-T3,AA2024-T3,794392.4791801707
52.383396974767805,98.33495913497899,j,0.6,0.9000000000000001,54.99999999999999,20.0,120.00000000000001,449.99999999999994,AA2024-T3,AA2024-T3,855404.7692565866
52.383396974767805,98.33495913497899,z,0.6,0.8,54.99999999999999,20.0,120.00000000000001,449.99999999999994,AA2024-T3,AA2024-T3,855404.7692565866
52.383396974767805,98.33495913497899,formed z,0.6,0.9000000000000001,54.99999999999999,20.0,120.00000000000001,449.99999999999994,AA2024-T3,AA2024-T3,855404.7692565866
52.383396974767805,98.33495913497899,z,0.6,0.9000000000000001,54.99999999999999,20.0,120.00000000000001,449.99999999999994,AA2024-T3,AA2024-T3,855404.7692565866
52.383396974767805,98.33495913497899,formed z,0.6,0.8,54.99999999999999,20.0,120.00000000000001,449.99999999999994,AA2024-T3,AA2024-T3,855404.7692565866
52.383396974767805,98.33495913497899,j,0.6,0.8,54.99999999999999,20.0,120.00000000000001,449.99999999999994,AA2024-T3,AA2024-T3,855404.7692565866
52.40261373440692,130.7399827976735,formed z,0.7999999999999999,0.9000000000000001,40.0,20.0,160.00000000000003,399.99999999999994,AA2024-T3,AA2024-T3,1138391.7191449548
52.40261373440692,130.7399827976735,formed z,0.7999999999999999,0.9000000000000001,49.99999999999999,20.0,200.0,399.99999999999994,AA2024-T3,AA2024-T3,10771.765773335148
52.40261373440692,130.7399827976735,formed z,0.7999999999999999,0.9000000000000001,35.0,20.0,140.0,399.99999999999994,AA2024-T3,AA2024-T3,960127.4840172742
52.40261373440692,130.7399827976735,j,0.7999999999999999,0.8,40.0,20.0,160.00000000000003,399.99999999999994,AA2024-T3,AA2024-T3,1138391.7191449548
52.40261373440692,130.7399827976735,z,0.7999999999999999,0.9000000000000001,35.0,20.0,140.0,399.99999999999994,AA2024-T3,AA2024-T3,960127.4840172742
52.40261373440692,130.7399827976735,z,0.7999999999999999,0.9000000000000001,40.0,20.0,160.00000000000003,399.99999999999994,AA2024-T3,AA2024-T3,1138391.7191449548
52.40261373440692,130.7399827976735,z,0.7999999999999999,0.8,40.0,20.0,160.00000000000003,399.99999999999994,AA2024-T3,AA2024-T3,1138391.7191449548
52.40261373440692,130.7399827976735,j,0.7999999999999999,0.9000000000000001,35.0,20.0,140.0,399.99999999999994,AA2024-T3,AA2024-T3,960127.4840172742
52.40261373440692,130.7399827976735,j,0.7999999999999999,0.9000000000000001,49.99999999999999,20.0,200.0,399.99999999999994,AA2024-T3,AA2024-T3,10771.765773335148
52.40261373440692,130.7399827976735,z,0.7999999999999999,0.8,49.99999999999999,20.0,200.0,399.99999999999994,AA2024-T3,AA2024-T3,10771.765773335148
52.40261373440692,130.7399827976735,j,0.7999999999999999,0.8,35.0,20.0,140.0,399.99999999999994,AA2024-T3,AA2024-T3,960127.4840172742
52.40261373440692,130.7399827976735,z,0.7999999999999999,0.8,35.0,20.0,140.0,399.99999999999994,AA2024-T3,AA2024-T3,960127.4840172742
52.40261373440692,130.7399827976735,j,0.7999999999999999,0.8,49.99999999999999,20.0,200.0,399.99999999999994,AA2024-T3,AA2024-T3,10771.765773335148
52.40261373440692,130.7399827976735,z,0.7999999999999999,0.9000000000000001,49.99999999999999,20.0,200.0,399.99999999999994,AA2024-T3,AA2024-T3,10771.765773335148
52.40261373440692,130.7399827976735,formed z,0.7999999999999999,0.8,40.0,20.0,160.00000000000003,399.99999999999994,AA2024-T3,AA2024-T3,1138391.7191449548
52.40261373440692,130.7399827976735,formed z,0.7999999999999999,0.8,35.0,20.0,140.0,399.99999999999994,AA2024-T3,AA2024-T3,960127.4840172742
52.40261373440692,130.7399827976735,j,0.7999999999999999,0.9000000000000001,40.0,20.0,160.00000000000003,399.99999999999994,AA2024-T3,AA2024-T3,1138391.7191449548
52.40261373440692,130.7399827976735,formed z,0.7999999999999999,0.8,49.99999999999999,20.0,200.0,399.99999999999994,AA2024-T3,AA2024-T3,10771.765773335148
52.48089273311825,97.23064926688248,formed z,0.6,0.9000000000000001,59.99999999999999,20.0,140.0,300.0,AA2024-T3,AA2024-T3,11980.545845252445
52.48089273311825,97.23064926688248,formed z,0.6,0.8,59.99999999999999,20.0,140.0,300.0,AA2024-T3,AA2024-T3,11980.545845252445
52.48089273311825,97.23064926688248,j,0.6,0.8,59.99999999999999,20.0,140.0,300.0,AA2024-T3,AA2024-T3,11980.545845252445
52.48089273311825,97.23064926688248,j,0.6,0.9000000000000001,59.99999999999999,20.0,140.0,300.0,AA2024-T3,AA2024-T3,11980.545845252445
52.48089273311825,97.23064926688248,z,0.6,0.9000000000000001,59.99999999999999,20.0,140.0,300.0,AA2024-T3,AA2024-T3,11980.545845252445
52.48089273311825,97.23064926688248,z,0.6,0.8,59.99999999999999,20.0,140.0,300.0,AA2024-T3,AA2024-T3,11980.545845252445
52.50231097281867,114.51156342763576,z,0.6999999999999998,0.9000000000000001,70.0,20.0,200.0,399.99999999999994,AA2024-T3,AA2024-T3,9816.888662753929
52.50231097281867,114.51156342763576,z,0.6999999999999998,0.8,70.0,20.0,200.0,399.99999999999994,AA2024-T3,AA2024-T3,9667.425622080913
52.50231097281867,114.51156342763576,j,0.6999999999999998,0.9000000000000001,70.0,20.0,200.0,399.99999999999994,AA2024-T3,AA2024-T3,9816.888662753932
52.50231097281867,114.51156342763576,formed z,0.6999999999999998,0.9000000000000001,70.0,20.0,200.0,399.99999999999994,AA2024-T3,AA2024-T3,9816.888662753932
52.50231097281867,114.51156342763576,formed z,0.6999999999999998,0.8,70.0,20.0,200.0,399.99999999999994,AA2024-T3,AA2024-T3,9816.888662753932
52.50231097281867,114.51156342763576,j,0.6999999999999998,0.8,70.0,20.0,200.0,399.99999999999994,AA2024-T3,AA2024-T3,9816.888662753932
52.50510299053128,114.16548132821148,z,0.6999999999999998,0.9000000000000001,35.0,20.0,100.0,350.0,AA2024-T3,AA2024-T3,22072.749367024684
52.50510299053128,114.16548132821148,formed z,0.6999999999999998,0.9000000000000001,54.99999999999999,20.0,160.00000000000003,350.0,AA2024-T3,AA2024-T3,12224.817213407692
52.50510299053128,114.16548132821148,j,0.6999999999999998,0.9000000000000001,54.99999999999999,20.0,160.00000000000003,350.0,AA2024-T3,AA2024-T3,12224.817213407692
52.50510299053128,114.16548132821148,formed z,0.6999999999999998,0.8,35.0,20.0,100.0,350.0,AA2024-T3,AA2024-T3,22072.749367024684
52.50510299053128,114.16548132821148,z,0.6999999999999998,0.8,35.0,20.0,100.0,350.0,AA2024-T3,AA2024-T3,22072.749367024684
52.50510299053128,114.16548132821148,formed z,0.6999999999999998,0.8,54.99999999999999,20.0,160.00000000000003,350.0,AA2024-T3,AA2024-T3,12224.817213407692
52.50510299053128,114.16548132821148,z,0.6999999999999998,0.9000000000000001,54.99999999999999,20.0,160.00000000000003,350.0,AA2024-T3,AA2024-T3,12224.817213407692
52.50510299053128,114.16548132821148,formed z,0.6999999999999998,0.9000000000000001,35.0,20.0,100.0,350.0,AA2024-T3,AA2024-T3,22072.749367024684
52.50510299053128,114.16548132821148,j,0.6999999999999998,0.8,54.99999999999999,20.0,160.00000000000003,350.0,AA2024-T3,AA2024-T3,12224.817213407692
52.50510299053128,114.16548132821148,j,0.6999999999999998,0.8,35.0,20.0,100.0,350.0,AA2024-T3,AA2024-T3,22072.749367024684
52.50510299053128,114.16548132821148,j,0.6999999999999998,0.9000000000000001,35.0,20.0,100.0,350.0,AA2024-T3,AA2024-T3,22072.749367024684
52.50510299053128,114.16548132821148,z,0.6999999999999998,0.8,54.99999999999999,20.0,160.00000000000003,350.0,AA2024-T3,AA2024-T3,12224.817213407692
52.518472541443025,97.86927182306948,formed z,0.6,0.9000000000000001,44.99999999999999,20.0,100.0,350.0,AA2024-T3,AA2024-T3,618804.2425906308
52.518472541443025,97.86927182306948,z,0.6,0.8,44.99999999999999,20.0,100.0,350.0,AA2024-T3,AA2024-T3,618804.2425906308
52.518472541443025,97.86927182306948,formed z,0.6,0.8,44.99999999999999,20.0,100.0,350.0,AA2024-T3,AA2024-T3,618804.2425906308
52.518472541443025,97.86927182306948,j,0.6,0.8,44.99999999999999,20.0,100.0,350.0,AA2024-T3,AA2024-T3,618804.2425906308
52.518472541443025,97.86927182306948,z,0.6,0.9000000000000001,44.99999999999999,20.0,100.0,350.0,AA2024-T3,AA2024-T3,618804.2425906312
52.518472541443025,97.86927182306948,j,0.6,0.9000000000000001,44.99999999999999,20.0,100.0,350.0,AA2024-T3,AA2024-T3,618804.2425906308
52.53184209235478,81.5686791900854,formed z,0.5,0.9000000000000001,54.99999999999999,20.0,100.0,350.0,AA2024-T3,AA2024-T3,714058.1760134541
52.53184209235478,81.5686791900854,formed z,0.5,0.8,54.99999999999999,20.0,100.0,350.0,AA2024-T3,AA2024-T3,714058.176013454
52.53184209235478,81.5686791900854,j,0.5,0.8,54.99999999999999,20.0,100.0,350.0,AA2024-T3,AA2024-T3,714058.176013454
52.53184209235478,81.5686791900854,z,0.5,0.9000000000000001,54.99999999999999,20.0,100.0,350.0,AA2024-T3,AA2024-T3,714058.176013454
52.53184209235478,81.5686791900854,j,0.5,0.9000000000000001,54.99999999999999,20.0,100.0,350.0,AA2024-T3,AA2024-T3,714058.176013454
52.53184209235478,81.5686791900854,z,0.5,0.8,54.99999999999999,20.0,100.0,350.0,AA2024-T3,AA2024-T3,714058.176013454
52.54268279885605,114.9058094791457,j,0.6999999999999998,0.8,49.99999999999999,20.0,140.0,449.99999999999994,AA2024-T3,AA2024-T3,999965.8219174036
52.54268279885605,114.9058094791457,formed z,0.6999999999999998,0.9000000000000001,49.99999999999999,20.0,140.0,449.99999999999994,AA2024-T3,AA2024-T3,999965.8219174029
52.54268279885605,114.9058094791457,z,0.6999999999999998,0.9000000000000001,49.99999999999999,20.0,140.0,449.99999999999994,AA2024-T3,AA2024-T3,999965.8219174029
52.54268279885605,114.9058094791457,z,0.6999999999999998,0.8,49.99999999999999,20.0,140.0,449.99999999999994,AA2024-T3,AA2024-T3,999965.8219174029
52.54268279885605,114.9058094791457,j,0.6999999999999998,0.9000000000000001,49.99999999999999,20.0,140.0,449.99999999999994,AA2024-T3,AA2024-T3,999965.8219174029
52.54268279885605,114.9058094791457,formed z,0.6999999999999998,0.8,49.99999999999999,20.0,140.0,449.99999999999994,AA2024-T3,AA2024-T3,999965.8219174029
52.545211643266505,65.26370431237508,formed z,0.39999999999999997,0.9000000000000001,65.0,20.0,100.0,350.0,AA2024-T3,AA2024-T3,12124.395726773306
52.545211643266505,65.26370431237508,j,0.39999999999999997,0.9000000000000001,65.0,20.0,100.0,350.0,AA2024-T3,AA2024-T3,12124.395726773306
52.545211643266505,65.26370431237508,z,0.39999999999999997,0.8,65.0,20.0,100.0,350.0,AA2024-T3,AA2024-T3,12124.395726773306
52.545211643266505,65.26370431237508,z,0.39999999999999997,0.9000000000000001,65.0,20.0,100.0,350.0,AA2024-T3,AA2024-T3,12124.395726773306
52.545211643266505,65.26370431237508,formed z,0.39999999999999997,0.8,65.0,20.0,100.0,350.0,AA2024-T3,AA2024-T3,12124.395726773306
52.545211643266505,65.26370431237508,j,0.39999999999999997,0.8,65.0,20.0,100.0,350.0,AA2024-T3,AA2024-T3,12124.395726773306
52.55385086970651,113.51995826770172,z,0.6999999999999998,0.9000000000000001,59.99999999999999,20.0,180.00000000000003,300.0,AA2024-T3,AA2024-T3,10595.066606579341
52.55385086970651,113.51995826770172,formed z,0.6999999999999998,0.9000000000000001,59.99999999999999,20.0,180.00000000000003,300.0,AA2024-T3,AA2024-T3,10595.066606579341
52.55385086970651,113.51995826770172,j,0.6999999999999998,0.8,59.99999999999999,20.0,180.00000000000003,300.0,AA2024-T3,AA2024-T3,10595.066606579341
52.55385086970651,113.51995826770172,formed z,0.6999999999999998,0.8,59.99999999999999,20.0,180.00000000000003,300.0,AA2024-T3,AA2024-T3,10595.066606579341
52.55385086970651,113.51995826770172,j,0.6999999999999998,0.9000000000000001,59.99999999999999,20.0,180.00000000000003,300.0,AA2024-T3,AA2024-T3,10595.066606579341
52.55385086970651,113.51995826770172,z,0.6999999999999998,0.8,59.99999999999999,20.0,180.00000000000003,300.0,AA2024-T3,AA2024-T3,10595.066606579341
52.66438881461953,130.6834965180934,formed z,0.7999999999999999,0.8,44.99999999999999,20.0,180.00000000000003,350.0,AA2024-T3,AA2024-T3,12357.671332049073
52.66438881461953,130.6834965180934,formed z,0.7999999999999999,0.9000000000000001,44.99999999999999,20.0,180.00000000000003,350.0,AA2024-T3,AA2024-T3,12357.671332049073
52.66438881461953,130.6834965180934,z,0.7999999999999999,0.9000000000000001,44.99999999999999,20.0,180.00000000000003,350.0,AA2024-T3,AA2024-T3,12357.671332049076
52.66438881461953,130.6834965180934,z,0.7999999999999999,0.8,44.99999999999999,20.0,180.00000000000003,350.0,AA2024-T3,AA2024-T3,12357.671332049073
52.66438881461953,130.6834965180934,j,0.7999999999999999,0.9000000000000001,44.99999999999999,20.0,180.00000000000003,350.0,AA2024-T3,AA2024-T3,12357.671332049073
52.66438881461953,130.6834965180934,j,0.7999999999999999,0.8,44.99999999999999,20.0,180.00000000000003,350.0,AA2024-T3,AA2024-T3,12357.671332049073
52.67217433010605,115.05330346013034,formed z,0.6999999999999998,0.9000000000000001,65.0,20.0,180.00000000000003,449.99999999999994,AA2024-T3,AA2024-T3,10959.966855203296
52.67217433010605,115.05330346013034,z,0.6999999999999998,0.9000000000000001,65.0,20.0,180.00000000000003,449.99999999999994,AA2024-T3,AA2024-T3,10959.966855203296
52.67217433010605,115.05330346013034,j,0.6999999999999998,0.9000000000000001,65.0,20.0,180.00000000000003,449.99999999999994,AA2024-T3,AA2024-T3,10959.966855203296
52.67217433010605,115.05330346013034,z,0.6999999999999998,0.8,65.0,20.0,180.00000000000003,449.99999999999994,AA2024-T3,AA2024-T3,10959.966855203296
52.67217433010605,115.05330346013034,j,0.6999999999999998,0.8,65.0,20.0,180.00000000000003,449.99999999999994,AA2024-T3,AA2024-T3,10959.9668552033
52.67217433010605,115.05330346013034,formed z,0.6999999999999998,0.8,65.0,20.0,180.00000000000003,449.99999999999994,AA2024-T3,AA2024-T3,10959.966855203296
52.688335898730415,98.33495913497899,z,0.6,0.9000000000000001,54.99999999999999,20.0,120.00000000000001,399.99999999999994,AA2024-T3,AA2024-T3,855404.7692565866
52.688335898730415,98.33495913497899,j,0.6,0.8,54.99999999999999,20.0,120.00000000000001,399.99999999999994,AA2024-T3,AA2024-T3,855404.7692565866
52.688335898730415,98.33495913497899,formed z,0.6,0.8,54.99999999999999,20.0,120.00000000000001,399.99999999999994,AA2024-T3,AA2024-T3,855404.7692565866
52.688335898730415,98.33495913497899,j,0.6,0.9000000000000001,54.99999999999999,20.0,120.00000000000001,399.99999999999994,AA2024-T3,AA2024-T3,855404.7692565866
52.688335898730415,98.33495913497899,z,0.6,0.8,54.99999999999999,20.0,120.00000000000001,399.99999999999994,AA2024-T3,AA2024-T3,855404.7692565866
52.688335898730415,98.33495913497899,formed z,0.6,0.9000000000000001,54.99999999999999,20.0,120.00000000000001,399.99999999999994,AA2024-T3,AA2024-T3,855404.7692565866
52.70755265836953,130.7399827976735,z,0.7999999999999999,0.9000000000000001,35.0,20.0,140.0,350.0,AA2024-T3,AA2024-T3,960127.4840172742
52.70755265836953,130.7399827976735,formed z,0.7999999999999999,0.9000000000000001,35.0,20.0,140.0,350.0,AA2024-T3,AA2024-T3,960127.4840172742
52.70755265836953,130.7399827976735,j,0.7999999999999999,0.9000000000000001,49.99999999999999,20.0,200.0,350.0,AA2024-T3,AA2024-T3,10771.765773335148
52.70755265836953,130.7399827976735,formed z,0.7999999999999999,0.9000000000000001,40.0,20.0,160.00000000000003,350.0,AA2024-T3,AA2024-T3,1138391.7191449548
52.70755265836953,130.7399827976735,formed z,0.7999999999999999,0.8,40.0,20.0,160.00000000000003,350.0,AA2024-T3,AA2024-T3,1138391.7191449548
52.70755265836953,130.7399827976735,formed z,0.7999999999999999,0.8,35.0,20.0,140.0,350.0,AA2024-T3,AA2024-T3,960127.4840172742
52.70755265836953,130.7399827976735,z,0.7999999999999999,0.8,40.0,20.0,160.00000000000003,350.0,AA2024-T3,AA2024-T3,1138391.7191449548
52.70755265836953,130.7399827976735,z,0.7999999999999999,0.9000000000000001,49.99999999999999,20.0,200.0,350.0,AA2024-T3,AA2024-T3,10771.765773335148
52.70755265836953,130.7399827976735,z,0.7999999999999999,0.8,35.0,20.0,140.0,350.0,AA2024-T3,AA2024-T3,960127.4840172742
52.70755265836953,130.7399827976735,j,0.7999999999999999,0.9000000000000001,35.0,20.0,140.0,350.0,AA2024-T3,AA2024-T3,960127.4840172742
52.70755265836953,130.7399827976735,z,0.7999999999999999,0.9000000000000001,40.0,20.0,160.00000000000003,350.0,AA2024-T3,AA2024-T3,1138391.7191449548
52.70755265836953,130.7399827976735,j,0.7999999999999999,0.8,40.0,20.0,160.00000000000003,350.0,AA2024-T3,AA2024-T3,1138391.7191449548
52.70755265836953,130.7399827976735,j,0.7999999999999999,0.9000000000000001,40.0,20.0,160.00000000000003,350.0,AA2024-T3,AA2024-T3,1138391.7191449548
52.70755265836953,130.7399827976735,formed z,0.7999999999999999,0.9000000000000001,49.99999999999999,20.0,200.0,350.0,AA2024-T3,AA2024-T3,10771.765773335148
52.70755265836953,130.7399827976735,j,0.7999999999999999,0.8,49.99999999999999,20.0,200.0,350.0,AA2024-T3,AA2024-T3,10771.765773335148
52.70755265836953,130.7399827976735,formed z,0.7999999999999999,0.8,49.99999999999999,20.0,200.0,350.0,AA2024-T3,AA2024-T3,10771.765773335148
52.70755265836953,130.7399827976735,z,0.7999999999999999,0.8,49.99999999999999,20.0,200.0,350.0,AA2024-T3,AA2024-T3,10771.765773335148
52.70755265836953,130.7399827976735,j,0.7999999999999999,0.8,35.0,20.0,140.0,350.0,AA2024-T3,AA2024-T3,960127.4840172742
52.80724989678128,114.51156342763576,formed z,0.6999999999999998,0.8,70.0,20.0,200.0,350.0,AA2024-T3,AA2024-T3,9816.888662753932
52.80724989678128,114.51156342763576,z,0.6999999999999998,0.8,70.0,20.0,200.0,350.0,AA2024-T3,AA2024-T3,9683.667640530051
52.80724989678128,114.51156342763576,j,0.6999999999999998,0.9000000000000001,70.0,20.0,200.0,350.0,AA2024-T3,AA2024-T3,9816.888662753932
52.80724989678128,114.51156342763576,j,0.6999999999999998,0.8,70.0,20.0,200.0,350.0,AA2024-T3,AA2024-T3,9816.888662753932
52.80724989678128,114.51156342763576,formed z,0.6999999999999998,0.9000000000000001,70.0,20.0,200.0,350.0,AA2024-T3,AA2024-T3,9816.888662753932
52.80724989678128,114.51156342763576,z,0.6999999999999998,0.9000000000000001,70.0,20.0,200.0,350.0,AA2024-T3,AA2024-T3,9816.888662753929
52.839573034029996,81.32079283551708,j,0.5,0.8,65.0,20.0,120.00000000000001,300.0,AA2024-T3,AA2024-T3,12042.37371136379
52.839573034029996,81.32079283551708,z,0.5,0.8,65.0,20.0,120.00000000000001,300.0,AA2024-T3,AA2024-T3,12042.373711363789
52.839573034029996,81.32079283551708,formed z,0.5,0.9000000000000001,65.0,20.0,120.00000000000001,300.0,AA2024-T3,AA2024-T3,12042.373711363789
52.839573034029996,81.32079283551708,formed z,0.5,0.8,65.0,20.0,120.00000000000001,300.0,AA2024-T3,AA2024-T3,12042.373711363789
52.839573034029996,81.32079283551708,j,0.5,0.9000000000000001,65.0,20.0,120.00000000000001,300.0,AA2024-T3,AA2024-T3,12042.373711363789
52.839573034029996,81.32079283551708,z,0.5,0.9000000000000001,65.0,20.0,120.00000000000001,300.0,AA2024-T3,AA2024-T3,12042.373711363789
52.84762172281867,114.9058094791457,j,0.6999999999999998,0.9000000000000001,49.99999999999999,20.0,140.0,399.99999999999994,AA2024-T3,AA2024-T3,999965.8219174029
52.84762172281867,114.9058094791457,j,0.6999999999999998,0.8,49.99999999999999,20.0,140.0,399.99999999999994,AA2024-T3,AA2024-T3,999965.8219174036
52.84762172281867,114.9058094791457,formed z,0.6999999999999998,0.8,49.99999999999999,20.0,140.0,399.99999999999994,AA2024-T3,AA2024-T3,999965.8219174029
52.84762172281867,114.9058094791457,formed z,0.6999999999999998,0.9000000000000001,49.99999999999999,20.0,140.0,399.99999999999994,AA2024-T3,AA2024-T3,999965.8219174029
52.84762172281867,114.9058094791457,z,0.6999999999999998,0.8,49.99999999999999,20.0,140.0,399.99999999999994,AA2024-T3,AA2024-T3,999965.8219174029
52.84762172281867,114.9058094791457,z,0.6999999999999998,0.9000000000000001,49.99999999999999,20.0,140.0,399.99999999999994,AA2024-T3,AA2024-T3,999965.8219174029
52.91253117061825,97.65686166575844,j,0.6,0.8,70.0,20.0,160.00000000000003,300.0,AA2024-T3,AA2024-T3,10755.318274712734
52.91253117061825,97.65686166575844,formed z,0.6,0.8,70.0,20.0,160.00000000000003,300.0,AA2024-T3,AA2024-T3,10755.318274712734
52.91253117061825,97.65686166575844,z,0.6,0.8,70.0,20.0,160.00000000000003,300.0,AA2024-T3,AA2024-T3,10619.088744576571
52.91253117061825,97.65686166575844,j,0.6,0.9000000000000001,70.0,20.0,160.00000000000003,300.0,AA2024-T3,AA2024-T3,10755.318274712734
52.91253117061825,97.65686166575844,formed z,0.6,0.9000000000000001,70.0,20.0,160.00000000000003,300.0,AA2024-T3,AA2024-T3,10755.318274712734
52.91253117061825,97.65686166575844,z,0.6,0.9000000000000001,70.0,20.0,160.00000000000003,300.0,AA2024-T3,AA2024-T3,10755.31827471273
52.97711325406867,115.05330346013034,z,0.6999999999999998,0.8,65.0,20.0,180.00000000000003,399.99999999999994,AA2024-T3,AA2024-T3,10959.966855203296
52.97711325406867,115.05330346013034,j,0.6999999999999998,0.8,65.0,20.0,180.00000000000003,399.99999999999994,AA2024-T3,AA2024-T3,10959.9668552033
52.97711325406867,115.05330346013034,j,0.6999999999999998,0.9000000000000001,65.0,20.0,180.00000000000003,399.99999999999994,AA2024-T3,AA2024-T3,10959.966855203296
52.97711325406867,115.05330346013034,formed z,0.6999999999999998,0.8,65.0,20.0,180.00000000000003,399.99999999999994,AA2024-T3,AA2024-T3,10959.966855203296
52.97711325406867,115.05330346013034,formed z,0.6999999999999998,0.9000000000000001,65.0,20.0,180.00000000000003,399.99999999999994,AA2024-T3,AA2024-T3,10959.966855203296
52.97711325406867,115.05330346013034,z,0.6999999999999998,0.9000000000000001,65.0,20.0,180.00000000000003,399.99999999999994,AA2024-T3,AA2024-T3,10959.966855203296
52.9876907872678,98.92448155558753,z,0.6,0.8,65.0,20.0,140.0,449.99999999999994,AA2024-T3,AA2024-T3,12451.924869279226
52.9876907872678,98.92448155558753,formed z,0.6,0.9000000000000001,65.0,20.0,140.0,449.99999999999994,AA2024-T3,AA2024-T3,12451.924869279226
52.9876907872678,98.92448155558753,j,0.6,0.9000000000000001,65.0,20.0,140.0,449.99999999999994,AA2024-T3,AA2024-T3,12451.924869279228
52.9876907872678,98.92448155558753,j,0.6,0.8,65.0,20.0,140.0,449.99999999999994,AA2024-T3,AA2024-T3,12451.924869279228
52.9876907872678,98.92448155558753,z,0.6,0.9000000000000001,65.0,20.0,140.0,449.99999999999994,AA2024-T3,AA2024-T3,12451.924869279228
52.9876907872678,98.92448155558753,formed z,0.6,0.8,65.0,20.0,140.0,449.99999999999994,AA2024-T3,AA2024-T3,12451.924869279228
52.993274822693024,98.33495913497899,j,0.6,0.9000000000000001,54.99999999999999,20.0,120.00000000000001,350.0,AA2024-T3,AA2024-T3,855404.7692565866
52.993274822693024,98.33495913497899,z,0.6,0.8,54.99999999999999,20.0,120.00000000000001,350.0,AA2024-T3,AA2024-T3,855404.7692565866
52.993274822693024,98.33495913497899,formed z,0.6,0.9000000000000001,54.99999999999999,20.0,120.00000000000001,350.0,AA2024-T3,AA2024-T3,855404.7692565866
52.993274822693024,98.33495913497899,formed z,0.6,0.8,54.99999999999999,20.0,120.00000000000001,350.0,AA2024-T3,AA2024-T3,855404.7692565866
52.993274822693024,98.33495913497899,z,0.6,0.9000000000000001,54.99999999999999,20.0,120.00000000000001,350.0,AA2024-T3,AA2024-T3,855404.7692565866
52.993274822693024,98.33495913497899,j,0.6,0.8,54.99999999999999,20.0,120.00000000000001,350.0,AA2024-T3,AA2024-T3,855404.7692565866
53.1149808384565,114.16548132821148,j,0.6999999999999998,0.8,54.99999999999999,20.0,160.00000000000003,300.0,AA2024-T3,AA2024-T3,12224.817213407692
53.1149808384565,114.16548132821148,formed z,0.6999999999999998,0.8,54.99999999999999,20.0,160.00000000000003,300.0,AA2024-T3,AA2024-T3,12224.817213407692
53.1149808384565,114.16548132821148,formed z,0.6999999999999998,0.9000000000000001,54.99999999999999,20.0,160.00000000000003,300.0,AA2024-T3,AA2024-T3,12224.817213407692
53.1149808384565,114.16548132821148,z,0.6999999999999998,0.9000000000000001,35.0,20.0,100.0,300.0,AA2024-T3,AA2024-T3,22072.749367024684
53.1149808384565,114.16548132821148,j,0.6999999999999998,0.9000000000000001,54.99999999999999,20.0,160.00000000000003,300.0,AA2024-T3,AA2024-T3,12224.817213407692
53.1149808384565,114.16548132821148,z,0.6999999999999998,0.9000000000000001,54.99999999999999,20.0,160.00000000000003,300.0,AA2024-T3,AA2024-T3,12224.817213407692
53.1149808384565,114.16548132821148,z,0.6999999999999998,0.8,35.0,20.0,100.0,300.0,AA2024-T3,AA2024-T3,22072.749367024684
53.1149808384565,114.16548132821148,z,0.6999999999999998,0.8,54.99999999999999,20.0,160.00000000000003,300.0,AA2024-T3,AA2024-T3,12224.817213407692
53.1149808384565,114.16548132821148,formed z,0.6999999999999998,0.8,35.0,20.0,100.0,300.0,AA2024-T3,AA2024-T3,22072.749367024684
53.1149808384565,114.16548132821148,j,0.6999999999999998,0.8,35.0,20.0,100.0,300.0,AA2024-T3,AA2024-T3,22072.749367024684
53.1149808384565,114.16548132821148,formed z,0.6999999999999998,0.9000000000000001,35.0,20.0,100.0,300.0,AA2024-T3,AA2024-T3,22072.749367024684
53.1149808384565,114.16548132821148,j,0.6999999999999998,0.9000000000000001,35.0,20.0,100.0,300.0,AA2024-T3,AA2024-T3,22072.749367024684
53.12835038936825,97.86927182306948,formed z,0.6,0.9000000000000001,44.99999999999999,20.0,100.0,300.0,AA2024-T3,AA2024-T3,618804.2425906308
53.12835038936825,97.86927182306948,z,0.6,0.9000000000000001,44.99999999999999,20.0,100.0,300.0,AA2024-T3,AA2024-T3,618804.2425906312
53.12835038936825,97.86927182306948,j,0.6,0.9000000000000001,44.99999999999999,20.0,100.0,300.0,AA2024-T3,AA2024-T3,618804.2425906308
53.12835038936825,97.86927182306948,j,0.6,0.8,44.99999999999999,20.0,100.0,300.0,AA2024-T3,AA2024-T3,618804.2425906308
53.12835038936825,97.86927182306948,formed z,0.6,0.8,44.99999999999999,20.0,100.0,300.0,AA2024-T3,AA2024-T3,618804.2425906308
53.12835038936825,97.86927182306948,z,0.6,0.8,44.99999999999999,20.0,100.0,300.0,AA2024-T3,AA2024-T3,618804.2425906308
53.14171994028,81.5686791900854,j,0.5,0.9000000000000001,54.99999999999999,20.0,100.0,300.0,AA2024-T3,AA2024-T3,714058.176013454
53.14171994028,81.5686791900854,z,0.5,0.9000000000000001,54.99999999999999,20.0,100.0,300.0,AA2024-T3,AA2024-T3,714058.176013454
53.14171994028,81.5686791900854,formed z,0.5,0.8,54.99999999999999,20.0,100.0,300.0,AA2024-T3,AA2024-T3,714058.176013454
53.14171994028,81.5686791900854,formed z,0.5,0.9000000000000001,54.99999999999999,20.0,100.0,300.0,AA2024-T3,AA2024-T3,714058.1760134541
53.14171994028,81.5686791900854,z,0.5,0.8,54.99999999999999,20.0,100.0,300.0,AA2024-T3,AA2024-T3,714058.176013454
53.14171994028,81.5686791900854,j,0.5,0.8,54.99999999999999,20.0,100.0,300.0,AA2024-T3,AA2024-T3,714058.176013454
53.14697661135605,115.59250458198501,z,0.6999999999999998,0.9000000000000001,44.99999999999999,20.0,120.00000000000001,449.99999999999994,AA2024-T3,AA2024-T3,795067.6218315052
53.14697661135605,115.59250458198501,z,0.6999999999999998,0.8,44.99999999999999,20.0,120.00000000000001,449.99999999999994,AA2024-T3,AA2024-T3,795067.6218315052
53.14697661135605,115.59250458198501,j,0.6999999999999998,0.8,44.99999999999999,20.0,120.00000000000001,449.99999999999994,AA2024-T3,AA2024-T3,795067.6218315052
53.14697661135605,115.59250458198501,formed z,0.6999999999999998,0.8,44.99999999999999,20.0,120.00000000000001,449.99999999999994,AA2024-T3,AA2024-T3,795067.6218315052
53.14697661135605,115.59250458198501,j,0.6999999999999998,0.9000000000000001,44.99999999999999,20.0,120.00000000000001,449.99999999999994,AA2024-T3,AA2024-T3,795067.6218315052
53.14697661135605,115.59250458198501,formed z,0.6999999999999998,0.9000000000000001,44.99999999999999,20.0,120.00000000000001,449.99999999999994,AA2024-T3,AA2024-T3,795067.6218315052
53.15256064678128,114.9058094791457,z,0.6999999999999998,0.8,49.99999999999999,20.0,140.0,350.0,AA2024-T3,AA2024-T3,999965.8219174029
53.15256064678128,114.9058094791457,j,0.6999999999999998,0.9000000000000001,49.99999999999999,20.0,140.0,350.0,AA2024-T3,AA2024-T3,999965.8219174029
53.15256064678128,114.9058094791457,z,0.6999999999999998,0.9000000000000001,49.99999999999999,20.0,140.0,350.0,AA2024-T3,AA2024-T3,999965.8219174029
53.15256064678128,114.9058094791457,formed z,0.6999999999999998,0.8,49.99999999999999,20.0,140.0,350.0,AA2024-T3,AA2024-T3,999965.8219174029
53.15256064678128,114.9058094791457,j,0.6999999999999998,0.8,49.99999999999999,20.0,140.0,350.0,AA2024-T3,AA2024-T3,999965.8219174036
53.15256064678128,114.9058094791457,formed z,0.6999999999999998,0.9000000000000001,49.99999999999999,20.0,140.0,350.0,AA2024-T3,AA2024-T3,999965.8219174029
53.15508949119173,65.26370431237508,z,0.39999999999999997,0.8,65.0,20.0,100.0,300.0,AA2024-T3,AA2024-T3,12124.395726773306
53.15508949119173,65.26370431237508,j,0.39999999999999997,0.9000000000000001,65.0,20.0,100.0,300.0,AA2024-T3,AA2024-T3,12124.395726773306
53.15508949119173,65.26370431237508,j,0.39999999999999997,0.8,65.0,20.0,100.0,300.0,AA2024-T3,AA2024-T3,12124.395726773306
53.15508949119173,65.26370431237508,z,0.39999999999999997,0.9000000000000001,65.0,20.0,100.0,300.0,AA2024-T3,AA2024-T3,12124.395726773306
53.15508949119173,65.26370431237508,formed z,0.39999999999999997,0.8,65.0,20.0,100.0,300.0,AA2024-T3,AA2024-T3,12124.395726773306
53.15508949119173,65.26370431237508,formed z,0.39999999999999997,0.9000000000000001,65.0,20.0,100.0,300.0,AA2024-T3,AA2024-T3,12124.395726773306
53.27426666254476,130.6834965180934,z,0.7999999999999999,0.8,44.99999999999999,20.0,180.00000000000003,300.0,AA2024-T3,AA2024-T3,12357.671332049073
53.27426666254476,130.6834965180934,formed z,0.7999999999999999,0.9000000000000001,44.99999999999999,20.0,180.00000000000003,300.0,AA2024-T3,AA2024-T3,12357.671332049073
53.27426666254476,130.6834965180934,z,0.7999999999999999,0.9000000000000001,44.99999999999999,20.0,180.00000000000003,300.0,AA2024-T3,AA2024-T3,12357.671332049076
53.27426666254476,130.6834965180934,j,0.7999999999999999,0.8,44.99999999999999,20.0,180.00000000000003,300.0,AA2024-T3,AA2024-T3,12357.671332049073
53.27426666254476,130.6834965180934,formed z,0.7999999999999999,0.8,44.99999999999999,20.0,180.00000000000003,300.0,AA2024-T3,AA2024-T3,12357.671332049073
53.27426666254476,130.6834965180934,j,0.7999999999999999,0.9000000000000001,44.99999999999999,20.0,180.00000000000003,300.0,AA2024-T3,AA2024-T3,12357.671332049073
53.28205217803128,115.05330346013034,formed z,0.6999999999999998,0.9000000000000001,65.0,20.0,180.00000000000003,350.0,AA2024-T3,AA2024-T3,10959.966855203296
53.28205217803128,115.05330346013034,z,0.6999999999999998,0.9000000000000001,65.0,20.0,180.00000000000003,350.0,AA2024-T3,AA2024-T3,10959.966855203296
53.28205217803128,115.05330346013034,formed z,0.6999999999999998,0.8,65.0,20.0,180.00000000000003,350.0,AA2024-T3,AA2024-T3,10959.966855203296
53.28205217803128,115.05330346013034,j,0.6999999999999998,0.9000000000000001,65.0,20.0,180.00000000000003,350.0,AA2024-T3,AA2024-T3,10959.966855203296
53.28205217803128,115.05330346013034,z,0.6999999999999998,0.8,65.0,20.0,180.00000000000003,350.0,AA2024-T3,AA2024-T3,10959.966855203296
53.28205217803128,115.05330346013034,j,0.6999999999999998,0.8,65.0,20.0,180.00000000000003,350.0,AA2024-T3,AA2024-T3,10959.9668552033
53.29262971123042,98.92448155558753,formed z,0.6,0.8,65.0,20.0,140.0,399.99999999999994,AA2024-T3,AA2024-T3,12451.924869279228
53.29262971123042,98.92448155558753,z,0.6,0.9000000000000001,65.0,20.0,140.0,399.99999999999994,AA2024-T3,AA2024-T3,12451.924869279228
53.29262971123042,98.92448155558753,formed z,0.6,0.9000000000000001,65.0,20.0,140.0,399.99999999999994,AA2024-T3,AA2024-T3,12451.924869279226
53.29262971123042,98.92448155558753,z,0.6,0.8,65.0,20.0,140.0,399.99999999999994,AA2024-T3,AA2024-T3,12451.924869279226
53.29262971123042,98.92448155558753,j,0.6,0.8,65.0,20.0,140.0,399.99999999999994,AA2024-T3,AA2024-T3,12451.924869279228
53.29262971123042,98.92448155558753,j,0.6,0.9000000000000001,65.0,20.0,140.0,399.99999999999994,AA2024-T3,AA2024-T3,12451.924869279228
53.3062624354443,132.31180829652396,j,0.7999999999999999,0.8,54.99999999999999,20.0,200.0,449.99999999999994,AA2024-T3,AA2024-T3,11101.082622318645
53.3062624354443,132.31180829652396,formed z,0.7999999999999999,0.9000000000000001,54.99999999999999,20.0,200.0,449.99999999999994,AA2024-T3,AA2024-T3,11101.082622318645
53.3062624354443,132.31180829652396,z,0.7999999999999999,0.9000000000000001,54.99999999999999,20.0,200.0,449.99999999999994,AA2024-T3,AA2024-T3,11101.082622318645
53.3062624354443,132.31180829652396,j,0.7999999999999999,0.9000000000000001,54.99999999999999,20.0,200.0,449.99999999999994,AA2024-T3,AA2024-T3,11101.082622318645
53.3062624354443,132.31180829652396,formed z,0.7999999999999999,0.8,54.99999999999999,20.0,200.0,449.99999999999994,AA2024-T3,AA2024-T3,11101.082622318645
53.3062624354443,132.31180829652396,z,0.7999999999999999,0.8,54.99999999999999,20.0,200.0,449.99999999999994,AA2024-T3,AA2024-T3,11101.082622318645
53.317430506294755,130.7399827976735,z,0.7999999999999999,0.8,40.0,20.0,160.00000000000003,300.0,AA2024-T3,AA2024-T3,1138391.7191449548
53.317430506294755,130.7399827976735,z,0.7999999999999999,0.8,35.0,20.0,140.0,300.0,AA2024-T3,AA2024-T3,960127.4840172742
53.317430506294755,130.7399827976735,z,0.7999999999999999,0.9000000000000001,49.99999999999999,20.0,200.0,300.0,AA2024-T3,AA2024-T3,10771.765773335148
53.317430506294755,130.7399827976735,j,0.7999999999999999,0.9000000000000001,35.0,20.0,140.0,300.0,AA2024-T3,AA2024-T3,960127.4840172742
53.317430506294755,130.7399827976735,z,0.7999999999999999,0.9000000000000001,40.0,20.0,160.00000000000003,300.0,AA2024-T3,AA2024-T3,1138391.7191449548
53.317430506294755,130.7399827976735,j,0.7999999999999999,0.8,40.0,20.0,160.00000000000003,300.0,AA2024-T3,AA2024-T3,1138391.7191449548
53.317430506294755,130.7399827976735,z,0.7999999999999999,0.9000000000000001,35.0,20.0,140.0,300.0,AA2024-T3,AA2024-T3,960127.4840172742
53.317430506294755,130.7399827976735,formed z,0.7999999999999999,0.9000000000000001,35.0,20.0,140.0,300.0,AA2024-T3,AA2024-T3,960127.4840172742
53.317430506294755,130.7399827976735,j,0.7999999999999999,0.9000000000000001,49.99999999999999,20.0,200.0,300.0,AA2024-T3,AA2024-T3,10771.765773335148
53.317430506294755,130.7399827976735,j,0.7999999999999999,0.8,49.99999999999999,20.0,200.0,300.0,AA2024-T3,AA2024-T3,10771.765773335148
53.317430506294755,130.7399827976735,j,0.7999999999999999,0.8,35.0,20.0,140.0,300.0,AA2024-T3,AA2024-T3,960127.4840172742
53.317430506294755,130.7399827976735,z,0.7999999999999999,0.8,49.99999999999999,20.0,200.0,300.0,AA2024-T3,AA2024-T3,10771.765773335148
53.317430506294755,130.7399827976735,formed z,0.7999999999999999,0.9000000000000001,40.0,20.0,160.00000000000003,300.0,AA2024-T3,AA2024-T3,1138391.7191449548
53.317430506294755,130.7399827976735,formed z,0.7999999999999999,0.8,49.99999999999999,20.0,200.0,300.0,AA2024-T3,AA2024-T3,10771.765773335148
53.317430506294755,130.7399827976735,formed z,0.7999999999999999,0.9000000000000001,49.99999999999999,20.0,200.0,300.0,AA2024-T3,AA2024-T3,10771.765773335148
53.317430506294755,130.7399827976735,j,0.7999999999999999,0.9000000000000001,40.0,20.0,160.00000000000003,300.0,AA2024-T3,AA2024-T3,1138391.7191449548
53.317430506294755,130.7399827976735,formed z,0.7999999999999999,0.8,40.0,20.0,160.00000000000003,300.0,AA2024-T3,AA2024-T3,1138391.7191449548
53.317430506294755,130.7399827976735,formed z,0.7999999999999999,0.8,35.0,20.0,140.0,300.0,AA2024-T3,AA2024-T3,960127.4840172742
53.392590122944306,132.42336762890068,formed z,0.7999999999999999,0.9000000000000001,49.99999999999999,20.0,180.00000000000003,449.99999999999994,AA2024-T3,AA2024-T3,12723.012567883725
53.392590122944306,132.42336762890068,j,0.7999999999999999,0.9000000000000001,49.99999999999999,20.0,180.00000000000003,449.99999999999994,AA2024-T3,AA2024-T3,12723.012567883725
53.392590122944306,132.42336762890068,z,0.7999999999999999,0.8,49.99999999999999,20.0,180.00000000000003,449.99999999999994,AA2024-T3,AA2024-T3,12723.012567883725
53.392590122944306,132.42336762890068,j,0.7999999999999999,0.8,49.99999999999999,20.0,180.00000000000003,449.99999999999994,AA2024-T3,AA2024-T3,12723.012567883728
53.392590122944306,132.42336762890068,z,0.7999999999999999,0.9000000000000001,49.99999999999999,20.0,180.00000000000003,449.99999999999994,AA2024-T3,AA2024-T3,12723.012567883725
53.392590122944306,132.42336762890068,formed z,0.7999999999999999,0.8,49.99999999999999,20.0,180.00000000000003,449.99999999999994,AA2024-T3,AA2024-T3,12723.012567883725
53.40595967385605,115.88555684639238,formed z,0.6999999999999998,0.8,59.99999999999999,20.0,160.00000000000003,449.99999999999994,AA2024-T3,AA2024-T3,12637.235183274954
53.40595967385605,115.88555684639238,j,0.6999999999999998,0.9000000000000001,59.99999999999999,20.0,160.00000000000003,449.99999999999994,AA2024-T3,AA2024-T3,12637.235183274954
53.40595967385605,115.88555684639238,z,0.6999999999999998,0.9000000000000001,59.99999999999999,20.0,160.00000000000003,449.99999999999994,AA2024-T3,AA2024-T3,12637.235183274954
53.40595967385605,115.88555684639238,formed z,0.6999999999999998,0.9000000000000001,59.99999999999999,20.0,160.00000000000003,449.99999999999994,AA2024-T3,AA2024-T3,12637.235183274954
53.40595967385605,115.88555684639238,z,0.6999999999999998,0.8,59.99999999999999,20.0,160.00000000000003,449.99999999999994,AA2024-T3,AA2024-T3,12637.235183274954
53.40595967385605,115.88555684639238,j,0.6999999999999998,0.8,59.99999999999999,20.0,160.00000000000003,449.99999999999994,AA2024-T3,AA2024-T3,12637.235183274954
53.417127744706505,114.51156342763576,z,0.6999999999999998,0.9000000000000001,70.0,20.0,200.0,300.0,AA2024-T3,AA2024-T3,9816.888662753929
53.417127744706505,114.51156342763576,formed z,0.6999999999999998,0.9000000000000001,70.0,20.0,200.0,300.0,AA2024-T3,AA2024-T3,9816.888662753932
53.417127744706505,114.51156342763576,formed z,0.6999999999999998,0.8,70.0,20.0,200.0,300.0,AA2024-T3,AA2024-T3,9816.888662753932
53.417127744706505,114.51156342763576,j,0.6999999999999998,0.8,70.0,20.0,200.0,300.0,AA2024-T3,AA2024-T3,9816.888662753932
53.417127744706505,114.51156342763576,j,0.6999999999999998,0.9000000000000001,70.0,20.0,200.0,300.0,AA2024-T3,AA2024-T3,9816.888662753932
53.417127744706505,114.51156342763576,z,0.6999999999999998,0.8,70.0,20.0,200.0,300.0,AA2024-T3,AA2024-T3,9699.790670408423
53.45191553531867,115.59250458198501,j,0.6999999999999998,0.8,44.99999999999999,20.0,120.00000000000001,399.99999999999994,AA2024-T3,AA2024-T3,795067.6218315052
53.45191553531867,115.59250458198501,formed z,0.6999999999999998,0.8,44.99999999999999,20.0,120.00000000000001,399.99999999999994,AA2024-T3,AA2024-T3,795067.6218315052
53.45191553531867,115.59250458198501,j,0.6999999999999998,0.9000000000000001,44.99999999999999,20.0,120.00000000000001,399.99999999999994,AA2024-T3,AA2024-T3,795067.6218315052
53.45191553531867,115.59250458198501,z,0.6999999999999998,0.8,44.99999999999999,20.0,120.00000000000001,399.99999999999994,AA2024-T3,AA2024-T3,795067.6218315052
53.45191553531867,115.59250458198501,z,0.6999999999999998,0.9000000000000001,44.99999999999999,20.0,120.00000000000001,399.99999999999994,AA2024-T3,AA2024-T3,795067.6218315052
53.45191553531867,115.59250458198501,formed z,0.6999999999999998,0.9000000000000001,44.99999999999999,20.0,120.00000000000001,399.99999999999994,AA2024-T3,AA2024-T3,795067.6218315052
53.59756863519303,98.92448155558753,formed z,0.6,0.9000000000000001,65.0,20.0,140.0,350.0,AA2024-T3,AA2024-T3,12451.924869279226
53.59756863519303,98.92448155558753,j,0.6,0.9000000000000001,65.0,20.0,140.0,350.0,AA2024-T3,AA2024-T3,12451.924869279228
53.59756863519303,98.92448155558753,z,0.6,0.8,65.0,20.0,140.0,350.0,AA2024-T3,AA2024-T3,12451.924869279226
53.59756863519303,98.92448155558753,formed z,0.6,0.8,65.0,20.0,140.0,350.0,AA2024-T3,AA2024-T3,12451.924869279228
53.59756863519303,98.92448155558753,j,0.6,0.8,65.0,20.0,140.0,350.0,AA2024-T3,AA2024-T3,12451.924869279228
53.59756863519303,98.92448155558753,z,0.6,0.9000000000000001,65.0,20.0,140.0,350.0,AA2024-T3,AA2024-T3,12451.924869279228
53.60315267061826,98.33495913497899,z,0.6,0.9000000000000001,54.99999999999999,20.0,120.00000000000001,300.0,AA2024-T3,AA2024-T3,855404.7692565866
53.60315267061826,98.33495913497899,j,0.6,0.8,54.99999999999999,20.0,120.00000000000001,300.0,AA2024-T3,AA2024-T3,855404.7692565866
53.60315267061826,98.33495913497899,z,0.6,0.8,54.99999999999999,20.0,120.00000000000001,300.0,AA2024-T3,AA2024-T3,855404.7692565866
53.60315267061826,98.33495913497899,j,0.6,0.9000000000000001,54.99999999999999,20.0,120.00000000000001,300.0,AA2024-T3,AA2024-T3,855404.7692565866
53.60315267061826,98.33495913497899,formed z,0.6,0.8,54.99999999999999,20.0,120.00000000000001,300.0,AA2024-T3,AA2024-T3,855404.7692565866
53.60315267061826,98.33495913497899,formed z,0.6,0.9000000000000001,54.99999999999999,20.0,120.00000000000001,300.0,AA2024-T3,AA2024-T3,855404.7692565866
53.605354150679545,82.93619836356727,j,0.5,0.9000000000000001,70.0,20.0,120.00000000000001,449.99999999999994,AA2024-T3,AA2024-T3,12584.928043439508
53.605354150679545,82.93619836356727,formed z,0.5,0.8,70.0,20.0,120.00000000000001,449.99999999999994,AA2024-T3,AA2024-T3,12584.928043439508
53.605354150679545,82.93619836356727,formed z,0.5,0.9000000000000001,70.0,20.0,120.00000000000001,449.99999999999994,AA2024-T3,AA2024-T3,12584.928043439508
53.605354150679545,82.93619836356727,z,0.5,0.8,70.0,20.0,120.00000000000001,449.99999999999994,AA2024-T3,AA2024-T3,12347.670204015058
53.605354150679545,82.93619836356727,z,0.5,0.9000000000000001,70.0,20.0,120.00000000000001,449.99999999999994,AA2024-T3,AA2024-T3,12584.928043439508
53.605354150679545,82.93619836356727,j,0.5,0.8,70.0,20.0,120.00000000000001,449.99999999999994,AA2024-T3,AA2024-T3,12584.928043439508
53.608409341694305,132.70185564974645,z,0.7999999999999999,0.8,44.99999999999999,20.0,160.00000000000003,449.99999999999994,AA2024-T3,AA2024-T3,1139323.620619731
53.608409341694305,132.70185564974645,formed z,0.7999999999999999,0.9000000000000001,44.99999999999999,20.0,160.00000000000003,449.99999999999994,AA2024-T3,AA2024-T3,1139323.620619731
53.608409341694305,132.70185564974645,z,0.7999999999999999,0.9000000000000001,44.99999999999999,20.0,160.00000000000003,449.99999999999994,AA2024-T3,AA2024-T3,1139323.620619731
53.608409341694305,132.70185564974645,j,0.7999999999999999,0.8,44.99999999999999,20.0,160.00000000000003,449.99999999999994,AA2024-T3,AA2024-T3,1139323.620619731
53.608409341694305,132.70185564974645,formed z,0.7999999999999999,0.8,44.99999999999999,20.0,160.00000000000003,449.99999999999994,AA2024-T3,AA2024-T3,1139323.620619731
53.608409341694305,132.70185564974645,j,0.7999999999999999,0.9000000000000001,44.99999999999999,20.0,160.00000000000003,449.99999999999994,AA2024-T3,AA2024-T3,1139323.620619731
53.61120135940692,132.31180829652396,z,0.7999999999999999,0.8,54.99999999999999,20.0,200.0,399.99999999999994,AA2024-T3,AA2024-T3,11101.082622318645
53.61120135940692,132.31180829652396,z,0.7999999999999999,0.9000000000000001,54.99999999999999,20.0,200.0,399.99999999999994,AA2024-T3,AA2024-T3,11101.082622318645
53.61120135940692,132.31180829652396,formed z,0.7999999999999999,0.8,54.99999999999999,20.0,200.0,399.99999999999994,AA2024-T3,AA2024-T3,11101.082622318645
53.61120135940692,132.31180829652396,j,0.7999999999999999,0.9000000000000001,54.99999999999999,20.0,200.0,399.99999999999994,AA2024-T3,AA2024-T3,11101.082622318645
53.61120135940692,132.31180829652396,formed z,0.7999999999999999,0.9000000000000001,54.99999999999999,20.0,200.0,399.99999999999994,AA2024-T3,AA2024-T3,11101.082622318645
53.61120135940692,132.31180829652396,j,0.7999999999999999,0.8,54.99999999999999,20.0,200.0,399.99999999999994,AA2024-T3,AA2024-T3,11101.082622318645
53.69752904690692,132.42336762890068,z,0.7999999999999999,0.9000000000000001,49.99999999999999,20.0,180.00000000000003,399.99999999999994,AA2024-T3,AA2024-T3,12723.012567883725
53.69752904690692,132.42336762890068,z,0.7999999999999999,0.8,49.99999999999999,20.0,180.00000000000003,399.99999999999994,AA2024-T3,AA2024-T3,12723.012567883725
53.69752904690692,132.42336762890068,formed z,0.7999999999999999,0.9000000000000001,49.99999999999999,20.0,180.00000000000003,399.99999999999994,AA2024-T3,AA2024-T3,12723.012567883725
53.69752904690692,132.42336762890068,j,0.7999999999999999,0.8,49.99999999999999,20.0,180.00000000000003,399.99999999999994,AA2024-T3,AA2024-T3,12723.012567883728
53.69752904690692,132.42336762890068,formed z,0.7999999999999999,0.8,49.99999999999999,20.0,180.00000000000003,399.99999999999994,AA2024-T3,AA2024-T3,12723.012567883725
53.69752904690692,132.42336762890068,j,0.7999999999999999,0.9000000000000001,49.99999999999999,20.0,180.00000000000003,399.99999999999994,AA2024-T3,AA2024-T3,12723.012567883725
53.71089859781867,115.88555684639238,z,0.6999999999999998,0.8,59.99999999999999,20.0,160.00000000000003,399.99999999999994,AA2024-T3,AA2024-T3,12637.235183274954
53.71089859781867,115.88555684639238,formed z,0.6999999999999998,0.8,59.99999999999999,20.0,160.00000000000003,399.99999999999994,AA2024-T3,AA2024-T3,12637.235183274954
53.71089859781867,115.88555684639238,j,0.6999999999999998,0.9000000000000001,59.99999999999999,20.0,160.00000000000003,399.99999999999994,AA2024-T3,AA2024-T3,12637.235183274954
53.71089859781867,115.88555684639238,z,0.6999999999999998,0.9000000000000001,59.99999999999999,20.0,160.00000000000003,399.99999999999994,AA2024-T3,AA2024-T3,12637.235183274954
53.71089859781867,115.88555684639238,formed z,0.6999999999999998,0.9000000000000001,59.99999999999999,20.0,160.00000000000003,399.99999999999994,AA2024-T3,AA2024-T3,12637.235183274954
53.71089859781867,115.88555684639238,j,0.6999999999999998,0.8,59.99999999999999,20.0,160.00000000000003,399.99999999999994,AA2024-T3,AA2024-T3,12637.235183274954
53.75685445928128,115.59250458198501,z,0.6999999999999998,0.9000000000000001,44.99999999999999,20.0,120.00000000000001,350.0,AA2024-T3,AA2024-T3,795067.6218315052
53.75685445928128,115.59250458198501,formed z,0.6999999999999998,0.9000000000000001,44.99999999999999,20.0,120.00000000000001,350.0,AA2024-T3,AA2024-T3,795067.6218315052
53.75685445928128,115.59250458198501,j,0.6999999999999998,0.8,44.99999999999999,20.0,120.00000000000001,350.0,AA2024-T3,AA2024-T3,795067.6218315052
53.75685445928128,115.59250458198501,formed z,0.6999999999999998,0.8,44.99999999999999,20.0,120.00000000000001,350.0,AA2024-T3,AA2024-T3,795067.6218315052
53.75685445928128,115.59250458198501,j,0.6999999999999998,0.9000000000000001,44.99999999999999,20.0,120.00000000000001,350.0,AA2024-T3,AA2024-T3,795067.6218315052
53.75685445928128,115.59250458198501,z,0.6999999999999998,0.8,44.99999999999999,20.0,120.00000000000001,350.0,AA2024-T3,AA2024-T3,795067.6218315052
53.7624384947065,114.9058094791457,z,0.6999999999999998,0.9000000000000001,49.99999999999999,20.0,140.0,300.0,AA2024-T3,AA2024-T3,999965.8219174029
53.7624384947065,114.9058094791457,j,0.6999999999999998,0.8,49.99999999999999,20.0,140.0,300.0,AA2024-T3,AA2024-T3,999965.8219174036
53.7624384947065,114.9058094791457,formed z,0.6999999999999998,0.8,49.99999999999999,20.0,140.0,300.0,AA2024-T3,AA2024-T3,999965.8219174029
53.7624384947065,114.9058094791457,j,0.6999999999999998,0.9000000000000001,49.99999999999999,20.0,140.0,300.0,AA2024-T3,AA2024-T3,999965.8219174029
53.7624384947065,114.9058094791457,z,0.6999999999999998,0.8,49.99999999999999,20.0,140.0,300.0,AA2024-T3,AA2024-T3,999965.8219174029
53.7624384947065,114.9058094791457,formed z,0.6999999999999998,0.9000000000000001,49.99999999999999,20.0,140.0,300.0,AA2024-T3,AA2024-T3,999965.8219174029
53.824228560444304,132.97976045847474,j,0.7999999999999999,0.9000000000000001,40.0,20.0,140.0,449.99999999999994,AA2024-T3,AA2024-T3,961096.4672386863
53.824228560444304,132.97976045847474,z,0.7999999999999999,0.8,40.0,20.0,140.0,449.99999999999994,AA2024-T3,AA2024-T3,961096.4672386863
53.824228560444304,132.97976045847474,z,0.7999999999999999,0.9000000000000001,40.0,20.0,140.0,449.99999999999994,AA2024-T3,AA2024-T3,961096.4672386863
53.824228560444304,132.97976045847474,formed z,0.7999999999999999,0.8,40.0,20.0,140.0,449.99999999999994,AA2024-T3,AA2024-T3,961096.4672386863
53.824228560444304,132.97976045847474,j,0.7999999999999999,0.8,40.0,20.0,140.0,449.99999999999994,AA2024-T3,AA2024-T3,961096.4672386863
53.824228560444304,132.97976045847474,formed z,0.7999999999999999,0.9000000000000001,40.0,20.0,140.0,449.99999999999994,AA2024-T3,AA2024-T3,961096.4672386863
53.891930025956505,115.05330346013034,formed z,0.6999999999999998,0.8,65.0,20.0,180.00000000000003,300.0,AA2024-T3,AA2024-T3,10959.966855203296
53.891930025956505,115.05330346013034,j,0.6999999999999998,0.9000000000000001,65.0,20.0,180.00000000000003,300.0,AA2024-T3,AA2024-T3,10959.966855203296
53.891930025956505,115.05330346013034,j,0.6999999999999998,0.8,65.0,20.0,180.00000000000003,300.0,AA2024-T3,AA2024-T3,10959.9668552033
53.891930025956505,115.05330346013034,z,0.6999999999999998,0.9000000000000001,65.0,20.0,180.00000000000003,300.0,AA2024-T3,AA2024-T3,10959.966855203296
53.891930025956505,115.05330346013034,formed z,0.6999999999999998,0.9000000000000001,65.0,20.0,180.00000000000003,300.0,AA2024-T3,AA2024-T3,10959.966855203296
53.891930025956505,115.05330346013034,z,0.6999999999999998,0.8,65.0,20.0,180.00000000000003,300.0,AA2024-T3,AA2024-T3,10959.966855203296
53.910293074642155,82.93619836356727,j,0.5,0.8,70.0,20.0,120.00000000000001,399.99999999999994,AA2024-T3,AA2024-T3,12584.928043439508
53.910293074642155,82.93619836356727,j,0.5,0.9000000000000001,70.0,20.0,120.00000000000001,399.99999999999994,AA2024-T3,AA2024-T3,12584.928043439508
53.910293074642155,82.93619836356727,formed z,0.5,0.8,70.0,20.0,120.00000000000001,399.99999999999994,AA2024-T3,AA2024-T3,12584.928043439508
53.910293074642155,82.93619836356727,formed z,0.5,0.9000000000000001,70.0,20.0,120.00000000000001,399.99999999999994,AA2024-T3,AA2024-T3,12584.928043439508
53.910293074642155,82.93619836356727,z,0.5,0.8,70.0,20.0,120.00000000000001,399.99999999999994,AA2024-T3,AA2024-T3,12371.05076883814
53.910293074642155,82.93619836356727,z,0.5,0.9000000000000001,70.0,20.0,120.00000000000001,399.99999999999994,AA2024-T3,AA2024-T3,12584.928043439508
53.9105562479443,133.09075990118993,j,0.7999999999999999,0.9000000000000001,35.0,20.0,120.00000000000001,449.99999999999994,AA2024-T3,AA2024-T3,273928.983064923
53.9105562479443,133.09075990118993,j,0.7999999999999999,0.8,35.0,20.0,120.00000000000001,449.99999999999994,AA2024-T3,AA2024-T3,273928.983064923
53.9105562479443,133.09075990118993,z,0.7999999999999999,0.8,35.0,20.0,120.00000000000001,449.99999999999994,AA2024-T3,AA2024-T3,273928.983064923
53.9105562479443,133.09075990118993,formed z,0.7999999999999999,0.8,35.0,20.0,120.00000000000001,449.99999999999994,AA2024-T3,AA2024-T3,273928.983064923
53.9105562479443,133.09075990118993,formed z,0.7999999999999999,0.9000000000000001,35.0,20.0,120.00000000000001,449.99999999999994,AA2024-T3,AA2024-T3,273928.983064923
53.9105562479443,133.09075990118993,z,0.7999999999999999,0.9000000000000001,35.0,20.0,120.00000000000001,449.99999999999994,AA2024-T3,AA2024-T3,273928.983064923
53.91334826565692,132.70185564974645,z,0.7999999999999999,0.8,44.99999999999999,20.0,160.00000000000003,399.99999999999994,AA2024-T3,AA2024-T3,1139323.620619731
53.91334826565692,132.70185564974645,j,0.7999999999999999,0.9000000000000001,44.99999999999999,20.0,160.00000000000003,399.99999999999994,AA2024-T3,AA2024-T3,1139323.620619731
53.91334826565692,132.70185564974645,z,0.7999999999999999,0.9000000000000001,44.99999999999999,20.0,160.00000000000003,399.99999999999994,AA2024-T3,AA2024-T3,1139323.620619731
53.91334826565692,132.70185564974645,formed z,0.7999999999999999,0.9000000000000001,44.99999999999999,20.0,160.00000000000003,399.99999999999994,AA2024-T3,AA2024-T3,1139323.620619731
53.91334826565692,132.70185564974645,j,0.7999999999999999,0.8,44.99999999999999,20.0,160.00000000000003,399.99999999999994,AA2024-T3,AA2024-T3,1139323.620619731
53.91334826565692,132.70185564974645,formed z,0.7999999999999999,0.8,44.99999999999999,20.0,160.00000000000003,399.99999999999994,AA2024-T3,AA2024-T3,1139323.620619731
53.91614028336953,132.31180829652396,j,0.7999999999999999,0.9000000000000001,54.99999999999999,20.0,200.0,350.0,AA2024-T3,AA2024-T3,11101.082622318645
53.91614028336953,132.31180829652396,z,0.7999999999999999,0.9000000000000001,54.99999999999999,20.0,200.0,350.0,AA2024-T3,AA2024-T3,11101.082622318645
53.91614028336953,132.31180829652396,formed z,0.7999999999999999,0.8,54.99999999999999,20.0,200.0,350.0,AA2024-T3,AA2024-T3,11101.082622318645
53.91614028336953,132.31180829652396,z,0.7999999999999999,0.8,54.99999999999999,20.0,200.0,350.0,AA2024-T3,AA2024-T3,11101.082622318645
53.91614028336953,132.31180829652396,j,0.7999999999999999,0.8,54.99999999999999,20.0,200.0,350.0,AA2024-T3,AA2024-T3,11101.082622318645
53.91614028336953,132.31180829652396,formed z,0.7999999999999999,0.9000000000000001,54.99999999999999,20.0,200.0,350.0,AA2024-T3,AA2024-T3,11101.082622318645
54.00246797086953,132.42336762890068,formed z,0.7999999999999999,0.8,49.99999999999999,20.0,180.00000000000003,350.0,AA2024-T3,AA2024-T3,12723.012567883725
54.00246797086953,132.42336762890068,z,0.7999999999999999,0.8,49.99999999999999,20.0,180.00000000000003,350.0,AA2024-T3,AA2024-T3,12723.012567883725
54.00246797086953,132.42336762890068,j,0.7999999999999999,0.8,49.99999999999999,20.0,180.00000000000003,350.0,AA2024-T3,AA2024-T3,12723.012567883728
54.00246797086953,132.42336762890068,formed z,0.7999999999999999,0.9000000000000001,49.99999999999999,20.0,180.00000000000003,350.0,AA2024-T3,AA2024-T3,12723.012567883725
54.00246797086953,132.42336762890068,j,0.7999999999999999,0.9000000000000001,49.99999999999999,20.0,180.00000000000003,350.0,AA2024-T3,AA2024-T3,12723.012567883725
54.00246797086953,132.42336762890068,z,0.7999999999999999,0.9000000000000001,49.99999999999999,20.0,180.00000000000003,350.0,AA2024-T3,AA2024-T3,12723.012567883725
54.01025348635605,116.56648038384336,j,0.6999999999999998,0.8,70.0,20.0,180.00000000000003,449.99999999999994,AA2024-T3,AA2024-T3,11324.91022685853
54.01025348635605,116.56648038384336,formed z,0.6999999999999998,0.8,70.0,20.0,180.00000000000003,449.99999999999994,AA2024-T3,AA2024-T3,11324.91022685853
54.01025348635605,116.56648038384336,j,0.6999999999999998,0.9000000000000001,70.0,20.0,180.00000000000003,449.99999999999994,AA2024-T3,AA2024-T3,11324.91022685853
54.01025348635605,116.56648038384336,z,0.6999999999999998,0.9000000000000001,70.0,20.0,180.00000000000003,449.99999999999994,AA2024-T3,AA2024-T3,11324.910226858528
54.01025348635605,116.56648038384336,formed z,0.6999999999999998,0.9000000000000001,70.0,20.0,180.00000000000003,449.99999999999994,AA2024-T3,AA2024-T3,11324.91022685853
54.01025348635605,116.56648038384336,z,0.6999999999999998,0.8,70.0,20.0,180.00000000000003,449.99999999999994,AA2024-T3,AA2024-T3,11148.905770575391
54.01583752178128,115.88555684639238,z,0.6999999999999998,0.8,59.99999999999999,20.0,160.00000000000003,350.0,AA2024-T3,AA2024-T3,12637.235183274954
54.01583752178128,115.88555684639238,formed z,0.6999999999999998,0.8,59.99999999999999,20.0,160.00000000000003,350.0,AA2024-T3,AA2024-T3,12637.235183274954
54.01583752178128,115.88555684639238,formed z,0.6999999999999998,0.9000000000000001,59.99999999999999,20.0,160.00000000000003,350.0,AA2024-T3,AA2024-T3,12637.235183274954
54.01583752178128,115.88555684639238,z,0.6999999999999998,0.9000000000000001,59.99999999999999,20.0,160.00000000000003,350.0,AA2024-T3,AA2024-T3,12637.235183274954
54.01583752178128,115.88555684639238,j,0.6999999999999998,0.9000000000000001,59.99999999999999,20.0,160.00000000000003,350.0,AA2024-T3,AA2024-T3,12637.235183274954
54.01583752178128,115.88555684639238,j,0.6999999999999998,0.8,59.99999999999999,20.0,160.00000000000003,350.0,AA2024-T3,AA2024-T3,12637.235183274954
54.12916748440692,132.97976045847474,j,0.7999999999999999,0.8,40.0,20.0,140.0,399.99999999999994,AA2024-T3,AA2024-T3,961096.4672386863
54.12916748440692,132.97976045847474,j,0.7999999999999999,0.9000000000000001,40.0,20.0,140.0,399.99999999999994,AA2024-T3,AA2024-T3,961096.4672386863
54.12916748440692,132.97976045847474,z,0.7999999999999999,0.8,40.0,20.0,140.0,399.99999999999994,AA2024-T3,AA2024-T3,961096.4672386863
54.12916748440692,132.97976045847474,formed z,0.7999999999999999,0.9000000000000001,40.0,20.0,140.0,399.99999999999994,AA2024-T3,AA2024-T3,961096.4672386863
54.12916748440692,132.97976045847474,formed z,0.7999999999999999,0.8,40.0,20.0,140.0,399.99999999999994,AA2024-T3,AA2024-T3,961096.4672386863
54.12916748440692,132.97976045847474,z,0.7999999999999999,0.9000000000000001,40.0,20.0,140.0,399.99999999999994,AA2024-T3,AA2024-T3,961096.4672386863
54.207446483118254,98.92448155558753,z,0.6,0.8,65.0,20.0,140.0,300.0,AA2024-T3,AA2024-T3,12451.924869279226
54.207446483118254,98.92448155558753,formed z,0.6,0.9000000000000001,65.0,20.0,140.0,300.0,AA2024-T3,AA2024-T3,12451.924869279226
54.207446483118254,98.92448155558753,formed z,0.6,0.8,65.0,20.0,140.0,300.0,AA2024-T3,AA2024-T3,12451.924869279228
54.207446483118254,98.92448155558753,z,0.6,0.9000000000000001,65.0,20.0,140.0,300.0,AA2024-T3,AA2024-T3,12451.924869279228
54.207446483118254,98.92448155558753,j,0.6,0.8,65.0,20.0,140.0,300.0,AA2024-T3,AA2024-T3,12451.924869279228
54.207446483118254,98.92448155558753,j,0.6,0.9000000000000001,65.0,20.0,140.0,300.0,AA2024-T3,AA2024-T3,12451.924869279228
54.21523199860477,82.93619836356727,z,0.5,0.8,70.0,20.0,120.00000000000001,350.0,AA2024-T3,AA2024-T3,12394.264941749136
54.21523199860477,82.93619836356727,formed z,0.5,0.8,70.0,20.0,120.00000000000001,350.0,AA2024-T3,AA2024-T3,12584.928043439508
54.21523199860477,82.93619836356727,formed z,0.5,0.9000000000000001,70.0,20.0,120.00000000000001,350.0,AA2024-T3,AA2024-T3,12584.928043439508
54.21523199860477,82.93619836356727,j,0.5,0.9000000000000001,70.0,20.0,120.00000000000001,350.0,AA2024-T3,AA2024-T3,12584.928043439508
54.21523199860477,82.93619836356727,j,0.5,0.8,70.0,20.0,120.00000000000001,350.0,AA2024-T3,AA2024-T3,12584.928043439508
54.21523199860477,82.93619836356727,z,0.5,0.9000000000000001,70.0,20.0,120.00000000000001,350.0,AA2024-T3,AA2024-T3,12584.928043439508
54.21549517190692,133.09075990118993,j,0.7999999999999999,0.9000000000000001,35.0,20.0,120.00000000000001,399.99999999999994,AA2024-T3,AA2024-T3,273928.983064923
54.21549517190692,133.09075990118993,z,0.7999999999999999,0.8,35.0,20.0,120.00000000000001,399.99999999999994,AA2024-T3,AA2024-T3,273928.983064923
54.21549517190692,133.09075990118993,j,0.7999999999999999,0.8,35.0,20.0,120.00000000000001,399.99999999999994,AA2024-T3,AA2024-T3,273928.983064923
54.21549517190692,133.09075990118993,formed z,0.7999999999999999,0.8,35.0,20.0,120.00000000000001,399.99999999999994,AA2024-T3,AA2024-T3,273928.983064923
54.21549517190692,133.09075990118993,z,0.7999999999999999,0.9000000000000001,35.0,20.0,120.00000000000001,399.99999999999994,AA2024-T3,AA2024-T3,273928.983064923
54.21549517190692,133.09075990118993,formed z,0.7999999999999999,0.9000000000000001,35.0,20.0,120.00000000000001,399.99999999999994,AA2024-T3,AA2024-T3,273928.983064923
54.21828718961953,132.70185564974645,z,0.7999999999999999,0.9000000000000001,44.99999999999999,20.0,160.00000000000003,350.0,AA2024-T3,AA2024-T3,1139323.620619731
54.21828718961953,132.70185564974645,formed z,0.7999999999999999,0.8,44.99999999999999,20.0,160.00000000000003,350.0,AA2024-T3,AA2024-T3,1139323.620619731
54.21828718961953,132.70185564974645,j,0.7999999999999999,0.8,44.99999999999999,20.0,160.00000000000003,350.0,AA2024-T3,AA2024-T3,1139323.620619731
54.21828718961953,132.70185564974645,z,0.7999999999999999,0.8,44.99999999999999,20.0,160.00000000000003,350.0,AA2024-T3,AA2024-T3,1139323.620619731
54.21828718961953,132.70185564974645,formed z,0.7999999999999999,0.9000000000000001,44.99999999999999,20.0,160.00000000000003,350.0,AA2024-T3,AA2024-T3,1139323.620619731
54.21828718961953,132.70185564974645,j,0.7999999999999999,0.9000000000000001,44.99999999999999,20.0,160.00000000000003,350.0,AA2024-T3,AA2024-T3,1139323.620619731
54.26923654885605,116.85709015348255,j,0.6999999999999998,0.8,54.99999999999999,20.0,140.0,449.99999999999994,AA2024-T3,AA2024-T3,1000883.9857275243
54.26923654885605,116.85709015348255,formed z,0.6999999999999998,0.8,40.0,20.0,100.0,449.99999999999994,AA2024-T3,AA2024-T3,22722.3853527861
54.26923654885605,116.85709015348255,j,0.6999999999999998,0.9000000000000001,40.0,20.0,100.0,449.99999999999994,AA2024-T3,AA2024-T3,22722.3853527861
54.26923654885605,116.85709015348255,j,0.6999999999999998,0.9000000000000001,54.99999999999999,20.0,140.0,449.99999999999994,AA2024-T3,AA2024-T3,1000883.9857275243
54.26923654885605,116.85709015348255,z,0.6999999999999998,0.9000000000000001,54.99999999999999,20.0,140.0,449.99999999999994,AA2024-T3,AA2024-T3,1000883.9857275243
54.26923654885605,116.85709015348255,z,0.6999999999999998,0.8,54.99999999999999,20.0,140.0,449.99999999999994,AA2024-T3,AA2024-T3,1000883.9857275243
54.26923654885605,116.85709015348255,formed z,0.6999999999999998,0.8,54.99999999999999,20.0,140.0,449.99999999999994,AA2024-T3,AA2024-T3,1000883.9857275243
54.26923654885605,116.85709015348255,j,0.6999999999999998,0.8,40.0,20.0,100.0,449.99999999999994,AA2024-T3,AA2024-T3,22722.3853527861
54.26923654885605,116.85709015348255,formed z,0.6999999999999998,0.9000000000000001,40.0,20.0,100.0,449.99999999999994,AA2024-T3,AA2024-T3,22722.3853527861
54.26923654885605,116.85709015348255,formed z,0.6999999999999998,0.9000000000000001,54.99999999999999,20.0,140.0,449.99999999999994,AA2024-T3,AA2024-T3,1000883.9857275243
54.26923654885605,116.85709015348255,z,0.6999999999999998,0.9000000000000001,40.0,20.0,100.0,449.99999999999994,AA2024-T3,AA2024-T3,22722.3853527861
54.26923654885605,116.85709015348255,z,0.6999999999999998,0.8,40.0,20.0,100.0,449.99999999999994,AA2024-T3,AA2024-T3,22722.3853527861
54.2826060997678,100.17606236860419,j,0.6,0.9000000000000001,49.99999999999999,20.0,100.0,449.99999999999994,AA2024-T3,AA2024-T3,619497.4875683283
54.2826060997678,100.17606236860419,formed z,0.6,0.9000000000000001,49.99999999999999,20.0,100.0,449.99999999999994,AA2024-T3,AA2024-T3,619497.4875683283
54.2826060997678,100.17606236860419,z,0.6,0.9000000000000001,49.99999999999999,20.0,100.0,449.99999999999994,AA2024-T3,AA2024-T3,619497.4875683283
54.2826060997678,100.17606236860419,j,0.6,0.8,49.99999999999999,20.0,100.0,449.99999999999994,AA2024-T3,AA2024-T3,619497.4875683287
54.2826060997678,100.17606236860419,formed z,0.6,0.8,49.99999999999999,20.0,100.0,449.99999999999994,AA2024-T3,AA2024-T3,619497.4875683283
54.2826060997678,100.17606236860419,z,0.6,0.8,49.99999999999999,20.0,100.0,449.99999999999994,AA2024-T3,AA2024-T3,619497.4875683283
54.295975650679544,83.49075246627582,j,0.5,0.8,59.99999999999999,20.0,100.0,449.99999999999994,AA2024-T3,AA2024-T3,714749.8339213509
54.295975650679544,83.49075246627582,formed z,0.5,0.9000000000000001,59.99999999999999,20.0,100.0,449.99999999999994,AA2024-T3,AA2024-T3,714749.8339213509
54.295975650679544,83.49075246627582,j,0.5,0.9000000000000001,59.99999999999999,20.0,100.0,449.99999999999994,AA2024-T3,AA2024-T3,714749.8339213509
54.295975650679544,83.49075246627582,z,0.5,0.8,59.99999999999999,20.0,100.0,449.99999999999994,AA2024-T3,AA2024-T3,714749.8339213509
54.295975650679544,83.49075246627582,formed z,0.5,0.8,59.99999999999999,20.0,100.0,449.99999999999994,AA2024-T3,AA2024-T3,714749.8339213511
54.295975650679544,83.49075246627582,z,0.5,0.9000000000000001,59.99999999999999,20.0,100.0,449.99999999999994,AA2024-T3,AA2024-T3,714749.8339213511
54.309345201591285,66.80116126997976,z,0.39999999999999997,0.9000000000000001,70.0,20.0,100.0,449.99999999999994,AA2024-T3,AA2024-T3,12773.231214797339
54.309345201591285,66.80116126997976,z,0.39999999999999997,0.8,70.0,20.0,100.0,449.99999999999994,AA2024-T3,AA2024-T3,12492.857936819395
54.309345201591285,66.80116126997976,j,0.39999999999999997,0.9000000000000001,70.0,20.0,100.0,449.99999999999994,AA2024-T3,AA2024-T3,12773.231214797343
54.309345201591285,66.80116126997976,formed z,0.39999999999999997,0.9000000000000001,70.0,20.0,100.0,449.99999999999994,AA2024-T3,AA2024-T3,12773.231214797343
54.309345201591285,66.80116126997976,j,0.39999999999999997,0.8,70.0,20.0,100.0,449.99999999999994,AA2024-T3,AA2024-T3,12773.231214797343
54.309345201591285,66.80116126997976,formed z,0.39999999999999997,0.8,70.0,20.0,100.0,449.99999999999994,AA2024-T3,AA2024-T3,12773.231214797343
54.315192410318666,116.56648038384336,z,0.6999999999999998,0.8,70.0,20.0,180.00000000000003,399.99999999999994,AA2024-T3,AA2024-T3,11166.245725178262
54.315192410318666,116.56648038384336,j,0.6999999999999998,0.8,70.0,20.0,180.00000000000003,399.99999999999994,AA2024-T3,AA2024-T3,11324.91022685853
54.315192410318666,116.56648038384336,formed z,0.6999999999999998,0.9000000000000001,70.0,20.0,180.00000000000003,399.99999999999994,AA2024-T3,AA2024-T3,11324.91022685853
54.315192410318666,116.56648038384336,formed z,0.6999999999999998,0.8,70.0,20.0,180.00000000000003,399.99999999999994,AA2024-T3,AA2024-T3,11324.91022685853
54.315192410318666,116.56648038384336,j,0.6999999999999998,0.9000000000000001,70.0,20.0,180.00000000000003,399.99999999999994,AA2024-T3,AA2024-T3,11324.91022685853
54.315192410318666,116.56648038384336,z,0.6999999999999998,0.9000000000000001,70.0,20.0,180.00000000000003,399.99999999999994,AA2024-T3,AA2024-T3,11324.910226858528
54.366732307206505,115.59250458198501,z,0.6999999999999998,0.8,44.99999999999999,20.0,120.00000000000001,300.0,AA2024-T3,AA2024-T3,795067.6218315052
54.366732307206505,115.59250458198501,j,0.6999999999999998,0.8,44.99999999999999,20.0,120.00000000000001,300.0,AA2024-T3,AA2024-T3,795067.6218315052
54.366732307206505,115.59250458198501,j,0.6999999999999998,0.9000000000000001,44.99999999999999,20.0,120.00000000000001,300.0,AA2024-T3,AA2024-T3,795067.6218315052
54.366732307206505,115.59250458198501,z,0.6999999999999998,0.9000000000000001,44.99999999999999,20.0,120.00000000000001,300.0,AA2024-T3,AA2024-T3,795067.6218315052
54.366732307206505,115.59250458198501,formed z,0.6999999999999998,0.8,44.99999999999999,20.0,120.00000000000001,300.0,AA2024-T3,AA2024-T3,795067.6218315052
54.366732307206505,115.59250458198501,formed z,0.6999999999999998,0.9000000000000001,44.99999999999999,20.0,120.00000000000001,300.0,AA2024-T3,AA2024-T3,795067.6218315052
54.36893378726779,100.25894556790227,z,0.6,0.9000000000000001,59.99999999999999,20.0,120.00000000000001,449.99999999999994,AA2024-T3,AA2024-T3,856064.1246900017
54.36893378726779,100.25894556790227,formed z,0.6,0.9000000000000001,59.99999999999999,20.0,120.00000000000001,449.99999999999994,AA2024-T3,AA2024-T3,856064.1246900017
54.36893378726779,100.25894556790227,formed z,0.6,0.8,59.99999999999999,20.0,120.00000000000001,449.99999999999994,AA2024-T3,AA2024-T3,856064.1246900017
54.36893378726779,100.25894556790227,z,0.6,0.8,59.99999999999999,20.0,120.00000000000001,449.99999999999994,AA2024-T3,AA2024-T3,856064.1246900017
54.36893378726779,100.25894556790227,j,0.6,0.9000000000000001,59.99999999999999,20.0,120.00000000000001,449.99999999999994,AA2024-T3,AA2024-T3,856064.1246900017
54.36893378726779,100.25894556790227,j,0.6,0.8,59.99999999999999,20.0,120.00000000000001,449.99999999999994,AA2024-T3,AA2024-T3,856064.1246900017
54.43410640836953,132.97976045847474,formed z,0.7999999999999999,0.9000000000000001,40.0,20.0,140.0,350.0,AA2024-T3,AA2024-T3,961096.4672386863
54.43410640836953,132.97976045847474,z,0.7999999999999999,0.8,40.0,20.0,140.0,350.0,AA2024-T3,AA2024-T3,961096.4672386863
54.43410640836953,132.97976045847474,j,0.7999999999999999,0.8,40.0,20.0,140.0,350.0,AA2024-T3,AA2024-T3,961096.4672386863
54.43410640836953,132.97976045847474,z,0.7999999999999999,0.9000000000000001,40.0,20.0,140.0,350.0,AA2024-T3,AA2024-T3,961096.4672386863
54.43410640836953,132.97976045847474,j,0.7999999999999999,0.9000000000000001,40.0,20.0,140.0,350.0,AA2024-T3,AA2024-T3,961096.4672386863
54.43410640836953,132.97976045847474,formed z,0.7999999999999999,0.8,40.0,20.0,140.0,350.0,AA2024-T3,AA2024-T3,961096.4672386863
54.5148500604443,133.86517892064484,z,0.7999999999999999,0.9000000000000001,59.99999999999999,20.0,200.0,449.99999999999994,AA2024-T3,AA2024-T3,11430.446466261894
54.5148500604443,133.86517892064484,z,0.7999999999999999,0.8,59.99999999999999,20.0,200.0,449.99999999999994,AA2024-T3,AA2024-T3,11430.446466261894
54.5148500604443,133.86517892064484,j,0.7999999999999999,0.9000000000000001,59.99999999999999,20.0,200.0,449.99999999999994,AA2024-T3,AA2024-T3,11430.446466261894
54.5148500604443,133.86517892064484,formed z,0.7999999999999999,0.9000000000000001,59.99999999999999,20.0,200.0,449.99999999999994,AA2024-T3,AA2024-T3,11430.446466261894
54.5148500604443,133.86517892064484,formed z,0.7999999999999999,0.8,59.99999999999999,20.0,200.0,449.99999999999994,AA2024-T3,AA2024-T3,11430.446466261894
54.5148500604443,133.86517892064484,j,0.7999999999999999,0.8,59.99999999999999,20.0,200.0,449.99999999999994,AA2024-T3,AA2024-T3,11430.446466261894
54.52043409586953,133.09075990118993,formed z,0.7999999999999999,0.8,35.0,20.0,120.00000000000001,350.0,AA2024-T3,AA2024-T3,273928.983064923
54.52043409586953,133.09075990118993,j,0.7999999999999999,0.8,35.0,20.0,120.00000000000001,350.0,AA2024-T3,AA2024-T3,273928.983064923
54.52043409586953,133.09075990118993,z,0.7999999999999999,0.9000000000000001,35.0,20.0,120.00000000000001,350.0,AA2024-T3,AA2024-T3,273928.983064923
54.52043409586953,133.09075990118993,z,0.7999999999999999,0.8,35.0,20.0,120.00000000000001,350.0,AA2024-T3,AA2024-T3,273928.983064923
54.52043409586953,133.09075990118993,j,0.7999999999999999,0.9000000000000001,35.0,20.0,120.00000000000001,350.0,AA2024-T3,AA2024-T3,273928.983064923
54.52043409586953,133.09075990118993,formed z,0.7999999999999999,0.9000000000000001,35.0,20.0,120.00000000000001,350.0,AA2024-T3,AA2024-T3,273928.983064923
54.526018131294755,132.31180829652396,j,0.7999999999999999,0.8,54.99999999999999,20.0,200.0,300.0,AA2024-T3,AA2024-T3,11101.082622318645
54.526018131294755,132.31180829652396,formed z,0.7999999999999999,0.8,54.99999999999999,20.0,200.0,300.0,AA2024-T3,AA2024-T3,11101.082622318645
54.526018131294755,132.31180829652396,z,0.7999999999999999,0.8,54.99999999999999,20.0,200.0,300.0,AA2024-T3,AA2024-T3,11101.082622318645
54.526018131294755,132.31180829652396,formed z,0.7999999999999999,0.9000000000000001,54.99999999999999,20.0,200.0,300.0,AA2024-T3,AA2024-T3,11101.082622318645
54.526018131294755,132.31180829652396,j,0.7999999999999999,0.9000000000000001,54.99999999999999,20.0,200.0,300.0,AA2024-T3,AA2024-T3,11101.082622318645
54.526018131294755,132.31180829652396,z,0.7999999999999999,0.9000000000000001,54.99999999999999,20.0,200.0,300.0,AA2024-T3,AA2024-T3,11101.082622318645
54.574175472818666,116.85709015348255,j,0.6999999999999998,0.9000000000000001,40.0,20.0,100.0,399.99999999999994,AA2024-T3,AA2024-T3,22722.3853527861
54.574175472818666,116.85709015348255,j,0.6999999999999998,0.9000000000000001,54.99999999999999,20.0,140.0,399.99999999999994,AA2024-T3,AA2024-T3,1000883.9857275243
54.574175472818666,116.85709015348255,z,0.6999999999999998,0.9000000000000001,40.0,20.0,100.0,399.99999999999994,AA2024-T3,AA2024-T3,22722.3853527861
54.574175472818666,116.85709015348255,z,0.6999999999999998,0.8,54.99999999999999,20.0,140.0,399.99999999999994,AA2024-T3,AA2024-T3,1000883.9857275243
54.574175472818666,116.85709015348255,z,0.6999999999999998,0.8,40.0,20.0,100.0,399.99999999999994,AA2024-T3,AA2024-T3,22722.3853527861
54.574175472818666,116.85709015348255,j,0.6999999999999998,0.8,54.99999999999999,20.0,140.0,399.99999999999994,AA2024-T3,AA2024-T3,1000883.9857275243
54.574175472818666,116.85709015348255,formed z,0.6999999999999998,0.9000000000000001,54.99999999999999,20.0,140.0,399.99999999999994,AA2024-T3,AA2024-T3,1000883.9857275243
54.574175472818666,116.85709015348255,formed z,0.6999999999999998,0.9000000000000001,40.0,20.0,100.0,399.99999999999994,AA2024-T3,AA2024-T3,22722.3853527861
54.574175472818666,116.85709015348255,formed z,0.6999999999999998,0.8,54.99999999999999,20.0,140.0,399.99999999999994,AA2024-T3,AA2024-T3,1000883.9857275243
54.574175472818666,116.85709015348255,z,0.6999999999999998,0.9000000000000001,54.99999999999999,20.0,140.0,399.99999999999994,AA2024-T3,AA2024-T3,1000883.9857275243
54.574175472818666,116.85709015348255,j,0.6999999999999998,0.8,40.0,20.0,100.0,399.99999999999994,AA2024-T3,AA2024-T3,22722.3853527861
54.574175472818666,116.85709015348255,formed z,0.6999999999999998,0.8,40.0,20.0,100.0,399.99999999999994,AA2024-T3,AA2024-T3,22722.3853527861
54.587545023730414,100.17606236860419,j,0.6,0.9000000000000001,49.99999999999999,20.0,100.0,399.99999999999994,AA2024-T3,AA2024-T3,619497.4875683283
54.587545023730414,100.17606236860419,formed z,0.6,0.8,49.99999999999999,20.0,100.0,399.99999999999994,AA2024-T3,AA2024-T3,619497.4875683283
54.587545023730414,100.17606236860419,z,0.6,0.8,49.99999999999999,20.0,100.0,399.99999999999994,AA2024-T3,AA2024-T3,619497.4875683283
54.587545023730414,100.17606236860419,j,0.6,0.8,49.99999999999999,20.0,100.0,399.99999999999994,AA2024-T3,AA2024-T3,619497.4875683287
54.587545023730414,100.17606236860419,formed z,0.6,0.9000000000000001,49.99999999999999,20.0,100.0,399.99999999999994,AA2024-T3,AA2024-T3,619497.4875683283
54.587545023730414,100.17606236860419,z,0.6,0.9000000000000001,49.99999999999999,20.0,100.0,399.99999999999994,AA2024-T3,AA2024-T3,619497.4875683283
54.60091457464216,83.49075246627582,formed z,0.5,0.9000000000000001,59.99999999999999,20.0,100.0,399.99999999999994,AA2024-T3,AA2024-T3,714749.8339213509
54.60091457464216,83.49075246627582,j,0.5,0.8,59.99999999999999,20.0,100.0,399.99999999999994,AA2024-T3,AA2024-T3,714749.8339213509
54.60091457464216,83.49075246627582,formed z,0.5,0.8,59.99999999999999,20.0,100.0,399.99999999999994,AA2024-T3,AA2024-T3,714749.8339213511
54.60091457464216,83.49075246627582,z,0.5,0.8,59.99999999999999,20.0,100.0,399.99999999999994,AA2024-T3,AA2024-T3,714749.8339213509
54.60091457464216,83.49075246627582,z,0.5,0.9000000000000001,59.99999999999999,20.0,100.0,399.99999999999994,AA2024-T3,AA2024-T3,714749.8339213511
54.60091457464216,83.49075246627582,j,0.5,0.9000000000000001,59.99999999999999,20.0,100.0,399.99999999999994,AA2024-T3,AA2024-T3,714749.8339213509
54.61234581879476,132.42336762890068,z,0.7999999999999999,0.9000000000000001,49.99999999999999,20.0,180.00000000000003,300.0,AA2024-T3,AA2024-T3,12723.012567883725
54.61234581879476,132.42336762890068,j,0.7999999999999999,0.9000000000000001,49.99999999999999,20.0,180.00000000000003,300.0,AA2024-T3,AA2024-T3,12723.012567883725
54.61234581879476,132.42336762890068,j,0.7999999999999999,0.8,49.99999999999999,20.0,180.00000000000003,300.0,AA2024-T3,AA2024-T3,12723.012567883728
54.61234581879476,132.42336762890068,formed z,0.7999999999999999,0.9000000000000001,49.99999999999999,20.0,180.00000000000003,300.0,AA2024-T3,AA2024-T3,12723.012567883725
54.61234581879476,132.42336762890068,formed z,0.7999999999999999,0.8,49.99999999999999,20.0,180.00000000000003,300.0,AA2024-T3,AA2024-T3,12723.012567883725
54.61234581879476,132.42336762890068,z,0.7999999999999999,0.8,49.99999999999999,20.0,180.00000000000003,300.0,AA2024-T3,AA2024-T3,12723.012567883725
54.614284125553894,66.80116126997976,j,0.39999999999999997,0.9000000000000001,70.0,20.0,100.0,399.99999999999994,AA2024-T3,AA2024-T3,12773.231214797343
54.614284125553894,66.80116126997976,formed z,0.39999999999999997,0.9000000000000001,70.0,20.0,100.0,399.99999999999994,AA2024-T3,AA2024-T3,12773.231214797343
54.614284125553894,66.80116126997976,z,0.39999999999999997,0.8,70.0,20.0,100.0,399.99999999999994,AA2024-T3,AA2024-T3,12520.519874417017
54.614284125553894,66.80116126997976,j,0.39999999999999997,0.8,70.0,20.0,100.0,399.99999999999994,AA2024-T3,AA2024-T3,12773.231214797343
54.614284125553894,66.80116126997976,z,0.39999999999999997,0.9000000000000001,70.0,20.0,100.0,399.99999999999994,AA2024-T3,AA2024-T3,12773.231214797339
54.614284125553894,66.80116126997976,formed z,0.39999999999999997,0.8,70.0,20.0,100.0,399.99999999999994,AA2024-T3,AA2024-T3,12773.231214797343
54.620131334281275,116.56648038384336,formed z,0.6999999999999998,0.8,70.0,20.0,180.00000000000003,350.0,AA2024-T3,AA2024-T3,11324.91022685853
54.620131334281275,116.56648038384336,j,0.6999999999999998,0.9000000000000001,70.0,20.0,180.00000000000003,350.0,AA2024-T3,AA2024-T3,11324.91022685853
54.620131334281275,116.56648038384336,z,0.6999999999999998,0.9000000000000001,70.0,20.0,180.00000000000003,350.0,AA2024-T3,AA2024-T3,11324.910226858528
54.620131334281275,116.56648038384336,formed z,0.6999999999999998,0.9000000000000001,70.0,20.0,180.00000000000003,350.0,AA2024-T3,AA2024-T3,11324.91022685853
54.620131334281275,116.56648038384336,z,0.6999999999999998,0.8,70.0,20.0,180.00000000000003,350.0,AA2024-T3,AA2024-T3,11183.463300214396
54.620131334281275,116.56648038384336,j,0.6999999999999998,0.8,70.0,20.0,180.00000000000003,350.0,AA2024-T3,AA2024-T3,11324.91022685853
54.625715369706505,115.88555684639238,z,0.6999999999999998,0.9000000000000001,59.99999999999999,20.0,160.00000000000003,300.0,AA2024-T3,AA2024-T3,12637.235183274954
54.625715369706505,115.88555684639238,j,0.6999999999999998,0.9000000000000001,59.99999999999999,20.0,160.00000000000003,300.0,AA2024-T3,AA2024-T3,12637.235183274954
54.625715369706505,115.88555684639238,formed z,0.6999999999999998,0.9000000000000001,59.99999999999999,20.0,160.00000000000003,300.0,AA2024-T3,AA2024-T3,12637.235183274954
54.625715369706505,115.88555684639238,j,0.6999999999999998,0.8,59.99999999999999,20.0,160.00000000000003,300.0,AA2024-T3,AA2024-T3,12637.235183274954
54.625715369706505,115.88555684639238,z,0.6999999999999998,0.8,59.99999999999999,20.0,160.00000000000003,300.0,AA2024-T3,AA2024-T3,12637.235183274954
54.625715369706505,115.88555684639238,formed z,0.6999999999999998,0.8,59.99999999999999,20.0,160.00000000000003,300.0,AA2024-T3,AA2024-T3,12637.235183274954
54.67387271123041,100.25894556790227,j,0.6,0.9000000000000001,59.99999999999999,20.0,120.00000000000001,399.99999999999994,AA2024-T3,AA2024-T3,856064.1246900017
54.67387271123041,100.25894556790227,z,0.6,0.8,59.99999999999999,20.0,120.00000000000001,399.99999999999994,AA2024-T3,AA2024-T3,856064.1246900017
54.67387271123041,100.25894556790227,formed z,0.6,0.8,59.99999999999999,20.0,120.00000000000001,399.99999999999994,AA2024-T3,AA2024-T3,856064.1246900017
54.67387271123041,100.25894556790227,j,0.6,0.8,59.99999999999999,20.0,120.00000000000001,399.99999999999994,AA2024-T3,AA2024-T3,856064.1246900017
54.67387271123041,100.25894556790227,z,0.6,0.9000000000000001,59.99999999999999,20.0,120.00000000000001,399.99999999999994,AA2024-T3,AA2024-T3,856064.1246900017
54.67387271123041,100.25894556790227,formed z,0.6,0.9000000000000001,59.99999999999999,20.0,120.00000000000001,399.99999999999994,AA2024-T3,AA2024-T3,856064.1246900017
54.714244537267795,100.58979543285712,z,0.6,0.8,70.0,20.0,140.0,449.99999999999994,AA2024-T3,AA2024-T3,12716.508162309083
54.714244537267795,100.58979543285712,formed z,0.6,0.9000000000000001,70.0,20.0,140.0,449.99999999999994,AA2024-T3,AA2024-T3,12923.339646671428
54.714244537267795,100.58979543285712,j,0.6,0.9000000000000001,70.0,20.0,140.0,449.99999999999994,AA2024-T3,AA2024-T3,12923.339646671428
54.714244537267795,100.58979543285712,formed z,0.6,0.8,70.0,20.0,140.0,449.99999999999994,AA2024-T3,AA2024-T3,12923.339646671428
54.714244537267795,100.58979543285712,z,0.6,0.9000000000000001,70.0,20.0,140.0,449.99999999999994,AA2024-T3,AA2024-T3,12923.339646671426
54.714244537267795,100.58979543285712,j,0.6,0.8,70.0,20.0,140.0,449.99999999999994,AA2024-T3,AA2024-T3,12923.339646671428
54.7306692791943,134.1406736458537,j,0.7999999999999999,0.8,54.99999999999999,20.0,180.00000000000003,449.99999999999994,AA2024-T3,AA2024-T3,13088.374116492367
54.7306692791943,134.1406736458537,z,0.7999999999999999,0.8,54.99999999999999,20.0,180.00000000000003,449.99999999999994,AA2024-T3,AA2024-T3,13088.374116492367
54.7306692791943,134.1406736458537,z,0.7999999999999999,0.9000000000000001,54.99999999999999,20.0,180.00000000000003,449.99999999999994,AA2024-T3,AA2024-T3,13088.374116492367
54.7306692791943,134.1406736458537,formed z,0.7999999999999999,0.9000000000000001,54.99999999999999,20.0,180.00000000000003,449.99999999999994,AA2024-T3,AA2024-T3,13088.374116492369
54.7306692791943,134.1406736458537,j,0.7999999999999999,0.9000000000000001,54.99999999999999,20.0,180.00000000000003,449.99999999999994,AA2024-T3,AA2024-T3,13088.374116492367
54.7306692791943,134.1406736458537,formed z,0.7999999999999999,0.8,54.99999999999999,20.0,180.00000000000003,449.99999999999994,AA2024-T3,AA2024-T3,13088.374116492367
54.81978898440692,133.86517892064484,z,0.7999999999999999,0.8,59.99999999999999,20.0,200.0,399.99999999999994,AA2024-T3,AA2024-T3,11430.446466261894
54.81978898440692,133.86517892064484,formed z,0.7999999999999999,0.8,59.99999999999999,20.0,200.0,399.99999999999994,AA2024-T3,AA2024-T3,11430.446466261894
54.81978898440692,133.86517892064484,formed z,0.7999999999999999,0.9000000000000001,59.99999999999999,20.0,200.0,399.99999999999994,AA2024-T3,AA2024-T3,11430.446466261894
54.81978898440692,133.86517892064484,z,0.7999999999999999,0.9000000000000001,59.99999999999999,20.0,200.0,399.99999999999994,AA2024-T3,AA2024-T3,11430.446466261894
54.81978898440692,133.86517892064484,j,0.7999999999999999,0.9000000000000001,59.99999999999999,20.0,200.0,399.99999999999994,AA2024-T3,AA2024-T3,11430.446466261894
54.81978898440692,133.86517892064484,j,0.7999999999999999,0.8,59.99999999999999,20.0,200.0,399.99999999999994,AA2024-T3,AA2024-T3,11430.446466261894
54.82510984653,82.93619836356727,j,0.5,0.8,70.0,20.0,120.00000000000001,300.0,AA2024-T3,AA2024-T3,12584.928043439508
54.82510984653,82.93619836356727,formed z,0.5,0.9000000000000001,70.0,20.0,120.00000000000001,300.0,AA2024-T3,AA2024-T3,12584.928043439508
54.82510984653,82.93619836356727,j,0.5,0.9000000000000001,70.0,20.0,120.00000000000001,300.0,AA2024-T3,AA2024-T3,12584.928043439508
54.82510984653,82.93619836356727,z,0.5,0.9000000000000001,70.0,20.0,120.00000000000001,300.0,AA2024-T3,AA2024-T3,12584.928043439508
54.82510984653,82.93619836356727,z,0.5,0.8,70.0,20.0,120.00000000000001,300.0,AA2024-T3,AA2024-T3,12417.31587442437
54.82510984653,82.93619836356727,formed z,0.5,0.8,70.0,20.0,120.00000000000001,300.0,AA2024-T3,AA2024-T3,12584.928043439508
54.82816503754476,132.70185564974645,z,0.7999999999999999,0.9000000000000001,44.99999999999999,20.0,160.00000000000003,300.0,AA2024-T3,AA2024-T3,1139323.620619731
54.82816503754476,132.70185564974645,formed z,0.7999999999999999,0.9000000000000001,44.99999999999999,20.0,160.00000000000003,300.0,AA2024-T3,AA2024-T3,1139323.620619731
54.82816503754476,132.70185564974645,formed z,0.7999999999999999,0.8,44.99999999999999,20.0,160.00000000000003,300.0,AA2024-T3,AA2024-T3,1139323.620619731
54.82816503754476,132.70185564974645,j,0.7999999999999999,0.9000000000000001,44.99999999999999,20.0,160.00000000000003,300.0,AA2024-T3,AA2024-T3,1139323.620619731
54.82816503754476,132.70185564974645,z,0.7999999999999999,0.8,44.99999999999999,20.0,160.00000000000003,300.0,AA2024-T3,AA2024-T3,1139323.620619731
54.82816503754476,132.70185564974645,j,0.7999999999999999,0.8,44.99999999999999,20.0,160.00000000000003,300.0,AA2024-T3,AA2024-T3,1139323.620619731
54.879114396781276,116.85709015348255,formed z,0.6999999999999998,0.9000000000000001,54.99999999999999,20.0,140.0,350.0,AA2024-T3,AA2024-T3,1000883.9857275243
54.879114396781276,116.85709015348255,j,0.6999999999999998,0.8,54.99999999999999,20.0,140.0,350.0,AA2024-T3,AA2024-T3,1000883.9857275243
54.879114396781276,116.85709015348255,j,0.6999999999999998,0.9000000000000001,54.99999999999999,20.0,140.0,350.0,AA2024-T3,AA2024-T3,1000883.9857275243
54.879114396781276,116.85709015348255,formed z,0.6999999999999998,0.8,54.99999999999999,20.0,140.0,350.0,AA2024-T3,AA2024-T3,1000883.9857275243
54.879114396781276,116.85709015348255,j,0.6999999999999998,0.8,40.0,20.0,100.0,350.0,AA2024-T3,AA2024-T3,22722.3853527861
54.879114396781276,116.85709015348255,formed z,0.6999999999999998,0.9000000000000001,40.0,20.0,100.0,350.0,AA2024-T3,AA2024-T3,22722.3853527861
54.879114396781276,116.85709015348255,z,0.6999999999999998,0.9000000000000001,54.99999999999999,20.0,140.0,350.0,AA2024-T3,AA2024-T3,1000883.9857275243
54.879114396781276,116.85709015348255,j,0.6999999999999998,0.9000000000000001,40.0,20.0,100.0,350.0,AA2024-T3,AA2024-T3,22722.3853527861
54.879114396781276,116.85709015348255,z,0.6999999999999998,0.8,40.0,20.0,100.0,350.0,AA2024-T3,AA2024-T3,22722.3853527861
54.879114396781276,116.85709015348255,z,0.6999999999999998,0.9000000000000001,40.0,20.0,100.0,350.0,AA2024-T3,AA2024-T3,22722.3853527861
54.879114396781276,116.85709015348255,formed z,0.6999999999999998,0.8,40.0,20.0,100.0,350.0,AA2024-T3,AA2024-T3,22722.3853527861
54.879114396781276,116.85709015348255,z,0.6999999999999998,0.8,54.99999999999999,20.0,140.0,350.0,AA2024-T3,AA2024-T3,1000883.9857275243
54.89248394769302,100.17606236860419,formed z,0.6,0.8,49.99999999999999,20.0,100.0,350.0,AA2024-T3,AA2024-T3,619497.4875683283
54.89248394769302,100.17606236860419,formed z,0.6,0.9000000000000001,49.99999999999999,20.0,100.0,350.0,AA2024-T3,AA2024-T3,619497.4875683283
54.89248394769302,100.17606236860419,j,0.6,0.8,49.99999999999999,20.0,100.0,350.0,AA2024-T3,AA2024-T3,619497.4875683287
54.89248394769302,100.17606236860419,z,0.6,0.8,49.99999999999999,20.0,100.0,350.0,AA2024-T3,AA2024-T3,619497.4875683283
54.89248394769302,100.17606236860419,j,0.6,0.9000000000000001,49.99999999999999,20.0,100.0,350.0,AA2024-T3,AA2024-T3,619497.4875683283
54.89248394769302,100.17606236860419,z,0.6,0.9000000000000001,49.99999999999999,20.0,100.0,350.0,AA2024-T3,AA2024-T3,619497.4875683283
54.90585349860477,83.49075246627582,z,0.5,0.9000000000000001,59.99999999999999,20.0,100.0,350.0,AA2024-T3,AA2024-T3,714749.8339213511
54.90585349860477,83.49075246627582,formed z,0.5,0.8,59.99999999999999,20.0,100.0,350.0,AA2024-T3,AA2024-T3,714749.8339213511
54.90585349860477,83.49075246627582,z,0.5,0.8,59.99999999999999,20.0,100.0,350.0,AA2024-T3,AA2024-T3,714749.8339213509
54.90585349860477,83.49075246627582,formed z,0.5,0.9000000000000001,59.99999999999999,20.0,100.0,350.0,AA2024-T3,AA2024-T3,714749.8339213509
54.90585349860477,83.49075246627582,j,0.5,0.8,59.99999999999999,20.0,100.0,350.0,AA2024-T3,AA2024-T3,714749.8339213509
54.90585349860477,83.49075246627582,j,0.5,0.9000000000000001,59.99999999999999,20.0,100.0,350.0,AA2024-T3,AA2024-T3,714749.8339213509
54.91669420510605,117.5804722064624,j,0.6999999999999998,0.9000000000000001,65.0,20.0,160.00000000000003,449.99999999999994,AA2024-T3,AA2024-T3,13049.682557252672
54.91669420510605,117.5804722064624,j,0.6999999999999998,0.8,65.0,20.0,160.00000000000003,449.99999999999994,AA2024-T3,AA2024-T3,13049.682557252674
54.91669420510605,117.5804722064624,z,0.6999999999999998,0.9000000000000001,65.0,20.0,160.00000000000003,449.99999999999994,AA2024-T3,AA2024-T3,13049.682557252672
54.91669420510605,117.5804722064624,formed z,0.6999999999999998,0.9000000000000001,65.0,20.0,160.00000000000003,449.99999999999994,AA2024-T3,AA2024-T3,13049.682557252672
54.91669420510605,117.5804722064624,z,0.6999999999999998,0.8,65.0,20.0,160.00000000000003,449.99999999999994,AA2024-T3,AA2024-T3,13049.682557252672
54.91669420510605,117.5804722064624,formed z,0.6999999999999998,0.8,65.0,20.0,160.00000000000003,449.99999999999994,AA2024-T3,AA2024-T3,13049.682557252672
54.9192230495165,66.80116126997976,formed z,0.39999999999999997,0.9000000000000001,70.0,20.0,100.0,350.0,AA2024-T3,AA2024-T3,12773.231214797343
54.9192230495165,66.80116126997976,j,0.39999999999999997,0.9000000000000001,70.0,20.0,100.0,350.0,AA2024-T3,AA2024-T3,12773.231214797343
54.9192230495165,66.80116126997976,j,0.39999999999999997,0.8,70.0,20.0,100.0,350.0,AA2024-T3,AA2024-T3,12773.231214797343
54.9192230495165,66.80116126997976,z,0.39999999999999997,0.8,70.0,20.0,100.0,350.0,AA2024-T3,AA2024-T3,12547.977621958948
54.9192230495165,66.80116126997976,z,0.39999999999999997,0.9000000000000001,70.0,20.0,100.0,350.0,AA2024-T3,AA2024-T3,12773.231214797339
54.9192230495165,66.80116126997976,formed z,0.39999999999999997,0.8,70.0,20.0,100.0,350.0,AA2024-T3,AA2024-T3,12773.231214797343
54.978811635193026,100.25894556790227,formed z,0.6,0.9000000000000001,59.99999999999999,20.0,120.00000000000001,350.0,AA2024-T3,AA2024-T3,856064.1246900017
54.978811635193026,100.25894556790227,z,0.6,0.8,59.99999999999999,20.0,120.00000000000001,350.0,AA2024-T3,AA2024-T3,856064.1246900017
54.978811635193026,100.25894556790227,formed z,0.6,0.8,59.99999999999999,20.0,120.00000000000001,350.0,AA2024-T3,AA2024-T3,856064.1246900017
54.978811635193026,100.25894556790227,j,0.6,0.8,59.99999999999999,20.0,120.00000000000001,350.0,AA2024-T3,AA2024-T3,856064.1246900017
54.978811635193026,100.25894556790227,z,0.6,0.9000000000000001,59.99999999999999,20.0,120.00000000000001,350.0,AA2024-T3,AA2024-T3,856064.1246900017
54.978811635193026,100.25894556790227,j,0.6,0.9000000000000001,59.99999999999999,20.0,120.00000000000001,350.0,AA2024-T3,AA2024-T3,856064.1246900017
55.01918346123041,100.58979543285712,z,0.6,0.8,70.0,20.0,140.0,399.99999999999994,AA2024-T3,AA2024-T3,12736.85694915617
55.01918346123041,100.58979543285712,z,0.6,0.9000000000000001,70.0,20.0,140.0,399.99999999999994,AA2024-T3,AA2024-T3,12923.339646671426
55.01918346123041,100.58979543285712,formed z,0.6,0.9000000000000001,70.0,20.0,140.0,399.99999999999994,AA2024-T3,AA2024-T3,12923.339646671428
55.01918346123041,100.58979543285712,formed z,0.6,0.8,70.0,20.0,140.0,399.99999999999994,AA2024-T3,AA2024-T3,12923.339646671428
55.01918346123041,100.58979543285712,j,0.6,0.8,70.0,20.0,140.0,399.99999999999994,AA2024-T3,AA2024-T3,12923.339646671428
55.01918346123041,100.58979543285712,j,0.6,0.9000000000000001,70.0,20.0,140.0,399.99999999999994,AA2024-T3,AA2024-T3,12923.339646671428
55.03560820315692,134.1406736458537,j,0.7999999999999999,0.8,54.99999999999999,20.0,180.00000000000003,399.99999999999994,AA2024-T3,AA2024-T3,13088.374116492367
55.03560820315692,134.1406736458537,z,0.7999999999999999,0.9000000000000001,54.99999999999999,20.0,180.00000000000003,399.99999999999994,AA2024-T3,AA2024-T3,13088.374116492367
55.03560820315692,134.1406736458537,formed z,0.7999999999999999,0.9000000000000001,54.99999999999999,20.0,180.00000000000003,399.99999999999994,AA2024-T3,AA2024-T3,13088.374116492369
55.03560820315692,134.1406736458537,j,0.7999999999999999,0.9000000000000001,54.99999999999999,20.0,180.00000000000003,399.99999999999994,AA2024-T3,AA2024-T3,13088.374116492367
55.03560820315692,134.1406736458537,formed z,0.7999999999999999,0.8,54.99999999999999,20.0,180.00000000000003,399.99999999999994,AA2024-T3,AA2024-T3,13088.374116492367
55.03560820315692,134.1406736458537,z,0.7999999999999999,0.8,54.99999999999999,20.0,180.00000000000003,399.99999999999994,AA2024-T3,AA2024-T3,13088.374116492367
55.043984256294756,132.97976045847474,z,0.7999999999999999,0.8,40.0,20.0,140.0,300.0,AA2024-T3,AA2024-T3,961096.4672386863
55.043984256294756,132.97976045847474,formed z,0.7999999999999999,0.9000000000000001,40.0,20.0,140.0,300.0,AA2024-T3,AA2024-T3,961096.4672386863
55.043984256294756,132.97976045847474,j,0.7999999999999999,0.9000000000000001,40.0,20.0,140.0,300.0,AA2024-T3,AA2024-T3,961096.4672386863
55.043984256294756,132.97976045847474,z,0.7999999999999999,0.9000000000000001,40.0,20.0,140.0,300.0,AA2024-T3,AA2024-T3,961096.4672386863
55.043984256294756,132.97976045847474,j,0.7999999999999999,0.8,40.0,20.0,140.0,300.0,AA2024-T3,AA2024-T3,961096.4672386863
55.043984256294756,132.97976045847474,formed z,0.7999999999999999,0.8,40.0,20.0,140.0,300.0,AA2024-T3,AA2024-T3,961096.4672386863
55.119143872944306,134.63514356896692,z,0.7999999999999999,0.9000000000000001,49.99999999999999,20.0,160.00000000000003,449.99999999999994,AA2024-T3,AA2024-T3,1140226.3668668582
55.119143872944306,134.63514356896692,formed z,0.7999999999999999,0.9000000000000001,49.99999999999999,20.0,160.00000000000003,449.99999999999994,AA2024-T3,AA2024-T3,1140226.3668668582
55.119143872944306,134.63514356896692,j,0.7999999999999999,0.9000000000000001,49.99999999999999,20.0,160.00000000000003,449.99999999999994,AA2024-T3,AA2024-T3,1140226.3668668582
55.119143872944306,134.63514356896692,formed z,0.7999999999999999,0.8,49.99999999999999,20.0,160.00000000000003,449.99999999999994,AA2024-T3,AA2024-T3,1140226.3668668582
55.119143872944306,134.63514356896692,j,0.7999999999999999,0.8,49.99999999999999,20.0,160.00000000000003,449.99999999999994,AA2024-T3,AA2024-T3,1140226.3668668584
55.119143872944306,134.63514356896692,z,0.7999999999999999,0.8,49.99999999999999,20.0,160.00000000000003,449.99999999999994,AA2024-T3,AA2024-T3,1140226.3668668582
55.12472790836953,133.86517892064484,formed z,0.7999999999999999,0.9000000000000001,59.99999999999999,20.0,200.0,350.0,AA2024-T3,AA2024-T3,11430.446466261894
55.12472790836953,133.86517892064484,z,0.7999999999999999,0.9000000000000001,59.99999999999999,20.0,200.0,350.0,AA2024-T3,AA2024-T3,11430.446466261894
55.12472790836953,133.86517892064484,j,0.7999999999999999,0.9000000000000001,59.99999999999999,20.0,200.0,350.0,AA2024-T3,AA2024-T3,11430.446466261894
55.12472790836953,133.86517892064484,j,0.7999999999999999,0.8,59.99999999999999,20.0,200.0,350.0,AA2024-T3,AA2024-T3,11430.446466261894
55.12472790836953,133.86517892064484,formed z,0.7999999999999999,0.8,59.99999999999999,20.0,200.0,350.0,AA2024-T3,AA2024-T3,11430.446466261894
55.12472790836953,133.86517892064484,z,0.7999999999999999,0.8,59.99999999999999,20.0,200.0,350.0,AA2024-T3,AA2024-T3,11430.446466261894
55.13031194379475,133.09075990118993,formed z,0.7999999999999999,0.9000000000000001,35.0,20.0,120.00000000000001,300.0,AA2024-T3,AA2024-T3,273928.983064923
55.13031194379475,133.09075990118993,j,0.7999999999999999,0.8,35.0,20.0,120.00000000000001,300.0,AA2024-T3,AA2024-T3,273928.983064923
55.13031194379475,133.09075990118993,z,0.7999999999999999,0.8,35.0,20.0,120.00000000000001,300.0,AA2024-T3,AA2024-T3,273928.983064923
55.13031194379475,133.09075990118993,formed z,0.7999999999999999,0.8,35.0,20.0,120.00000000000001,300.0,AA2024-T3,AA2024-T3,273928.983064923
55.13031194379475,133.09075990118993,z,0.7999999999999999,0.9000000000000001,35.0,20.0,120.00000000000001,300.0,AA2024-T3,AA2024-T3,273928.983064923
55.13031194379475,133.09075990118993,j,0.7999999999999999,0.9000000000000001,35.0,20.0,120.00000000000001,300.0,AA2024-T3,AA2024-T3,273928.983064923
55.132513423856054,117.82061259677721,formed z,0.6999999999999998,0.8,49.99999999999999,20.0,120.00000000000001,449.99999999999994,AA2024-T3,AA2024-T3,795732.882126003
55.132513423856054,117.82061259677721,z,0.6999999999999998,0.8,49.99999999999999,20.0,120.00000000000001,449.99999999999994,AA2024-T3,AA2024-T3,795732.882126003
55.132513423856054,117.82061259677721,formed z,0.6999999999999998,0.9000000000000001,49.99999999999999,20.0,120.00000000000001,449.99999999999994,AA2024-T3,AA2024-T3,795732.882126003
55.132513423856054,117.82061259677721,j,0.6999999999999998,0.9000000000000001,49.99999999999999,20.0,120.00000000000001,449.99999999999994,AA2024-T3,AA2024-T3,795732.882126003
55.132513423856054,117.82061259677721,z,0.6999999999999998,0.9000000000000001,49.99999999999999,20.0,120.00000000000001,449.99999999999994,AA2024-T3,AA2024-T3,795732.882126003
55.132513423856054,117.82061259677721,j,0.6999999999999998,0.8,49.99999999999999,20.0,120.00000000000001,449.99999999999994,AA2024-T3,AA2024-T3,795732.8821260037
55.221633129068664,117.5804722064624,formed z,0.6999999999999998,0.9000000000000001,65.0,20.0,160.00000000000003,399.99999999999994,AA2024-T3,AA2024-T3,13049.682557252672
55.221633129068664,117.5804722064624,j,0.6999999999999998,0.8,65.0,20.0,160.00000000000003,399.99999999999994,AA2024-T3,AA2024-T3,13049.682557252674
55.221633129068664,117.5804722064624,z,0.6999999999999998,0.8,65.0,20.0,160.00000000000003,399.99999999999994,AA2024-T3,AA2024-T3,13049.682557252672
55.221633129068664,117.5804722064624,z,0.6999999999999998,0.9000000000000001,65.0,20.0,160.00000000000003,399.99999999999994,AA2024-T3,AA2024-T3,13049.682557252672
55.221633129068664,117.5804722064624,formed z,0.6999999999999998,0.8,65.0,20.0,160.00000000000003,399.99999999999994,AA2024-T3,AA2024-T3,13049.682557252672
55.221633129068664,117.5804722064624,j,0.6999999999999998,0.9000000000000001,65.0,20.0,160.00000000000003,399.99999999999994,AA2024-T3,AA2024-T3,13049.682557252672
55.2300091822065,116.56648038384336,formed z,0.6999999999999998,0.9000000000000001,70.0,20.0,180.00000000000003,300.0,AA2024-T3,AA2024-T3,11324.91022685853
55.2300091822065,116.56648038384336,j,0.6999999999999998,0.9000000000000001,70.0,20.0,180.00000000000003,300.0,AA2024-T3,AA2024-T3,11324.91022685853
55.2300091822065,116.56648038384336,z,0.6999999999999998,0.9000000000000001,70.0,20.0,180.00000000000003,300.0,AA2024-T3,AA2024-T3,11324.910226858528
55.2300091822065,116.56648038384336,formed z,0.6999999999999998,0.8,70.0,20.0,180.00000000000003,300.0,AA2024-T3,AA2024-T3,11324.91022685853
55.2300091822065,116.56648038384336,z,0.6999999999999998,0.8,70.0,20.0,180.00000000000003,300.0,AA2024-T3,AA2024-T3,11200.560784731877
55.2300091822065,116.56648038384336,j,0.6999999999999998,0.8,70.0,20.0,180.00000000000003,300.0,AA2024-T3,AA2024-T3,11324.91022685853
55.32412238519302,100.58979543285712,j,0.6,0.9000000000000001,70.0,20.0,140.0,350.0,AA2024-T3,AA2024-T3,12923.339646671428
55.32412238519302,100.58979543285712,z,0.6,0.8,70.0,20.0,140.0,350.0,AA2024-T3,AA2024-T3,12757.068439465196
55.32412238519302,100.58979543285712,formed z,0.6,0.9000000000000001,70.0,20.0,140.0,350.0,AA2024-T3,AA2024-T3,12923.339646671428
55.32412238519302,100.58979543285712,z,0.6,0.9000000000000001,70.0,20.0,140.0,350.0,AA2024-T3,AA2024-T3,12923.339646671426
55.32412238519302,100.58979543285712,formed z,0.6,0.8,70.0,20.0,140.0,350.0,AA2024-T3,AA2024-T3,12923.339646671428
55.32412238519302,100.58979543285712,j,0.6,0.8,70.0,20.0,140.0,350.0,AA2024-T3,AA2024-T3,12923.339646671428
55.34054712711953,134.1406736458537,z,0.7999999999999999,0.9000000000000001,54.99999999999999,20.0,180.00000000000003,350.0,AA2024-T3,AA2024-T3,13088.374116492367
55.34054712711953,134.1406736458537,formed z,0.7999999999999999,0.9000000000000001,54.99999999999999,20.0,180.00000000000003,350.0,AA2024-T3,AA2024-T3,13088.374116492369
55.34054712711953,134.1406736458537,formed z,0.7999999999999999,0.8,54.99999999999999,20.0,180.00000000000003,350.0,AA2024-T3,AA2024-T3,13088.374116492367
55.34054712711953,134.1406736458537,j,0.7999999999999999,0.9000000000000001,54.99999999999999,20.0,180.00000000000003,350.0,AA2024-T3,AA2024-T3,13088.374116492367
55.34054712711953,134.1406736458537,j,0.7999999999999999,0.8,54.99999999999999,20.0,180.00000000000003,350.0,AA2024-T3,AA2024-T3,13088.374116492367
55.34054712711953,134.1406736458537,z,0.7999999999999999,0.8,54.99999999999999,20.0,180.00000000000003,350.0,AA2024-T3,AA2024-T3,13088.374116492367
55.424082796906916,134.63514356896692,z,0.7999999999999999,0.9000000000000001,49.99999999999999,20.0,160.00000000000003,399.99999999999994,AA2024-T3,AA2024-T3,1140226.3668668582
55.424082796906916,134.63514356896692,formed z,0.7999999999999999,0.8,49.99999999999999,20.0,160.00000000000003,399.99999999999994,AA2024-T3,AA2024-T3,1140226.3668668582
55.424082796906916,134.63514356896692,j,0.7999999999999999,0.8,49.99999999999999,20.0,160.00000000000003,399.99999999999994,AA2024-T3,AA2024-T3,1140226.3668668584
55.424082796906916,134.63514356896692,j,0.7999999999999999,0.9000000000000001,49.99999999999999,20.0,160.00000000000003,399.99999999999994,AA2024-T3,AA2024-T3,1140226.3668668582
55.424082796906916,134.63514356896692,z,0.7999999999999999,0.8,49.99999999999999,20.0,160.00000000000003,399.99999999999994,AA2024-T3,AA2024-T3,1140226.3668668582
55.424082796906916,134.63514356896692,formed z,0.7999999999999999,0.9000000000000001,49.99999999999999,20.0,160.00000000000003,399.99999999999994,AA2024-T3,AA2024-T3,1140226.3668668582
55.43745234781866,117.82061259677721,j,0.6999999999999998,0.8,49.99999999999999,20.0,120.00000000000001,399.99999999999994,AA2024-T3,AA2024-T3,795732.8821260037
55.43745234781866,117.82061259677721,formed z,0.6999999999999998,0.8,49.99999999999999,20.0,120.00000000000001,399.99999999999994,AA2024-T3,AA2024-T3,795732.882126003
55.43745234781866,117.82061259677721,z,0.6999999999999998,0.8,49.99999999999999,20.0,120.00000000000001,399.99999999999994,AA2024-T3,AA2024-T3,795732.882126003
55.43745234781866,117.82061259677721,formed z,0.6999999999999998,0.9000000000000001,49.99999999999999,20.0,120.00000000000001,399.99999999999994,AA2024-T3,AA2024-T3,795732.882126003
55.43745234781866,117.82061259677721,z,0.6999999999999998,0.9000000000000001,49.99999999999999,20.0,120.00000000000001,399.99999999999994,AA2024-T3,AA2024-T3,795732.882126003
55.43745234781866,117.82061259677721,j,0.6999999999999998,0.9000000000000001,49.99999999999999,20.0,120.00000000000001,399.99999999999994,AA2024-T3,AA2024-T3,795732.882126003
55.4889922447065,116.85709015348255,z,0.6999999999999998,0.9000000000000001,54.99999999999999,20.0,140.0,300.0,AA2024-T3,AA2024-T3,1000883.9857275243
55.4889922447065,116.85709015348255,formed z,0.6999999999999998,0.9000000000000001,54.99999999999999,20.0,140.0,300.0,AA2024-T3,AA2024-T3,1000883.9857275243
55.4889922447065,116.85709015348255,z,0.6999999999999998,0.8,40.0,20.0,100.0,300.0,AA2024-T3,AA2024-T3,22722.3853527861
55.4889922447065,116.85709015348255,j,0.6999999999999998,0.9000000000000001,40.0,20.0,100.0,300.0,AA2024-T3,AA2024-T3,22722.3853527861
55.4889922447065,116.85709015348255,formed z,0.6999999999999998,0.8,40.0,20.0,100.0,300.0,AA2024-T3,AA2024-T3,22722.3853527861
55.4889922447065,116.85709015348255,formed z,0.6999999999999998,0.8,54.99999999999999,20.0,140.0,300.0,AA2024-T3,AA2024-T3,1000883.9857275243
55.4889922447065,116.85709015348255,j,0.6999999999999998,0.9000000000000001,54.99999999999999,20.0,140.0,300.0,AA2024-T3,AA2024-T3,1000883.9857275243
55.4889922447065,116.85709015348255,formed z,0.6999999999999998,0.9000000000000001,40.0,20.0,100.0,300.0,AA2024-T3,AA2024-T3,22722.3853527861
55.4889922447065,116.85709015348255,j,0.6999999999999998,0.8,40.0,20.0,100.0,300.0,AA2024-T3,AA2024-T3,22722.3853527861
55.4889922447065,116.85709015348255,z,0.6999999999999998,0.9000000000000001,40.0,20.0,100.0,300.0,AA2024-T3,AA2024-T3,22722.3853527861
55.4889922447065,116.85709015348255,j,0.6999999999999998,0.8,54.99999999999999,20.0,140.0,300.0,AA2024-T3,AA2024-T3,1000883.9857275243
55.4889922447065,116.85709015348255,z,0.6999999999999998,0.8,54.99999999999999,20.0,140.0,300.0,AA2024-T3,AA2024-T3,1000883.9857275243
55.50236179561825,100.17606236860419,formed z,0.6,0.9000000000000001,49.99999999999999,20.0,100.0,300.0,AA2024-T3,AA2024-T3,619497.4875683283
55.50236179561825,100.17606236860419,formed z,0.6,0.8,49.99999999999999,20.0,100.0,300.0,AA2024-T3,AA2024-T3,619497.4875683283
55.50236179561825,100.17606236860419,z,0.6,0.8,49.99999999999999,20.0,100.0,300.0,AA2024-T3,AA2024-T3,619497.4875683283
55.50236179561825,100.17606236860419,z,0.6,0.9000000000000001,49.99999999999999,20.0,100.0,300.0,AA2024-T3,AA2024-T3,619497.4875683283
55.50236179561825,100.17606236860419,j,0.6,0.8,49.99999999999999,20.0,100.0,300.0,AA2024-T3,AA2024-T3,619497.4875683287
55.50236179561825,100.17606236860419,j,0.6,0.9000000000000001,49.99999999999999,20.0,100.0,300.0,AA2024-T3,AA2024-T3,619497.4875683283
55.515731346529996,83.49075246627582,formed z,0.5,0.9000000000000001,59.99999999999999,20.0,100.0,300.0,AA2024-T3,AA2024-T3,714749.8339213509
55.515731346529996,83.49075246627582,formed z,0.5,0.8,59.99999999999999,20.0,100.0,300.0,AA2024-T3,AA2024-T3,714749.8339213511
55.515731346529996,83.49075246627582,z,0.5,0.9000000000000001,59.99999999999999,20.0,100.0,300.0,AA2024-T3,AA2024-T3,714749.8339213511
55.515731346529996,83.49075246627582,z,0.5,0.8,59.99999999999999,20.0,100.0,300.0,AA2024-T3,AA2024-T3,714749.8339213509
55.515731346529996,83.49075246627582,j,0.5,0.9000000000000001,59.99999999999999,20.0,100.0,300.0,AA2024-T3,AA2024-T3,714749.8339213509
55.515731346529996,83.49075246627582,j,0.5,0.8,59.99999999999999,20.0,100.0,300.0,AA2024-T3,AA2024-T3,714749.8339213509
55.52657205303127,117.5804722064624,z,0.6999999999999998,0.8,65.0,20.0,160.00000000000003,350.0,AA2024-T3,AA2024-T3,13049.682557252672
55.52657205303127,117.5804722064624,formed z,0.6999999999999998,0.8,65.0,20.0,160.00000000000003,350.0,AA2024-T3,AA2024-T3,13049.682557252672
55.52657205303127,117.5804722064624,j,0.6999999999999998,0.8,65.0,20.0,160.00000000000003,350.0,AA2024-T3,AA2024-T3,13049.682557252674
55.52657205303127,117.5804722064624,formed z,0.6999999999999998,0.9000000000000001,65.0,20.0,160.00000000000003,350.0,AA2024-T3,AA2024-T3,13049.682557252672
55.52657205303127,117.5804722064624,j,0.6999999999999998,0.9000000000000001,65.0,20.0,160.00000000000003,350.0,AA2024-T3,AA2024-T3,13049.682557252672
55.52657205303127,117.5804722064624,z,0.6999999999999998,0.9000000000000001,65.0,20.0,160.00000000000003,350.0,AA2024-T3,AA2024-T3,13049.682557252672
55.52910089744173,66.80116126997976,z,0.39999999999999997,0.9000000000000001,70.0,20.0,100.0,300.0,AA2024-T3,AA2024-T3,12773.231214797339
55.52910089744173,66.80116126997976,j,0.39999999999999997,0.8,70.0,20.0,100.0,300.0,AA2024-T3,AA2024-T3,12773.231214797343
55.52910089744173,66.80116126997976,z,0.39999999999999997,0.8,70.0,20.0,100.0,300.0,AA2024-T3,AA2024-T3,12575.235169051779
55.52910089744173,66.80116126997976,formed z,0.39999999999999997,0.8,70.0,20.0,100.0,300.0,AA2024-T3,AA2024-T3,12773.231214797343
55.52910089744173,66.80116126997976,formed z,0.39999999999999997,0.9000000000000001,70.0,20.0,100.0,300.0,AA2024-T3,AA2024-T3,12773.231214797343
55.52910089744173,66.80116126997976,j,0.39999999999999997,0.9000000000000001,70.0,20.0,100.0,300.0,AA2024-T3,AA2024-T3,12773.231214797343
55.550782310444305,135.1824333308536,j,0.7999999999999999,0.8,44.99999999999999,20.0,140.0,449.99999999999994,AA2024-T3,AA2024-T3,962033.7909954134
55.550782310444305,135.1824333308536,j,0.7999999999999999,0.9000000000000001,44.99999999999999,20.0,140.0,449.99999999999994,AA2024-T3,AA2024-T3,962033.7909954134
55.550782310444305,135.1824333308536,z,0.7999999999999999,0.9000000000000001,44.99999999999999,20.0,140.0,449.99999999999994,AA2024-T3,AA2024-T3,962033.7909954134
55.550782310444305,135.1824333308536,formed z,0.7999999999999999,0.9000000000000001,44.99999999999999,20.0,140.0,449.99999999999994,AA2024-T3,AA2024-T3,962033.7909954134
55.550782310444305,135.1824333308536,z,0.7999999999999999,0.8,44.99999999999999,20.0,140.0,449.99999999999994,AA2024-T3,AA2024-T3,962033.7909954134
55.550782310444305,135.1824333308536,formed z,0.7999999999999999,0.8,44.99999999999999,20.0,140.0,449.99999999999994,AA2024-T3,AA2024-T3,962033.7909954134
55.588689483118245,100.25894556790227,formed z,0.6,0.9000000000000001,59.99999999999999,20.0,120.00000000000001,300.0,AA2024-T3,AA2024-T3,856064.1246900017
55.588689483118245,100.25894556790227,j,0.6,0.9000000000000001,59.99999999999999,20.0,120.00000000000001,300.0,AA2024-T3,AA2024-T3,856064.1246900017
55.588689483118245,100.25894556790227,j,0.6,0.8,59.99999999999999,20.0,120.00000000000001,300.0,AA2024-T3,AA2024-T3,856064.1246900017
55.588689483118245,100.25894556790227,z,0.6,0.9000000000000001,59.99999999999999,20.0,120.00000000000001,300.0,AA2024-T3,AA2024-T3,856064.1246900017
55.588689483118245,100.25894556790227,z,0.6,0.8,59.99999999999999,20.0,120.00000000000001,300.0,AA2024-T3,AA2024-T3,856064.1246900017
55.588689483118245,100.25894556790227,formed z,0.6,0.8,59.99999999999999,20.0,120.00000000000001,300.0,AA2024-T3,AA2024-T3,856064.1246900017
55.7234376854443,135.40072983635062,formed z,0.7999999999999999,0.9000000000000001,65.0,20.0,200.0,449.99999999999994,AA2024-T3,AA2024-T3,11759.854172167572
55.7234376854443,135.40072983635062,j,0.7999999999999999,0.9000000000000001,65.0,20.0,200.0,449.99999999999994,AA2024-T3,AA2024-T3,11759.854172167572
55.7234376854443,135.40072983635062,z,0.7999999999999999,0.9000000000000001,65.0,20.0,200.0,449.99999999999994,AA2024-T3,AA2024-T3,11759.854172167572
55.7234376854443,135.40072983635062,formed z,0.7999999999999999,0.8,65.0,20.0,200.0,449.99999999999994,AA2024-T3,AA2024-T3,11759.854172167572
55.7234376854443,135.40072983635062,j,0.7999999999999999,0.8,65.0,20.0,200.0,449.99999999999994,AA2024-T3,AA2024-T3,11759.854172167574
55.7234376854443,135.40072983635062,z,0.7999999999999999,0.8,65.0,20.0,200.0,449.99999999999994,AA2024-T3,AA2024-T3,11759.854172167572
55.729021720869525,134.63514356896692,j,0.7999999999999999,0.8,49.99999999999999,20.0,160.00000000000003,350.0,AA2024-T3,AA2024-T3,1140226.3668668584
55.729021720869525,134.63514356896692,j,0.7999999999999999,0.9000000000000001,49.99999999999999,20.0,160.00000000000003,350.0,AA2024-T3,AA2024-T3,1140226.3668668582
55.729021720869525,134.63514356896692,formed z,0.7999999999999999,0.8,49.99999999999999,20.0,160.00000000000003,350.0,AA2024-T3,AA2024-T3,1140226.3668668582
55.729021720869525,134.63514356896692,formed z,0.7999999999999999,0.9000000000000001,49.99999999999999,20.0,160.00000000000003,350.0,AA2024-T3,AA2024-T3,1140226.3668668582
55.729021720869525,134.63514356896692,z,0.7999999999999999,0.8,49.99999999999999,20.0,160.00000000000003,350.0,AA2024-T3,AA2024-T3,1140226.3668668582
55.729021720869525,134.63514356896692,z,0.7999999999999999,0.9000000000000001,49.99999999999999,20.0,160.00000000000003,350.0,AA2024-T3,AA2024-T3,1140226.3668668582
55.734605756294755,133.86517892064484,z,0.7999999999999999,0.9000000000000001,59.99999999999999,20.0,200.0,300.0,AA2024-T3,AA2024-T3,11430.446466261894
55.734605756294755,133.86517892064484,z,0.7999999999999999,0.8,59.99999999999999,20.0,200.0,300.0,AA2024-T3,AA2024-T3,11430.446466261894
55.734605756294755,133.86517892064484,j,0.7999999999999999,0.8,59.99999999999999,20.0,200.0,300.0,AA2024-T3,AA2024-T3,11430.446466261894
55.734605756294755,133.86517892064484,formed z,0.7999999999999999,0.8,59.99999999999999,20.0,200.0,300.0,AA2024-T3,AA2024-T3,11430.446466261894
55.734605756294755,133.86517892064484,j,0.7999999999999999,0.9000000000000001,59.99999999999999,20.0,200.0,300.0,AA2024-T3,AA2024-T3,11430.446466261894
55.734605756294755,133.86517892064484,formed z,0.7999999999999999,0.9000000000000001,59.99999999999999,20.0,200.0,300.0,AA2024-T3,AA2024-T3,11430.446466261894
55.74239127178127,117.82061259677721,j,0.6999999999999998,0.9000000000000001,49.99999999999999,20.0,120.00000000000001,350.0,AA2024-T3,AA2024-T3,795732.882126003
55.74239127178127,117.82061259677721,formed z,0.6999999999999998,0.9000000000000001,49.99999999999999,20.0,120.00000000000001,350.0,AA2024-T3,AA2024-T3,795732.882126003
55.74239127178127,117.82061259677721,z,0.6999999999999998,0.9000000000000001,49.99999999999999,20.0,120.00000000000001,350.0,AA2024-T3,AA2024-T3,795732.882126003
55.74239127178127,117.82061259677721,formed z,0.6999999999999998,0.8,49.99999999999999,20.0,120.00000000000001,350.0,AA2024-T3,AA2024-T3,795732.882126003
55.74239127178127,117.82061259677721,z,0.6999999999999998,0.8,49.99999999999999,20.0,120.00000000000001,350.0,AA2024-T3,AA2024-T3,795732.882126003
55.74239127178127,117.82061259677721,j,0.6999999999999998,0.8,49.99999999999999,20.0,120.00000000000001,350.0,AA2024-T3,AA2024-T3,795732.8821260037
55.85572123440692,135.1824333308536,z,0.7999999999999999,0.9000000000000001,44.99999999999999,20.0,140.0,399.99999999999994,AA2024-T3,AA2024-T3,962033.7909954134
55.85572123440692,135.1824333308536,formed z,0.7999999999999999,0.9000000000000001,44.99999999999999,20.0,140.0,399.99999999999994,AA2024-T3,AA2024-T3,962033.7909954134
55.85572123440692,135.1824333308536,j,0.7999999999999999,0.9000000000000001,44.99999999999999,20.0,140.0,399.99999999999994,AA2024-T3,AA2024-T3,962033.7909954134
55.85572123440692,135.1824333308536,z,0.7999999999999999,0.8,44.99999999999999,20.0,140.0,399.99999999999994,AA2024-T3,AA2024-T3,962033.7909954134
55.85572123440692,135.1824333308536,formed z,0.7999999999999999,0.8,44.99999999999999,20.0,140.0,399.99999999999994,AA2024-T3,AA2024-T3,962033.7909954134
55.85572123440692,135.1824333308536,j,0.7999999999999999,0.8,44.99999999999999,20.0,140.0,399.99999999999994,AA2024-T3,AA2024-T3,962033.7909954134
55.8960930604443,135.6186749647044,j,0.7999999999999999,0.9000000000000001,40.0,20.0,120.00000000000001,449.99999999999994,AA2024-T3,AA2024-T3,274516.92720589833
55.8960930604443,135.6186749647044,formed z,0.7999999999999999,0.8,40.0,20.0,120.00000000000001,449.99999999999994,AA2024-T3,AA2024-T3,274516.92720589833
55.8960930604443,135.6186749647044,z,0.7999999999999999,0.8,40.0,20.0,120.00000000000001,449.99999999999994,AA2024-T3,AA2024-T3,274516.92720589833
55.8960930604443,135.6186749647044,z,0.7999999999999999,0.9000000000000001,40.0,20.0,120.00000000000001,449.99999999999994,AA2024-T3,AA2024-T3,274516.92720589833
55.8960930604443,135.6186749647044,formed z,0.7999999999999999,0.9000000000000001,40.0,20.0,120.00000000000001,449.99999999999994,AA2024-T3,AA2024-T3,274516.92720589833
55.8960930604443,135.6186749647044,j,0.7999999999999999,0.8,40.0,20.0,120.00000000000001,449.99999999999994,AA2024-T3,AA2024-T3,274516.92720589833
55.93400023311825,100.58979543285712,formed z,0.6,0.9000000000000001,70.0,20.0,140.0,300.0,AA2024-T3,AA2024-T3,12923.339646671428
55.93400023311825,100.58979543285712,j,0.6,0.8,70.0,20.0,140.0,300.0,AA2024-T3,AA2024-T3,12923.339646671428
55.93400023311825,100.58979543285712,formed z,0.6,0.8,70.0,20.0,140.0,300.0,AA2024-T3,AA2024-T3,12923.339646671428
55.93400023311825,100.58979543285712,j,0.6,0.9000000000000001,70.0,20.0,140.0,300.0,AA2024-T3,AA2024-T3,12923.339646671428
55.93400023311825,100.58979543285712,z,0.6,0.8,70.0,20.0,140.0,300.0,AA2024-T3,AA2024-T3,12777.145109067822
55.93400023311825,100.58979543285712,z,0.6,0.9000000000000001,70.0,20.0,140.0,300.0,AA2024-T3,AA2024-T3,12923.339646671426
55.950424975044754,134.1406736458537,z,0.7999999999999999,0.9000000000000001,54.99999999999999,20.0,180.00000000000003,300.0,AA2024-T3,AA2024-T3,13088.374116492367
55.950424975044754,134.1406736458537,j,0.7999999999999999,0.9000000000000001,54.99999999999999,20.0,180.00000000000003,300.0,AA2024-T3,AA2024-T3,13088.374116492367
55.950424975044754,134.1406736458537,formed z,0.7999999999999999,0.8,54.99999999999999,20.0,180.00000000000003,300.0,AA2024-T3,AA2024-T3,13088.374116492367
55.950424975044754,134.1406736458537,j,0.7999999999999999,0.8,54.99999999999999,20.0,180.00000000000003,300.0,AA2024-T3,AA2024-T3,13088.374116492367
55.950424975044754,134.1406736458537,z,0.7999999999999999,0.8,54.99999999999999,20.0,180.00000000000003,300.0,AA2024-T3,AA2024-T3,13088.374116492367
55.950424975044754,134.1406736458537,formed z,0.7999999999999999,0.9000000000000001,54.99999999999999,20.0,180.00000000000003,300.0,AA2024-T3,AA2024-T3,13088.374116492369
55.99579029885605,118.77631913062706,z,0.6999999999999998,0.9000000000000001,59.99999999999999,20.0,140.0,449.99999999999994,AA2024-T3,AA2024-T3,1001773.9068677552
55.99579029885605,118.77631913062706,formed z,0.6999999999999998,0.8,59.99999999999999,20.0,140.0,449.99999999999994,AA2024-T3,AA2024-T3,1001773.9068677552
55.99579029885605,118.77631913062706,j,0.6999999999999998,0.8,59.99999999999999,20.0,140.0,449.99999999999994,AA2024-T3,AA2024-T3,1001773.9068677552
55.99579029885605,118.77631913062706,formed z,0.6999999999999998,0.9000000000000001,59.99999999999999,20.0,140.0,449.99999999999994,AA2024-T3,AA2024-T3,1001773.9068677552
55.99579029885605,118.77631913062706,j,0.6999999999999998,0.9000000000000001,59.99999999999999,20.0,140.0,449.99999999999994,AA2024-T3,AA2024-T3,1001773.9068677552
55.99579029885605,118.77631913062706,z,0.6999999999999998,0.8,59.99999999999999,20.0,140.0,449.99999999999994,AA2024-T3,AA2024-T3,1001773.9068677552
56.02837660940692,135.40072983635062,z,0.7999999999999999,0.8,65.0,20.0,200.0,399.99999999999994,AA2024-T3,AA2024-T3,11759.854172167572
56.02837660940692,135.40072983635062,formed z,0.7999999999999999,0.8,65.0,20.0,200.0,399.99999999999994,AA2024-T3,AA2024-T3,11759.854172167572
56.02837660940692,135.40072983635062,formed z,0.7999999999999999,0.9000000000000001,65.0,20.0,200.0,399.99999999999994,AA2024-T3,AA2024-T3,11759.854172167572
56.02837660940692,135.40072983635062,j,0.7999999999999999,0.8,65.0,20.0,200.0,399.99999999999994,AA2024-T3,AA2024-T3,11759.854172167574
56.02837660940692,135.40072983635062,j,0.7999999999999999,0.9000000000000001,65.0,20.0,200.0,399.99999999999994,AA2024-T3,AA2024-T3,11759.854172167572
56.02837660940692,135.40072983635062,z,0.7999999999999999,0.9000000000000001,65.0,20.0,200.0,399.99999999999994,AA2024-T3,AA2024-T3,11759.854172167572
56.068748435444306,135.8362704072365,z,0.7999999999999999,0.9000000000000001,59.99999999999999,20.0,180.00000000000003,449.99999999999994,AA2024-T3,AA2024-T3,13453.754484288678
56.068748435444306,135.8362704072365,formed z,0.7999999999999999,0.9000000000000001,59.99999999999999,20.0,180.00000000000003,449.99999999999994,AA2024-T3,AA2024-T3,13453.754484288675
56.068748435444306,135.8362704072365,formed z,0.7999999999999999,0.8,59.99999999999999,20.0,180.00000000000003,449.99999999999994,AA2024-T3,AA2024-T3,13453.754484288678
56.068748435444306,135.8362704072365,z,0.7999999999999999,0.8,59.99999999999999,20.0,180.00000000000003,449.99999999999994,AA2024-T3,AA2024-T3,13453.754484288675
56.068748435444306,135.8362704072365,j,0.7999999999999999,0.8,59.99999999999999,20.0,180.00000000000003,449.99999999999994,AA2024-T3,AA2024-T3,13453.754484288675
56.068748435444306,135.8362704072365,j,0.7999999999999999,0.9000000000000001,59.99999999999999,20.0,180.00000000000003,449.99999999999994,AA2024-T3,AA2024-T3,13453.754484288675
56.1364499009565,117.5804722064624,formed z,0.6999999999999998,0.9000000000000001,65.0,20.0,160.00000000000003,300.0,AA2024-T3,AA2024-T3,13049.682557252672
56.1364499009565,117.5804722064624,z,0.6999999999999998,0.8,65.0,20.0,160.00000000000003,300.0,AA2024-T3,AA2024-T3,13049.682557252672
56.1364499009565,117.5804722064624,z,0.6999999999999998,0.9000000000000001,65.0,20.0,160.00000000000003,300.0,AA2024-T3,AA2024-T3,13049.682557252672
56.1364499009565,117.5804722064624,j,0.6999999999999998,0.8,65.0,20.0,160.00000000000003,300.0,AA2024-T3,AA2024-T3,13049.682557252674
56.1364499009565,117.5804722064624,j,0.6999999999999998,0.9000000000000001,65.0,20.0,160.00000000000003,300.0,AA2024-T3,AA2024-T3,13049.682557252672
56.1364499009565,117.5804722064624,formed z,0.6999999999999998,0.8,65.0,20.0,160.00000000000003,300.0,AA2024-T3,AA2024-T3,13049.682557252672
56.16066015836953,135.1824333308536,j,0.7999999999999999,0.8,44.99999999999999,20.0,140.0,350.0,AA2024-T3,AA2024-T3,962033.7909954134
56.16066015836953,135.1824333308536,z,0.7999999999999999,0.8,44.99999999999999,20.0,140.0,350.0,AA2024-T3,AA2024-T3,962033.7909954134
56.16066015836953,135.1824333308536,z,0.7999999999999999,0.9000000000000001,44.99999999999999,20.0,140.0,350.0,AA2024-T3,AA2024-T3,962033.7909954134
56.16066015836953,135.1824333308536,formed z,0.7999999999999999,0.8,44.99999999999999,20.0,140.0,350.0,AA2024-T3,AA2024-T3,962033.7909954134
56.16066015836953,135.1824333308536,formed z,0.7999999999999999,0.9000000000000001,44.99999999999999,20.0,140.0,350.0,AA2024-T3,AA2024-T3,962033.7909954134
56.16066015836953,135.1824333308536,j,0.7999999999999999,0.9000000000000001,44.99999999999999,20.0,140.0,350.0,AA2024-T3,AA2024-T3,962033.7909954134
56.20103198440692,135.6186749647044,formed z,0.7999999999999999,0.8,40.0,20.0,120.00000000000001,399.99999999999994,AA2024-T3,AA2024-T3,274516.92720589833
56.20103198440692,135.6186749647044,j,0.7999999999999999,0.9000000000000001,40.0,20.0,120.00000000000001,399.99999999999994,AA2024-T3,AA2024-T3,274516.92720589833
56.20103198440692,135.6186749647044,z,0.7999999999999999,0.8,40.0,20.0,120.00000000000001,399.99999999999994,AA2024-T3,AA2024-T3,274516.92720589833
56.20103198440692,135.6186749647044,j,0.7999999999999999,0.8,40.0,20.0,120.00000000000001,399.99999999999994,AA2024-T3,AA2024-T3,274516.92720589833
56.20103198440692,135.6186749647044,formed z,0.7999999999999999,0.9000000000000001,40.0,20.0,120.00000000000001,399.99999999999994,AA2024-T3,AA2024-T3,274516.92720589833
56.20103198440692,135.6186749647044,z,0.7999999999999999,0.9000000000000001,40.0,20.0,120.00000000000001,399.99999999999994,AA2024-T3,AA2024-T3,274516.92720589833
56.30072922281867,118.77631913062706,z,0.6999999999999998,0.8,59.99999999999999,20.0,140.0,399.99999999999994,AA2024-T3,AA2024-T3,1001773.9068677552
56.30072922281867,118.77631913062706,j,0.6999999999999998,0.8,59.99999999999999,20.0,140.0,399.99999999999994,AA2024-T3,AA2024-T3,1001773.9068677552
56.30072922281867,118.77631913062706,z,0.6999999999999998,0.9000000000000001,59.99999999999999,20.0,140.0,399.99999999999994,AA2024-T3,AA2024-T3,1001773.9068677552
56.30072922281867,118.77631913062706,formed z,0.6999999999999998,0.8,59.99999999999999,20.0,140.0,399.99999999999994,AA2024-T3,AA2024-T3,1001773.9068677552
56.30072922281867,118.77631913062706,j,0.6999999999999998,0.9000000000000001,59.99999999999999,20.0,140.0,399.99999999999994,AA2024-T3,AA2024-T3,1001773.9068677552
56.30072922281867,118.77631913062706,formed z,0.6999999999999998,0.9000000000000001,59.99999999999999,20.0,140.0,399.99999999999994,AA2024-T3,AA2024-T3,1001773.9068677552
56.33331553336953,135.40072983635062,j,0.7999999999999999,0.9000000000000001,65.0,20.0,200.0,350.0,AA2024-T3,AA2024-T3,11759.854172167572
56.33331553336953,135.40072983635062,j,0.7999999999999999,0.8,65.0,20.0,200.0,350.0,AA2024-T3,AA2024-T3,11759.854172167574
56.33331553336953,135.40072983635062,formed z,0.7999999999999999,0.8,65.0,20.0,200.0,350.0,AA2024-T3,AA2024-T3,11759.854172167572
56.33331553336953,135.40072983635062,z,0.7999999999999999,0.9000000000000001,65.0,20.0,200.0,350.0,AA2024-T3,AA2024-T3,11759.854172167572
56.33331553336953,135.40072983635062,formed z,0.7999999999999999,0.9000000000000001,65.0,20.0,200.0,350.0,AA2024-T3,AA2024-T3,11759.854172167572
56.33331553336953,135.40072983635062,z,0.7999999999999999,0.8,65.0,20.0,200.0,350.0,AA2024-T3,AA2024-T3,11759.854172167572
56.33889956879476,134.63514356896692,j,0.7999999999999999,0.9000000000000001,49.99999999999999,20.0,160.00000000000003,300.0,AA2024-T3,AA2024-T3,1140226.3668668582
56.33889956879476,134.63514356896692,formed z,0.7999999999999999,0.9000000000000001,49.99999999999999,20.0,160.00000000000003,300.0,AA2024-T3,AA2024-T3,1140226.3668668582
56.33889956879476,134.63514356896692,z,0.7999999999999999,0.9000000000000001,49.99999999999999,20.0,160.00000000000003,300.0,AA2024-T3,AA2024-T3,1140226.3668668582
56.33889956879476,134.63514356896692,z,0.7999999999999999,0.8,49.99999999999999,20.0,160.00000000000003,300.0,AA2024-T3,AA2024-T3,1140226.3668668582
56.33889956879476,134.63514356896692,formed z,0.7999999999999999,0.8,49.99999999999999,20.0,160.00000000000003,300.0,AA2024-T3,AA2024-T3,1140226.3668668582
56.33889956879476,134.63514356896692,j,0.7999999999999999,0.8,49.99999999999999,20.0,160.00000000000003,300.0,AA2024-T3,AA2024-T3,1140226.3668668584
56.352269119706506,117.82061259677721,z,0.6999999999999998,0.8,49.99999999999999,20.0,120.00000000000001,300.0,AA2024-T3,AA2024-T3,795732.882126003
56.352269119706506,117.82061259677721,j,0.6999999999999998,0.8,49.99999999999999,20.0,120.00000000000001,300.0,AA2024-T3,AA2024-T3,795732.8821260037
56.352269119706506,117.82061259677721,z,0.6999999999999998,0.9000000000000001,49.99999999999999,20.0,120.00000000000001,300.0,AA2024-T3,AA2024-T3,795732.882126003
56.352269119706506,117.82061259677721,formed z,0.6999999999999998,0.9000000000000001,49.99999999999999,20.0,120.00000000000001,300.0,AA2024-T3,AA2024-T3,795732.882126003
56.352269119706506,117.82061259677721,j,0.6999999999999998,0.9000000000000001,49.99999999999999,20.0,120.00000000000001,300.0,AA2024-T3,AA2024-T3,795732.882126003
56.352269119706506,117.82061259677721,formed z,0.6999999999999998,0.8,49.99999999999999,20.0,120.00000000000001,300.0,AA2024-T3,AA2024-T3,795732.882126003
56.354470599767794,102.14669913755017,j,0.6,0.8,65.0,20.0,120.00000000000001,449.99999999999994,AA2024-T3,AA2024-T3,856714.9665202287
56.354470599767794,102.14669913755017,z,0.6,0.8,65.0,20.0,120.00000000000001,449.99999999999994,AA2024-T3,AA2024-T3,856714.9665202287
56.354470599767794,102.14669913755017,z,0.6,0.9000000000000001,65.0,20.0,120.00000000000001,449.99999999999994,AA2024-T3,AA2024-T3,856714.9665202287
56.354470599767794,102.14669913755017,formed z,0.6,0.8,65.0,20.0,120.00000000000001,449.99999999999994,AA2024-T3,AA2024-T3,856714.9665202287
56.354470599767794,102.14669913755017,formed z,0.6,0.9000000000000001,65.0,20.0,120.00000000000001,449.99999999999994,AA2024-T3,AA2024-T3,856714.9665202287
56.354470599767794,102.14669913755017,j,0.6,0.9000000000000001,65.0,20.0,120.00000000000001,449.99999999999994,AA2024-T3,AA2024-T3,856714.9665202287
56.373687359406915,135.8362704072365,formed z,0.7999999999999999,0.9000000000000001,59.99999999999999,20.0,180.00000000000003,399.99999999999994,AA2024-T3,AA2024-T3,13453.754484288675
56.373687359406915,135.8362704072365,j,0.7999999999999999,0.8,59.99999999999999,20.0,180.00000000000003,399.99999999999994,AA2024-T3,AA2024-T3,13453.754484288675
56.373687359406915,135.8362704072365,formed z,0.7999999999999999,0.8,59.99999999999999,20.0,180.00000000000003,399.99999999999994,AA2024-T3,AA2024-T3,13453.754484288678
56.373687359406915,135.8362704072365,z,0.7999999999999999,0.8,59.99999999999999,20.0,180.00000000000003,399.99999999999994,AA2024-T3,AA2024-T3,13453.754484288675
56.373687359406915,135.8362704072365,j,0.7999999999999999,0.9000000000000001,59.99999999999999,20.0,180.00000000000003,399.99999999999994,AA2024-T3,AA2024-T3,13453.754484288675
56.373687359406915,135.8362704072365,z,0.7999999999999999,0.9000000000000001,59.99999999999999,20.0,180.00000000000003,399.99999999999994,AA2024-T3,AA2024-T3,13453.754484288678
56.42742873635605,119.25130021509585,j,0.6999999999999998,0.8,70.0,20.0,160.00000000000003,449.99999999999994,AA2024-T3,AA2024-T3,13462.15691192516
56.42742873635605,119.25130021509585,z,0.6999999999999998,0.8,70.0,20.0,160.00000000000003,449.99999999999994,AA2024-T3,AA2024-T3,13280.050374167346
56.42742873635605,119.25130021509585,j,0.6999999999999998,0.9000000000000001,70.0,20.0,160.00000000000003,449.99999999999994,AA2024-T3,AA2024-T3,13462.15691192516
56.42742873635605,119.25130021509585,z,0.6999999999999998,0.9000000000000001,70.0,20.0,160.00000000000003,449.99999999999994,AA2024-T3,AA2024-T3,13462.156911925158
56.42742873635605,119.25130021509585,formed z,0.6999999999999998,0.8,70.0,20.0,160.00000000000003,449.99999999999994,AA2024-T3,AA2024-T3,13462.15691192516
56.42742873635605,119.25130021509585,formed z,0.6999999999999998,0.9000000000000001,70.0,20.0,160.00000000000003,449.99999999999994,AA2024-T3,AA2024-T3,13462.15691192516
56.50597090836953,135.6186749647044,formed z,0.7999999999999999,0.8,40.0,20.0,120.00000000000001,350.0,AA2024-T3,AA2024-T3,274516.92720589833
56.50597090836953,135.6186749647044,formed z,0.7999999999999999,0.9000000000000001,40.0,20.0,120.00000000000001,350.0,AA2024-T3,AA2024-T3,274516.92720589833
56.50597090836953,135.6186749647044,z,0.7999999999999999,0.9000000000000001,40.0,20.0,120.00000000000001,350.0,AA2024-T3,AA2024-T3,274516.92720589833
56.50597090836953,135.6186749647044,j,0.7999999999999999,0.9000000000000001,40.0,20.0,120.00000000000001,350.0,AA2024-T3,AA2024-T3,274516.92720589833
56.50597090836953,135.6186749647044,z,0.7999999999999999,0.8,40.0,20.0,120.00000000000001,350.0,AA2024-T3,AA2024-T3,274516.92720589833
56.50597090836953,135.6186749647044,j,0.7999999999999999,0.8,40.0,20.0,120.00000000000001,350.0,AA2024-T3,AA2024-T3,274516.92720589833
56.60566814678128,118.77631913062706,formed z,0.6999999999999998,0.9000000000000001,59.99999999999999,20.0,140.0,350.0,AA2024-T3,AA2024-T3,1001773.9068677552
56.60566814678128,118.77631913062706,j,0.6999999999999998,0.8,59.99999999999999,20.0,140.0,350.0,AA2024-T3,AA2024-T3,1001773.9068677552
56.60566814678128,118.77631913062706,formed z,0.6999999999999998,0.8,59.99999999999999,20.0,140.0,350.0,AA2024-T3,AA2024-T3,1001773.9068677552
56.60566814678128,118.77631913062706,j,0.6999999999999998,0.9000000000000001,59.99999999999999,20.0,140.0,350.0,AA2024-T3,AA2024-T3,1001773.9068677552
56.60566814678128,118.77631913062706,z,0.6999999999999998,0.8,59.99999999999999,20.0,140.0,350.0,AA2024-T3,AA2024-T3,1001773.9068677552
56.60566814678128,118.77631913062706,z,0.6999999999999998,0.9000000000000001,59.99999999999999,20.0,140.0,350.0,AA2024-T3,AA2024-T3,1001773.9068677552
56.6298784041943,136.54106076483558,formed z,0.7999999999999999,0.9000000000000001,54.99999999999999,20.0,160.00000000000003,449.99999999999994,AA2024-T3,AA2024-T3,1141102.3476590945
56.6298784041943,136.54106076483558,z,0.7999999999999999,0.8,35.0,20.0,100.0,449.99999999999994,AA2024-T3,AA2024-T3,40669.756543752126
56.6298784041943,136.54106076483558,formed z,0.7999999999999999,0.8,35.0,20.0,100.0,449.99999999999994,AA2024-T3,AA2024-T3,40669.756543752126
56.6298784041943,136.54106076483558,formed z,0.7999999999999999,0.9000000000000001,35.0,20.0,100.0,449.99999999999994,AA2024-T3,AA2024-T3,40669.756543752126
56.6298784041943,136.54106076483558,j,0.7999999999999999,0.8,54.99999999999999,20.0,160.00000000000003,449.99999999999994,AA2024-T3,AA2024-T3,1141102.3476590945
56.6298784041943,136.54106076483558,j,0.7999999999999999,0.9000000000000001,54.99999999999999,20.0,160.00000000000003,449.99999999999994,AA2024-T3,AA2024-T3,1141102.3476590945
56.6298784041943,136.54106076483558,z,0.7999999999999999,0.8,54.99999999999999,20.0,160.00000000000003,449.99999999999994,AA2024-T3,AA2024-T3,1141102.3476590945
56.6298784041943,136.54106076483558,z,0.7999999999999999,0.9000000000000001,35.0,20.0,100.0,449.99999999999994,AA2024-T3,AA2024-T3,40669.756543752126
56.6298784041943,136.54106076483558,z,0.7999999999999999,0.9000000000000001,54.99999999999999,20.0,160.00000000000003,449.99999999999994,AA2024-T3,AA2024-T3,1141102.3476590945
56.6298784041943,136.54106076483558,formed z,0.7999999999999999,0.8,54.99999999999999,20.0,160.00000000000003,449.99999999999994,AA2024-T3,AA2024-T3,1141102.3476590945
56.6298784041943,136.54106076483558,j,0.7999999999999999,0.8,35.0,20.0,100.0,449.99999999999994,AA2024-T3,AA2024-T3,40669.756543752126
56.6298784041943,136.54106076483558,j,0.7999999999999999,0.9000000000000001,35.0,20.0,100.0,449.99999999999994,AA2024-T3,AA2024-T3,40669.756543752126
56.64324795510605,119.48808271696424,formed z,0.6999999999999998,0.8,44.99999999999999,20.0,100.0,449.99999999999994,AA2024-T3,AA2024-T3,23371.95762113778
56.64324795510605,119.48808271696424,z,0.6999999999999998,0.8,44.99999999999999,20.0,100.0,449.99999999999994,AA2024-T3,AA2024-T3,23371.95762113778
56.64324795510605,119.48808271696424,formed z,0.6999999999999998,0.9000000000000001,44.99999999999999,20.0,100.0,449.99999999999994,AA2024-T3,AA2024-T3,23371.95762113777
56.64324795510605,119.48808271696424,j,0.6999999999999998,0.9000000000000001,44.99999999999999,20.0,100.0,449.99999999999994,AA2024-T3,AA2024-T3,23371.95762113777
56.64324795510605,119.48808271696424,z,0.6999999999999998,0.9000000000000001,44.99999999999999,20.0,100.0,449.99999999999994,AA2024-T3,AA2024-T3,23371.95762113778
56.64324795510605,119.48808271696424,j,0.6999999999999998,0.8,44.99999999999999,20.0,100.0,449.99999999999994,AA2024-T3,AA2024-T3,23371.95762113777
56.656617506017795,102.43091611510214,j,0.6,0.8,54.99999999999999,20.0,100.0,449.99999999999994,AA2024-T3,AA2024-T3,620186.8767423609
56.656617506017795,102.43091611510214,z,0.6,0.8,54.99999999999999,20.0,100.0,449.99999999999994,AA2024-T3,AA2024-T3,620186.8767423609
56.656617506017795,102.43091611510214,formed z,0.6,0.8,54.99999999999999,20.0,100.0,449.99999999999994,AA2024-T3,AA2024-T3,620186.8767423609
56.656617506017795,102.43091611510214,formed z,0.6,0.9000000000000001,54.99999999999999,20.0,100.0,449.99999999999994,AA2024-T3,AA2024-T3,620186.8767423613
56.656617506017795,102.43091611510214,z,0.6,0.9000000000000001,54.99999999999999,20.0,100.0,449.99999999999994,AA2024-T3,AA2024-T3,620186.8767423609
56.656617506017795,102.43091611510214,j,0.6,0.9000000000000001,54.99999999999999,20.0,100.0,449.99999999999994,AA2024-T3,AA2024-T3,620186.8767423609
56.6594095237304,102.14669913755017,formed z,0.6,0.8,65.0,20.0,120.00000000000001,399.99999999999994,AA2024-T3,AA2024-T3,856714.9665202287
56.6594095237304,102.14669913755017,z,0.6,0.8,65.0,20.0,120.00000000000001,399.99999999999994,AA2024-T3,AA2024-T3,856714.9665202287
56.6594095237304,102.14669913755017,z,0.6,0.9000000000000001,65.0,20.0,120.00000000000001,399.99999999999994,AA2024-T3,AA2024-T3,856714.9665202287
56.6594095237304,102.14669913755017,formed z,0.6,0.9000000000000001,65.0,20.0,120.00000000000001,399.99999999999994,AA2024-T3,AA2024-T3,856714.9665202287
56.6594095237304,102.14669913755017,j,0.6,0.8,65.0,20.0,120.00000000000001,399.99999999999994,AA2024-T3,AA2024-T3,856714.9665202287
56.6594095237304,102.14669913755017,j,0.6,0.9000000000000001,65.0,20.0,120.00000000000001,399.99999999999994,AA2024-T3,AA2024-T3,856714.9665202287
56.66998705692954,85.36956172989768,z,0.5,0.9000000000000001,65.0,20.0,100.0,449.99999999999994,AA2024-T3,AA2024-T3,715437.7740316524
56.66998705692954,85.36956172989768,formed z,0.5,0.9000000000000001,65.0,20.0,100.0,449.99999999999994,AA2024-T3,AA2024-T3,715437.7740316524
56.66998705692954,85.36956172989768,j,0.5,0.9000000000000001,65.0,20.0,100.0,449.99999999999994,AA2024-T3,AA2024-T3,715437.7740316524
56.66998705692954,85.36956172989768,z,0.5,0.8,65.0,20.0,100.0,449.99999999999994,AA2024-T3,AA2024-T3,715437.7740316524
56.66998705692954,85.36956172989768,j,0.5,0.8,65.0,20.0,100.0,449.99999999999994,AA2024-T3,AA2024-T3,715437.7740316525
56.66998705692954,85.36956172989768,formed z,0.5,0.8,65.0,20.0,100.0,449.99999999999994,AA2024-T3,AA2024-T3,715437.7740316524
56.678626283369525,135.8362704072365,z,0.7999999999999999,0.8,59.99999999999999,20.0,180.00000000000003,350.0,AA2024-T3,AA2024-T3,13453.754484288675
56.678626283369525,135.8362704072365,formed z,0.7999999999999999,0.8,59.99999999999999,20.0,180.00000000000003,350.0,AA2024-T3,AA2024-T3,13453.754484288678
56.678626283369525,135.8362704072365,j,0.7999999999999999,0.8,59.99999999999999,20.0,180.00000000000003,350.0,AA2024-T3,AA2024-T3,13453.754484288675
56.678626283369525,135.8362704072365,z,0.7999999999999999,0.9000000000000001,59.99999999999999,20.0,180.00000000000003,350.0,AA2024-T3,AA2024-T3,13453.754484288678
56.678626283369525,135.8362704072365,formed z,0.7999999999999999,0.9000000000000001,59.99999999999999,20.0,180.00000000000003,350.0,AA2024-T3,AA2024-T3,13453.754484288675
56.678626283369525,135.8362704072365,j,0.7999999999999999,0.9000000000000001,59.99999999999999,20.0,180.00000000000003,350.0,AA2024-T3,AA2024-T3,13453.754484288675
56.732367660318666,119.25130021509585,formed z,0.6999999999999998,0.8,70.0,20.0,160.00000000000003,399.99999999999994,AA2024-T3,AA2024-T3,13462.15691192516
56.732367660318666,119.25130021509585,z,0.6999999999999998,0.9000000000000001,70.0,20.0,160.00000000000003,399.99999999999994,AA2024-T3,AA2024-T3,13462.156911925158
56.732367660318666,119.25130021509585,j,0.6999999999999998,0.9000000000000001,70.0,20.0,160.00000000000003,399.99999999999994,AA2024-T3,AA2024-T3,13462.15691192516
56.732367660318666,119.25130021509585,j,0.6999999999999998,0.8,70.0,20.0,160.00000000000003,399.99999999999994,AA2024-T3,AA2024-T3,13462.15691192516
56.732367660318666,119.25130021509585,z,0.6999999999999998,0.8,70.0,20.0,160.00000000000003,399.99999999999994,AA2024-T3,AA2024-T3,13297.92852876721
56.732367660318666,119.25130021509585,formed z,0.6999999999999998,0.9000000000000001,70.0,20.0,160.00000000000003,399.99999999999994,AA2024-T3,AA2024-T3,13462.15691192516
56.77053800629476,135.1824333308536,formed z,0.7999999999999999,0.8,44.99999999999999,20.0,140.0,300.0,AA2024-T3,AA2024-T3,962033.7909954134
56.77053800629476,135.1824333308536,z,0.7999999999999999,0.8,44.99999999999999,20.0,140.0,300.0,AA2024-T3,AA2024-T3,962033.7909954134
56.77053800629476,135.1824333308536,j,0.7999999999999999,0.8,44.99999999999999,20.0,140.0,300.0,AA2024-T3,AA2024-T3,962033.7909954134
56.77053800629476,135.1824333308536,j,0.7999999999999999,0.9000000000000001,44.99999999999999,20.0,140.0,300.0,AA2024-T3,AA2024-T3,962033.7909954134
56.77053800629476,135.1824333308536,formed z,0.7999999999999999,0.9000000000000001,44.99999999999999,20.0,140.0,300.0,AA2024-T3,AA2024-T3,962033.7909954134
56.77053800629476,135.1824333308536,z,0.7999999999999999,0.9000000000000001,44.99999999999999,20.0,140.0,300.0,AA2024-T3,AA2024-T3,962033.7909954134
56.9320253104443,136.91906059046914,j,0.7999999999999999,0.8,70.0,20.0,200.0,449.99999999999994,AA2024-T3,AA2024-T3,12089.302879472918
56.9320253104443,136.91906059046914,formed z,0.7999999999999999,0.8,70.0,20.0,200.0,449.99999999999994,AA2024-T3,AA2024-T3,12089.302879472918
56.9320253104443,136.91906059046914,j,0.7999999999999999,0.9000000000000001,70.0,20.0,200.0,449.99999999999994,AA2024-T3,AA2024-T3,12089.302879472918
56.9320253104443,136.91906059046914,z,0.7999999999999999,0.8,70.0,20.0,200.0,449.99999999999994,AA2024-T3,AA2024-T3,11926.555709604678
56.9320253104443,136.91906059046914,formed z,0.7999999999999999,0.9000000000000001,70.0,20.0,200.0,449.99999999999994,AA2024-T3,AA2024-T3,12089.302879472918
56.9320253104443,136.91906059046914,z,0.7999999999999999,0.9000000000000001,70.0,20.0,200.0,449.99999999999994,AA2024-T3,AA2024-T3,12089.302879472914
56.93481732815692,136.54106076483558,z,0.7999999999999999,0.9000000000000001,35.0,20.0,100.0,399.99999999999994,AA2024-T3,AA2024-T3,40669.756543752126
56.93481732815692,136.54106076483558,z,0.7999999999999999,0.9000000000000001,54.99999999999999,20.0,160.00000000000003,399.99999999999994,AA2024-T3,AA2024-T3,1141102.3476590945
56.93481732815692,136.54106076483558,formed z,0.7999999999999999,0.8,35.0,20.0,100.0,399.99999999999994,AA2024-T3,AA2024-T3,40669.756543752126
56.93481732815692,136.54106076483558,j,0.7999999999999999,0.8,35.0,20.0,100.0,399.99999999999994,AA2024-T3,AA2024-T3,40669.756543752126
56.93481732815692,136.54106076483558,j,0.7999999999999999,0.9000000000000001,35.0,20.0,100.0,399.99999999999994,AA2024-T3,AA2024-T3,40669.756543752126
56.93481732815692,136.54106076483558,z,0.7999999999999999,0.8,35.0,20.0,100.0,399.99999999999994,AA2024-T3,AA2024-T3,40669.756543752126
56.93481732815692,136.54106076483558,formed z,0.7999999999999999,0.8,54.99999999999999,20.0,160.00000000000003,399.99999999999994,AA2024-T3,AA2024-T3,1141102.3476590945
56.93481732815692,136.54106076483558,formed z,0.7999999999999999,0.9000000000000001,35.0,20.0,100.0,399.99999999999994,AA2024-T3,AA2024-T3,40669.756543752126
56.93481732815692,136.54106076483558,j,0.7999999999999999,0.8,54.99999999999999,20.0,160.00000000000003,399.99999999999994,AA2024-T3,AA2024-T3,1141102.3476590945
56.93481732815692,136.54106076483558,formed z,0.7999999999999999,0.9000000000000001,54.99999999999999,20.0,160.00000000000003,399.99999999999994,AA2024-T3,AA2024-T3,1141102.3476590945
56.93481732815692,136.54106076483558,j,0.7999999999999999,0.9000000000000001,54.99999999999999,20.0,160.00000000000003,399.99999999999994,AA2024-T3,AA2024-T3,1141102.3476590945
56.93481732815692,136.54106076483558,z,0.7999999999999999,0.8,54.99999999999999,20.0,160.00000000000003,399.99999999999994,AA2024-T3,AA2024-T3,1141102.3476590945
56.943193381294755,135.40072983635062,formed z,0.7999999999999999,0.8,65.0,20.0,200.0,300.0,AA2024-T3,AA2024-T3,11759.854172167572
56.943193381294755,135.40072983635062,formed z,0.7999999999999999,0.9000000000000001,65.0,20.0,200.0,300.0,AA2024-T3,AA2024-T3,11759.854172167572
56.943193381294755,135.40072983635062,z,0.7999999999999999,0.8,65.0,20.0,200.0,300.0,AA2024-T3,AA2024-T3,11759.854172167572
56.943193381294755,135.40072983635062,z,0.7999999999999999,0.9000000000000001,65.0,20.0,200.0,300.0,AA2024-T3,AA2024-T3,11759.854172167572
56.943193381294755,135.40072983635062,j,0.7999999999999999,0.9000000000000001,65.0,20.0,200.0,300.0,AA2024-T3,AA2024-T3,11759.854172167572
56.943193381294755,135.40072983635062,j,0.7999999999999999,0.8,65.0,20.0,200.0,300.0,AA2024-T3,AA2024-T3,11759.854172167574
56.948186879068665,119.48808271696424,z,0.6999999999999998,0.9000000000000001,44.99999999999999,20.0,100.0,399.99999999999994,AA2024-T3,AA2024-T3,23371.95762113778
56.948186879068665,119.48808271696424,j,0.6999999999999998,0.8,44.99999999999999,20.0,100.0,399.99999999999994,AA2024-T3,AA2024-T3,23371.95762113777
56.948186879068665,119.48808271696424,z,0.6999999999999998,0.8,44.99999999999999,20.0,100.0,399.99999999999994,AA2024-T3,AA2024-T3,23371.95762113778
56.948186879068665,119.48808271696424,j,0.6999999999999998,0.9000000000000001,44.99999999999999,20.0,100.0,399.99999999999994,AA2024-T3,AA2024-T3,23371.95762113777
56.948186879068665,119.48808271696424,formed z,0.6999999999999998,0.9000000000000001,44.99999999999999,20.0,100.0,399.99999999999994,AA2024-T3,AA2024-T3,23371.95762113777
56.948186879068665,119.48808271696424,formed z,0.6999999999999998,0.8,44.99999999999999,20.0,100.0,399.99999999999994,AA2024-T3,AA2024-T3,23371.95762113778
56.96155642998041,102.43091611510214,z,0.6,0.8,54.99999999999999,20.0,100.0,399.99999999999994,AA2024-T3,AA2024-T3,620186.8767423609
56.96155642998041,102.43091611510214,z,0.6,0.9000000000000001,54.99999999999999,20.0,100.0,399.99999999999994,AA2024-T3,AA2024-T3,620186.8767423609
56.96155642998041,102.43091611510214,j,0.6,0.9000000000000001,54.99999999999999,20.0,100.0,399.99999999999994,AA2024-T3,AA2024-T3,620186.8767423609
56.96155642998041,102.43091611510214,j,0.6,0.8,54.99999999999999,20.0,100.0,399.99999999999994,AA2024-T3,AA2024-T3,620186.8767423609
56.96155642998041,102.43091611510214,formed z,0.6,0.9000000000000001,54.99999999999999,20.0,100.0,399.99999999999994,AA2024-T3,AA2024-T3,620186.8767423613
56.96155642998041,102.43091611510214,formed z,0.6,0.8,54.99999999999999,20.0,100.0,399.99999999999994,AA2024-T3,AA2024-T3,620186.8767423609
56.96434844769302,102.14669913755017,z,0.6,0.9000000000000001,65.0,20.0,120.00000000000001,350.0,AA2024-T3,AA2024-T3,856714.9665202287
56.96434844769302,102.14669913755017,j,0.6,0.9000000000000001,65.0,20.0,120.00000000000001,350.0,AA2024-T3,AA2024-T3,856714.9665202287
56.96434844769302,102.14669913755017,j,0.6,0.8,65.0,20.0,120.00000000000001,350.0,AA2024-T3,AA2024-T3,856714.9665202287
56.96434844769302,102.14669913755017,formed z,0.6,0.9000000000000001,65.0,20.0,120.00000000000001,350.0,AA2024-T3,AA2024-T3,856714.9665202287
56.96434844769302,102.14669913755017,formed z,0.6,0.8,65.0,20.0,120.00000000000001,350.0,AA2024-T3,AA2024-T3,856714.9665202287
56.96434844769302,102.14669913755017,z,0.6,0.8,65.0,20.0,120.00000000000001,350.0,AA2024-T3,AA2024-T3,856714.9665202287
56.97492598089215,85.36956172989768,z,0.5,0.8,65.0,20.0,100.0,399.99999999999994,AA2024-T3,AA2024-T3,715437.7740316524
56.97492598089215,85.36956172989768,j,0.5,0.9000000000000001,65.0,20.0,100.0,399.99999999999994,AA2024-T3,AA2024-T3,715437.7740316524
56.97492598089215,85.36956172989768,formed z,0.5,0.8,65.0,20.0,100.0,399.99999999999994,AA2024-T3,AA2024-T3,715437.7740316524
56.97492598089215,85.36956172989768,formed z,0.5,0.9000000000000001,65.0,20.0,100.0,399.99999999999994,AA2024-T3,AA2024-T3,715437.7740316524
56.97492598089215,85.36956172989768,z,0.5,0.9000000000000001,65.0,20.0,100.0,399.99999999999994,AA2024-T3,AA2024-T3,715437.7740316524
56.97492598089215,85.36956172989768,j,0.5,0.8,65.0,20.0,100.0,399.99999999999994,AA2024-T3,AA2024-T3,715437.7740316525
57.037306584281275,119.25130021509585,formed z,0.6999999999999998,0.8,70.0,20.0,160.00000000000003,350.0,AA2024-T3,AA2024-T3,13462.15691192516
57.037306584281275,119.25130021509585,formed z,0.6999999999999998,0.9000000000000001,70.0,20.0,160.00000000000003,350.0,AA2024-T3,AA2024-T3,13462.15691192516
57.037306584281275,119.25130021509585,z,0.6999999999999998,0.9000000000000001,70.0,20.0,160.00000000000003,350.0,AA2024-T3,AA2024-T3,13462.156911925158
57.037306584281275,119.25130021509585,j,0.6999999999999998,0.9000000000000001,70.0,20.0,160.00000000000003,350.0,AA2024-T3,AA2024-T3,13462.15691192516
57.037306584281275,119.25130021509585,z,0.6999999999999998,0.8,70.0,20.0,160.00000000000003,350.0,AA2024-T3,AA2024-T3,13315.694645765108
57.037306584281275,119.25130021509585,j,0.6999999999999998,0.8,70.0,20.0,160.00000000000003,350.0,AA2024-T3,AA2024-T3,13462.15691192516
57.11584875629475,135.6186749647044,z,0.7999999999999999,0.8,40.0,20.0,120.00000000000001,300.0,AA2024-T3,AA2024-T3,274516.92720589833
57.11584875629475,135.6186749647044,z,0.7999999999999999,0.9000000000000001,40.0,20.0,120.00000000000001,300.0,AA2024-T3,AA2024-T3,274516.92720589833
57.11584875629475,135.6186749647044,formed z,0.7999999999999999,0.9000000000000001,40.0,20.0,120.00000000000001,300.0,AA2024-T3,AA2024-T3,274516.92720589833
57.11584875629475,135.6186749647044,j,0.7999999999999999,0.8,40.0,20.0,120.00000000000001,300.0,AA2024-T3,AA2024-T3,274516.92720589833
57.11584875629475,135.6186749647044,j,0.7999999999999999,0.9000000000000001,40.0,20.0,120.00000000000001,300.0,AA2024-T3,AA2024-T3,274516.92720589833
57.11584875629475,135.6186749647044,formed z,0.7999999999999999,0.8,40.0,20.0,120.00000000000001,300.0,AA2024-T3,AA2024-T3,274516.92720589833
57.118050236356055,120.00735973190763,z,0.6999999999999998,0.9000000000000001,54.99999999999999,20.0,120.00000000000001,449.99999999999994,AA2024-T3,AA2024-T3,796389.326505051
57.118050236356055,120.00735973190763,j,0.6999999999999998,0.9000000000000001,54.99999999999999,20.0,120.00000000000001,449.99999999999994,AA2024-T3,AA2024-T3,796389.326505051
57.118050236356055,120.00735973190763,j,0.6999999999999998,0.8,54.99999999999999,20.0,120.00000000000001,449.99999999999994,AA2024-T3,AA2024-T3,796389.326505051
57.118050236356055,120.00735973190763,formed z,0.6999999999999998,0.8,54.99999999999999,20.0,120.00000000000001,449.99999999999994,AA2024-T3,AA2024-T3,796389.326505051
57.118050236356055,120.00735973190763,z,0.6999999999999998,0.8,54.99999999999999,20.0,120.00000000000001,449.99999999999994,AA2024-T3,AA2024-T3,796389.326505051
57.118050236356055,120.00735973190763,formed z,0.6999999999999998,0.9000000000000001,54.99999999999999,20.0,120.00000000000001,449.99999999999994,AA2024-T3,AA2024-T3,796389.326505051
57.2155459947065,118.77631913062706,j,0.6999999999999998,0.9000000000000001,59.99999999999999,20.0,140.0,300.0,AA2024-T3,AA2024-T3,1001773.9068677552
57.2155459947065,118.77631913062706,formed z,0.6999999999999998,0.9000000000000001,59.99999999999999,20.0,140.0,300.0,AA2024-T3,AA2024-T3,1001773.9068677552
57.2155459947065,118.77631913062706,formed z,0.6999999999999998,0.8,59.99999999999999,20.0,140.0,300.0,AA2024-T3,AA2024-T3,1001773.9068677552
57.2155459947065,118.77631913062706,z,0.6999999999999998,0.8,59.99999999999999,20.0,140.0,300.0,AA2024-T3,AA2024-T3,1001773.9068677552
57.2155459947065,118.77631913062706,j,0.6999999999999998,0.8,59.99999999999999,20.0,140.0,300.0,AA2024-T3,AA2024-T3,1001773.9068677552
57.2155459947065,118.77631913062706,z,0.6999999999999998,0.9000000000000001,59.99999999999999,20.0,140.0,300.0,AA2024-T3,AA2024-T3,1001773.9068677552
57.23696423440692,136.91906059046914,z,0.7999999999999999,0.9000000000000001,70.0,20.0,200.0,399.99999999999994,AA2024-T3,AA2024-T3,12089.302879472914
57.23696423440692,136.91906059046914,formed z,0.7999999999999999,0.9000000000000001,70.0,20.0,200.0,399.99999999999994,AA2024-T3,AA2024-T3,12089.302879472918
57.23696423440692,136.91906059046914,formed z,0.7999999999999999,0.8,70.0,20.0,200.0,399.99999999999994,AA2024-T3,AA2024-T3,12089.302879472918
57.23696423440692,136.91906059046914,j,0.7999999999999999,0.8,70.0,20.0,200.0,399.99999999999994,AA2024-T3,AA2024-T3,12089.302879472918
57.23696423440692,136.91906059046914,j,0.7999999999999999,0.9000000000000001,70.0,20.0,200.0,399.99999999999994,AA2024-T3,AA2024-T3,12089.302879472918
57.23696423440692,136.91906059046914,z,0.7999999999999999,0.8,70.0,20.0,200.0,399.99999999999994,AA2024-T3,AA2024-T3,11942.566758379702
57.23975625211953,136.54106076483558,formed z,0.7999999999999999,0.9000000000000001,54.99999999999999,20.0,160.00000000000003,350.0,AA2024-T3,AA2024-T3,1141102.3476590945
57.23975625211953,136.54106076483558,j,0.7999999999999999,0.8,54.99999999999999,20.0,160.00000000000003,350.0,AA2024-T3,AA2024-T3,1141102.3476590945
57.23975625211953,136.54106076483558,z,0.7999999999999999,0.8,35.0,20.0,100.0,350.0,AA2024-T3,AA2024-T3,40669.756543752126
57.23975625211953,136.54106076483558,j,0.7999999999999999,0.9000000000000001,54.99999999999999,20.0,160.00000000000003,350.0,AA2024-T3,AA2024-T3,1141102.3476590945
57.23975625211953,136.54106076483558,z,0.7999999999999999,0.8,54.99999999999999,20.0,160.00000000000003,350.0,AA2024-T3,AA2024-T3,1141102.3476590945
57.23975625211953,136.54106076483558,z,0.7999999999999999,0.9000000000000001,35.0,20.0,100.0,350.0,AA2024-T3,AA2024-T3,40669.756543752126
57.23975625211953,136.54106076483558,j,0.7999999999999999,0.9000000000000001,35.0,20.0,100.0,350.0,AA2024-T3,AA2024-T3,40669.756543752126
57.23975625211953,136.54106076483558,formed z,0.7999999999999999,0.8,35.0,20.0,100.0,350.0,AA2024-T3,AA2024-T3,40669.756543752126
57.23975625211953,136.54106076483558,formed z,0.7999999999999999,0.9000000000000001,35.0,20.0,100.0,350.0,AA2024-T3,AA2024-T3,40669.756543752126
57.23975625211953,136.54106076483558,formed z,0.7999999999999999,0.8,54.99999999999999,20.0,160.00000000000003,350.0,AA2024-T3,AA2024-T3,1141102.3476590945
57.23975625211953,136.54106076483558,z,0.7999999999999999,0.9000000000000001,54.99999999999999,20.0,160.00000000000003,350.0,AA2024-T3,AA2024-T3,1141102.3476590945
57.23975625211953,136.54106076483558,j,0.7999999999999999,0.8,35.0,20.0,100.0,350.0,AA2024-T3,AA2024-T3,40669.756543752126
57.253125803031274,119.48808271696424,formed z,0.6999999999999998,0.9000000000000001,44.99999999999999,20.0,100.0,350.0,AA2024-T3,AA2024-T3,23371.95762113777
57.253125803031274,119.48808271696424,j,0.6999999999999998,0.8,44.99999999999999,20.0,100.0,350.0,AA2024-T3,AA2024-T3,23371.95762113777
57.253125803031274,119.48808271696424,j,0.6999999999999998,0.9000000000000001,44.99999999999999,20.0,100.0,350.0,AA2024-T3,AA2024-T3,23371.95762113777
57.253125803031274,119.48808271696424,formed z,0.6999999999999998,0.8,44.99999999999999,20.0,100.0,350.0,AA2024-T3,AA2024-T3,23371.95762113778
57.253125803031274,119.48808271696424,z,0.6999999999999998,0.8,44.99999999999999,20.0,100.0,350.0,AA2024-T3,AA2024-T3,23371.95762113778
57.253125803031274,119.48808271696424,z,0.6999999999999998,0.9000000000000001,44.99999999999999,20.0,100.0,350.0,AA2024-T3,AA2024-T3,23371.95762113778
57.26649535394303,102.43091611510214,j,0.6,0.8,54.99999999999999,20.0,100.0,350.0,AA2024-T3,AA2024-T3,620186.8767423609
57.26649535394303,102.43091611510214,j,0.6,0.9000000000000001,54.99999999999999,20.0,100.0,350.0,AA2024-T3,AA2024-T3,620186.8767423609
57.26649535394303,102.43091611510214,formed z,0.6,0.8,54.99999999999999,20.0,100.0,350.0,AA2024-T3,AA2024-T3,620186.8767423609
57.26649535394303,102.43091611510214,formed z,0.6,0.9000000000000001,54.99999999999999,20.0,100.0,350.0,AA2024-T3,AA2024-T3,620186.8767423613
57.26649535394303,102.43091611510214,z,0.6,0.8,54.99999999999999,20.0,100.0,350.0,AA2024-T3,AA2024-T3,620186.8767423609
57.26649535394303,102.43091611510214,z,0.6,0.9000000000000001,54.99999999999999,20.0,100.0,350.0,AA2024-T3,AA2024-T3,620186.8767423609
57.2773360604443,137.34978657030388,z,0.7999999999999999,0.9000000000000001,49.99999999999999,20.0,140.0,449.99999999999994,AA2024-T3,AA2024-T3,962942.386719371
57.2773360604443,137.34978657030388,j,0.7999999999999999,0.9000000000000001,49.99999999999999,20.0,140.0,449.99999999999994,AA2024-T3,AA2024-T3,962942.386719371
57.2773360604443,137.34978657030388,j,0.7999999999999999,0.8,49.99999999999999,20.0,140.0,449.99999999999994,AA2024-T3,AA2024-T3,962942.386719371
57.2773360604443,137.34978657030388,z,0.7999999999999999,0.8,49.99999999999999,20.0,140.0,449.99999999999994,AA2024-T3,AA2024-T3,962942.386719371
57.2773360604443,137.34978657030388,formed z,0.7999999999999999,0.9000000000000001,49.99999999999999,20.0,140.0,449.99999999999994,AA2024-T3,AA2024-T3,962942.386719371
57.2773360604443,137.34978657030388,formed z,0.7999999999999999,0.8,49.99999999999999,20.0,140.0,449.99999999999994,AA2024-T3,AA2024-T3,962942.386719371
57.27986490485477,85.36956172989768,formed z,0.5,0.9000000000000001,65.0,20.0,100.0,350.0,AA2024-T3,AA2024-T3,715437.7740316524
57.27986490485477,85.36956172989768,z,0.5,0.9000000000000001,65.0,20.0,100.0,350.0,AA2024-T3,AA2024-T3,715437.7740316524
57.27986490485477,85.36956172989768,j,0.5,0.8,65.0,20.0,100.0,350.0,AA2024-T3,AA2024-T3,715437.7740316525
57.27986490485477,85.36956172989768,j,0.5,0.9000000000000001,65.0,20.0,100.0,350.0,AA2024-T3,AA2024-T3,715437.7740316524
57.27986490485477,85.36956172989768,formed z,0.5,0.8,65.0,20.0,100.0,350.0,AA2024-T3,AA2024-T3,715437.7740316524
57.27986490485477,85.36956172989768,z,0.5,0.8,65.0,20.0,100.0,350.0,AA2024-T3,AA2024-T3,715437.7740316524
57.28850413129476,135.8362704072365,j,0.7999999999999999,0.9000000000000001,59.99999999999999,20.0,180.00000000000003,300.0,AA2024-T3,AA2024-T3,13453.754484288675
57.28850413129476,135.8362704072365,z,0.7999999999999999,0.9000000000000001,59.99999999999999,20.0,180.00000000000003,300.0,AA2024-T3,AA2024-T3,13453.754484288678
57.28850413129476,135.8362704072365,formed z,0.7999999999999999,0.8,59.99999999999999,20.0,180.00000000000003,300.0,AA2024-T3,AA2024-T3,13453.754484288678
57.28850413129476,135.8362704072365,z,0.7999999999999999,0.8,59.99999999999999,20.0,180.00000000000003,300.0,AA2024-T3,AA2024-T3,13453.754484288675
57.28850413129476,135.8362704072365,formed z,0.7999999999999999,0.9000000000000001,59.99999999999999,20.0,180.00000000000003,300.0,AA2024-T3,AA2024-T3,13453.754484288675
57.28850413129476,135.8362704072365,j,0.7999999999999999,0.8,59.99999999999999,20.0,180.00000000000003,300.0,AA2024-T3,AA2024-T3,13453.754484288675
57.4068275916943,137.51096098177896,formed z,0.7999999999999999,0.9000000000000001,65.0,20.0,180.00000000000003,449.99999999999994,AA2024-T3,AA2024-T3,13819.152320613242
57.4068275916943,137.51096098177896,j,0.7999999999999999,0.9000000000000001,65.0,20.0,180.00000000000003,449.99999999999994,AA2024-T3,AA2024-T3,13819.152320613244
57.4068275916943,137.51096098177896,z,0.7999999999999999,0.9000000000000001,65.0,20.0,180.00000000000003,449.99999999999994,AA2024-T3,AA2024-T3,13819.152320613244
57.4068275916943,137.51096098177896,formed z,0.7999999999999999,0.8,65.0,20.0,180.00000000000003,449.99999999999994,AA2024-T3,AA2024-T3,13819.152320613244
57.4068275916943,137.51096098177896,j,0.7999999999999999,0.8,65.0,20.0,180.00000000000003,449.99999999999994,AA2024-T3,AA2024-T3,13819.152320613244
57.4068275916943,137.51096098177896,z,0.7999999999999999,0.8,65.0,20.0,180.00000000000003,449.99999999999994,AA2024-T3,AA2024-T3,13819.152320613242
57.422989160318664,120.00735973190763,z,0.6999999999999998,0.8,54.99999999999999,20.0,120.00000000000001,399.99999999999994,AA2024-T3,AA2024-T3,796389.326505051
57.422989160318664,120.00735973190763,j,0.6999999999999998,0.9000000000000001,54.99999999999999,20.0,120.00000000000001,399.99999999999994,AA2024-T3,AA2024-T3,796389.326505051
57.422989160318664,120.00735973190763,formed z,0.6999999999999998,0.9000000000000001,54.99999999999999,20.0,120.00000000000001,399.99999999999994,AA2024-T3,AA2024-T3,796389.326505051
57.422989160318664,120.00735973190763,formed z,0.6999999999999998,0.8,54.99999999999999,20.0,120.00000000000001,399.99999999999994,AA2024-T3,AA2024-T3,796389.326505051
57.422989160318664,120.00735973190763,j,0.6999999999999998,0.8,54.99999999999999,20.0,120.00000000000001,399.99999999999994,AA2024-T3,AA2024-T3,796389.326505051
57.422989160318664,120.00735973190763,z,0.6999999999999998,0.9000000000000001,54.99999999999999,20.0,120.00000000000001,399.99999999999994,AA2024-T3,AA2024-T3,796389.326505051
57.54190315836953,136.91906059046914,z,0.7999999999999999,0.9000000000000001,70.0,20.0,200.0,350.0,AA2024-T3,AA2024-T3,12089.302879472914
57.54190315836953,136.91906059046914,j,0.7999999999999999,0.8,70.0,20.0,200.0,350.0,AA2024-T3,AA2024-T3,12089.302879472918
57.54190315836953,136.91906059046914,z,0.7999999999999999,0.8,70.0,20.0,200.0,350.0,AA2024-T3,AA2024-T3,11958.469939999886
57.54190315836953,136.91906059046914,j,0.7999999999999999,0.9000000000000001,70.0,20.0,200.0,350.0,AA2024-T3,AA2024-T3,12089.302879472918
57.54190315836953,136.91906059046914,formed z,0.7999999999999999,0.8,70.0,20.0,200.0,350.0,AA2024-T3,AA2024-T3,12089.302879472918
57.54190315836953,136.91906059046914,formed z,0.7999999999999999,0.9000000000000001,70.0,20.0,200.0,350.0,AA2024-T3,AA2024-T3,12089.302879472918
57.574226295618246,102.14669913755017,formed z,0.6,0.8,65.0,20.0,120.00000000000001,300.0,AA2024-T3,AA2024-T3,856714.9665202287
57.574226295618246,102.14669913755017,j,0.6,0.8,65.0,20.0,120.00000000000001,300.0,AA2024-T3,AA2024-T3,856714.9665202287
57.574226295618246,102.14669913755017,formed z,0.6,0.9000000000000001,65.0,20.0,120.00000000000001,300.0,AA2024-T3,AA2024-T3,856714.9665202287
57.574226295618246,102.14669913755017,j,0.6,0.9000000000000001,65.0,20.0,120.00000000000001,300.0,AA2024-T3,AA2024-T3,856714.9665202287
57.574226295618246,102.14669913755017,z,0.6,0.9000000000000001,65.0,20.0,120.00000000000001,300.0,AA2024-T3,AA2024-T3,856714.9665202287
57.574226295618246,102.14669913755017,z,0.6,0.8,65.0,20.0,120.00000000000001,300.0,AA2024-T3,AA2024-T3,856714.9665202287
57.58227498440692,137.34978657030388,formed z,0.7999999999999999,0.9000000000000001,49.99999999999999,20.0,140.0,399.99999999999994,AA2024-T3,AA2024-T3,962942.386719371
57.58227498440692,137.34978657030388,j,0.7999999999999999,0.8,49.99999999999999,20.0,140.0,399.99999999999994,AA2024-T3,AA2024-T3,962942.386719371
57.58227498440692,137.34978657030388,j,0.7999999999999999,0.9000000000000001,49.99999999999999,20.0,140.0,399.99999999999994,AA2024-T3,AA2024-T3,962942.386719371
57.58227498440692,137.34978657030388,formed z,0.7999999999999999,0.8,49.99999999999999,20.0,140.0,399.99999999999994,AA2024-T3,AA2024-T3,962942.386719371
57.58227498440692,137.34978657030388,z,0.7999999999999999,0.9000000000000001,49.99999999999999,20.0,140.0,399.99999999999994,AA2024-T3,AA2024-T3,962942.386719371
57.58227498440692,137.34978657030388,z,0.7999999999999999,0.8,49.99999999999999,20.0,140.0,399.99999999999994,AA2024-T3,AA2024-T3,962942.386719371
57.6471844322065,119.25130021509585,j,0.6999999999999998,0.9000000000000001,70.0,20.0,160.00000000000003,300.0,AA2024-T3,AA2024-T3,13462.15691192516
57.6471844322065,119.25130021509585,formed z,0.6999999999999998,0.9000000000000001,70.0,20.0,160.00000000000003,300.0,AA2024-T3,AA2024-T3,13462.15691192516
57.6471844322065,119.25130021509585,z,0.6999999999999998,0.9000000000000001,70.0,20.0,160.00000000000003,300.0,AA2024-T3,AA2024-T3,13462.156911925158
57.6471844322065,119.25130021509585,formed z,0.6999999999999998,0.8,70.0,20.0,160.00000000000003,300.0,AA2024-T3,AA2024-T3,13462.15691192516
57.6471844322065,119.25130021509585,j,0.6999999999999998,0.8,70.0,20.0,160.00000000000003,300.0,AA2024-T3,AA2024-T3,13462.15691192516
57.6471844322065,119.25130021509585,z,0.6999999999999998,0.8,70.0,20.0,160.00000000000003,300.0,AA2024-T3,AA2024-T3,13333.350595300839
57.71176651565692,137.51096098177896,z,0.7999999999999999,0.9000000000000001,65.0,20.0,180.00000000000003,399.99999999999994,AA2024-T3,AA2024-T3,13819.152320613244
57.71176651565692,137.51096098177896,formed z,0.7999999999999999,0.8,65.0,20.0,180.00000000000003,399.99999999999994,AA2024-T3,AA2024-T3,13819.152320613244
57.71176651565692,137.51096098177896,j,0.7999999999999999,0.8,65.0,20.0,180.00000000000003,399.99999999999994,AA2024-T3,AA2024-T3,13819.152320613244
57.71176651565692,137.51096098177896,formed z,0.7999999999999999,0.9000000000000001,65.0,20.0,180.00000000000003,399.99999999999994,AA2024-T3,AA2024-T3,13819.152320613242
57.71176651565692,137.51096098177896,j,0.7999999999999999,0.9000000000000001,65.0,20.0,180.00000000000003,399.99999999999994,AA2024-T3,AA2024-T3,13819.152320613244
57.71176651565692,137.51096098177896,z,0.7999999999999999,0.8,65.0,20.0,180.00000000000003,399.99999999999994,AA2024-T3,AA2024-T3,13819.152320613242
57.72234404885605,120.66502580823483,z,0.6999999999999998,0.8,65.0,20.0,140.0,449.99999999999994,AA2024-T3,AA2024-T3,1002638.1843567974
57.72234404885605,120.66502580823483,z,0.6999999999999998,0.9000000000000001,65.0,20.0,140.0,449.99999999999994,AA2024-T3,AA2024-T3,1002638.1843567974
57.72234404885605,120.66502580823483,j,0.6999999999999998,0.9000000000000001,65.0,20.0,140.0,449.99999999999994,AA2024-T3,AA2024-T3,1002638.1843567974
57.72234404885605,120.66502580823483,formed z,0.6999999999999998,0.8,65.0,20.0,140.0,449.99999999999994,AA2024-T3,AA2024-T3,1002638.1843567974
57.72234404885605,120.66502580823483,j,0.6999999999999998,0.8,65.0,20.0,140.0,449.99999999999994,AA2024-T3,AA2024-T3,1002638.1843567974
57.72234404885605,120.66502580823483,formed z,0.6999999999999998,0.9000000000000001,65.0,20.0,140.0,449.99999999999994,AA2024-T3,AA2024-T3,1002638.1843567974
57.727928084281274,120.00735973190763,j,0.6999999999999998,0.9000000000000001,54.99999999999999,20.0,120.00000000000001,350.0,AA2024-T3,AA2024-T3,796389.326505051
57.727928084281274,120.00735973190763,z,0.6999999999999998,0.8,54.99999999999999,20.0,120.00000000000001,350.0,AA2024-T3,AA2024-T3,796389.326505051
57.727928084281274,120.00735973190763,formed z,0.6999999999999998,0.8,54.99999999999999,20.0,120.00000000000001,350.0,AA2024-T3,AA2024-T3,796389.326505051
57.727928084281274,120.00735973190763,j,0.6999999999999998,0.8,54.99999999999999,20.0,120.00000000000001,350.0,AA2024-T3,AA2024-T3,796389.326505051
57.727928084281274,120.00735973190763,z,0.6999999999999998,0.9000000000000001,54.99999999999999,20.0,120.00000000000001,350.0,AA2024-T3,AA2024-T3,796389.326505051
57.727928084281274,120.00735973190763,formed z,0.6999999999999998,0.9000000000000001,54.99999999999999,20.0,120.00000000000001,350.0,AA2024-T3,AA2024-T3,796389.326505051
57.84963410004475,136.54106076483558,j,0.7999999999999999,0.9000000000000001,35.0,20.0,100.0,300.0,AA2024-T3,AA2024-T3,40669.756543752126
57.84963410004475,136.54106076483558,j,0.7999999999999999,0.8,54.99999999999999,20.0,160.00000000000003,300.0,AA2024-T3,AA2024-T3,1141102.3476590945
57.84963410004475,136.54106076483558,formed z,0.7999999999999999,0.9000000000000001,35.0,20.0,100.0,300.0,AA2024-T3,AA2024-T3,40669.756543752126
57.84963410004475,136.54106076483558,formed z,0.7999999999999999,0.9000000000000001,54.99999999999999,20.0,160.00000000000003,300.0,AA2024-T3,AA2024-T3,1141102.3476590945
57.84963410004475,136.54106076483558,z,0.7999999999999999,0.8,35.0,20.0,100.0,300.0,AA2024-T3,AA2024-T3,40669.756543752126
57.84963410004475,136.54106076483558,j,0.7999999999999999,0.9000000000000001,54.99999999999999,20.0,160.00000000000003,300.0,AA2024-T3,AA2024-T3,1141102.3476590945
57.84963410004475,136.54106076483558,formed z,0.7999999999999999,0.8,54.99999999999999,20.0,160.00000000000003,300.0,AA2024-T3,AA2024-T3,1141102.3476590945
57.84963410004475,136.54106076483558,z,0.7999999999999999,0.9000000000000001,35.0,20.0,100.0,300.0,AA2024-T3,AA2024-T3,40669.756543752126
57.84963410004475,136.54106076483558,z,0.7999999999999999,0.8,54.99999999999999,20.0,160.00000000000003,300.0,AA2024-T3,AA2024-T3,1141102.3476590945
57.84963410004475,136.54106076483558,formed z,0.7999999999999999,0.8,35.0,20.0,100.0,300.0,AA2024-T3,AA2024-T3,40669.756543752126
57.84963410004475,136.54106076483558,j,0.7999999999999999,0.8,35.0,20.0,100.0,300.0,AA2024-T3,AA2024-T3,40669.756543752126
57.84963410004475,136.54106076483558,z,0.7999999999999999,0.9000000000000001,54.99999999999999,20.0,160.00000000000003,300.0,AA2024-T3,AA2024-T3,1141102.3476590945
57.8630036509565,119.48808271696424,formed z,0.6999999999999998,0.9000000000000001,44.99999999999999,20.0,100.0,300.0,AA2024-T3,AA2024-T3,23371.95762113777
57.8630036509565,119.48808271696424,z,0.6999999999999998,0.8,44.99999999999999,20.0,100.0,300.0,AA2024-T3,AA2024-T3,23371.95762113778
57.8630036509565,119.48808271696424,j,0.6999999999999998,0.9000000000000001,44.99999999999999,20.0,100.0,300.0,AA2024-T3,AA2024-T3,23371.95762113777
57.8630036509565,119.48808271696424,z,0.6999999999999998,0.9000000000000001,44.99999999999999,20.0,100.0,300.0,AA2024-T3,AA2024-T3,23371.95762113778
57.8630036509565,119.48808271696424,j,0.6999999999999998,0.8,44.99999999999999,20.0,100.0,300.0,AA2024-T3,AA2024-T3,23371.95762113777
57.8630036509565,119.48808271696424,formed z,0.6999999999999998,0.8,44.99999999999999,20.0,100.0,300.0,AA2024-T3,AA2024-T3,23371.95762113778
57.87637320186825,102.43091611510214,formed z,0.6,0.8,54.99999999999999,20.0,100.0,300.0,AA2024-T3,AA2024-T3,620186.8767423609
57.87637320186825,102.43091611510214,j,0.6,0.8,54.99999999999999,20.0,100.0,300.0,AA2024-T3,AA2024-T3,620186.8767423609
57.87637320186825,102.43091611510214,z,0.6,0.9000000000000001,54.99999999999999,20.0,100.0,300.0,AA2024-T3,AA2024-T3,620186.8767423609
57.87637320186825,102.43091611510214,formed z,0.6,0.9000000000000001,54.99999999999999,20.0,100.0,300.0,AA2024-T3,AA2024-T3,620186.8767423613
57.87637320186825,102.43091611510214,j,0.6,0.9000000000000001,54.99999999999999,20.0,100.0,300.0,AA2024-T3,AA2024-T3,620186.8767423609
57.87637320186825,102.43091611510214,z,0.6,0.8,54.99999999999999,20.0,100.0,300.0,AA2024-T3,AA2024-T3,620186.8767423609
57.8816298729443,138.10032450102395,formed z,0.7999999999999999,0.9000000000000001,44.99999999999999,20.0,120.00000000000001,449.99999999999994,AA2024-T3,AA2024-T3,275101.6638950125
57.8816298729443,138.10032450102395,j,0.7999999999999999,0.9000000000000001,44.99999999999999,20.0,120.00000000000001,449.99999999999994,AA2024-T3,AA2024-T3,275101.6638950125
57.8816298729443,138.10032450102395,z,0.7999999999999999,0.8,44.99999999999999,20.0,120.00000000000001,449.99999999999994,AA2024-T3,AA2024-T3,275101.6638950125
57.8816298729443,138.10032450102395,j,0.7999999999999999,0.8,44.99999999999999,20.0,120.00000000000001,449.99999999999994,AA2024-T3,AA2024-T3,275101.6638950125
57.8816298729443,138.10032450102395,z,0.7999999999999999,0.9000000000000001,44.99999999999999,20.0,120.00000000000001,449.99999999999994,AA2024-T3,AA2024-T3,275101.6638950125
57.8816298729443,138.10032450102395,formed z,0.7999999999999999,0.8,44.99999999999999,20.0,120.00000000000001,449.99999999999994,AA2024-T3,AA2024-T3,275101.6638950125
57.88721390836953,137.34978657030388,formed z,0.7999999999999999,0.9000000000000001,49.99999999999999,20.0,140.0,350.0,AA2024-T3,AA2024-T3,962942.386719371
57.88721390836953,137.34978657030388,j,0.7999999999999999,0.9000000000000001,49.99999999999999,20.0,140.0,350.0,AA2024-T3,AA2024-T3,962942.386719371
57.88721390836953,137.34978657030388,z,0.7999999999999999,0.9000000000000001,49.99999999999999,20.0,140.0,350.0,AA2024-T3,AA2024-T3,962942.386719371
57.88721390836953,137.34978657030388,z,0.7999999999999999,0.8,49.99999999999999,20.0,140.0,350.0,AA2024-T3,AA2024-T3,962942.386719371
57.88721390836953,137.34978657030388,j,0.7999999999999999,0.8,49.99999999999999,20.0,140.0,350.0,AA2024-T3,AA2024-T3,962942.386719371
57.88721390836953,137.34978657030388,formed z,0.7999999999999999,0.8,49.99999999999999,20.0,140.0,350.0,AA2024-T3,AA2024-T3,962942.386719371
57.889742752779995,85.36956172989768,z,0.5,0.8,65.0,20.0,100.0,300.0,AA2024-T3,AA2024-T3,715437.7740316524
57.889742752779995,85.36956172989768,j,0.5,0.9000000000000001,65.0,20.0,100.0,300.0,AA2024-T3,AA2024-T3,715437.7740316524
57.889742752779995,85.36956172989768,j,0.5,0.8,65.0,20.0,100.0,300.0,AA2024-T3,AA2024-T3,715437.7740316525
57.889742752779995,85.36956172989768,formed z,0.5,0.9000000000000001,65.0,20.0,100.0,300.0,AA2024-T3,AA2024-T3,715437.7740316524
57.889742752779995,85.36956172989768,z,0.5,0.9000000000000001,65.0,20.0,100.0,300.0,AA2024-T3,AA2024-T3,715437.7740316524
57.889742752779995,85.36956172989768,formed z,0.5,0.8,65.0,20.0,100.0,300.0,AA2024-T3,AA2024-T3,715437.7740316524
58.01670543961953,137.51096098177896,formed z,0.7999999999999999,0.8,65.0,20.0,180.00000000000003,350.0,AA2024-T3,AA2024-T3,13819.152320613244
58.01670543961953,137.51096098177896,z,0.7999999999999999,0.8,65.0,20.0,180.00000000000003,350.0,AA2024-T3,AA2024-T3,13819.152320613242
58.01670543961953,137.51096098177896,formed z,0.7999999999999999,0.9000000000000001,65.0,20.0,180.00000000000003,350.0,AA2024-T3,AA2024-T3,13819.152320613242
58.01670543961953,137.51096098177896,j,0.7999999999999999,0.9000000000000001,65.0,20.0,180.00000000000003,350.0,AA2024-T3,AA2024-T3,13819.152320613244
58.01670543961953,137.51096098177896,j,0.7999999999999999,0.8,65.0,20.0,180.00000000000003,350.0,AA2024-T3,AA2024-T3,13819.152320613244
58.01670543961953,137.51096098177896,z,0.7999999999999999,0.9000000000000001,65.0,20.0,180.00000000000003,350.0,AA2024-T3,AA2024-T3,13819.152320613244
58.02728297281867,120.66502580823483,z,0.6999999999999998,0.8,65.0,20.0,140.0,399.99999999999994,AA2024-T3,AA2024-T3,1002638.1843567974
58.02728297281867,120.66502580823483,j,0.6999999999999998,0.8,65.0,20.0,140.0,399.99999999999994,AA2024-T3,AA2024-T3,1002638.1843567974
58.02728297281867,120.66502580823483,formed z,0.6999999999999998,0.8,65.0,20.0,140.0,399.99999999999994,AA2024-T3,AA2024-T3,1002638.1843567974
58.02728297281867,120.66502580823483,j,0.6999999999999998,0.9000000000000001,65.0,20.0,140.0,399.99999999999994,AA2024-T3,AA2024-T3,1002638.1843567974
58.02728297281867,120.66502580823483,formed z,0.6999999999999998,0.9000000000000001,65.0,20.0,140.0,399.99999999999994,AA2024-T3,AA2024-T3,1002638.1843567974
58.02728297281867,120.66502580823483,z,0.6999999999999998,0.9000000000000001,65.0,20.0,140.0,399.99999999999994,AA2024-T3,AA2024-T3,1002638.1843567974
58.1406129354443,138.4207378456592,z,0.7999999999999999,0.9000000000000001,59.99999999999999,20.0,160.00000000000003,449.99999999999994,AA2024-T3,AA2024-T3,1141953.6985380528
58.1406129354443,138.4207378456592,formed z,0.7999999999999999,0.8,59.99999999999999,20.0,160.00000000000003,449.99999999999994,AA2024-T3,AA2024-T3,1141953.6985380528
58.1406129354443,138.4207378456592,z,0.7999999999999999,0.8,59.99999999999999,20.0,160.00000000000003,449.99999999999994,AA2024-T3,AA2024-T3,1141953.6985380528
58.1406129354443,138.4207378456592,formed z,0.7999999999999999,0.9000000000000001,59.99999999999999,20.0,160.00000000000003,449.99999999999994,AA2024-T3,AA2024-T3,1141953.6985380528
58.1406129354443,138.4207378456592,j,0.7999999999999999,0.8,59.99999999999999,20.0,160.00000000000003,449.99999999999994,AA2024-T3,AA2024-T3,1141953.6985380528
58.1406129354443,138.4207378456592,j,0.7999999999999999,0.9000000000000001,59.99999999999999,20.0,160.00000000000003,449.99999999999994,AA2024-T3,AA2024-T3,1141953.6985380528
58.151781006294755,136.91906059046914,j,0.7999999999999999,0.8,70.0,20.0,200.0,300.0,AA2024-T3,AA2024-T3,12089.302879472918
58.151781006294755,136.91906059046914,z,0.7999999999999999,0.8,70.0,20.0,200.0,300.0,AA2024-T3,AA2024-T3,11974.26718507636
58.151781006294755,136.91906059046914,j,0.7999999999999999,0.9000000000000001,70.0,20.0,200.0,300.0,AA2024-T3,AA2024-T3,12089.302879472918
58.151781006294755,136.91906059046914,z,0.7999999999999999,0.9000000000000001,70.0,20.0,200.0,300.0,AA2024-T3,AA2024-T3,12089.302879472914
58.151781006294755,136.91906059046914,formed z,0.7999999999999999,0.8,70.0,20.0,200.0,300.0,AA2024-T3,AA2024-T3,12089.302879472918
58.151781006294755,136.91906059046914,formed z,0.7999999999999999,0.9000000000000001,70.0,20.0,200.0,300.0,AA2024-T3,AA2024-T3,12089.302879472918
58.18656879690692,138.10032450102395,z,0.7999999999999999,0.9000000000000001,44.99999999999999,20.0,120.00000000000001,399.99999999999994,AA2024-T3,AA2024-T3,275101.6638950125
58.18656879690692,138.10032450102395,z,0.7999999999999999,0.8,44.99999999999999,20.0,120.00000000000001,399.99999999999994,AA2024-T3,AA2024-T3,275101.6638950125
58.18656879690692,138.10032450102395,formed z,0.7999999999999999,0.9000000000000001,44.99999999999999,20.0,120.00000000000001,399.99999999999994,AA2024-T3,AA2024-T3,275101.6638950125
58.18656879690692,138.10032450102395,j,0.7999999999999999,0.8,44.99999999999999,20.0,120.00000000000001,399.99999999999994,AA2024-T3,AA2024-T3,275101.6638950125
58.18656879690692,138.10032450102395,j,0.7999999999999999,0.9000000000000001,44.99999999999999,20.0,120.00000000000001,399.99999999999994,AA2024-T3,AA2024-T3,275101.6638950125
58.18656879690692,138.10032450102395,formed z,0.7999999999999999,0.8,44.99999999999999,20.0,120.00000000000001,399.99999999999994,AA2024-T3,AA2024-T3,275101.6638950125
58.33222189678128,120.66502580823483,z,0.6999999999999998,0.9000000000000001,65.0,20.0,140.0,350.0,AA2024-T3,AA2024-T3,1002638.1843567974
58.33222189678128,120.66502580823483,formed z,0.6999999999999998,0.9000000000000001,65.0,20.0,140.0,350.0,AA2024-T3,AA2024-T3,1002638.1843567974
58.33222189678128,120.66502580823483,j,0.6999999999999998,0.9000000000000001,65.0,20.0,140.0,350.0,AA2024-T3,AA2024-T3,1002638.1843567974
58.33222189678128,120.66502580823483,z,0.6999999999999998,0.8,65.0,20.0,140.0,350.0,AA2024-T3,AA2024-T3,1002638.1843567974
58.33222189678128,120.66502580823483,formed z,0.6999999999999998,0.8,65.0,20.0,140.0,350.0,AA2024-T3,AA2024-T3,1002638.1843567974
58.33222189678128,120.66502580823483,j,0.6999999999999998,0.8,65.0,20.0,140.0,350.0,AA2024-T3,AA2024-T3,1002638.1843567974
58.33780593220651,120.00735973190763,formed z,0.6999999999999998,0.9000000000000001,54.99999999999999,20.0,120.00000000000001,300.0,AA2024-T3,AA2024-T3,796389.326505051
58.33780593220651,120.00735973190763,j,0.6999999999999998,0.8,54.99999999999999,20.0,120.00000000000001,300.0,AA2024-T3,AA2024-T3,796389.326505051
58.33780593220651,120.00735973190763,formed z,0.6999999999999998,0.8,54.99999999999999,20.0,120.00000000000001,300.0,AA2024-T3,AA2024-T3,796389.326505051
58.33780593220651,120.00735973190763,z,0.6999999999999998,0.8,54.99999999999999,20.0,120.00000000000001,300.0,AA2024-T3,AA2024-T3,796389.326505051
58.33780593220651,120.00735973190763,z,0.6999999999999998,0.9000000000000001,54.99999999999999,20.0,120.00000000000001,300.0,AA2024-T3,AA2024-T3,796389.326505051
58.33780593220651,120.00735973190763,j,0.6999999999999998,0.9000000000000001,54.99999999999999,20.0,120.00000000000001,300.0,AA2024-T3,AA2024-T3,796389.326505051
58.340007412267795,104.00019289889224,z,0.6,0.9000000000000001,70.0,20.0,120.00000000000001,449.99999999999994,AA2024-T3,AA2024-T3,857358.1940715474
58.340007412267795,104.00019289889224,z,0.6,0.8,70.0,20.0,120.00000000000001,449.99999999999994,AA2024-T3,AA2024-T3,846522.5196415894
58.340007412267795,104.00019289889224,formed z,0.6,0.9000000000000001,70.0,20.0,120.00000000000001,449.99999999999994,AA2024-T3,AA2024-T3,857358.1940715474
58.340007412267795,104.00019289889224,j,0.6,0.9000000000000001,70.0,20.0,120.00000000000001,449.99999999999994,AA2024-T3,AA2024-T3,857358.1940715474
58.340007412267795,104.00019289889224,formed z,0.6,0.8,70.0,20.0,120.00000000000001,449.99999999999994,AA2024-T3,AA2024-T3,857358.1940715474
58.340007412267795,104.00019289889224,j,0.6,0.8,70.0,20.0,120.00000000000001,449.99999999999994,AA2024-T3,AA2024-T3,857358.1940715474
58.44555185940692,138.4207378456592,z,0.7999999999999999,0.9000000000000001,59.99999999999999,20.0,160.00000000000003,399.99999999999994,AA2024-T3,AA2024-T3,1141953.6985380528
58.44555185940692,138.4207378456592,j,0.7999999999999999,0.9000000000000001,59.99999999999999,20.0,160.00000000000003,399.99999999999994,AA2024-T3,AA2024-T3,1141953.6985380528
58.44555185940692,138.4207378456592,formed z,0.7999999999999999,0.8,59.99999999999999,20.0,160.00000000000003,399.99999999999994,AA2024-T3,AA2024-T3,1141953.6985380528
58.44555185940692,138.4207378456592,formed z,0.7999999999999999,0.9000000000000001,59.99999999999999,20.0,160.00000000000003,399.99999999999994,AA2024-T3,AA2024-T3,1141953.6985380528
58.44555185940692,138.4207378456592,j,0.7999999999999999,0.8,59.99999999999999,20.0,160.00000000000003,399.99999999999994,AA2024-T3,AA2024-T3,1141953.6985380528
58.44555185940692,138.4207378456592,z,0.7999999999999999,0.8,59.99999999999999,20.0,160.00000000000003,399.99999999999994,AA2024-T3,AA2024-T3,1141953.6985380528
58.49150772086953,138.10032450102395,formed z,0.7999999999999999,0.9000000000000001,44.99999999999999,20.0,120.00000000000001,350.0,AA2024-T3,AA2024-T3,275101.6638950125
58.49150772086953,138.10032450102395,z,0.7999999999999999,0.8,44.99999999999999,20.0,120.00000000000001,350.0,AA2024-T3,AA2024-T3,275101.6638950125
58.49150772086953,138.10032450102395,j,0.7999999999999999,0.9000000000000001,44.99999999999999,20.0,120.00000000000001,350.0,AA2024-T3,AA2024-T3,275101.6638950125
58.49150772086953,138.10032450102395,formed z,0.7999999999999999,0.8,44.99999999999999,20.0,120.00000000000001,350.0,AA2024-T3,AA2024-T3,275101.6638950125
58.49150772086953,138.10032450102395,z,0.7999999999999999,0.9000000000000001,44.99999999999999,20.0,120.00000000000001,350.0,AA2024-T3,AA2024-T3,275101.6638950125
58.49150772086953,138.10032450102395,j,0.7999999999999999,0.8,44.99999999999999,20.0,120.00000000000001,350.0,AA2024-T3,AA2024-T3,275101.6638950125
58.49709175629475,137.34978657030388,z,0.7999999999999999,0.9000000000000001,49.99999999999999,20.0,140.0,300.0,AA2024-T3,AA2024-T3,962942.386719371
58.49709175629475,137.34978657030388,formed z,0.7999999999999999,0.9000000000000001,49.99999999999999,20.0,140.0,300.0,AA2024-T3,AA2024-T3,962942.386719371
58.49709175629475,137.34978657030388,formed z,0.7999999999999999,0.8,49.99999999999999,20.0,140.0,300.0,AA2024-T3,AA2024-T3,962942.386719371
58.49709175629475,137.34978657030388,j,0.7999999999999999,0.9000000000000001,49.99999999999999,20.0,140.0,300.0,AA2024-T3,AA2024-T3,962942.386719371
58.49709175629475,137.34978657030388,z,0.7999999999999999,0.8,49.99999999999999,20.0,140.0,300.0,AA2024-T3,AA2024-T3,962942.386719371
58.49709175629475,137.34978657030388,j,0.7999999999999999,0.8,49.99999999999999,20.0,140.0,300.0,AA2024-T3,AA2024-T3,962942.386719371
58.626583287544754,137.51096098177896,z,0.7999999999999999,0.9000000000000001,65.0,20.0,180.00000000000003,300.0,AA2024-T3,AA2024-T3,13819.152320613244
58.626583287544754,137.51096098177896,formed z,0.7999999999999999,0.8,65.0,20.0,180.00000000000003,300.0,AA2024-T3,AA2024-T3,13819.152320613244
58.626583287544754,137.51096098177896,j,0.7999999999999999,0.9000000000000001,65.0,20.0,180.00000000000003,300.0,AA2024-T3,AA2024-T3,13819.152320613244
58.626583287544754,137.51096098177896,formed z,0.7999999999999999,0.9000000000000001,65.0,20.0,180.00000000000003,300.0,AA2024-T3,AA2024-T3,13819.152320613242
58.626583287544754,137.51096098177896,z,0.7999999999999999,0.8,65.0,20.0,180.00000000000003,300.0,AA2024-T3,AA2024-T3,13819.152320613242
58.626583287544754,137.51096098177896,j,0.7999999999999999,0.8,65.0,20.0,180.00000000000003,300.0,AA2024-T3,AA2024-T3,13819.152320613244
58.644946336230404,104.00019289889224,formed z,0.6,0.9000000000000001,70.0,20.0,120.00000000000001,399.99999999999994,AA2024-T3,AA2024-T3,857358.1940715474
58.644946336230404,104.00019289889224,z,0.6,0.9000000000000001,70.0,20.0,120.00000000000001,399.99999999999994,AA2024-T3,AA2024-T3,857358.1940715474
58.644946336230404,104.00019289889224,j,0.6,0.9000000000000001,70.0,20.0,120.00000000000001,399.99999999999994,AA2024-T3,AA2024-T3,857358.1940715474
58.644946336230404,104.00019289889224,formed z,0.6,0.8,70.0,20.0,120.00000000000001,399.99999999999994,AA2024-T3,AA2024-T3,857358.1940715474
58.644946336230404,104.00019289889224,z,0.6,0.8,70.0,20.0,120.00000000000001,399.99999999999994,AA2024-T3,AA2024-T3,847630.3082684213
58.644946336230404,104.00019289889224,j,0.6,0.8,70.0,20.0,120.00000000000001,399.99999999999994,AA2024-T3,AA2024-T3,857358.1940715474
58.7449067479443,139.1655001144924,j,0.7999999999999999,0.9000000000000001,70.0,20.0,180.00000000000003,449.99999999999994,AA2024-T3,AA2024-T3,14184.566401036525
58.7449067479443,139.1655001144924,z,0.7999999999999999,0.8,70.0,20.0,180.00000000000003,449.99999999999994,AA2024-T3,AA2024-T3,14022.38802693704
58.7449067479443,139.1655001144924,z,0.7999999999999999,0.9000000000000001,70.0,20.0,180.00000000000003,449.99999999999994,AA2024-T3,AA2024-T3,14184.566401036525
58.7449067479443,139.1655001144924,formed z,0.7999999999999999,0.8,70.0,20.0,180.00000000000003,449.99999999999994,AA2024-T3,AA2024-T3,14184.566401036525
58.7449067479443,139.1655001144924,formed z,0.7999999999999999,0.9000000000000001,70.0,20.0,180.00000000000003,449.99999999999994,AA2024-T3,AA2024-T3,14184.566401036525
58.7449067479443,139.1655001144924,j,0.7999999999999999,0.8,70.0,20.0,180.00000000000003,449.99999999999994,AA2024-T3,AA2024-T3,14184.566401036525
58.75049078336953,138.4207378456592,z,0.7999999999999999,0.9000000000000001,59.99999999999999,20.0,160.00000000000003,350.0,AA2024-T3,AA2024-T3,1141953.6985380528
58.75049078336953,138.4207378456592,j,0.7999999999999999,0.9000000000000001,59.99999999999999,20.0,160.00000000000003,350.0,AA2024-T3,AA2024-T3,1141953.6985380528
58.75049078336953,138.4207378456592,z,0.7999999999999999,0.8,59.99999999999999,20.0,160.00000000000003,350.0,AA2024-T3,AA2024-T3,1141953.6985380528
58.75049078336953,138.4207378456592,formed z,0.7999999999999999,0.9000000000000001,59.99999999999999,20.0,160.00000000000003,350.0,AA2024-T3,AA2024-T3,1141953.6985380528
58.75049078336953,138.4207378456592,formed z,0.7999999999999999,0.8,59.99999999999999,20.0,160.00000000000003,350.0,AA2024-T3,AA2024-T3,1141953.6985380528
58.75049078336953,138.4207378456592,j,0.7999999999999999,0.8,59.99999999999999,20.0,160.00000000000003,350.0,AA2024-T3,AA2024-T3,1141953.6985380528
58.9420997447065,120.66502580823483,formed z,0.6999999999999998,0.9000000000000001,65.0,20.0,140.0,300.0,AA2024-T3,AA2024-T3,1002638.1843567974
58.9420997447065,120.66502580823483,z,0.6999999999999998,0.9000000000000001,65.0,20.0,140.0,300.0,AA2024-T3,AA2024-T3,1002638.1843567974
58.9420997447065,120.66502580823483,j,0.6999999999999998,0.8,65.0,20.0,140.0,300.0,AA2024-T3,AA2024-T3,1002638.1843567974
58.9420997447065,120.66502580823483,formed z,0.6999999999999998,0.8,65.0,20.0,140.0,300.0,AA2024-T3,AA2024-T3,1002638.1843567974
58.9420997447065,120.66502580823483,j,0.6999999999999998,0.9000000000000001,65.0,20.0,140.0,300.0,AA2024-T3,AA2024-T3,1002638.1843567974
58.9420997447065,120.66502580823483,z,0.6999999999999998,0.8,65.0,20.0,140.0,300.0,AA2024-T3,AA2024-T3,1002638.1843567974
58.94988526019302,104.00019289889224,j,0.6,0.9000000000000001,70.0,20.0,120.00000000000001,350.0,AA2024-T3,AA2024-T3,857358.1940715474
58.94988526019302,104.00019289889224,j,0.6,0.8,70.0,20.0,120.00000000000001,350.0,AA2024-T3,AA2024-T3,857358.1940715474
58.94988526019302,104.00019289889224,z,0.6,0.9000000000000001,70.0,20.0,120.00000000000001,350.0,AA2024-T3,AA2024-T3,857358.1940715474
58.94988526019302,104.00019289889224,z,0.6,0.8,70.0,20.0,120.00000000000001,350.0,AA2024-T3,AA2024-T3,848721.2382209701
58.94988526019302,104.00019289889224,formed z,0.6,0.8,70.0,20.0,120.00000000000001,350.0,AA2024-T3,AA2024-T3,857358.1940715474
58.94988526019302,104.00019289889224,formed z,0.6,0.9000000000000001,70.0,20.0,120.00000000000001,350.0,AA2024-T3,AA2024-T3,857358.1940715474
59.0038898104443,139.48346662083426,formed z,0.7999999999999999,0.9000000000000001,40.0,20.0,100.0,449.99999999999994,AA2024-T3,AA2024-T3,41320.77572095928
59.0038898104443,139.48346662083426,formed z,0.7999999999999999,0.9000000000000001,54.99999999999999,20.0,140.0,449.99999999999994,AA2024-T3,AA2024-T3,963824.8347727825
59.0038898104443,139.48346662083426,formed z,0.7999999999999999,0.8,40.0,20.0,100.0,449.99999999999994,AA2024-T3,AA2024-T3,41320.77572095928
59.0038898104443,139.48346662083426,z,0.7999999999999999,0.9000000000000001,40.0,20.0,100.0,449.99999999999994,AA2024-T3,AA2024-T3,41320.77572095928
59.0038898104443,139.48346662083426,z,0.7999999999999999,0.9000000000000001,54.99999999999999,20.0,140.0,449.99999999999994,AA2024-T3,AA2024-T3,963824.8347727825
59.0038898104443,139.48346662083426,j,0.7999999999999999,0.8,40.0,20.0,100.0,449.99999999999994,AA2024-T3,AA2024-T3,41320.77572095928
59.0038898104443,139.48346662083426,formed z,0.7999999999999999,0.8,54.99999999999999,20.0,140.0,449.99999999999994,AA2024-T3,AA2024-T3,963824.8347727825
59.0038898104443,139.48346662083426,z,0.7999999999999999,0.8,40.0,20.0,100.0,449.99999999999994,AA2024-T3,AA2024-T3,41320.77572095928
59.0038898104443,139.48346662083426,z,0.7999999999999999,0.8,54.99999999999999,20.0,140.0,449.99999999999994,AA2024-T3,AA2024-T3,963824.8347727825
59.0038898104443,139.48346662083426,j,0.7999999999999999,0.9000000000000001,54.99999999999999,20.0,140.0,449.99999999999994,AA2024-T3,AA2024-T3,963824.8347727825
59.0038898104443,139.48346662083426,j,0.7999999999999999,0.8,54.99999999999999,20.0,140.0,449.99999999999994,AA2024-T3,AA2024-T3,963824.8347727825
59.0038898104443,139.48346662083426,j,0.7999999999999999,0.9000000000000001,40.0,20.0,100.0,449.99999999999994,AA2024-T3,AA2024-T3,41320.77572095928
59.01725936135605,122.06237873977811,j,0.6999999999999998,0.9000000000000001,49.99999999999999,20.0,100.0,449.99999999999994,AA2024-T3,AA2024-T3,24021.47413675595
59.01725936135605,122.06237873977811,formed z,0.6999999999999998,0.9000000000000001,49.99999999999999,20.0,100.0,449.99999999999994,AA2024-T3,AA2024-T3,24021.47413675595
59.01725936135605,122.06237873977811,j,0.6999999999999998,0.8,49.99999999999999,20.0,100.0,449.99999999999994,AA2024-T3,AA2024-T3,24021.474136755947
59.01725936135605,122.06237873977811,z,0.6999999999999998,0.8,49.99999999999999,20.0,100.0,449.99999999999994,AA2024-T3,AA2024-T3,24021.47413675595
59.01725936135605,122.06237873977811,formed z,0.6999999999999998,0.8,49.99999999999999,20.0,100.0,449.99999999999994,AA2024-T3,AA2024-T3,24021.47413675595
59.01725936135605,122.06237873977811,z,0.6999999999999998,0.9000000000000001,49.99999999999999,20.0,100.0,449.99999999999994,AA2024-T3,AA2024-T3,24021.47413675595
59.030628912267794,104.63719071477263,j,0.6,0.8,59.99999999999999,20.0,100.0,449.99999999999994,AA2024-T3,AA2024-T3,620872.8920881863
59.030628912267794,104.63719071477263,j,0.6,0.9000000000000001,59.99999999999999,20.0,100.0,449.99999999999994,AA2024-T3,AA2024-T3,620872.8920881863
59.030628912267794,104.63719071477263,formed z,0.6,0.8,59.99999999999999,20.0,100.0,449.99999999999994,AA2024-T3,AA2024-T3,620872.8920881869
59.030628912267794,104.63719071477263,z,0.6,0.8,59.99999999999999,20.0,100.0,449.99999999999994,AA2024-T3,AA2024-T3,620872.8920881863
59.030628912267794,104.63719071477263,formed z,0.6,0.9000000000000001,59.99999999999999,20.0,100.0,449.99999999999994,AA2024-T3,AA2024-T3,620872.8920881863
59.030628912267794,104.63719071477263,z,0.6,0.9000000000000001,59.99999999999999,20.0,100.0,449.99999999999994,AA2024-T3,AA2024-T3,620872.8920881869
59.04399846317954,87.20790326871,j,0.5,0.9000000000000001,70.0,20.0,100.0,449.99999999999994,AA2024-T3,AA2024-T3,716122.4610690578
59.04399846317954,87.20790326871,formed z,0.5,0.8,70.0,20.0,100.0,449.99999999999994,AA2024-T3,AA2024-T3,716122.4610690578
59.04399846317954,87.20790326871,j,0.5,0.8,70.0,20.0,100.0,449.99999999999994,AA2024-T3,AA2024-T3,716122.4610690578
59.04399846317954,87.20790326871,z,0.5,0.9000000000000001,70.0,20.0,100.0,449.99999999999994,AA2024-T3,AA2024-T3,716122.4610690578
59.04399846317954,87.20790326871,z,0.5,0.8,70.0,20.0,100.0,449.99999999999994,AA2024-T3,AA2024-T3,707025.4021507286
59.04399846317954,87.20790326871,formed z,0.5,0.9000000000000001,70.0,20.0,100.0,449.99999999999994,AA2024-T3,AA2024-T3,716122.4610690578
59.049845671906915,139.1655001144924,z,0.7999999999999999,0.8,70.0,20.0,180.00000000000003,399.99999999999994,AA2024-T3,AA2024-T3,14038.267667027892
59.049845671906915,139.1655001144924,formed z,0.7999999999999999,0.8,70.0,20.0,180.00000000000003,399.99999999999994,AA2024-T3,AA2024-T3,14184.566401036525
59.049845671906915,139.1655001144924,j,0.7999999999999999,0.8,70.0,20.0,180.00000000000003,399.99999999999994,AA2024-T3,AA2024-T3,14184.566401036525
59.049845671906915,139.1655001144924,z,0.7999999999999999,0.9000000000000001,70.0,20.0,180.00000000000003,399.99999999999994,AA2024-T3,AA2024-T3,14184.566401036525
59.049845671906915,139.1655001144924,j,0.7999999999999999,0.9000000000000001,70.0,20.0,180.00000000000003,399.99999999999994,AA2024-T3,AA2024-T3,14184.566401036525
59.049845671906915,139.1655001144924,formed z,0.7999999999999999,0.9000000000000001,70.0,20.0,180.00000000000003,399.99999999999994,AA2024-T3,AA2024-T3,14184.566401036525
59.101385568794754,138.10032450102395,z,0.7999999999999999,0.9000000000000001,44.99999999999999,20.0,120.00000000000001,300.0,AA2024-T3,AA2024-T3,275101.6638950125
59.101385568794754,138.10032450102395,formed z,0.7999999999999999,0.9000000000000001,44.99999999999999,20.0,120.00000000000001,300.0,AA2024-T3,AA2024-T3,275101.6638950125
59.101385568794754,138.10032450102395,j,0.7999999999999999,0.8,44.99999999999999,20.0,120.00000000000001,300.0,AA2024-T3,AA2024-T3,275101.6638950125
59.101385568794754,138.10032450102395,j,0.7999999999999999,0.9000000000000001,44.99999999999999,20.0,120.00000000000001,300.0,AA2024-T3,AA2024-T3,275101.6638950125
59.101385568794754,138.10032450102395,z,0.7999999999999999,0.8,44.99999999999999,20.0,120.00000000000001,300.0,AA2024-T3,AA2024-T3,275101.6638950125
59.101385568794754,138.10032450102395,formed z,0.7999999999999999,0.8,44.99999999999999,20.0,120.00000000000001,300.0,AA2024-T3,AA2024-T3,275101.6638950125
59.10358704885604,122.15496726276467,j,0.6999999999999998,0.9000000000000001,59.99999999999999,20.0,120.00000000000001,449.99999999999994,AA2024-T3,AA2024-T3,797037.8732931738
59.10358704885604,122.15496726276467,j,0.6999999999999998,0.8,59.99999999999999,20.0,120.00000000000001,449.99999999999994,AA2024-T3,AA2024-T3,797037.8732931738
59.10358704885604,122.15496726276467,formed z,0.6999999999999998,0.9000000000000001,59.99999999999999,20.0,120.00000000000001,449.99999999999994,AA2024-T3,AA2024-T3,797037.8732931738
59.10358704885604,122.15496726276467,formed z,0.6999999999999998,0.8,59.99999999999999,20.0,120.00000000000001,449.99999999999994,AA2024-T3,AA2024-T3,797037.8732931738
59.10358704885604,122.15496726276467,z,0.6999999999999998,0.8,59.99999999999999,20.0,120.00000000000001,449.99999999999994,AA2024-T3,AA2024-T3,797037.8732931738
59.10358704885604,122.15496726276467,z,0.6999999999999998,0.9000000000000001,59.99999999999999,20.0,120.00000000000001,449.99999999999994,AA2024-T3,AA2024-T3,797037.8732931738
59.308828734406916,139.48346662083426,z,0.7999999999999999,0.9000000000000001,40.0,20.0,100.0,399.99999999999994,AA2024-T3,AA2024-T3,41320.77572095928
59.308828734406916,139.48346662083426,j,0.7999999999999999,0.9000000000000001,54.99999999999999,20.0,140.0,399.99999999999994,AA2024-T3,AA2024-T3,963824.8347727825
59.308828734406916,139.48346662083426,z,0.7999999999999999,0.8,40.0,20.0,100.0,399.99999999999994,AA2024-T3,AA2024-T3,41320.77572095928
59.308828734406916,139.48346662083426,j,0.7999999999999999,0.9000000000000001,40.0,20.0,100.0,399.99999999999994,AA2024-T3,AA2024-T3,41320.77572095928
59.308828734406916,139.48346662083426,j,0.7999999999999999,0.8,40.0,20.0,100.0,399.99999999999994,AA2024-T3,AA2024-T3,41320.77572095928
59.308828734406916,139.48346662083426,formed z,0.7999999999999999,0.8,40.0,20.0,100.0,399.99999999999994,AA2024-T3,AA2024-T3,41320.77572095928
59.308828734406916,139.48346662083426,z,0.7999999999999999,0.8,54.99999999999999,20.0,140.0,399.99999999999994,AA2024-T3,AA2024-T3,963824.8347727825
59.308828734406916,139.48346662083426,j,0.7999999999999999,0.8,54.99999999999999,20.0,140.0,399.99999999999994,AA2024-T3,AA2024-T3,963824.8347727825
59.308828734406916,139.48346662083426,formed z,0.7999999999999999,0.8,54.99999999999999,20.0,140.0,399.99999999999994,AA2024-T3,AA2024-T3,963824.8347727825
59.308828734406916,139.48346662083426,formed z,0.7999999999999999,0.9000000000000001,40.0,20.0,100.0,399.99999999999994,AA2024-T3,AA2024-T3,41320.77572095928
59.308828734406916,139.48346662083426,z,0.7999999999999999,0.9000000000000001,54.99999999999999,20.0,140.0,399.99999999999994,AA2024-T3,AA2024-T3,963824.8347727825
59.308828734406916,139.48346662083426,formed z,0.7999999999999999,0.9000000000000001,54.99999999999999,20.0,140.0,399.99999999999994,AA2024-T3,AA2024-T3,963824.8347727825
59.32219828531866,122.06237873977811,formed z,0.6999999999999998,0.9000000000000001,49.99999999999999,20.0,100.0,399.99999999999994,AA2024-T3,AA2024-T3,24021.47413675595
59.32219828531866,122.06237873977811,formed z,0.6999999999999998,0.8,49.99999999999999,20.0,100.0,399.99999999999994,AA2024-T3,AA2024-T3,24021.47413675595
59.32219828531866,122.06237873977811,j,0.6999999999999998,0.9000000000000001,49.99999999999999,20.0,100.0,399.99999999999994,AA2024-T3,AA2024-T3,24021.47413675595
59.32219828531866,122.06237873977811,z,0.6999999999999998,0.8,49.99999999999999,20.0,100.0,399.99999999999994,AA2024-T3,AA2024-T3,24021.47413675595
59.32219828531866,122.06237873977811,z,0.6999999999999998,0.9000000000000001,49.99999999999999,20.0,100.0,399.99999999999994,AA2024-T3,AA2024-T3,24021.47413675595
59.32219828531866,122.06237873977811,j,0.6999999999999998,0.8,49.99999999999999,20.0,100.0,399.99999999999994,AA2024-T3,AA2024-T3,24021.474136755947
59.33556783623041,104.63719071477263,z,0.6,0.9000000000000001,59.99999999999999,20.0,100.0,399.99999999999994,AA2024-T3,AA2024-T3,620872.8920881869
59.33556783623041,104.63719071477263,formed z,0.6,0.9000000000000001,59.99999999999999,20.0,100.0,399.99999999999994,AA2024-T3,AA2024-T3,620872.8920881863
59.33556783623041,104.63719071477263,j,0.6,0.9000000000000001,59.99999999999999,20.0,100.0,399.99999999999994,AA2024-T3,AA2024-T3,620872.8920881863
59.33556783623041,104.63719071477263,formed z,0.6,0.8,59.99999999999999,20.0,100.0,399.99999999999994,AA2024-T3,AA2024-T3,620872.8920881869
59.33556783623041,104.63719071477263,j,0.6,0.8,59.99999999999999,20.0,100.0,399.99999999999994,AA2024-T3,AA2024-T3,620872.8920881863
59.33556783623041,104.63719071477263,z,0.6,0.8,59.99999999999999,20.0,100.0,399.99999999999994,AA2024-T3,AA2024-T3,620872.8920881863
59.34893738714216,87.20790326871,j,0.5,0.9000000000000001,70.0,20.0,100.0,399.99999999999994,AA2024-T3,AA2024-T3,716122.4610690578
59.34893738714216,87.20790326871,z,0.5,0.8,70.0,20.0,100.0,399.99999999999994,AA2024-T3,AA2024-T3,707955.1618705859
59.34893738714216,87.20790326871,z,0.5,0.9000000000000001,70.0,20.0,100.0,399.99999999999994,AA2024-T3,AA2024-T3,716122.4610690578
59.34893738714216,87.20790326871,formed z,0.5,0.8,70.0,20.0,100.0,399.99999999999994,AA2024-T3,AA2024-T3,716122.4610690578
59.34893738714216,87.20790326871,j,0.5,0.8,70.0,20.0,100.0,399.99999999999994,AA2024-T3,AA2024-T3,716122.4610690578
59.34893738714216,87.20790326871,formed z,0.5,0.9000000000000001,70.0,20.0,100.0,399.99999999999994,AA2024-T3,AA2024-T3,716122.4610690578
59.354784595869525,139.1655001144924,formed z,0.7999999999999999,0.9000000000000001,70.0,20.0,180.00000000000003,350.0,AA2024-T3,AA2024-T3,14184.566401036525
59.354784595869525,139.1655001144924,j,0.7999999999999999,0.8,70.0,20.0,180.00000000000003,350.0,AA2024-T3,AA2024-T3,14184.566401036525
59.354784595869525,139.1655001144924,formed z,0.7999999999999999,0.8,70.0,20.0,180.00000000000003,350.0,AA2024-T3,AA2024-T3,14184.566401036525
59.354784595869525,139.1655001144924,z,0.7999999999999999,0.9000000000000001,70.0,20.0,180.00000000000003,350.0,AA2024-T3,AA2024-T3,14184.566401036525
59.354784595869525,139.1655001144924,z,0.7999999999999999,0.8,70.0,20.0,180.00000000000003,350.0,AA2024-T3,AA2024-T3,14054.057299381879
59.354784595869525,139.1655001144924,j,0.7999999999999999,0.9000000000000001,70.0,20.0,180.00000000000003,350.0,AA2024-T3,AA2024-T3,14184.566401036525
59.360368631294754,138.4207378456592,j,0.7999999999999999,0.9000000000000001,59.99999999999999,20.0,160.00000000000003,300.0,AA2024-T3,AA2024-T3,1141953.6985380528
59.360368631294754,138.4207378456592,formed z,0.7999999999999999,0.9000000000000001,59.99999999999999,20.0,160.00000000000003,300.0,AA2024-T3,AA2024-T3,1141953.6985380528
59.360368631294754,138.4207378456592,formed z,0.7999999999999999,0.8,59.99999999999999,20.0,160.00000000000003,300.0,AA2024-T3,AA2024-T3,1141953.6985380528
59.360368631294754,138.4207378456592,j,0.7999999999999999,0.8,59.99999999999999,20.0,160.00000000000003,300.0,AA2024-T3,AA2024-T3,1141953.6985380528
59.360368631294754,138.4207378456592,z,0.7999999999999999,0.9000000000000001,59.99999999999999,20.0,160.00000000000003,300.0,AA2024-T3,AA2024-T3,1141953.6985380528
59.360368631294754,138.4207378456592,z,0.7999999999999999,0.8,59.99999999999999,20.0,160.00000000000003,300.0,AA2024-T3,AA2024-T3,1141953.6985380528
59.408525972818666,122.15496726276467,z,0.6999999999999998,0.9000000000000001,59.99999999999999,20.0,120.00000000000001,399.99999999999994,AA2024-T3,AA2024-T3,797037.8732931738
59.408525972818666,122.15496726276467,j,0.6999999999999998,0.8,59.99999999999999,20.0,120.00000000000001,399.99999999999994,AA2024-T3,AA2024-T3,797037.8732931738
59.408525972818666,122.15496726276467,z,0.6999999999999998,0.8,59.99999999999999,20.0,120.00000000000001,399.99999999999994,AA2024-T3,AA2024-T3,797037.8732931738
59.408525972818666,122.15496726276467,formed z,0.6999999999999998,0.9000000000000001,59.99999999999999,20.0,120.00000000000001,399.99999999999994,AA2024-T3,AA2024-T3,797037.8732931738
59.408525972818666,122.15496726276467,formed z,0.6999999999999998,0.8,59.99999999999999,20.0,120.00000000000001,399.99999999999994,AA2024-T3,AA2024-T3,797037.8732931738
59.408525972818666,122.15496726276467,j,0.6999999999999998,0.9000000000000001,59.99999999999999,20.0,120.00000000000001,399.99999999999994,AA2024-T3,AA2024-T3,797037.8732931738
59.448897798856045,122.52462169043163,z,0.6999999999999998,0.8,70.0,20.0,140.0,449.99999999999994,AA2024-T3,AA2024-T3,990836.164995466
59.448897798856045,122.52462169043163,j,0.6999999999999998,0.9000000000000001,70.0,20.0,140.0,449.99999999999994,AA2024-T3,AA2024-T3,1003479.1078063641
59.448897798856045,122.52462169043163,formed z,0.6999999999999998,0.9000000000000001,70.0,20.0,140.0,449.99999999999994,AA2024-T3,AA2024-T3,1003479.1078063641
59.448897798856045,122.52462169043163,j,0.6999999999999998,0.8,70.0,20.0,140.0,449.99999999999994,AA2024-T3,AA2024-T3,1003479.1078063641
59.448897798856045,122.52462169043163,z,0.6999999999999998,0.9000000000000001,70.0,20.0,140.0,449.99999999999994,AA2024-T3,AA2024-T3,1003479.1078063641
59.448897798856045,122.52462169043163,formed z,0.6999999999999998,0.8,70.0,20.0,140.0,449.99999999999994,AA2024-T3,AA2024-T3,1003479.1078063641
59.55976310811825,104.00019289889224,formed z,0.6,0.8,70.0,20.0,120.00000000000001,300.0,AA2024-T3,AA2024-T3,857358.1940715474
59.55976310811825,104.00019289889224,j,0.6,0.9000000000000001,70.0,20.0,120.00000000000001,300.0,AA2024-T3,AA2024-T3,857358.1940715474
59.55976310811825,104.00019289889224,z,0.6,0.8,70.0,20.0,120.00000000000001,300.0,AA2024-T3,AA2024-T3,849795.7693722348
59.55976310811825,104.00019289889224,z,0.6,0.9000000000000001,70.0,20.0,120.00000000000001,300.0,AA2024-T3,AA2024-T3,857358.1940715474
59.55976310811825,104.00019289889224,formed z,0.6,0.9000000000000001,70.0,20.0,120.00000000000001,300.0,AA2024-T3,AA2024-T3,857358.1940715474
59.55976310811825,104.00019289889224,j,0.6,0.8,70.0,20.0,120.00000000000001,300.0,AA2024-T3,AA2024-T3,857358.1940715474
59.613767658369525,139.48346662083426,formed z,0.7999999999999999,0.8,40.0,20.0,100.0,350.0,AA2024-T3,AA2024-T3,41320.77572095928
59.613767658369525,139.48346662083426,formed z,0.7999999999999999,0.8,54.99999999999999,20.0,140.0,350.0,AA2024-T3,AA2024-T3,963824.8347727825
59.613767658369525,139.48346662083426,z,0.7999999999999999,0.8,54.99999999999999,20.0,140.0,350.0,AA2024-T3,AA2024-T3,963824.8347727825
59.613767658369525,139.48346662083426,formed z,0.7999999999999999,0.9000000000000001,54.99999999999999,20.0,140.0,350.0,AA2024-T3,AA2024-T3,963824.8347727825
59.613767658369525,139.48346662083426,j,0.7999999999999999,0.9000000000000001,54.99999999999999,20.0,140.0,350.0,AA2024-T3,AA2024-T3,963824.8347727825
59.613767658369525,139.48346662083426,z,0.7999999999999999,0.9000000000000001,54.99999999999999,20.0,140.0,350.0,AA2024-T3,AA2024-T3,963824.8347727825
59.613767658369525,139.48346662083426,z,0.7999999999999999,0.8,40.0,20.0,100.0,350.0,AA2024-T3,AA2024-T3,41320.77572095928
59.613767658369525,139.48346662083426,j,0.7999999999999999,0.9000000000000001,40.0,20.0,100.0,350.0,AA2024-T3,AA2024-T3,41320.77572095928
59.613767658369525,139.48346662083426,z,0.7999999999999999,0.9000000000000001,40.0,20.0,100.0,350.0,AA2024-T3,AA2024-T3,41320.77572095928
59.613767658369525,139.48346662083426,j,0.7999999999999999,0.8,54.99999999999999,20.0,140.0,350.0,AA2024-T3,AA2024-T3,963824.8347727825
59.613767658369525,139.48346662083426,formed z,0.7999999999999999,0.9000000000000001,40.0,20.0,100.0,350.0,AA2024-T3,AA2024-T3,41320.77572095928
59.613767658369525,139.48346662083426,j,0.7999999999999999,0.8,40.0,20.0,100.0,350.0,AA2024-T3,AA2024-T3,41320.77572095928
59.62713720928127,122.06237873977811,j,0.6999999999999998,0.9000000000000001,49.99999999999999,20.0,100.0,350.0,AA2024-T3,AA2024-T3,24021.47413675595
59.62713720928127,122.06237873977811,formed z,0.6999999999999998,0.8,49.99999999999999,20.0,100.0,350.0,AA2024-T3,AA2024-T3,24021.47413675595
59.62713720928127,122.06237873977811,z,0.6999999999999998,0.8,49.99999999999999,20.0,100.0,350.0,AA2024-T3,AA2024-T3,24021.47413675595
59.62713720928127,122.06237873977811,formed z,0.6999999999999998,0.9000000000000001,49.99999999999999,20.0,100.0,350.0,AA2024-T3,AA2024-T3,24021.47413675595
59.62713720928127,122.06237873977811,j,0.6999999999999998,0.8,49.99999999999999,20.0,100.0,350.0,AA2024-T3,AA2024-T3,24021.474136755947
59.62713720928127,122.06237873977811,z,0.6999999999999998,0.9000000000000001,49.99999999999999,20.0,100.0,350.0,AA2024-T3,AA2024-T3,24021.47413675595
59.64050676019302,104.63719071477263,j,0.6,0.9000000000000001,59.99999999999999,20.0,100.0,350.0,AA2024-T3,AA2024-T3,620872.8920881863
59.64050676019302,104.63719071477263,formed z,0.6,0.8,59.99999999999999,20.0,100.0,350.0,AA2024-T3,AA2024-T3,620872.8920881869
59.64050676019302,104.63719071477263,z,0.6,0.8,59.99999999999999,20.0,100.0,350.0,AA2024-T3,AA2024-T3,620872.8920881863
59.64050676019302,104.63719071477263,formed z,0.6,0.9000000000000001,59.99999999999999,20.0,100.0,350.0,AA2024-T3,AA2024-T3,620872.8920881863
59.64050676019302,104.63719071477263,j,0.6,0.8,59.99999999999999,20.0,100.0,350.0,AA2024-T3,AA2024-T3,620872.8920881863
59.64050676019302,104.63719071477263,z,0.6,0.9000000000000001,59.99999999999999,20.0,100.0,350.0,AA2024-T3,AA2024-T3,620872.8920881869
59.6513474666943,140.27522966185762,z,0.7999999999999999,0.8,65.0,20.0,160.00000000000003,449.99999999999994,AA2024-T3,AA2024-T3,1142782.333745699
59.6513474666943,140.27522966185762,formed z,0.7999999999999999,0.9000000000000001,65.0,20.0,160.00000000000003,449.99999999999994,AA2024-T3,AA2024-T3,1142782.333745699
59.6513474666943,140.27522966185762,formed z,0.7999999999999999,0.8,65.0,20.0,160.00000000000003,449.99999999999994,AA2024-T3,AA2024-T3,1142782.333745699
59.6513474666943,140.27522966185762,z,0.7999999999999999,0.9000000000000001,65.0,20.0,160.00000000000003,449.99999999999994,AA2024-T3,AA2024-T3,1142782.333745699
59.6513474666943,140.27522966185762,j,0.7999999999999999,0.9000000000000001,65.0,20.0,160.00000000000003,449.99999999999994,AA2024-T3,AA2024-T3,1142782.333745699
59.6513474666943,140.27522966185762,j,0.7999999999999999,0.8,65.0,20.0,160.00000000000003,449.99999999999994,AA2024-T3,AA2024-T3,1142782.333745699
59.65387631110477,87.20790326871,z,0.5,0.8,70.0,20.0,100.0,350.0,AA2024-T3,AA2024-T3,708870.8329887068
59.65387631110477,87.20790326871,j,0.5,0.9000000000000001,70.0,20.0,100.0,350.0,AA2024-T3,AA2024-T3,716122.4610690578
59.65387631110477,87.20790326871,formed z,0.5,0.9000000000000001,70.0,20.0,100.0,350.0,AA2024-T3,AA2024-T3,716122.4610690578
59.65387631110477,87.20790326871,formed z,0.5,0.8,70.0,20.0,100.0,350.0,AA2024-T3,AA2024-T3,716122.4610690578
59.65387631110477,87.20790326871,j,0.5,0.8,70.0,20.0,100.0,350.0,AA2024-T3,AA2024-T3,716122.4610690578
59.65387631110477,87.20790326871,z,0.5,0.9000000000000001,70.0,20.0,100.0,350.0,AA2024-T3,AA2024-T3,716122.4610690578
59.713464896781275,122.15496726276467,z,0.6999999999999998,0.9000000000000001,59.99999999999999,20.0,120.00000000000001,350.0,AA2024-T3,AA2024-T3,797037.8732931738
59.713464896781275,122.15496726276467,j,0.6999999999999998,0.9000000000000001,59.99999999999999,20.0,120.00000000000001,350.0,AA2024-T3,AA2024-T3,797037.8732931738
59.713464896781275,122.15496726276467,formed z,0.6999999999999998,0.9000000000000001,59.99999999999999,20.0,120.00000000000001,350.0,AA2024-T3,AA2024-T3,797037.8732931738
59.713464896781275,122.15496726276467,formed z,0.6999999999999998,0.8,59.99999999999999,20.0,120.00000000000001,350.0,AA2024-T3,AA2024-T3,797037.8732931738
59.713464896781275,122.15496726276467,j,0.6999999999999998,0.8,59.99999999999999,20.0,120.00000000000001,350.0,AA2024-T3,AA2024-T3,797037.8732931738
59.713464896781275,122.15496726276467,z,0.6999999999999998,0.8,59.99999999999999,20.0,120.00000000000001,350.0,AA2024-T3,AA2024-T3,797037.8732931738
59.75383672281866,122.52462169043163,j,0.6999999999999998,0.8,70.0,20.0,140.0,399.99999999999994,AA2024-T3,AA2024-T3,1003479.1078063641
59.75383672281866,122.52462169043163,formed z,0.6999999999999998,0.9000000000000001,70.0,20.0,140.0,399.99999999999994,AA2024-T3,AA2024-T3,1003479.1078063641
59.75383672281866,122.52462169043163,formed z,0.6999999999999998,0.8,70.0,20.0,140.0,399.99999999999994,AA2024-T3,AA2024-T3,1003479.1078063641
59.75383672281866,122.52462169043163,z,0.6999999999999998,0.8,70.0,20.0,140.0,399.99999999999994,AA2024-T3,AA2024-T3,992128.9591732617
59.75383672281866,122.52462169043163,z,0.6999999999999998,0.9000000000000001,70.0,20.0,140.0,399.99999999999994,AA2024-T3,AA2024-T3,1003479.1078063641
59.75383672281866,122.52462169043163,j,0.6999999999999998,0.9000000000000001,70.0,20.0,140.0,399.99999999999994,AA2024-T3,AA2024-T3,1003479.1078063641
59.8671666854443,140.53815942794353,j,0.7999999999999999,0.9000000000000001,49.99999999999999,20.0,120.00000000000001,449.99999999999994,AA2024-T3,AA2024-T3,275683.522664991
59.8671666854443,140.53815942794353,formed z,0.7999999999999999,0.8,49.99999999999999,20.0,120.00000000000001,449.99999999999994,AA2024-T3,AA2024-T3,275683.522664991
59.8671666854443,140.53815942794353,formed z,0.7999999999999999,0.9000000000000001,49.99999999999999,20.0,120.00000000000001,449.99999999999994,AA2024-T3,AA2024-T3,275683.522664991
59.8671666854443,140.53815942794353,z,0.7999999999999999,0.8,49.99999999999999,20.0,120.00000000000001,449.99999999999994,AA2024-T3,AA2024-T3,275683.522664991
59.8671666854443,140.53815942794353,z,0.7999999999999999,0.9000000000000001,49.99999999999999,20.0,120.00000000000001,449.99999999999994,AA2024-T3,AA2024-T3,275683.522664991
59.8671666854443,140.53815942794353,j,0.7999999999999999,0.8,49.99999999999999,20.0,120.00000000000001,449.99999999999994,AA2024-T3,AA2024-T3,275683.52266499173
59.95628639065691,140.27522966185762,z,0.7999999999999999,0.9000000000000001,65.0,20.0,160.00000000000003,399.99999999999994,AA2024-T3,AA2024-T3,1142782.333745699
59.95628639065691,140.27522966185762,formed z,0.7999999999999999,0.8,65.0,20.0,160.00000000000003,399.99999999999994,AA2024-T3,AA2024-T3,1142782.333745699
59.95628639065691,140.27522966185762,j,0.7999999999999999,0.9000000000000001,65.0,20.0,160.00000000000003,399.99999999999994,AA2024-T3,AA2024-T3,1142782.333745699
59.95628639065691,140.27522966185762,j,0.7999999999999999,0.8,65.0,20.0,160.00000000000003,399.99999999999994,AA2024-T3,AA2024-T3,1142782.333745699
59.95628639065691,140.27522966185762,z,0.7999999999999999,0.8,65.0,20.0,160.00000000000003,399.99999999999994,AA2024-T3,AA2024-T3,1142782.333745699
59.95628639065691,140.27522966185762,formed z,0.7999999999999999,0.9000000000000001,65.0,20.0,160.00000000000003,399.99999999999994,AA2024-T3,AA2024-T3,1142782.333745699
59.96466244379475,139.1655001144924,formed z,0.7999999999999999,0.9000000000000001,70.0,20.0,180.00000000000003,300.0,AA2024-T3,AA2024-T3,14184.566401036525
59.96466244379475,139.1655001144924,z,0.7999999999999999,0.9000000000000001,70.0,20.0,180.00000000000003,300.0,AA2024-T3,AA2024-T3,14184.566401036525
59.96466244379475,139.1655001144924,z,0.7999999999999999,0.8,70.0,20.0,180.00000000000003,300.0,AA2024-T3,AA2024-T3,14069.758247388689
59.96466244379475,139.1655001144924,j,0.7999999999999999,0.9000000000000001,70.0,20.0,180.00000000000003,300.0,AA2024-T3,AA2024-T3,14184.566401036525
59.96466244379475,139.1655001144924,formed z,0.7999999999999999,0.8,70.0,20.0,180.00000000000003,300.0,AA2024-T3,AA2024-T3,14184.566401036525
59.96466244379475,139.1655001144924,j,0.7999999999999999,0.8,70.0,20.0,180.00000000000003,300.0,AA2024-T3,AA2024-T3,14184.566401036525
60.05877564678127,122.52462169043163,j,0.6999999999999998,0.9000000000000001,70.0,20.0,140.0,350.0,AA2024-T3,AA2024-T3,1003479.1078063641
60.05877564678127,122.52462169043163,j,0.6999999999999998,0.8,70.0,20.0,140.0,350.0,AA2024-T3,AA2024-T3,1003479.1078063641
60.05877564678127,122.52462169043163,formed z,0.6999999999999998,0.9000000000000001,70.0,20.0,140.0,350.0,AA2024-T3,AA2024-T3,1003479.1078063641
60.05877564678127,122.52462169043163,z,0.6999999999999998,0.8,70.0,20.0,140.0,350.0,AA2024-T3,AA2024-T3,993402.0275375708
60.05877564678127,122.52462169043163,formed z,0.6999999999999998,0.8,70.0,20.0,140.0,350.0,AA2024-T3,AA2024-T3,1003479.1078063641
60.05877564678127,122.52462169043163,z,0.6999999999999998,0.9000000000000001,70.0,20.0,140.0,350.0,AA2024-T3,AA2024-T3,1003479.1078063641
60.17210560940691,140.53815942794353,j,0.7999999999999999,0.8,49.99999999999999,20.0,120.00000000000001,399.99999999999994,AA2024-T3,AA2024-T3,275683.52266499173
60.17210560940691,140.53815942794353,j,0.7999999999999999,0.9000000000000001,49.99999999999999,20.0,120.00000000000001,399.99999999999994,AA2024-T3,AA2024-T3,275683.522664991
60.17210560940691,140.53815942794353,formed z,0.7999999999999999,0.9000000000000001,49.99999999999999,20.0,120.00000000000001,399.99999999999994,AA2024-T3,AA2024-T3,275683.522664991
60.17210560940691,140.53815942794353,z,0.7999999999999999,0.8,49.99999999999999,20.0,120.00000000000001,399.99999999999994,AA2024-T3,AA2024-T3,275683.522664991
60.17210560940691,140.53815942794353,formed z,0.7999999999999999,0.8,49.99999999999999,20.0,120.00000000000001,399.99999999999994,AA2024-T3,AA2024-T3,275683.522664991
60.17210560940691,140.53815942794353,z,0.7999999999999999,0.9000000000000001,49.99999999999999,20.0,120.00000000000001,399.99999999999994,AA2024-T3,AA2024-T3,275683.522664991
60.22364550629475,139.48346662083426,formed z,0.7999999999999999,0.8,54.99999999999999,20.0,140.0,300.0,AA2024-T3,AA2024-T3,963824.8347727825
60.22364550629475,139.48346662083426,formed z,0.7999999999999999,0.8,40.0,20.0,100.0,300.0,AA2024-T3,AA2024-T3,41320.77572095928
60.22364550629475,139.48346662083426,z,0.7999999999999999,0.9000000000000001,54.99999999999999,20.0,140.0,300.0,AA2024-T3,AA2024-T3,963824.8347727825
60.22364550629475,139.48346662083426,formed z,0.7999999999999999,0.9000000000000001,54.99999999999999,20.0,140.0,300.0,AA2024-T3,AA2024-T3,963824.8347727825
60.22364550629475,139.48346662083426,formed z,0.7999999999999999,0.9000000000000001,40.0,20.0,100.0,300.0,AA2024-T3,AA2024-T3,41320.77572095928
60.22364550629475,139.48346662083426,j,0.7999999999999999,0.9000000000000001,40.0,20.0,100.0,300.0,AA2024-T3,AA2024-T3,41320.77572095928
60.22364550629475,139.48346662083426,j,0.7999999999999999,0.8,40.0,20.0,100.0,300.0,AA2024-T3,AA2024-T3,41320.77572095928
60.22364550629475,139.48346662083426,z,0.7999999999999999,0.9000000000000001,40.0,20.0,100.0,300.0,AA2024-T3,AA2024-T3,41320.77572095928
60.22364550629475,139.48346662083426,z,0.7999999999999999,0.8,54.99999999999999,20.0,140.0,300.0,AA2024-T3,AA2024-T3,963824.8347727825
60.22364550629475,139.48346662083426,j,0.7999999999999999,0.9000000000000001,54.99999999999999,20.0,140.0,300.0,AA2024-T3,AA2024-T3,963824.8347727825
60.22364550629475,139.48346662083426,j,0.7999999999999999,0.8,54.99999999999999,20.0,140.0,300.0,AA2024-T3,AA2024-T3,963824.8347727825
60.22364550629475,139.48346662083426,z,0.7999999999999999,0.8,40.0,20.0,100.0,300.0,AA2024-T3,AA2024-T3,41320.77572095928
60.2370150572065,122.06237873977811,formed z,0.6999999999999998,0.9000000000000001,49.99999999999999,20.0,100.0,300.0,AA2024-T3,AA2024-T3,24021.47413675595
60.2370150572065,122.06237873977811,j,0.6999999999999998,0.8,49.99999999999999,20.0,100.0,300.0,AA2024-T3,AA2024-T3,24021.474136755947
60.2370150572065,122.06237873977811,formed z,0.6999999999999998,0.8,49.99999999999999,20.0,100.0,300.0,AA2024-T3,AA2024-T3,24021.47413675595
60.2370150572065,122.06237873977811,z,0.6999999999999998,0.9000000000000001,49.99999999999999,20.0,100.0,300.0,AA2024-T3,AA2024-T3,24021.47413675595
60.2370150572065,122.06237873977811,j,0.6999999999999998,0.9000000000000001,49.99999999999999,20.0,100.0,300.0,AA2024-T3,AA2024-T3,24021.47413675595
60.2370150572065,122.06237873977811,z,0.6999999999999998,0.8,49.99999999999999,20.0,100.0,300.0,AA2024-T3,AA2024-T3,24021.47413675595
60.250384608118246,104.63719071477263,z,0.6,0.8,59.99999999999999,20.0,100.0,300.0,AA2024-T3,AA2024-T3,620872.8920881863
60.250384608118246,104.63719071477263,formed z,0.6,0.8,59.99999999999999,20.0,100.0,300.0,AA2024-T3,AA2024-T3,620872.8920881869
60.250384608118246,104.63719071477263,formed z,0.6,0.9000000000000001,59.99999999999999,20.0,100.0,300.0,AA2024-T3,AA2024-T3,620872.8920881863
60.250384608118246,104.63719071477263,j,0.6,0.9000000000000001,59.99999999999999,20.0,100.0,300.0,AA2024-T3,AA2024-T3,620872.8920881863
60.250384608118246,104.63719071477263,j,0.6,0.8,59.99999999999999,20.0,100.0,300.0,AA2024-T3,AA2024-T3,620872.8920881863
60.250384608118246,104.63719071477263,z,0.6,0.9000000000000001,59.99999999999999,20.0,100.0,300.0,AA2024-T3,AA2024-T3,620872.8920881869
60.26122531461952,140.27522966185762,j,0.7999999999999999,0.8,65.0,20.0,160.00000000000003,350.0,AA2024-T3,AA2024-T3,1142782.333745699
60.26122531461952,140.27522966185762,formed z,0.7999999999999999,0.9000000000000001,65.0,20.0,160.00000000000003,350.0,AA2024-T3,AA2024-T3,1142782.333745699
60.26122531461952,140.27522966185762,j,0.7999999999999999,0.9000000000000001,65.0,20.0,160.00000000000003,350.0,AA2024-T3,AA2024-T3,1142782.333745699
60.26122531461952,140.27522966185762,formed z,0.7999999999999999,0.8,65.0,20.0,160.00000000000003,350.0,AA2024-T3,AA2024-T3,1142782.333745699
60.26122531461952,140.27522966185762,z,0.7999999999999999,0.9000000000000001,65.0,20.0,160.00000000000003,350.0,AA2024-T3,AA2024-T3,1142782.333745699
60.26122531461952,140.27522966185762,z,0.7999999999999999,0.8,65.0,20.0,160.00000000000003,350.0,AA2024-T3,AA2024-T3,1142782.333745699
60.26375415902999,87.20790326871,j,0.5,0.8,70.0,20.0,100.0,300.0,AA2024-T3,AA2024-T3,716122.4610690578
60.26375415902999,87.20790326871,z,0.5,0.8,70.0,20.0,100.0,300.0,AA2024-T3,AA2024-T3,709772.7993771053
60.26375415902999,87.20790326871,z,0.5,0.9000000000000001,70.0,20.0,100.0,300.0,AA2024-T3,AA2024-T3,716122.4610690578
60.26375415902999,87.20790326871,j,0.5,0.9000000000000001,70.0,20.0,100.0,300.0,AA2024-T3,AA2024-T3,716122.4610690578
60.26375415902999,87.20790326871,formed z,0.5,0.9000000000000001,70.0,20.0,100.0,300.0,AA2024-T3,AA2024-T3,716122.4610690578
60.26375415902999,87.20790326871,formed z,0.5,0.8,70.0,20.0,100.0,300.0,AA2024-T3,AA2024-T3,716122.4610690578
60.323342744706494,122.15496726276467,j,0.6999999999999998,0.9000000000000001,59.99999999999999,20.0,120.00000000000001,300.0,AA2024-T3,AA2024-T3,797037.8732931738
60.323342744706494,122.15496726276467,z,0.6999999999999998,0.8,59.99999999999999,20.0,120.00000000000001,300.0,AA2024-T3,AA2024-T3,797037.8732931738
60.323342744706494,122.15496726276467,z,0.6999999999999998,0.9000000000000001,59.99999999999999,20.0,120.00000000000001,300.0,AA2024-T3,AA2024-T3,797037.8732931738
60.323342744706494,122.15496726276467,formed z,0.6999999999999998,0.9000000000000001,59.99999999999999,20.0,120.00000000000001,300.0,AA2024-T3,AA2024-T3,797037.8732931738
60.323342744706494,122.15496726276467,formed z,0.6999999999999998,0.8,59.99999999999999,20.0,120.00000000000001,300.0,AA2024-T3,AA2024-T3,797037.8732931738
60.323342744706494,122.15496726276467,j,0.6999999999999998,0.8,59.99999999999999,20.0,120.00000000000001,300.0,AA2024-T3,AA2024-T3,797037.8732931738
60.47704453336952,140.53815942794353,j,0.7999999999999999,0.8,49.99999999999999,20.0,120.00000000000001,350.0,AA2024-T3,AA2024-T3,275683.52266499173
60.47704453336952,140.53815942794353,formed z,0.7999999999999999,0.8,49.99999999999999,20.0,120.00000000000001,350.0,AA2024-T3,AA2024-T3,275683.522664991
60.47704453336952,140.53815942794353,z,0.7999999999999999,0.9000000000000001,49.99999999999999,20.0,120.00000000000001,350.0,AA2024-T3,AA2024-T3,275683.522664991
60.47704453336952,140.53815942794353,formed z,0.7999999999999999,0.9000000000000001,49.99999999999999,20.0,120.00000000000001,350.0,AA2024-T3,AA2024-T3,275683.522664991
60.47704453336952,140.53815942794353,z,0.7999999999999999,0.8,49.99999999999999,20.0,120.00000000000001,350.0,AA2024-T3,AA2024-T3,275683.522664991
60.47704453336952,140.53815942794353,j,0.7999999999999999,0.9000000000000001,49.99999999999999,20.0,120.00000000000001,350.0,AA2024-T3,AA2024-T3,275683.522664991
60.6686534947065,122.52462169043163,formed z,0.6999999999999998,0.8,70.0,20.0,140.0,300.0,AA2024-T3,AA2024-T3,1003479.1078063641
60.6686534947065,122.52462169043163,z,0.6999999999999998,0.9000000000000001,70.0,20.0,140.0,300.0,AA2024-T3,AA2024-T3,1003479.1078063641
60.6686534947065,122.52462169043163,j,0.6999999999999998,0.9000000000000001,70.0,20.0,140.0,300.0,AA2024-T3,AA2024-T3,1003479.1078063641
60.6686534947065,122.52462169043163,j,0.6999999999999998,0.8,70.0,20.0,140.0,300.0,AA2024-T3,AA2024-T3,1003479.1078063641
60.6686534947065,122.52462169043163,z,0.6999999999999998,0.8,70.0,20.0,140.0,300.0,AA2024-T3,AA2024-T3,994655.9085444531
60.6686534947065,122.52462169043163,formed z,0.6999999999999998,0.9000000000000001,70.0,20.0,140.0,300.0,AA2024-T3,AA2024-T3,1003479.1078063641
60.7304435604443,141.58499585133572,j,0.7999999999999999,0.9000000000000001,59.99999999999999,20.0,140.0,449.99999999999994,AA2024-T3,AA2024-T3,964683.4154757552
60.7304435604443,141.58499585133572,j,0.7999999999999999,0.8,59.99999999999999,20.0,140.0,449.99999999999994,AA2024-T3,AA2024-T3,964683.4154757552
60.7304435604443,141.58499585133572,z,0.7999999999999999,0.8,59.99999999999999,20.0,140.0,449.99999999999994,AA2024-T3,AA2024-T3,964683.4154757552
60.7304435604443,141.58499585133572,z,0.7999999999999999,0.9000000000000001,59.99999999999999,20.0,140.0,449.99999999999994,AA2024-T3,AA2024-T3,964683.4154757552
60.7304435604443,141.58499585133572,formed z,0.7999999999999999,0.8,59.99999999999999,20.0,140.0,449.99999999999994,AA2024-T3,AA2024-T3,964683.4154757552
60.7304435604443,141.58499585133572,formed z,0.7999999999999999,0.9000000000000001,59.99999999999999,20.0,140.0,449.99999999999994,AA2024-T3,AA2024-T3,964683.4154757552
60.87110316254475,140.27522966185762,formed z,0.7999999999999999,0.9000000000000001,65.0,20.0,160.00000000000003,300.0,AA2024-T3,AA2024-T3,1142782.333745699
60.87110316254475,140.27522966185762,j,0.7999999999999999,0.9000000000000001,65.0,20.0,160.00000000000003,300.0,AA2024-T3,AA2024-T3,1142782.333745699
60.87110316254475,140.27522966185762,formed z,0.7999999999999999,0.8,65.0,20.0,160.00000000000003,300.0,AA2024-T3,AA2024-T3,1142782.333745699
60.87110316254475,140.27522966185762,z,0.7999999999999999,0.8,65.0,20.0,160.00000000000003,300.0,AA2024-T3,AA2024-T3,1142782.333745699
60.87110316254475,140.27522966185762,j,0.7999999999999999,0.8,65.0,20.0,160.00000000000003,300.0,AA2024-T3,AA2024-T3,1142782.333745699
60.87110316254475,140.27522966185762,z,0.7999999999999999,0.9000000000000001,65.0,20.0,160.00000000000003,300.0,AA2024-T3,AA2024-T3,1142782.333745699
61.03538248440692,141.58499585133572,formed z,0.7999999999999999,0.8,59.99999999999999,20.0,140.0,399.99999999999994,AA2024-T3,AA2024-T3,964683.4154757552
61.03538248440692,141.58499585133572,z,0.7999999999999999,0.9000000000000001,59.99999999999999,20.0,140.0,399.99999999999994,AA2024-T3,AA2024-T3,964683.4154757552
61.03538248440692,141.58499585133572,j,0.7999999999999999,0.8,59.99999999999999,20.0,140.0,399.99999999999994,AA2024-T3,AA2024-T3,964683.4154757552
61.03538248440692,141.58499585133572,z,0.7999999999999999,0.8,59.99999999999999,20.0,140.0,399.99999999999994,AA2024-T3,AA2024-T3,964683.4154757552
61.03538248440692,141.58499585133572,formed z,0.7999999999999999,0.9000000000000001,59.99999999999999,20.0,140.0,399.99999999999994,AA2024-T3,AA2024-T3,964683.4154757552
61.03538248440692,141.58499585133572,j,0.7999999999999999,0.9000000000000001,59.99999999999999,20.0,140.0,399.99999999999994,AA2024-T3,AA2024-T3,964683.4154757552
61.086922381294755,140.53815942794353,formed z,0.7999999999999999,0.9000000000000001,49.99999999999999,20.0,120.00000000000001,300.0,AA2024-T3,AA2024-T3,275683.522664991
61.086922381294755,140.53815942794353,z,0.7999999999999999,0.9000000000000001,49.99999999999999,20.0,120.00000000000001,300.0,AA2024-T3,AA2024-T3,275683.522664991
61.086922381294755,140.53815942794353,j,0.7999999999999999,0.8,49.99999999999999,20.0,120.00000000000001,300.0,AA2024-T3,AA2024-T3,275683.52266499173
61.086922381294755,140.53815942794353,z,0.7999999999999999,0.8,49.99999999999999,20.0,120.00000000000001,300.0,AA2024-T3,AA2024-T3,275683.522664991
61.086922381294755,140.53815942794353,j,0.7999999999999999,0.9000000000000001,49.99999999999999,20.0,120.00000000000001,300.0,AA2024-T3,AA2024-T3,275683.522664991
61.086922381294755,140.53815942794353,formed z,0.7999999999999999,0.8,49.99999999999999,20.0,120.00000000000001,300.0,AA2024-T3,AA2024-T3,275683.522664991
61.08912386135604,124.26546448676211,formed z,0.6999999999999998,0.8,65.0,20.0,120.00000000000001,449.99999999999994,AA2024-T3,AA2024-T3,797679.3175498612
61.08912386135604,124.26546448676211,j,0.6999999999999998,0.9000000000000001,65.0,20.0,120.00000000000001,449.99999999999994,AA2024-T3,AA2024-T3,797679.3175498612
61.08912386135604,124.26546448676211,formed z,0.6999999999999998,0.9000000000000001,65.0,20.0,120.00000000000001,449.99999999999994,AA2024-T3,AA2024-T3,797679.3175498612
61.08912386135604,124.26546448676211,z,0.6999999999999998,0.9000000000000001,65.0,20.0,120.00000000000001,449.99999999999994,AA2024-T3,AA2024-T3,797679.3175498612
61.08912386135604,124.26546448676211,z,0.6999999999999998,0.8,65.0,20.0,120.00000000000001,449.99999999999994,AA2024-T3,AA2024-T3,797679.3175498612
61.08912386135604,124.26546448676211,j,0.6999999999999998,0.8,65.0,20.0,120.00000000000001,449.99999999999994,AA2024-T3,AA2024-T3,797679.3175498612
61.1620819979443,142.10552222780467,j,0.7999999999999999,0.8,70.0,20.0,160.00000000000003,449.99999999999994,AA2024-T3,AA2024-T3,1143589.9741662228
61.1620819979443,142.10552222780467,formed z,0.7999999999999999,0.9000000000000001,70.0,20.0,160.00000000000003,449.99999999999994,AA2024-T3,AA2024-T3,1143589.9741662228
61.1620819979443,142.10552222780467,z,0.7999999999999999,0.9000000000000001,70.0,20.0,160.00000000000003,449.99999999999994,AA2024-T3,AA2024-T3,1143589.9741662228
61.1620819979443,142.10552222780467,j,0.7999999999999999,0.9000000000000001,70.0,20.0,160.00000000000003,449.99999999999994,AA2024-T3,AA2024-T3,1143589.9741662228
61.1620819979443,142.10552222780467,formed z,0.7999999999999999,0.8,70.0,20.0,160.00000000000003,449.99999999999994,AA2024-T3,AA2024-T3,1143589.9741662228
61.1620819979443,142.10552222780467,z,0.7999999999999999,0.8,70.0,20.0,160.00000000000003,449.99999999999994,AA2024-T3,AA2024-T3,1129211.0845744335
61.340321408369526,141.58499585133572,formed z,0.7999999999999999,0.9000000000000001,59.99999999999999,20.0,140.0,350.0,AA2024-T3,AA2024-T3,964683.4154757552
61.340321408369526,141.58499585133572,z,0.7999999999999999,0.9000000000000001,59.99999999999999,20.0,140.0,350.0,AA2024-T3,AA2024-T3,964683.4154757552
61.340321408369526,141.58499585133572,z,0.7999999999999999,0.8,59.99999999999999,20.0,140.0,350.0,AA2024-T3,AA2024-T3,964683.4154757552
61.340321408369526,141.58499585133572,j,0.7999999999999999,0.8,59.99999999999999,20.0,140.0,350.0,AA2024-T3,AA2024-T3,964683.4154757552
61.340321408369526,141.58499585133572,j,0.7999999999999999,0.9000000000000001,59.99999999999999,20.0,140.0,350.0,AA2024-T3,AA2024-T3,964683.4154757552
61.340321408369526,141.58499585133572,formed z,0.7999999999999999,0.8,59.99999999999999,20.0,140.0,350.0,AA2024-T3,AA2024-T3,964683.4154757552
61.3779012166943,142.36507172176837,formed z,0.7999999999999999,0.8,44.99999999999999,20.0,100.0,449.99999999999994,AA2024-T3,AA2024-T3,41971.62562283383
61.3779012166943,142.36507172176837,formed z,0.7999999999999999,0.9000000000000001,44.99999999999999,20.0,100.0,449.99999999999994,AA2024-T3,AA2024-T3,41971.62562283383
61.3779012166943,142.36507172176837,j,0.7999999999999999,0.9000000000000001,44.99999999999999,20.0,100.0,449.99999999999994,AA2024-T3,AA2024-T3,41971.62562283383
61.3779012166943,142.36507172176837,j,0.7999999999999999,0.8,44.99999999999999,20.0,100.0,449.99999999999994,AA2024-T3,AA2024-T3,41971.62562283383
61.3779012166943,142.36507172176837,z,0.7999999999999999,0.8,44.99999999999999,20.0,100.0,449.99999999999994,AA2024-T3,AA2024-T3,41971.62562283383
61.3779012166943,142.36507172176837,z,0.7999999999999999,0.9000000000000001,44.99999999999999,20.0,100.0,449.99999999999994,AA2024-T3,AA2024-T3,41971.62562283383
61.391270767606045,124.58349287064472,formed z,0.6999999999999998,0.8,54.99999999999999,20.0,100.0,449.99999999999994,AA2024-T3,AA2024-T3,24670.941589968625
61.391270767606045,124.58349287064472,z,0.6999999999999998,0.8,54.99999999999999,20.0,100.0,449.99999999999994,AA2024-T3,AA2024-T3,24670.941589968625
61.391270767606045,124.58349287064472,j,0.6999999999999998,0.9000000000000001,54.99999999999999,20.0,100.0,449.99999999999994,AA2024-T3,AA2024-T3,24670.941589968625
61.391270767606045,124.58349287064472,z,0.6999999999999998,0.9000000000000001,54.99999999999999,20.0,100.0,449.99999999999994,AA2024-T3,AA2024-T3,24670.941589968625
61.391270767606045,124.58349287064472,j,0.6999999999999998,0.8,54.99999999999999,20.0,100.0,449.99999999999994,AA2024-T3,AA2024-T3,24670.941589968625
61.391270767606045,124.58349287064472,formed z,0.6999999999999998,0.9000000000000001,54.99999999999999,20.0,100.0,449.99999999999994,AA2024-T3,AA2024-T3,24670.941589968625
61.39406278531866,124.26546448676211,formed z,0.6999999999999998,0.9000000000000001,65.0,20.0,120.00000000000001,399.99999999999994,AA2024-T3,AA2024-T3,797679.3175498612
61.39406278531866,124.26546448676211,z,0.6999999999999998,0.9000000000000001,65.0,20.0,120.00000000000001,399.99999999999994,AA2024-T3,AA2024-T3,797679.3175498612
61.39406278531866,124.26546448676211,j,0.6999999999999998,0.9000000000000001,65.0,20.0,120.00000000000001,399.99999999999994,AA2024-T3,AA2024-T3,797679.3175498612
61.39406278531866,124.26546448676211,formed z,0.6999999999999998,0.8,65.0,20.0,120.00000000000001,399.99999999999994,AA2024-T3,AA2024-T3,797679.3175498612
61.39406278531866,124.26546448676211,j,0.6999999999999998,0.8,65.0,20.0,120.00000000000001,399.99999999999994,AA2024-T3,AA2024-T3,797679.3175498612
61.39406278531866,124.26546448676211,z,0.6999999999999998,0.8,65.0,20.0,120.00000000000001,399.99999999999994,AA2024-T3,AA2024-T3,797679.3175498612
61.40464031851779,106.79789691365798,j,0.6,0.9000000000000001,65.0,20.0,100.0,449.99999999999994,AA2024-T3,AA2024-T3,621555.93846519
61.40464031851779,106.79789691365798,formed z,0.6,0.8,65.0,20.0,100.0,449.99999999999994,AA2024-T3,AA2024-T3,621555.93846519
61.40464031851779,106.79789691365798,formed z,0.6,0.9000000000000001,65.0,20.0,100.0,449.99999999999994,AA2024-T3,AA2024-T3,621555.93846519
61.40464031851779,106.79789691365798,z,0.6,0.9000000000000001,65.0,20.0,100.0,449.99999999999994,AA2024-T3,AA2024-T3,621555.93846519
61.40464031851779,106.79789691365798,z,0.6,0.8,65.0,20.0,100.0,449.99999999999994,AA2024-T3,AA2024-T3,621555.93846519
61.40464031851779,106.79789691365798,j,0.6,0.8,65.0,20.0,100.0,449.99999999999994,AA2024-T3,AA2024-T3,621555.9384651905
61.467020921906915,142.10552222780467,z,0.7999999999999999,0.9000000000000001,70.0,20.0,160.00000000000003,399.99999999999994,AA2024-T3,AA2024-T3,1143589.9741662228
61.467020921906915,142.10552222780467,j,0.7999999999999999,0.9000000000000001,70.0,20.0,160.00000000000003,399.99999999999994,AA2024-T3,AA2024-T3,1143589.9741662228
61.467020921906915,142.10552222780467,j,0.7999999999999999,0.8,70.0,20.0,160.00000000000003,399.99999999999994,AA2024-T3,AA2024-T3,1143589.9741662228
61.467020921906915,142.10552222780467,formed z,0.7999999999999999,0.9000000000000001,70.0,20.0,160.00000000000003,399.99999999999994,AA2024-T3,AA2024-T3,1143589.9741662228
61.467020921906915,142.10552222780467,z,0.7999999999999999,0.8,70.0,20.0,160.00000000000003,399.99999999999994,AA2024-T3,AA2024-T3,1130681.5645588934
61.467020921906915,142.10552222780467,formed z,0.7999999999999999,0.8,70.0,20.0,160.00000000000003,399.99999999999994,AA2024-T3,AA2024-T3,1143589.9741662228
61.682840140656914,142.36507172176837,j,0.7999999999999999,0.8,44.99999999999999,20.0,100.0,399.99999999999994,AA2024-T3,AA2024-T3,41971.62562283383
61.682840140656914,142.36507172176837,formed z,0.7999999999999999,0.9000000000000001,44.99999999999999,20.0,100.0,399.99999999999994,AA2024-T3,AA2024-T3,41971.62562283383
61.682840140656914,142.36507172176837,z,0.7999999999999999,0.9000000000000001,44.99999999999999,20.0,100.0,399.99999999999994,AA2024-T3,AA2024-T3,41971.62562283383
61.682840140656914,142.36507172176837,j,0.7999999999999999,0.9000000000000001,44.99999999999999,20.0,100.0,399.99999999999994,AA2024-T3,AA2024-T3,41971.62562283383
61.682840140656914,142.36507172176837,z,0.7999999999999999,0.8,44.99999999999999,20.0,100.0,399.99999999999994,AA2024-T3,AA2024-T3,41971.62562283383
61.682840140656914,142.36507172176837,formed z,0.7999999999999999,0.8,44.99999999999999,20.0,100.0,399.99999999999994,AA2024-T3,AA2024-T3,41971.62562283383
61.69620969156867,124.58349287064472,j,0.6999999999999998,0.9000000000000001,54.99999999999999,20.0,100.0,399.99999999999994,AA2024-T3,AA2024-T3,24670.941589968625
61.69620969156867,124.58349287064472,z,0.6999999999999998,0.8,54.99999999999999,20.0,100.0,399.99999999999994,AA2024-T3,AA2024-T3,24670.941589968625
61.69620969156867,124.58349287064472,formed z,0.6999999999999998,0.8,54.99999999999999,20.0,100.0,399.99999999999994,AA2024-T3,AA2024-T3,24670.941589968625
61.69620969156867,124.58349287064472,z,0.6999999999999998,0.9000000000000001,54.99999999999999,20.0,100.0,399.99999999999994,AA2024-T3,AA2024-T3,24670.941589968625
61.69620969156867,124.58349287064472,formed z,0.6999999999999998,0.9000000000000001,54.99999999999999,20.0,100.0,399.99999999999994,AA2024-T3,AA2024-T3,24670.941589968625
61.69620969156867,124.58349287064472,j,0.6999999999999998,0.8,54.99999999999999,20.0,100.0,399.99999999999994,AA2024-T3,AA2024-T3,24670.941589968625
61.69900170928127,124.26546448676211,z,0.6999999999999998,0.8,65.0,20.0,120.00000000000001,350.0,AA2024-T3,AA2024-T3,797679.3175498612
61.69900170928127,124.26546448676211,j,0.6999999999999998,0.9000000000000001,65.0,20.0,120.00000000000001,350.0,AA2024-T3,AA2024-T3,797679.3175498612
61.69900170928127,124.26546448676211,formed z,0.6999999999999998,0.9000000000000001,65.0,20.0,120.00000000000001,350.0,AA2024-T3,AA2024-T3,797679.3175498612
61.69900170928127,124.26546448676211,z,0.6999999999999998,0.9000000000000001,65.0,20.0,120.00000000000001,350.0,AA2024-T3,AA2024-T3,797679.3175498612
61.69900170928127,124.26546448676211,formed z,0.6999999999999998,0.8,65.0,20.0,120.00000000000001,350.0,AA2024-T3,AA2024-T3,797679.3175498612
61.69900170928127,124.26546448676211,j,0.6999999999999998,0.8,65.0,20.0,120.00000000000001,350.0,AA2024-T3,AA2024-T3,797679.3175498612
61.7095792424804,106.79789691365798,z,0.6,0.9000000000000001,65.0,20.0,100.0,399.99999999999994,AA2024-T3,AA2024-T3,621555.93846519
61.7095792424804,106.79789691365798,j,0.6,0.9000000000000001,65.0,20.0,100.0,399.99999999999994,AA2024-T3,AA2024-T3,621555.93846519
61.7095792424804,106.79789691365798,formed z,0.6,0.9000000000000001,65.0,20.0,100.0,399.99999999999994,AA2024-T3,AA2024-T3,621555.93846519
61.7095792424804,106.79789691365798,z,0.6,0.8,65.0,20.0,100.0,399.99999999999994,AA2024-T3,AA2024-T3,621555.93846519
61.7095792424804,106.79789691365798,j,0.6,0.8,65.0,20.0,100.0,399.99999999999994,AA2024-T3,AA2024-T3,621555.9384651905
61.7095792424804,106.79789691365798,formed z,0.6,0.8,65.0,20.0,100.0,399.99999999999994,AA2024-T3,AA2024-T3,621555.93846519
61.771959845869524,142.10552222780467,z,0.7999999999999999,0.9000000000000001,70.0,20.0,160.00000000000003,350.0,AA2024-T3,AA2024-T3,1143589.9741662228
61.771959845869524,142.10552222780467,z,0.7999999999999999,0.8,70.0,20.0,160.00000000000003,350.0,AA2024-T3,AA2024-T3,1132129.5690746934
61.771959845869524,142.10552222780467,formed z,0.7999999999999999,0.8,70.0,20.0,160.00000000000003,350.0,AA2024-T3,AA2024-T3,1143589.9741662228
61.771959845869524,142.10552222780467,formed z,0.7999999999999999,0.9000000000000001,70.0,20.0,160.00000000000003,350.0,AA2024-T3,AA2024-T3,1143589.9741662228
61.771959845869524,142.10552222780467,j,0.7999999999999999,0.8,70.0,20.0,160.00000000000003,350.0,AA2024-T3,AA2024-T3,1143589.9741662228
61.771959845869524,142.10552222780467,j,0.7999999999999999,0.9000000000000001,70.0,20.0,160.00000000000003,350.0,AA2024-T3,AA2024-T3,1143589.9741662228
61.852703497944304,142.93442161879705,formed z,0.7999999999999999,0.9000000000000001,54.99999999999999,20.0,120.00000000000001,449.99999999999994,AA2024-T3,AA2024-T3,276262.78940184053
61.852703497944304,142.93442161879705,formed z,0.7999999999999999,0.8,54.99999999999999,20.0,120.00000000000001,449.99999999999994,AA2024-T3,AA2024-T3,276262.78940184053
61.852703497944304,142.93442161879705,z,0.7999999999999999,0.9000000000000001,54.99999999999999,20.0,120.00000000000001,449.99999999999994,AA2024-T3,AA2024-T3,276262.78940184053
61.852703497944304,142.93442161879705,z,0.7999999999999999,0.8,54.99999999999999,20.0,120.00000000000001,449.99999999999994,AA2024-T3,AA2024-T3,276262.78940184053
61.852703497944304,142.93442161879705,j,0.7999999999999999,0.8,54.99999999999999,20.0,120.00000000000001,449.99999999999994,AA2024-T3,AA2024-T3,276262.78940184053
61.852703497944304,142.93442161879705,j,0.7999999999999999,0.9000000000000001,54.99999999999999,20.0,120.00000000000001,449.99999999999994,AA2024-T3,AA2024-T3,276262.78940184053
61.95019925629475,141.58499585133572,z,0.7999999999999999,0.9000000000000001,59.99999999999999,20.0,140.0,300.0,AA2024-T3,AA2024-T3,964683.4154757552
61.95019925629475,141.58499585133572,formed z,0.7999999999999999,0.8,59.99999999999999,20.0,140.0,300.0,AA2024-T3,AA2024-T3,964683.4154757552
61.95019925629475,141.58499585133572,z,0.7999999999999999,0.8,59.99999999999999,20.0,140.0,300.0,AA2024-T3,AA2024-T3,964683.4154757552
61.95019925629475,141.58499585133572,j,0.7999999999999999,0.8,59.99999999999999,20.0,140.0,300.0,AA2024-T3,AA2024-T3,964683.4154757552
61.95019925629475,141.58499585133572,j,0.7999999999999999,0.9000000000000001,59.99999999999999,20.0,140.0,300.0,AA2024-T3,AA2024-T3,964683.4154757552
61.95019925629475,141.58499585133572,formed z,0.7999999999999999,0.9000000000000001,59.99999999999999,20.0,140.0,300.0,AA2024-T3,AA2024-T3,964683.4154757552
61.987779064619524,142.36507172176837,formed z,0.7999999999999999,0.9000000000000001,44.99999999999999,20.0,100.0,350.0,AA2024-T3,AA2024-T3,41971.62562283383
61.987779064619524,142.36507172176837,z,0.7999999999999999,0.9000000000000001,44.99999999999999,20.0,100.0,350.0,AA2024-T3,AA2024-T3,41971.62562283383
61.987779064619524,142.36507172176837,formed z,0.7999999999999999,0.8,44.99999999999999,20.0,100.0,350.0,AA2024-T3,AA2024-T3,41971.62562283383
61.987779064619524,142.36507172176837,j,0.7999999999999999,0.8,44.99999999999999,20.0,100.0,350.0,AA2024-T3,AA2024-T3,41971.62562283383
61.987779064619524,142.36507172176837,j,0.7999999999999999,0.9000000000000001,44.99999999999999,20.0,100.0,350.0,AA2024-T3,AA2024-T3,41971.62562283383
61.987779064619524,142.36507172176837,z,0.7999999999999999,0.8,44.99999999999999,20.0,100.0,350.0,AA2024-T3,AA2024-T3,41971.62562283383
62.00114861553128,124.58349287064472,j,0.6999999999999998,0.8,54.99999999999999,20.0,100.0,350.0,AA2024-T3,AA2024-T3,24670.941589968625
62.00114861553128,124.58349287064472,formed z,0.6999999999999998,0.9000000000000001,54.99999999999999,20.0,100.0,350.0,AA2024-T3,AA2024-T3,24670.941589968625
62.00114861553128,124.58349287064472,formed z,0.6999999999999998,0.8,54.99999999999999,20.0,100.0,350.0,AA2024-T3,AA2024-T3,24670.941589968625
62.00114861553128,124.58349287064472,j,0.6999999999999998,0.9000000000000001,54.99999999999999,20.0,100.0,350.0,AA2024-T3,AA2024-T3,24670.941589968625
62.00114861553128,124.58349287064472,z,0.6999999999999998,0.9000000000000001,54.99999999999999,20.0,100.0,350.0,AA2024-T3,AA2024-T3,24670.941589968625
62.00114861553128,124.58349287064472,z,0.6999999999999998,0.8,54.99999999999999,20.0,100.0,350.0,AA2024-T3,AA2024-T3,24670.941589968625
62.01451816644302,106.79789691365798,z,0.6,0.8,65.0,20.0,100.0,350.0,AA2024-T3,AA2024-T3,621555.93846519
62.01451816644302,106.79789691365798,formed z,0.6,0.8,65.0,20.0,100.0,350.0,AA2024-T3,AA2024-T3,621555.93846519
62.01451816644302,106.79789691365798,j,0.6,0.8,65.0,20.0,100.0,350.0,AA2024-T3,AA2024-T3,621555.9384651905
62.01451816644302,106.79789691365798,z,0.6,0.9000000000000001,65.0,20.0,100.0,350.0,AA2024-T3,AA2024-T3,621555.93846519
62.01451816644302,106.79789691365798,formed z,0.6,0.9000000000000001,65.0,20.0,100.0,350.0,AA2024-T3,AA2024-T3,621555.93846519
62.01451816644302,106.79789691365798,j,0.6,0.9000000000000001,65.0,20.0,100.0,350.0,AA2024-T3,AA2024-T3,621555.93846519
62.157642421906914,142.93442161879705,j,0.7999999999999999,0.8,54.99999999999999,20.0,120.00000000000001,399.99999999999994,AA2024-T3,AA2024-T3,276262.78940184053
62.157642421906914,142.93442161879705,j,0.7999999999999999,0.9000000000000001,54.99999999999999,20.0,120.00000000000001,399.99999999999994,AA2024-T3,AA2024-T3,276262.78940184053
62.157642421906914,142.93442161879705,formed z,0.7999999999999999,0.9000000000000001,54.99999999999999,20.0,120.00000000000001,399.99999999999994,AA2024-T3,AA2024-T3,276262.78940184053
62.157642421906914,142.93442161879705,z,0.7999999999999999,0.8,54.99999999999999,20.0,120.00000000000001,399.99999999999994,AA2024-T3,AA2024-T3,276262.78940184053
62.157642421906914,142.93442161879705,formed z,0.7999999999999999,0.8,54.99999999999999,20.0,120.00000000000001,399.99999999999994,AA2024-T3,AA2024-T3,276262.78940184053
62.157642421906914,142.93442161879705,z,0.7999999999999999,0.9000000000000001,54.99999999999999,20.0,120.00000000000001,399.99999999999994,AA2024-T3,AA2024-T3,276262.78940184053
62.308879557206495,124.26546448676211,z,0.6999999999999998,0.9000000000000001,65.0,20.0,120.00000000000001,300.0,AA2024-T3,AA2024-T3,797679.3175498612
62.308879557206495,124.26546448676211,j,0.6999999999999998,0.9000000000000001,65.0,20.0,120.00000000000001,300.0,AA2024-T3,AA2024-T3,797679.3175498612
62.308879557206495,124.26546448676211,formed z,0.6999999999999998,0.9000000000000001,65.0,20.0,120.00000000000001,300.0,AA2024-T3,AA2024-T3,797679.3175498612
62.308879557206495,124.26546448676211,formed z,0.6999999999999998,0.8,65.0,20.0,120.00000000000001,300.0,AA2024-T3,AA2024-T3,797679.3175498612
62.308879557206495,124.26546448676211,z,0.6999999999999998,0.8,65.0,20.0,120.00000000000001,300.0,AA2024-T3,AA2024-T3,797679.3175498612
62.308879557206495,124.26546448676211,j,0.6999999999999998,0.8,65.0,20.0,120.00000000000001,300.0,AA2024-T3,AA2024-T3,797679.3175498612
62.38183769379475,142.10552222780467,j,0.7999999999999999,0.9000000000000001,70.0,20.0,160.00000000000003,300.0,AA2024-T3,AA2024-T3,1143589.9741662228
62.38183769379475,142.10552222780467,z,0.7999999999999999,0.8,70.0,20.0,160.00000000000003,300.0,AA2024-T3,AA2024-T3,1133555.711912258
62.38183769379475,142.10552222780467,formed z,0.7999999999999999,0.8,70.0,20.0,160.00000000000003,300.0,AA2024-T3,AA2024-T3,1143589.9741662228
62.38183769379475,142.10552222780467,j,0.7999999999999999,0.8,70.0,20.0,160.00000000000003,300.0,AA2024-T3,AA2024-T3,1143589.9741662228
62.38183769379475,142.10552222780467,formed z,0.7999999999999999,0.9000000000000001,70.0,20.0,160.00000000000003,300.0,AA2024-T3,AA2024-T3,1143589.9741662228
62.38183769379475,142.10552222780467,z,0.7999999999999999,0.9000000000000001,70.0,20.0,160.00000000000003,300.0,AA2024-T3,AA2024-T3,1143589.9741662228
62.4569973104443,143.65578526422146,z,0.7999999999999999,0.8,65.0,20.0,140.0,449.99999999999994,AA2024-T3,AA2024-T3,965520.1514851053
62.4569973104443,143.65578526422146,formed z,0.7999999999999999,0.8,65.0,20.0,140.0,449.99999999999994,AA2024-T3,AA2024-T3,965520.1514851053
62.4569973104443,143.65578526422146,j,0.7999999999999999,0.8,65.0,20.0,140.0,449.99999999999994,AA2024-T3,AA2024-T3,965520.1514851053
62.4569973104443,143.65578526422146,z,0.7999999999999999,0.9000000000000001,65.0,20.0,140.0,449.99999999999994,AA2024-T3,AA2024-T3,965520.1514851053
62.4569973104443,143.65578526422146,formed z,0.7999999999999999,0.9000000000000001,65.0,20.0,140.0,449.99999999999994,AA2024-T3,AA2024-T3,965520.1514851053
62.4569973104443,143.65578526422146,j,0.7999999999999999,0.9000000000000001,65.0,20.0,140.0,449.99999999999994,AA2024-T3,AA2024-T3,965520.1514851053
62.46258134586952,142.93442161879705,z,0.7999999999999999,0.9000000000000001,54.99999999999999,20.0,120.00000000000001,350.0,AA2024-T3,AA2024-T3,276262.78940184053
62.46258134586952,142.93442161879705,formed z,0.7999999999999999,0.8,54.99999999999999,20.0,120.00000000000001,350.0,AA2024-T3,AA2024-T3,276262.78940184053
62.46258134586952,142.93442161879705,z,0.7999999999999999,0.8,54.99999999999999,20.0,120.00000000000001,350.0,AA2024-T3,AA2024-T3,276262.78940184053
62.46258134586952,142.93442161879705,j,0.7999999999999999,0.8,54.99999999999999,20.0,120.00000000000001,350.0,AA2024-T3,AA2024-T3,276262.78940184053
62.46258134586952,142.93442161879705,j,0.7999999999999999,0.9000000000000001,54.99999999999999,20.0,120.00000000000001,350.0,AA2024-T3,AA2024-T3,276262.78940184053
62.46258134586952,142.93442161879705,formed z,0.7999999999999999,0.9000000000000001,54.99999999999999,20.0,120.00000000000001,350.0,AA2024-T3,AA2024-T3,276262.78940184053
62.59765691254475,142.36507172176837,z,0.7999999999999999,0.9000000000000001,44.99999999999999,20.0,100.0,300.0,AA2024-T3,AA2024-T3,41971.62562283383
62.59765691254475,142.36507172176837,formed z,0.7999999999999999,0.9000000000000001,44.99999999999999,20.0,100.0,300.0,AA2024-T3,AA2024-T3,41971.62562283383
62.59765691254475,142.36507172176837,j,0.7999999999999999,0.8,44.99999999999999,20.0,100.0,300.0,AA2024-T3,AA2024-T3,41971.62562283383
62.59765691254475,142.36507172176837,j,0.7999999999999999,0.9000000000000001,44.99999999999999,20.0,100.0,300.0,AA2024-T3,AA2024-T3,41971.62562283383
62.59765691254475,142.36507172176837,z,0.7999999999999999,0.8,44.99999999999999,20.0,100.0,300.0,AA2024-T3,AA2024-T3,41971.62562283383
62.59765691254475,142.36507172176837,formed z,0.7999999999999999,0.8,44.99999999999999,20.0,100.0,300.0,AA2024-T3,AA2024-T3,41971.62562283383
62.6110264634565,124.58349287064472,z,0.6999999999999998,0.8,54.99999999999999,20.0,100.0,300.0,AA2024-T3,AA2024-T3,24670.941589968625
62.6110264634565,124.58349287064472,j,0.6999999999999998,0.9000000000000001,54.99999999999999,20.0,100.0,300.0,AA2024-T3,AA2024-T3,24670.941589968625
62.6110264634565,124.58349287064472,formed z,0.6999999999999998,0.8,54.99999999999999,20.0,100.0,300.0,AA2024-T3,AA2024-T3,24670.941589968625
62.6110264634565,124.58349287064472,z,0.6999999999999998,0.9000000000000001,54.99999999999999,20.0,100.0,300.0,AA2024-T3,AA2024-T3,24670.941589968625
62.6110264634565,124.58349287064472,formed z,0.6999999999999998,0.9000000000000001,54.99999999999999,20.0,100.0,300.0,AA2024-T3,AA2024-T3,24670.941589968625
62.6110264634565,124.58349287064472,j,0.6999999999999998,0.8,54.99999999999999,20.0,100.0,300.0,AA2024-T3,AA2024-T3,24670.941589968625
62.624396014368244,106.79789691365798,z,0.6,0.8,65.0,20.0,100.0,300.0,AA2024-T3,AA2024-T3,621555.93846519
62.624396014368244,106.79789691365798,formed z,0.6,0.9000000000000001,65.0,20.0,100.0,300.0,AA2024-T3,AA2024-T3,621555.93846519
62.624396014368244,106.79789691365798,j,0.6,0.9000000000000001,65.0,20.0,100.0,300.0,AA2024-T3,AA2024-T3,621555.93846519
62.624396014368244,106.79789691365798,z,0.6,0.9000000000000001,65.0,20.0,100.0,300.0,AA2024-T3,AA2024-T3,621555.93846519
62.624396014368244,106.79789691365798,formed z,0.6,0.8,65.0,20.0,100.0,300.0,AA2024-T3,AA2024-T3,621555.93846519
62.624396014368244,106.79789691365798,j,0.6,0.8,65.0,20.0,100.0,300.0,AA2024-T3,AA2024-T3,621555.9384651905
62.76193623440692,143.65578526422146,formed z,0.7999999999999999,0.9000000000000001,65.0,20.0,140.0,399.99999999999994,AA2024-T3,AA2024-T3,965520.1514851053
62.76193623440692,143.65578526422146,j,0.7999999999999999,0.8,65.0,20.0,140.0,399.99999999999994,AA2024-T3,AA2024-T3,965520.1514851053
62.76193623440692,143.65578526422146,z,0.7999999999999999,0.8,65.0,20.0,140.0,399.99999999999994,AA2024-T3,AA2024-T3,965520.1514851053
62.76193623440692,143.65578526422146,j,0.7999999999999999,0.9000000000000001,65.0,20.0,140.0,399.99999999999994,AA2024-T3,AA2024-T3,965520.1514851053
62.76193623440692,143.65578526422146,z,0.7999999999999999,0.9000000000000001,65.0,20.0,140.0,399.99999999999994,AA2024-T3,AA2024-T3,965520.1514851053
62.76193623440692,143.65578526422146,formed z,0.7999999999999999,0.8,65.0,20.0,140.0,399.99999999999994,AA2024-T3,AA2024-T3,965520.1514851053
63.06687515836953,143.65578526422146,j,0.7999999999999999,0.9000000000000001,65.0,20.0,140.0,350.0,AA2024-T3,AA2024-T3,965520.1514851053
63.06687515836953,143.65578526422146,formed z,0.7999999999999999,0.9000000000000001,65.0,20.0,140.0,350.0,AA2024-T3,AA2024-T3,965520.1514851053
63.06687515836953,143.65578526422146,z,0.7999999999999999,0.9000000000000001,65.0,20.0,140.0,350.0,AA2024-T3,AA2024-T3,965520.1514851053
63.06687515836953,143.65578526422146,j,0.7999999999999999,0.8,65.0,20.0,140.0,350.0,AA2024-T3,AA2024-T3,965520.1514851053
63.06687515836953,143.65578526422146,formed z,0.7999999999999999,0.8,65.0,20.0,140.0,350.0,AA2024-T3,AA2024-T3,965520.1514851053
63.06687515836953,143.65578526422146,z,0.7999999999999999,0.8,65.0,20.0,140.0,350.0,AA2024-T3,AA2024-T3,965520.1514851053
63.07245919379476,142.93442161879705,formed z,0.7999999999999999,0.9000000000000001,54.99999999999999,20.0,120.00000000000001,300.0,AA2024-T3,AA2024-T3,276262.78940184053
63.07245919379476,142.93442161879705,j,0.7999999999999999,0.9000000000000001,54.99999999999999,20.0,120.00000000000001,300.0,AA2024-T3,AA2024-T3,276262.78940184053
63.07245919379476,142.93442161879705,z,0.7999999999999999,0.9000000000000001,54.99999999999999,20.0,120.00000000000001,300.0,AA2024-T3,AA2024-T3,276262.78940184053
63.07245919379476,142.93442161879705,j,0.7999999999999999,0.8,54.99999999999999,20.0,120.00000000000001,300.0,AA2024-T3,AA2024-T3,276262.78940184053
63.07245919379476,142.93442161879705,z,0.7999999999999999,0.8,54.99999999999999,20.0,120.00000000000001,300.0,AA2024-T3,AA2024-T3,276262.78940184053
63.07245919379476,142.93442161879705,formed z,0.7999999999999999,0.8,54.99999999999999,20.0,120.00000000000001,300.0,AA2024-T3,AA2024-T3,276262.78940184053
63.074660673856044,126.34071117915383,formed z,0.6999999999999998,0.9000000000000001,70.0,20.0,120.00000000000001,449.99999999999994,AA2024-T3,AA2024-T3,798314.3510801228
63.074660673856044,126.34071117915383,formed z,0.6999999999999998,0.8,70.0,20.0,120.00000000000001,449.99999999999994,AA2024-T3,AA2024-T3,798314.3510801228
63.074660673856044,126.34071117915383,z,0.6999999999999998,0.9000000000000001,70.0,20.0,120.00000000000001,449.99999999999994,AA2024-T3,AA2024-T3,798314.3510801228
63.074660673856044,126.34071117915383,z,0.6999999999999998,0.8,70.0,20.0,120.00000000000001,449.99999999999994,AA2024-T3,AA2024-T3,768234.1326410489
63.074660673856044,126.34071117915383,j,0.6999999999999998,0.9000000000000001,70.0,20.0,120.00000000000001,449.99999999999994,AA2024-T3,AA2024-T3,798314.3510801228
63.074660673856044,126.34071117915383,j,0.6999999999999998,0.8,70.0,20.0,120.00000000000001,449.99999999999994,AA2024-T3,AA2024-T3,798314.3510801228
63.37959959781866,126.34071117915383,j,0.6999999999999998,0.8,70.0,20.0,120.00000000000001,399.99999999999994,AA2024-T3,AA2024-T3,798314.3510801228
63.37959959781866,126.34071117915383,j,0.6999999999999998,0.9000000000000001,70.0,20.0,120.00000000000001,399.99999999999994,AA2024-T3,AA2024-T3,798314.3510801228
63.37959959781866,126.34071117915383,z,0.6999999999999998,0.8,70.0,20.0,120.00000000000001,399.99999999999994,AA2024-T3,AA2024-T3,771331.4634556826
63.37959959781866,126.34071117915383,formed z,0.6999999999999998,0.8,70.0,20.0,120.00000000000001,399.99999999999994,AA2024-T3,AA2024-T3,798314.3510801228
63.37959959781866,126.34071117915383,z,0.6999999999999998,0.9000000000000001,70.0,20.0,120.00000000000001,399.99999999999994,AA2024-T3,AA2024-T3,798314.3510801228
63.37959959781866,126.34071117915383,formed z,0.6999999999999998,0.9000000000000001,70.0,20.0,120.00000000000001,399.99999999999994,AA2024-T3,AA2024-T3,798314.3510801228
63.67675300629475,143.65578526422146,z,0.7999999999999999,0.8,65.0,20.0,140.0,300.0,AA2024-T3,AA2024-T3,965520.1514851053
63.67675300629475,143.65578526422146,j,0.7999999999999999,0.9000000000000001,65.0,20.0,140.0,300.0,AA2024-T3,AA2024-T3,965520.1514851053
63.67675300629475,143.65578526422146,formed z,0.7999999999999999,0.9000000000000001,65.0,20.0,140.0,300.0,AA2024-T3,AA2024-T3,965520.1514851053
63.67675300629475,143.65578526422146,z,0.7999999999999999,0.9000000000000001,65.0,20.0,140.0,300.0,AA2024-T3,AA2024-T3,965520.1514851053
63.67675300629475,143.65578526422146,j,0.7999999999999999,0.8,65.0,20.0,140.0,300.0,AA2024-T3,AA2024-T3,965520.1514851053
63.67675300629475,143.65578526422146,formed z,0.7999999999999999,0.8,65.0,20.0,140.0,300.0,AA2024-T3,AA2024-T3,965520.1514851053
63.68453852178127,126.34071117915383,z,0.6999999999999998,0.8,70.0,20.0,120.00000000000001,350.0,AA2024-T3,AA2024-T3,774376.7218227901
63.68453852178127,126.34071117915383,z,0.6999999999999998,0.9000000000000001,70.0,20.0,120.00000000000001,350.0,AA2024-T3,AA2024-T3,798314.3510801228
63.68453852178127,126.34071117915383,formed z,0.6999999999999998,0.8,70.0,20.0,120.00000000000001,350.0,AA2024-T3,AA2024-T3,798314.3510801228
63.68453852178127,126.34071117915383,j,0.6999999999999998,0.9000000000000001,70.0,20.0,120.00000000000001,350.0,AA2024-T3,AA2024-T3,798314.3510801228
63.68453852178127,126.34071117915383,j,0.6999999999999998,0.8,70.0,20.0,120.00000000000001,350.0,AA2024-T3,AA2024-T3,798314.3510801228
63.68453852178127,126.34071117915383,formed z,0.6999999999999998,0.9000000000000001,70.0,20.0,120.00000000000001,350.0,AA2024-T3,AA2024-T3,798314.3510801228
63.751912622944296,145.18949628717334,j,0.7999999999999999,0.9000000000000001,49.99999999999999,20.0,100.0,449.99999999999994,AA2024-T3,AA2024-T3,42622.325781144915
63.751912622944296,145.18949628717334,z,0.7999999999999999,0.9000000000000001,49.99999999999999,20.0,100.0,449.99999999999994,AA2024-T3,AA2024-T3,42622.325781144915
63.751912622944296,145.18949628717334,z,0.7999999999999999,0.8,49.99999999999999,20.0,100.0,449.99999999999994,AA2024-T3,AA2024-T3,42622.325781144915
63.751912622944296,145.18949628717334,formed z,0.7999999999999999,0.9000000000000001,49.99999999999999,20.0,100.0,449.99999999999994,AA2024-T3,AA2024-T3,42622.325781144915
63.751912622944296,145.18949628717334,j,0.7999999999999999,0.8,49.99999999999999,20.0,100.0,449.99999999999994,AA2024-T3,AA2024-T3,42622.32578114489
63.751912622944296,145.18949628717334,formed z,0.7999999999999999,0.8,49.99999999999999,20.0,100.0,449.99999999999994,AA2024-T3,AA2024-T3,42622.325781144915
63.76528217385604,127.05459097603253,j,0.6999999999999998,0.8,59.99999999999999,20.0,100.0,449.99999999999994,AA2024-T3,AA2024-T3,25320.3656418226
63.76528217385604,127.05459097603253,formed z,0.6999999999999998,0.8,59.99999999999999,20.0,100.0,449.99999999999994,AA2024-T3,AA2024-T3,25320.3656418226
63.76528217385604,127.05459097603253,z,0.6999999999999998,0.9000000000000001,59.99999999999999,20.0,100.0,449.99999999999994,AA2024-T3,AA2024-T3,25320.3656418226
63.76528217385604,127.05459097603253,j,0.6999999999999998,0.9000000000000001,59.99999999999999,20.0,100.0,449.99999999999994,AA2024-T3,AA2024-T3,25320.3656418226
63.76528217385604,127.05459097603253,z,0.6999999999999998,0.8,59.99999999999999,20.0,100.0,449.99999999999994,AA2024-T3,AA2024-T3,25320.3656418226
63.76528217385604,127.05459097603253,formed z,0.6999999999999998,0.9000000000000001,59.99999999999999,20.0,100.0,449.99999999999994,AA2024-T3,AA2024-T3,25320.3656418226
63.77865172476779,108.91574674802965,formed z,0.6,0.9000000000000001,70.0,20.0,100.0,449.99999999999994,AA2024-T3,AA2024-T3,622236.358446697
63.77865172476779,108.91574674802965,j,0.6,0.8,70.0,20.0,100.0,449.99999999999994,AA2024-T3,AA2024-T3,622236.358446697
63.77865172476779,108.91574674802965,j,0.6,0.9000000000000001,70.0,20.0,100.0,449.99999999999994,AA2024-T3,AA2024-T3,622236.358446697
63.77865172476779,108.91574674802965,formed z,0.6,0.8,70.0,20.0,100.0,449.99999999999994,AA2024-T3,AA2024-T3,622236.358446697
63.77865172476779,108.91574674802965,z,0.6,0.9000000000000001,70.0,20.0,100.0,449.99999999999994,AA2024-T3,AA2024-T3,622236.358446697
63.77865172476779,108.91574674802965,z,0.6,0.8,70.0,20.0,100.0,449.99999999999994,AA2024-T3,AA2024-T3,591370.914742891
63.83824031044429,145.29116804405558,formed z,0.7999999999999999,0.9000000000000001,59.99999999999999,20.0,120.00000000000001,449.99999999999994,AA2024-T3,AA2024-T3,276839.71333951596
63.83824031044429,145.29116804405558,j,0.7999999999999999,0.8,59.99999999999999,20.0,120.00000000000001,449.99999999999994,AA2024-T3,AA2024-T3,276839.71333951596
63.83824031044429,145.29116804405558,z,0.7999999999999999,0.8,59.99999999999999,20.0,120.00000000000001,449.99999999999994,AA2024-T3,AA2024-T3,276839.71333951596
63.83824031044429,145.29116804405558,j,0.7999999999999999,0.9000000000000001,59.99999999999999,20.0,120.00000000000001,449.99999999999994,AA2024-T3,AA2024-T3,276839.71333951596
63.83824031044429,145.29116804405558,z,0.7999999999999999,0.9000000000000001,59.99999999999999,20.0,120.00000000000001,449.99999999999994,AA2024-T3,AA2024-T3,276839.71333951596
63.83824031044429,145.29116804405558,formed z,0.7999999999999999,0.8,59.99999999999999,20.0,120.00000000000001,449.99999999999994,AA2024-T3,AA2024-T3,276839.71333951596
64.05685154690691,145.18949628717334,z,0.7999999999999999,0.9000000000000001,49.99999999999999,20.0,100.0,399.99999999999994,AA2024-T3,AA2024-T3,42622.325781144915
64.05685154690691,145.18949628717334,formed z,0.7999999999999999,0.8,49.99999999999999,20.0,100.0,399.99999999999994,AA2024-T3,AA2024-T3,42622.325781144915
64.05685154690691,145.18949628717334,j,0.7999999999999999,0.9000000000000001,49.99999999999999,20.0,100.0,399.99999999999994,AA2024-T3,AA2024-T3,42622.325781144915
64.05685154690691,145.18949628717334,formed z,0.7999999999999999,0.9000000000000001,49.99999999999999,20.0,100.0,399.99999999999994,AA2024-T3,AA2024-T3,42622.325781144915
64.05685154690691,145.18949628717334,z,0.7999999999999999,0.8,49.99999999999999,20.0,100.0,399.99999999999994,AA2024-T3,AA2024-T3,42622.325781144915
64.05685154690691,145.18949628717334,j,0.7999999999999999,0.8,49.99999999999999,20.0,100.0,399.99999999999994,AA2024-T3,AA2024-T3,42622.32578114489
64.07022109781866,127.05459097603253,formed z,0.6999999999999998,0.8,59.99999999999999,20.0,100.0,399.99999999999994,AA2024-T3,AA2024-T3,25320.3656418226
64.07022109781866,127.05459097603253,z,0.6999999999999998,0.9000000000000001,59.99999999999999,20.0,100.0,399.99999999999994,AA2024-T3,AA2024-T3,25320.3656418226
64.07022109781866,127.05459097603253,j,0.6999999999999998,0.9000000000000001,59.99999999999999,20.0,100.0,399.99999999999994,AA2024-T3,AA2024-T3,25320.3656418226
64.07022109781866,127.05459097603253,j,0.6999999999999998,0.8,59.99999999999999,20.0,100.0,399.99999999999994,AA2024-T3,AA2024-T3,25320.3656418226
64.07022109781866,127.05459097603253,formed z,0.6999999999999998,0.9000000000000001,59.99999999999999,20.0,100.0,399.99999999999994,AA2024-T3,AA2024-T3,25320.3656418226
64.07022109781866,127.05459097603253,z,0.6999999999999998,0.8,59.99999999999999,20.0,100.0,399.99999999999994,AA2024-T3,AA2024-T3,25320.3656418226
64.08359064873041,108.91574674802965,j,0.6,0.9000000000000001,70.0,20.0,100.0,399.99999999999994,AA2024-T3,AA2024-T3,622236.358446697
64.08359064873041,108.91574674802965,z,0.6,0.8,70.0,20.0,100.0,399.99999999999994,AA2024-T3,AA2024-T3,594554.4238124569
64.08359064873041,108.91574674802965,formed z,0.6,0.8,70.0,20.0,100.0,399.99999999999994,AA2024-T3,AA2024-T3,622236.358446697
64.08359064873041,108.91574674802965,formed z,0.6,0.9000000000000001,70.0,20.0,100.0,399.99999999999994,AA2024-T3,AA2024-T3,622236.358446697
64.08359064873041,108.91574674802965,z,0.6,0.9000000000000001,70.0,20.0,100.0,399.99999999999994,AA2024-T3,AA2024-T3,622236.358446697
64.08359064873041,108.91574674802965,j,0.6,0.8,70.0,20.0,100.0,399.99999999999994,AA2024-T3,AA2024-T3,622236.358446697
64.14317923440692,145.29116804405558,z,0.7999999999999999,0.9000000000000001,59.99999999999999,20.0,120.00000000000001,399.99999999999994,AA2024-T3,AA2024-T3,276839.71333951596
64.14317923440692,145.29116804405558,formed z,0.7999999999999999,0.8,59.99999999999999,20.0,120.00000000000001,399.99999999999994,AA2024-T3,AA2024-T3,276839.71333951596
64.14317923440692,145.29116804405558,j,0.7999999999999999,0.8,59.99999999999999,20.0,120.00000000000001,399.99999999999994,AA2024-T3,AA2024-T3,276839.71333951596
64.14317923440692,145.29116804405558,z,0.7999999999999999,0.8,59.99999999999999,20.0,120.00000000000001,399.99999999999994,AA2024-T3,AA2024-T3,276839.71333951596
64.14317923440692,145.29116804405558,j,0.7999999999999999,0.9000000000000001,59.99999999999999,20.0,120.00000000000001,399.99999999999994,AA2024-T3,AA2024-T3,276839.71333951596
64.14317923440692,145.29116804405558,formed z,0.7999999999999999,0.9000000000000001,59.99999999999999,20.0,120.00000000000001,399.99999999999994,AA2024-T3,AA2024-T3,276839.71333951596
64.1835510604443,145.6971455778646,j,0.7999999999999999,0.9000000000000001,70.0,20.0,140.0,449.99999999999994,AA2024-T3,AA2024-T3,966336.8431876701
64.1835510604443,145.6971455778646,z,0.7999999999999999,0.9000000000000001,70.0,20.0,140.0,449.99999999999994,AA2024-T3,AA2024-T3,966336.8431876701
64.1835510604443,145.6971455778646,z,0.7999999999999999,0.8,70.0,20.0,140.0,449.99999999999994,AA2024-T3,AA2024-T3,935948.5662092053
64.1835510604443,145.6971455778646,formed z,0.7999999999999999,0.9000000000000001,70.0,20.0,140.0,449.99999999999994,AA2024-T3,AA2024-T3,966336.8431876701
64.1835510604443,145.6971455778646,formed z,0.7999999999999999,0.8,70.0,20.0,140.0,449.99999999999994,AA2024-T3,AA2024-T3,966336.8431876701
64.1835510604443,145.6971455778646,j,0.7999999999999999,0.8,70.0,20.0,140.0,449.99999999999994,AA2024-T3,AA2024-T3,966336.8431876701
64.2944163697065,126.34071117915383,formed z,0.6999999999999998,0.9000000000000001,70.0,20.0,120.00000000000001,300.0,AA2024-T3,AA2024-T3,798314.3510801228
64.2944163697065,126.34071117915383,z,0.6999999999999998,0.9000000000000001,70.0,20.0,120.00000000000001,300.0,AA2024-T3,AA2024-T3,798314.3510801228
64.2944163697065,126.34071117915383,formed z,0.6999999999999998,0.8,70.0,20.0,120.00000000000001,300.0,AA2024-T3,AA2024-T3,798314.3510801228
64.2944163697065,126.34071117915383,j,0.6999999999999998,0.9000000000000001,70.0,20.0,120.00000000000001,300.0,AA2024-T3,AA2024-T3,798314.3510801228
64.2944163697065,126.34071117915383,j,0.6999999999999998,0.8,70.0,20.0,120.00000000000001,300.0,AA2024-T3,AA2024-T3,798314.3510801228
64.2944163697065,126.34071117915383,z,0.6999999999999998,0.8,70.0,20.0,120.00000000000001,300.0,AA2024-T3,AA2024-T3,777371.4243507162
64.36179047086952,145.18949628717334,formed z,0.7999999999999999,0.9000000000000001,49.99999999999999,20.0,100.0,350.0,AA2024-T3,AA2024-T3,42622.325781144915
64.36179047086952,145.18949628717334,j,0.7999999999999999,0.8,49.99999999999999,20.0,100.0,350.0,AA2024-T3,AA2024-T3,42622.32578114489
64.36179047086952,145.18949628717334,j,0.7999999999999999,0.9000000000000001,49.99999999999999,20.0,100.0,350.0,AA2024-T3,AA2024-T3,42622.325781144915
64.36179047086952,145.18949628717334,z,0.7999999999999999,0.8,49.99999999999999,20.0,100.0,350.0,AA2024-T3,AA2024-T3,42622.325781144915
64.36179047086952,145.18949628717334,z,0.7999999999999999,0.9000000000000001,49.99999999999999,20.0,100.0,350.0,AA2024-T3,AA2024-T3,42622.325781144915
64.36179047086952,145.18949628717334,formed z,0.7999999999999999,0.8,49.99999999999999,20.0,100.0,350.0,AA2024-T3,AA2024-T3,42622.325781144915
64.37516002178127,127.05459097603253,formed z,0.6999999999999998,0.9000000000000001,59.99999999999999,20.0,100.0,350.0,AA2024-T3,AA2024-T3,25320.3656418226
64.37516002178127,127.05459097603253,z,0.6999999999999998,0.8,59.99999999999999,20.0,100.0,350.0,AA2024-T3,AA2024-T3,25320.3656418226
64.37516002178127,127.05459097603253,j,0.6999999999999998,0.9000000000000001,59.99999999999999,20.0,100.0,350.0,AA2024-T3,AA2024-T3,25320.3656418226
64.37516002178127,127.05459097603253,j,0.6999999999999998,0.8,59.99999999999999,20.0,100.0,350.0,AA2024-T3,AA2024-T3,25320.3656418226
64.37516002178127,127.05459097603253,z,0.6999999999999998,0.9000000000000001,59.99999999999999,20.0,100.0,350.0,AA2024-T3,AA2024-T3,25320.3656418226
64.37516002178127,127.05459097603253,formed z,0.6999999999999998,0.8,59.99999999999999,20.0,100.0,350.0,AA2024-T3,AA2024-T3,25320.3656418226
64.38852957269302,108.91574674802965,formed z,0.6,0.8,70.0,20.0,100.0,350.0,AA2024-T3,AA2024-T3,622236.358446697
64.38852957269302,108.91574674802965,z,0.6,0.8,70.0,20.0,100.0,350.0,AA2024-T3,AA2024-T3,597683.2161997792
64.38852957269302,108.91574674802965,j,0.6,0.8,70.0,20.0,100.0,350.0,AA2024-T3,AA2024-T3,622236.358446697
64.38852957269302,108.91574674802965,j,0.6,0.9000000000000001,70.0,20.0,100.0,350.0,AA2024-T3,AA2024-T3,622236.358446697
64.38852957269302,108.91574674802965,formed z,0.6,0.9000000000000001,70.0,20.0,100.0,350.0,AA2024-T3,AA2024-T3,622236.358446697
64.38852957269302,108.91574674802965,z,0.6,0.9000000000000001,70.0,20.0,100.0,350.0,AA2024-T3,AA2024-T3,622236.358446697
64.44811815836952,145.29116804405558,formed z,0.7999999999999999,0.8,59.99999999999999,20.0,120.00000000000001,350.0,AA2024-T3,AA2024-T3,276839.71333951596
64.44811815836952,145.29116804405558,formed z,0.7999999999999999,0.9000000000000001,59.99999999999999,20.0,120.00000000000001,350.0,AA2024-T3,AA2024-T3,276839.71333951596
64.44811815836952,145.29116804405558,j,0.7999999999999999,0.9000000000000001,59.99999999999999,20.0,120.00000000000001,350.0,AA2024-T3,AA2024-T3,276839.71333951596
64.44811815836952,145.29116804405558,z,0.7999999999999999,0.9000000000000001,59.99999999999999,20.0,120.00000000000001,350.0,AA2024-T3,AA2024-T3,276839.71333951596
64.44811815836952,145.29116804405558,j,0.7999999999999999,0.8,59.99999999999999,20.0,120.00000000000001,350.0,AA2024-T3,AA2024-T3,276839.71333951596
64.44811815836952,145.29116804405558,z,0.7999999999999999,0.8,59.99999999999999,20.0,120.00000000000001,350.0,AA2024-T3,AA2024-T3,276839.71333951596
64.48848998440691,145.6971455778646,z,0.7999999999999999,0.8,70.0,20.0,140.0,399.99999999999994,AA2024-T3,AA2024-T3,939074.1915776562
64.48848998440691,145.6971455778646,formed z,0.7999999999999999,0.8,70.0,20.0,140.0,399.99999999999994,AA2024-T3,AA2024-T3,966336.8431876701
64.48848998440691,145.6971455778646,j,0.7999999999999999,0.9000000000000001,70.0,20.0,140.0,399.99999999999994,AA2024-T3,AA2024-T3,966336.8431876701
64.48848998440691,145.6971455778646,j,0.7999999999999999,0.8,70.0,20.0,140.0,399.99999999999994,AA2024-T3,AA2024-T3,966336.8431876701
64.48848998440691,145.6971455778646,z,0.7999999999999999,0.9000000000000001,70.0,20.0,140.0,399.99999999999994,AA2024-T3,AA2024-T3,966336.8431876701
64.48848998440691,145.6971455778646,formed z,0.7999999999999999,0.9000000000000001,70.0,20.0,140.0,399.99999999999994,AA2024-T3,AA2024-T3,966336.8431876701
64.79342890836952,145.6971455778646,formed z,0.7999999999999999,0.9000000000000001,70.0,20.0,140.0,350.0,AA2024-T3,AA2024-T3,966336.8431876701
64.79342890836952,145.6971455778646,z,0.7999999999999999,0.9000000000000001,70.0,20.0,140.0,350.0,AA2024-T3,AA2024-T3,966336.8431876701
64.79342890836952,145.6971455778646,formed z,0.7999999999999999,0.8,70.0,20.0,140.0,350.0,AA2024-T3,AA2024-T3,966336.8431876701
64.79342890836952,145.6971455778646,z,0.7999999999999999,0.8,70.0,20.0,140.0,350.0,AA2024-T3,AA2024-T3,942148.0362220141
64.79342890836952,145.6971455778646,j,0.7999999999999999,0.8,70.0,20.0,140.0,350.0,AA2024-T3,AA2024-T3,966336.8431876701
64.79342890836952,145.6971455778646,j,0.7999999999999999,0.9000000000000001,70.0,20.0,140.0,350.0,AA2024-T3,AA2024-T3,966336.8431876701
64.97166831879474,145.18949628717334,formed z,0.7999999999999999,0.9000000000000001,49.99999999999999,20.0,100.0,300.0,AA2024-T3,AA2024-T3,42622.325781144915
64.97166831879474,145.18949628717334,formed z,0.7999999999999999,0.8,49.99999999999999,20.0,100.0,300.0,AA2024-T3,AA2024-T3,42622.325781144915
64.97166831879474,145.18949628717334,j,0.7999999999999999,0.9000000000000001,49.99999999999999,20.0,100.0,300.0,AA2024-T3,AA2024-T3,42622.325781144915
64.97166831879474,145.18949628717334,z,0.7999999999999999,0.8,49.99999999999999,20.0,100.0,300.0,AA2024-T3,AA2024-T3,42622.325781144915
64.97166831879474,145.18949628717334,z,0.7999999999999999,0.9000000000000001,49.99999999999999,20.0,100.0,300.0,AA2024-T3,AA2024-T3,42622.325781144915
64.97166831879474,145.18949628717334,j,0.7999999999999999,0.8,49.99999999999999,20.0,100.0,300.0,AA2024-T3,AA2024-T3,42622.32578114489
64.9850378697065,127.05459097603253,z,0.6999999999999998,0.9000000000000001,59.99999999999999,20.0,100.0,300.0,AA2024-T3,AA2024-T3,25320.3656418226
64.9850378697065,127.05459097603253,j,0.6999999999999998,0.9000000000000001,59.99999999999999,20.0,100.0,300.0,AA2024-T3,AA2024-T3,25320.3656418226
64.9850378697065,127.05459097603253,formed z,0.6999999999999998,0.8,59.99999999999999,20.0,100.0,300.0,AA2024-T3,AA2024-T3,25320.3656418226
64.9850378697065,127.05459097603253,formed z,0.6999999999999998,0.9000000000000001,59.99999999999999,20.0,100.0,300.0,AA2024-T3,AA2024-T3,25320.3656418226
64.9850378697065,127.05459097603253,j,0.6999999999999998,0.8,59.99999999999999,20.0,100.0,300.0,AA2024-T3,AA2024-T3,25320.3656418226
64.9850378697065,127.05459097603253,z,0.6999999999999998,0.8,59.99999999999999,20.0,100.0,300.0,AA2024-T3,AA2024-T3,25320.3656418226
64.99840742061824,108.91574674802965,z,0.6,0.8,70.0,20.0,100.0,300.0,AA2024-T3,AA2024-T3,600758.9113886072
64.99840742061824,108.91574674802965,formed z,0.6,0.8,70.0,20.0,100.0,300.0,AA2024-T3,AA2024-T3,622236.358446697
64.99840742061824,108.91574674802965,formed z,0.6,0.9000000000000001,70.0,20.0,100.0,300.0,AA2024-T3,AA2024-T3,622236.358446697
64.99840742061824,108.91574674802965,j,0.6,0.9000000000000001,70.0,20.0,100.0,300.0,AA2024-T3,AA2024-T3,622236.358446697
64.99840742061824,108.91574674802965,z,0.6,0.9000000000000001,70.0,20.0,100.0,300.0,AA2024-T3,AA2024-T3,622236.358446697
64.99840742061824,108.91574674802965,j,0.6,0.8,70.0,20.0,100.0,300.0,AA2024-T3,AA2024-T3,622236.358446697
65.05799600629474,145.29116804405558,formed z,0.7999999999999999,0.9000000000000001,59.99999999999999,20.0,120.00000000000001,300.0,AA2024-T3,AA2024-T3,276839.71333951596
65.05799600629474,145.29116804405558,j,0.7999999999999999,0.9000000000000001,59.99999999999999,20.0,120.00000000000001,300.0,AA2024-T3,AA2024-T3,276839.71333951596
65.05799600629474,145.29116804405558,z,0.7999999999999999,0.9000000000000001,59.99999999999999,20.0,120.00000000000001,300.0,AA2024-T3,AA2024-T3,276839.71333951596
65.05799600629474,145.29116804405558,z,0.7999999999999999,0.8,59.99999999999999,20.0,120.00000000000001,300.0,AA2024-T3,AA2024-T3,276839.71333951596
65.05799600629474,145.29116804405558,j,0.7999999999999999,0.8,59.99999999999999,20.0,120.00000000000001,300.0,AA2024-T3,AA2024-T3,276839.71333951596
65.05799600629474,145.29116804405558,formed z,0.7999999999999999,0.8,59.99999999999999,20.0,120.00000000000001,300.0,AA2024-T3,AA2024-T3,276839.71333951596
65.40330675629474,145.6971455778646,z,0.7999999999999999,0.8,70.0,20.0,140.0,300.0,AA2024-T3,AA2024-T3,945171.5923033875
65.40330675629474,145.6971455778646,j,0.7999999999999999,0.8,70.0,20.0,140.0,300.0,AA2024-T3,AA2024-T3,966336.8431876701
65.40330675629474,145.6971455778646,z,0.7999999999999999,0.9000000000000001,70.0,20.0,140.0,300.0,AA2024-T3,AA2024-T3,966336.8431876701
65.40330675629474,145.6971455778646,formed z,0.7999999999999999,0.9000000000000001,70.0,20.0,140.0,300.0,AA2024-T3,AA2024-T3,966336.8431876701
65.40330675629474,145.6971455778646,formed z,0.7999999999999999,0.8,70.0,20.0,140.0,300.0,AA2024-T3,AA2024-T3,966336.8431876701
65.40330675629474,145.6971455778646,j,0.7999999999999999,0.9000000000000001,70.0,20.0,140.0,300.0,AA2024-T3,AA2024-T3,966336.8431876701
65.82377712294429,147.61029144240572,j,0.7999999999999999,0.9000000000000001,65.0,20.0,120.00000000000001,449.99999999999994,AA2024-T3,AA2024-T3,277414.512751232
65.82377712294429,147.61029144240572,z,0.7999999999999999,0.9000000000000001,65.0,20.0,120.00000000000001,449.99999999999994,AA2024-T3,AA2024-T3,277414.512751232
65.82377712294429,147.61029144240572,j,0.7999999999999999,0.8,65.0,20.0,120.00000000000001,449.99999999999994,AA2024-T3,AA2024-T3,277414.512751232
65.82377712294429,147.61029144240572,z,0.7999999999999999,0.8,65.0,20.0,120.00000000000001,449.99999999999994,AA2024-T3,AA2024-T3,277414.512751232
65.82377712294429,147.61029144240572,formed z,0.7999999999999999,0.9000000000000001,65.0,20.0,120.00000000000001,449.99999999999994,AA2024-T3,AA2024-T3,277414.512751232
65.82377712294429,147.61029144240572,formed z,0.7999999999999999,0.8,65.0,20.0,120.00000000000001,449.99999999999994,AA2024-T3,AA2024-T3,277414.512751232
66.1259240291943,147.9600149293788,formed z,0.7999999999999999,0.8,54.99999999999999,20.0,100.0,449.99999999999994,AA2024-T3,AA2024-T3,43272.89283406626
66.1259240291943,147.9600149293788,z,0.7999999999999999,0.9000000000000001,54.99999999999999,20.0,100.0,449.99999999999994,AA2024-T3,AA2024-T3,43272.89283406626
66.1259240291943,147.9600149293788,j,0.7999999999999999,0.9000000000000001,54.99999999999999,20.0,100.0,449.99999999999994,AA2024-T3,AA2024-T3,43272.89283406626
66.1259240291943,147.9600149293788,z,0.7999999999999999,0.8,54.99999999999999,20.0,100.0,449.99999999999994,AA2024-T3,AA2024-T3,43272.89283406626
66.1259240291943,147.9600149293788,formed z,0.7999999999999999,0.9000000000000001,54.99999999999999,20.0,100.0,449.99999999999994,AA2024-T3,AA2024-T3,43272.89283406627
66.1259240291943,147.9600149293788,j,0.7999999999999999,0.8,54.99999999999999,20.0,100.0,449.99999999999994,AA2024-T3,AA2024-T3,43272.89283406626
66.1287160469069,147.61029144240572,j,0.7999999999999999,0.9000000000000001,65.0,20.0,120.00000000000001,399.99999999999994,AA2024-T3,AA2024-T3,277414.512751232
66.1287160469069,147.61029144240572,z,0.7999999999999999,0.8,65.0,20.0,120.00000000000001,399.99999999999994,AA2024-T3,AA2024-T3,277414.512751232
66.1287160469069,147.61029144240572,z,0.7999999999999999,0.9000000000000001,65.0,20.0,120.00000000000001,399.99999999999994,AA2024-T3,AA2024-T3,277414.512751232
66.1287160469069,147.61029144240572,j,0.7999999999999999,0.8,65.0,20.0,120.00000000000001,399.99999999999994,AA2024-T3,AA2024-T3,277414.512751232
66.1287160469069,147.61029144240572,formed z,0.7999999999999999,0.9000000000000001,65.0,20.0,120.00000000000001,399.99999999999994,AA2024-T3,AA2024-T3,277414.512751232
66.1287160469069,147.61029144240572,formed z,0.7999999999999999,0.8,65.0,20.0,120.00000000000001,399.99999999999994,AA2024-T3,AA2024-T3,277414.512751232
66.13929358010604,129.47853675541703,j,0.6999999999999998,0.8,65.0,20.0,100.0,449.99999999999994,AA2024-T3,AA2024-T3,25969.75111469106
66.13929358010604,129.47853675541703,formed z,0.6999999999999998,0.9000000000000001,65.0,20.0,100.0,449.99999999999994,AA2024-T3,AA2024-T3,25969.75111469106
66.13929358010604,129.47853675541703,formed z,0.6999999999999998,0.8,65.0,20.0,100.0,449.99999999999994,AA2024-T3,AA2024-T3,25969.75111469106
66.13929358010604,129.47853675541703,z,0.6999999999999998,0.9000000000000001,65.0,20.0,100.0,449.99999999999994,AA2024-T3,AA2024-T3,25969.75111469106
66.13929358010604,129.47853675541703,j,0.6999999999999998,0.9000000000000001,65.0,20.0,100.0,449.99999999999994,AA2024-T3,AA2024-T3,25969.75111469106
66.13929358010604,129.47853675541703,z,0.6999999999999998,0.8,65.0,20.0,100.0,449.99999999999994,AA2024-T3,AA2024-T3,25969.75111469106
66.43086295315692,147.9600149293788,j,0.7999999999999999,0.8,54.99999999999999,20.0,100.0,399.99999999999994,AA2024-T3,AA2024-T3,43272.89283406626
66.43086295315692,147.9600149293788,z,0.7999999999999999,0.9000000000000001,54.99999999999999,20.0,100.0,399.99999999999994,AA2024-T3,AA2024-T3,43272.89283406626
66.43086295315692,147.9600149293788,formed z,0.7999999999999999,0.9000000000000001,54.99999999999999,20.0,100.0,399.99999999999994,AA2024-T3,AA2024-T3,43272.89283406627
66.43086295315692,147.9600149293788,j,0.7999999999999999,0.9000000000000001,54.99999999999999,20.0,100.0,399.99999999999994,AA2024-T3,AA2024-T3,43272.89283406626
66.43086295315692,147.9600149293788,z,0.7999999999999999,0.8,54.99999999999999,20.0,100.0,399.99999999999994,AA2024-T3,AA2024-T3,43272.89283406626
66.43086295315692,147.9600149293788,formed z,0.7999999999999999,0.8,54.99999999999999,20.0,100.0,399.99999999999994,AA2024-T3,AA2024-T3,43272.89283406626
66.43365497086953,147.61029144240572,z,0.7999999999999999,0.8,65.0,20.0,120.00000000000001,350.0,AA2024-T3,AA2024-T3,277414.512751232
66.43365497086953,147.61029144240572,j,0.7999999999999999,0.8,65.0,20.0,120.00000000000001,350.0,AA2024-T3,AA2024-T3,277414.512751232
66.43365497086953,147.61029144240572,formed z,0.7999999999999999,0.8,65.0,20.0,120.00000000000001,350.0,AA2024-T3,AA2024-T3,277414.512751232
66.43365497086953,147.61029144240572,formed z,0.7999999999999999,0.9000000000000001,65.0,20.0,120.00000000000001,350.0,AA2024-T3,AA2024-T3,277414.512751232
66.43365497086953,147.61029144240572,j,0.7999999999999999,0.9000000000000001,65.0,20.0,120.00000000000001,350.0,AA2024-T3,AA2024-T3,277414.512751232
66.43365497086953,147.61029144240572,z,0.7999999999999999,0.9000000000000001,65.0,20.0,120.00000000000001,350.0,AA2024-T3,AA2024-T3,277414.512751232
66.44423250406865,129.47853675541703,z,0.6999999999999998,0.9000000000000001,65.0,20.0,100.0,399.99999999999994,AA2024-T3,AA2024-T3,25969.75111469106
66.44423250406865,129.47853675541703,j,0.6999999999999998,0.9000000000000001,65.0,20.0,100.0,399.99999999999994,AA2024-T3,AA2024-T3,25969.75111469106
66.44423250406865,129.47853675541703,formed z,0.6999999999999998,0.9000000000000001,65.0,20.0,100.0,399.99999999999994,AA2024-T3,AA2024-T3,25969.75111469106
66.44423250406865,129.47853675541703,j,0.6999999999999998,0.8,65.0,20.0,100.0,399.99999999999994,AA2024-T3,AA2024-T3,25969.75111469106
66.44423250406865,129.47853675541703,z,0.6999999999999998,0.8,65.0,20.0,100.0,399.99999999999994,AA2024-T3,AA2024-T3,25969.75111469106
66.44423250406865,129.47853675541703,formed z,0.6999999999999998,0.8,65.0,20.0,100.0,399.99999999999994,AA2024-T3,AA2024-T3,25969.75111469106
66.73580187711953,147.9600149293788,formed z,0.7999999999999999,0.9000000000000001,54.99999999999999,20.0,100.0,350.0,AA2024-T3,AA2024-T3,43272.89283406627
66.73580187711953,147.9600149293788,z,0.7999999999999999,0.8,54.99999999999999,20.0,100.0,350.0,AA2024-T3,AA2024-T3,43272.89283406626
66.73580187711953,147.9600149293788,z,0.7999999999999999,0.9000000000000001,54.99999999999999,20.0,100.0,350.0,AA2024-T3,AA2024-T3,43272.89283406626
66.73580187711953,147.9600149293788,j,0.7999999999999999,0.8,54.99999999999999,20.0,100.0,350.0,AA2024-T3,AA2024-T3,43272.89283406626
66.73580187711953,147.9600149293788,formed z,0.7999999999999999,0.8,54.99999999999999,20.0,100.0,350.0,AA2024-T3,AA2024-T3,43272.89283406626
66.73580187711953,147.9600149293788,j,0.7999999999999999,0.9000000000000001,54.99999999999999,20.0,100.0,350.0,AA2024-T3,AA2024-T3,43272.89283406626
66.74917142803127,129.47853675541703,z,0.6999999999999998,0.8,65.0,20.0,100.0,350.0,AA2024-T3,AA2024-T3,25969.75111469106
66.74917142803127,129.47853675541703,j,0.6999999999999998,0.9000000000000001,65.0,20.0,100.0,350.0,AA2024-T3,AA2024-T3,25969.75111469106
66.74917142803127,129.47853675541703,j,0.6999999999999998,0.8,65.0,20.0,100.0,350.0,AA2024-T3,AA2024-T3,25969.75111469106
66.74917142803127,129.47853675541703,formed z,0.6999999999999998,0.9000000000000001,65.0,20.0,100.0,350.0,AA2024-T3,AA2024-T3,25969.75111469106
66.74917142803127,129.47853675541703,formed z,0.6999999999999998,0.8,65.0,20.0,100.0,350.0,AA2024-T3,AA2024-T3,25969.75111469106
66.74917142803127,129.47853675541703,z,0.6999999999999998,0.9000000000000001,65.0,20.0,100.0,350.0,AA2024-T3,AA2024-T3,25969.75111469106
67.04353281879474,147.61029144240572,formed z,0.7999999999999999,0.9000000000000001,65.0,20.0,120.00000000000001,300.0,AA2024-T3,AA2024-T3,277414.512751232
67.04353281879474,147.61029144240572,z,0.7999999999999999,0.9000000000000001,65.0,20.0,120.00000000000001,300.0,AA2024-T3,AA2024-T3,277414.512751232
67.04353281879474,147.61029144240572,j,0.7999999999999999,0.8,65.0,20.0,120.00000000000001,300.0,AA2024-T3,AA2024-T3,277414.512751232
67.04353281879474,147.61029144240572,z,0.7999999999999999,0.8,65.0,20.0,120.00000000000001,300.0,AA2024-T3,AA2024-T3,277414.512751232
67.04353281879474,147.61029144240572,j,0.7999999999999999,0.9000000000000001,65.0,20.0,120.00000000000001,300.0,AA2024-T3,AA2024-T3,277414.512751232
67.04353281879474,147.61029144240572,formed z,0.7999999999999999,0.8,65.0,20.0,120.00000000000001,300.0,AA2024-T3,AA2024-T3,277414.512751232
67.34567972504475,147.9600149293788,j,0.7999999999999999,0.8,54.99999999999999,20.0,100.0,300.0,AA2024-T3,AA2024-T3,43272.89283406626
67.34567972504475,147.9600149293788,formed z,0.7999999999999999,0.9000000000000001,54.99999999999999,20.0,100.0,300.0,AA2024-T3,AA2024-T3,43272.89283406627
67.34567972504475,147.9600149293788,j,0.7999999999999999,0.9000000000000001,54.99999999999999,20.0,100.0,300.0,AA2024-T3,AA2024-T3,43272.89283406626
67.34567972504475,147.9600149293788,formed z,0.7999999999999999,0.8,54.99999999999999,20.0,100.0,300.0,AA2024-T3,AA2024-T3,43272.89283406626
67.34567972504475,147.9600149293788,z,0.7999999999999999,0.8,54.99999999999999,20.0,100.0,300.0,AA2024-T3,AA2024-T3,43272.89283406626
67.34567972504475,147.9600149293788,z,0.7999999999999999,0.9000000000000001,54.99999999999999,20.0,100.0,300.0,AA2024-T3,AA2024-T3,43272.89283406626
67.3590492759565,129.47853675541703,formed z,0.6999999999999998,0.8,65.0,20.0,100.0,300.0,AA2024-T3,AA2024-T3,25969.75111469106
67.3590492759565,129.47853675541703,z,0.6999999999999998,0.8,65.0,20.0,100.0,300.0,AA2024-T3,AA2024-T3,25969.75111469106
67.3590492759565,129.47853675541703,j,0.6999999999999998,0.8,65.0,20.0,100.0,300.0,AA2024-T3,AA2024-T3,25969.75111469106
67.3590492759565,129.47853675541703,j,0.6999999999999998,0.9000000000000001,65.0,20.0,100.0,300.0,AA2024-T3,AA2024-T3,25969.75111469106
67.3590492759565,129.47853675541703,formed z,0.6999999999999998,0.9000000000000001,65.0,20.0,100.0,300.0,AA2024-T3,AA2024-T3,25969.75111469106
67.3590492759565,129.47853675541703,z,0.6999999999999998,0.9000000000000001,65.0,20.0,100.0,300.0,AA2024-T3,AA2024-T3,25969.75111469106
67.8093139354443,149.89353811228125,formed z,0.7999999999999999,0.9000000000000001,70.0,20.0,120.00000000000001,449.99999999999994,AA2024-T3,AA2024-T3,277987.37961222633
67.8093139354443,149.89353811228125,z,0.7999999999999999,0.9000000000000001,70.0,20.0,120.00000000000001,449.99999999999994,AA2024-T3,AA2024-T3,277987.37961222633
67.8093139354443,149.89353811228125,j,0.7999999999999999,0.8,70.0,20.0,120.00000000000001,449.99999999999994,AA2024-T3,AA2024-T3,277987.37961222633
67.8093139354443,149.89353811228125,z,0.7999999999999999,0.8,70.0,20.0,120.00000000000001,449.99999999999994,AA2024-T3,AA2024-T3,191044.16398725501
67.8093139354443,149.89353811228125,j,0.7999999999999999,0.9000000000000001,70.0,20.0,120.00000000000001,449.99999999999994,AA2024-T3,AA2024-T3,277987.37961222633
67.8093139354443,149.89353811228125,formed z,0.7999999999999999,0.8,70.0,20.0,120.00000000000001,449.99999999999994,AA2024-T3,AA2024-T3,277987.37961222633
68.11425285940692,149.89353811228125,j,0.7999999999999999,0.8,70.0,20.0,120.00000000000001,399.99999999999994,AA2024-T3,AA2024-T3,277987.37961222633
68.11425285940692,149.89353811228125,formed z,0.7999999999999999,0.8,70.0,20.0,120.00000000000001,399.99999999999994,AA2024-T3,AA2024-T3,277987.37961222633
68.11425285940692,149.89353811228125,z,0.7999999999999999,0.8,70.0,20.0,120.00000000000001,399.99999999999994,AA2024-T3,AA2024-T3,200095.36757108782
68.11425285940692,149.89353811228125,formed z,0.7999999999999999,0.9000000000000001,70.0,20.0,120.00000000000001,399.99999999999994,AA2024-T3,AA2024-T3,277987.37961222633
68.11425285940692,149.89353811228125,j,0.7999999999999999,0.9000000000000001,70.0,20.0,120.00000000000001,399.99999999999994,AA2024-T3,AA2024-T3,277987.37961222633
68.11425285940692,149.89353811228125,z,0.7999999999999999,0.9000000000000001,70.0,20.0,120.00000000000001,399.99999999999994,AA2024-T3,AA2024-T3,277987.37961222633
68.41919178336951,149.89353811228125,formed z,0.7999999999999999,0.8,70.0,20.0,120.00000000000001,350.0,AA2024-T3,AA2024-T3,277987.37961222633
68.41919178336951,149.89353811228125,z,0.7999999999999999,0.8,70.0,20.0,120.00000000000001,350.0,AA2024-T3,AA2024-T3,208972.0957061441
68.41919178336951,149.89353811228125,formed z,0.7999999999999999,0.9000000000000001,70.0,20.0,120.00000000000001,350.0,AA2024-T3,AA2024-T3,277987.37961222633
68.41919178336951,149.89353811228125,j,0.7999999999999999,0.8,70.0,20.0,120.00000000000001,350.0,AA2024-T3,AA2024-T3,277987.37961222633
68.41919178336951,149.89353811228125,j,0.7999999999999999,0.9000000000000001,70.0,20.0,120.00000000000001,350.0,AA2024-T3,AA2024-T3,277987.37961222633
68.41919178336951,149.89353811228125,z,0.7999999999999999,0.9000000000000001,70.0,20.0,120.00000000000001,350.0,AA2024-T3,AA2024-T3,277987.37961222633
68.49993543544429,150.6796011531782,formed z,0.7999999999999999,0.9000000000000001,59.99999999999999,20.0,100.0,449.99999999999994,AA2024-T3,AA2024-T3,43923.341042889595
68.49993543544429,150.6796011531782,z,0.7999999999999999,0.8,59.99999999999999,20.0,100.0,449.99999999999994,AA2024-T3,AA2024-T3,43923.341042889595
68.49993543544429,150.6796011531782,z,0.7999999999999999,0.9000000000000001,59.99999999999999,20.0,100.0,449.99999999999994,AA2024-T3,AA2024-T3,43923.341042889595
68.49993543544429,150.6796011531782,j,0.7999999999999999,0.8,59.99999999999999,20.0,100.0,449.99999999999994,AA2024-T3,AA2024-T3,43923.341042889595
68.49993543544429,150.6796011531782,formed z,0.7999999999999999,0.8,59.99999999999999,20.0,100.0,449.99999999999994,AA2024-T3,AA2024-T3,43923.341042889595
68.49993543544429,150.6796011531782,j,0.7999999999999999,0.9000000000000001,59.99999999999999,20.0,100.0,449.99999999999994,AA2024-T3,AA2024-T3,43923.341042889595
68.51330498635605,131.85793063961233,formed z,0.6999999999999998,0.9000000000000001,70.0,20.0,100.0,449.99999999999994,AA2024-T3,AA2024-T3,26619.10214203673
68.51330498635605,131.85793063961233,z,0.6999999999999998,0.8,70.0,20.0,100.0,449.99999999999994,AA2024-T3,AA2024-T3,26740.712402623172
68.51330498635605,131.85793063961233,j,0.6999999999999998,0.9000000000000001,70.0,20.0,100.0,449.99999999999994,AA2024-T3,AA2024-T3,26619.10214203673
68.51330498635605,131.85793063961233,j,0.6999999999999998,0.8,70.0,20.0,100.0,449.99999999999994,AA2024-T3,AA2024-T3,26619.10214203673
68.51330498635605,131.85793063961233,z,0.6999999999999998,0.9000000000000001,70.0,20.0,100.0,449.99999999999994,AA2024-T3,AA2024-T3,26619.10214203673
68.51330498635605,131.85793063961233,formed z,0.6999999999999998,0.8,70.0,20.0,100.0,449.99999999999994,AA2024-T3,AA2024-T3,26619.10214203673
68.80487435940691,150.6796011531782,formed z,0.7999999999999999,0.9000000000000001,59.99999999999999,20.0,100.0,399.99999999999994,AA2024-T3,AA2024-T3,43923.341042889595
68.80487435940691,150.6796011531782,z,0.7999999999999999,0.9000000000000001,59.99999999999999,20.0,100.0,399.99999999999994,AA2024-T3,AA2024-T3,43923.341042889595
68.80487435940691,150.6796011531782,formed z,0.7999999999999999,0.8,59.99999999999999,20.0,100.0,399.99999999999994,AA2024-T3,AA2024-T3,43923.341042889595
68.80487435940691,150.6796011531782,j,0.7999999999999999,0.9000000000000001,59.99999999999999,20.0,100.0,399.99999999999994,AA2024-T3,AA2024-T3,43923.341042889595
68.80487435940691,150.6796011531782,z,0.7999999999999999,0.8,59.99999999999999,20.0,100.0,399.99999999999994,AA2024-T3,AA2024-T3,43923.341042889595
68.80487435940691,150.6796011531782,j,0.7999999999999999,0.8,59.99999999999999,20.0,100.0,399.99999999999994,AA2024-T3,AA2024-T3,43923.341042889595
68.81824391031866,131.85793063961233,z,0.6999999999999998,0.8,70.0,20.0,100.0,399.99999999999994,AA2024-T3,AA2024-T3,26725.839718659485
68.81824391031866,131.85793063961233,z,0.6999999999999998,0.9000000000000001,70.0,20.0,100.0,399.99999999999994,AA2024-T3,AA2024-T3,26619.10214203673
68.81824391031866,131.85793063961233,formed z,0.6999999999999998,0.8,70.0,20.0,100.0,399.99999999999994,AA2024-T3,AA2024-T3,26619.10214203673
68.81824391031866,131.85793063961233,j,0.6999999999999998,0.9000000000000001,70.0,20.0,100.0,399.99999999999994,AA2024-T3,AA2024-T3,26619.10214203673
68.81824391031866,131.85793063961233,j,0.6999999999999998,0.8,70.0,20.0,100.0,399.99999999999994,AA2024-T3,AA2024-T3,26619.10214203673
68.81824391031866,131.85793063961233,formed z,0.6999999999999998,0.9000000000000001,70.0,20.0,100.0,399.99999999999994,AA2024-T3,AA2024-T3,26619.10214203673
69.02906963129475,149.89353811228125,formed z,0.7999999999999999,0.9000000000000001,70.0,20.0,120.00000000000001,300.0,AA2024-T3,AA2024-T3,277987.37961222633
69.02906963129475,149.89353811228125,z,0.7999999999999999,0.9000000000000001,70.0,20.0,120.00000000000001,300.0,AA2024-T3,AA2024-T3,277987.37961222633
69.02906963129475,149.89353811228125,j,0.7999999999999999,0.8,70.0,20.0,120.00000000000001,300.0,AA2024-T3,AA2024-T3,277987.37961222633
69.02906963129475,149.89353811228125,formed z,0.7999999999999999,0.8,70.0,20.0,120.00000000000001,300.0,AA2024-T3,AA2024-T3,277987.37961222633
69.02906963129475,149.89353811228125,j,0.7999999999999999,0.9000000000000001,70.0,20.0,120.00000000000001,300.0,AA2024-T3,AA2024-T3,277987.37961222633
69.02906963129475,149.89353811228125,z,0.7999999999999999,0.8,70.0,20.0,120.00000000000001,300.0,AA2024-T3,AA2024-T3,217679.96386220047
69.10981328336952,150.6796011531782,z,0.7999999999999999,0.8,59.99999999999999,20.0,100.0,350.0,AA2024-T3,AA2024-T3,43923.341042889595
69.10981328336952,150.6796011531782,z,0.7999999999999999,0.9000000000000001,59.99999999999999,20.0,100.0,350.0,AA2024-T3,AA2024-T3,43923.341042889595
69.10981328336952,150.6796011531782,formed z,0.7999999999999999,0.8,59.99999999999999,20.0,100.0,350.0,AA2024-T3,AA2024-T3,43923.341042889595
69.10981328336952,150.6796011531782,j,0.7999999999999999,0.9000000000000001,59.99999999999999,20.0,100.0,350.0,AA2024-T3,AA2024-T3,43923.341042889595
69.10981328336952,150.6796011531782,j,0.7999999999999999,0.8,59.99999999999999,20.0,100.0,350.0,AA2024-T3,AA2024-T3,43923.341042889595
69.10981328336952,150.6796011531782,formed z,0.7999999999999999,0.9000000000000001,59.99999999999999,20.0,100.0,350.0,AA2024-T3,AA2024-T3,43923.341042889595
69.12318283428127,131.85793063961233,j,0.6999999999999998,0.8,70.0,20.0,100.0,350.0,AA2024-T3,AA2024-T3,26619.10214203673
69.12318283428127,131.85793063961233,z,0.6999999999999998,0.9000000000000001,70.0,20.0,100.0,350.0,AA2024-T3,AA2024-T3,26619.10214203673
69.12318283428127,131.85793063961233,j,0.6999999999999998,0.9000000000000001,70.0,20.0,100.0,350.0,AA2024-T3,AA2024-T3,26619.10214203673
69.12318283428127,131.85793063961233,z,0.6999999999999998,0.8,70.0,20.0,100.0,350.0,AA2024-T3,AA2024-T3,26711.735045024114
69.12318283428127,131.85793063961233,formed z,0.6999999999999998,0.8,70.0,20.0,100.0,350.0,AA2024-T3,AA2024-T3,26619.10214203673
69.12318283428127,131.85793063961233,formed z,0.6999999999999998,0.9000000000000001,70.0,20.0,100.0,350.0,AA2024-T3,AA2024-T3,26619.10214203673
69.71969113129475,150.6796011531782,z,0.7999999999999999,0.9000000000000001,59.99999999999999,20.0,100.0,300.0,AA2024-T3,AA2024-T3,43923.341042889595
69.71969113129475,150.6796011531782,z,0.7999999999999999,0.8,59.99999999999999,20.0,100.0,300.0,AA2024-T3,AA2024-T3,43923.341042889595
69.71969113129475,150.6796011531782,formed z,0.7999999999999999,0.9000000000000001,59.99999999999999,20.0,100.0,300.0,AA2024-T3,AA2024-T3,43923.341042889595
69.71969113129475,150.6796011531782,formed z,0.7999999999999999,0.8,59.99999999999999,20.0,100.0,300.0,AA2024-T3,AA2024-T3,43923.341042889595
69.71969113129475,150.6796011531782,j,0.7999999999999999,0.9000000000000001,59.99999999999999,20.0,100.0,300.0,AA2024-T3,AA2024-T3,43923.341042889595
69.71969113129475,150.6796011531782,j,0.7999999999999999,0.8,59.99999999999999,20.0,100.0,300.0,AA2024-T3,AA2024-T3,43923.341042889595
69.73306068220649,131.85793063961233,formed z,0.6999999999999998,0.8,70.0,20.0,100.0,300.0,AA2024-T3,AA2024-T3,26619.10214203673
69.73306068220649,131.85793063961233,formed z,0.6999999999999998,0.9000000000000001,70.0,20.0,100.0,300.0,AA2024-T3,AA2024-T3,26619.10214203673
69.73306068220649,131.85793063961233,j,0.6999999999999998,0.9000000000000001,70.0,20.0,100.0,300.0,AA2024-T3,AA2024-T3,26619.10214203673
69.73306068220649,131.85793063961233,z,0.6999999999999998,0.9000000000000001,70.0,20.0,100.0,300.0,AA2024-T3,AA2024-T3,26619.10214203673
69.73306068220649,131.85793063961233,j,0.6999999999999998,0.8,70.0,20.0,100.0,300.0,AA2024-T3,AA2024-T3,26619.10214203673
69.73306068220649,131.85793063961233,z,0.6999999999999998,0.8,70.0,20.0,100.0,300.0,AA2024-T3,AA2024-T3,26698.36826044878
70.87394684169429,153.35096474903486,formed z,0.7999999999999999,0.9000000000000001,65.0,20.0,100.0,449.99999999999994,AA2024-T3,AA2024-T3,44573.682701832
70.87394684169429,153.35096474903486,z,0.7999999999999999,0.9000000000000001,65.0,20.0,100.0,449.99999999999994,AA2024-T3,AA2024-T3,44573.682701832004
70.87394684169429,153.35096474903486,j,0.7999999999999999,0.9000000000000001,65.0,20.0,100.0,449.99999999999994,AA2024-T3,AA2024-T3,44573.682701832004
70.87394684169429,153.35096474903486,formed z,0.7999999999999999,0.8,65.0,20.0,100.0,449.99999999999994,AA2024-T3,AA2024-T3,44573.682701832004
70.87394684169429,153.35096474903486,z,0.7999999999999999,0.8,65.0,20.0,100.0,449.99999999999994,AA2024-T3,AA2024-T3,44573.682701832
70.87394684169429,153.35096474903486,j,0.7999999999999999,0.8,65.0,20.0,100.0,449.99999999999994,AA2024-T3,AA2024-T3,44573.682701832004
71.1788857656569,153.35096474903486,formed z,0.7999999999999999,0.9000000000000001,65.0,20.0,100.0,399.99999999999994,AA2024-T3,AA2024-T3,44573.682701832
71.1788857656569,153.35096474903486,z,0.7999999999999999,0.9000000000000001,65.0,20.0,100.0,399.99999999999994,AA2024-T3,AA2024-T3,44573.682701832004
71.1788857656569,153.35096474903486,formed z,0.7999999999999999,0.8,65.0,20.0,100.0,399.99999999999994,AA2024-T3,AA2024-T3,44573.682701832004
71.1788857656569,153.35096474903486,j,0.7999999999999999,0.9000000000000001,65.0,20.0,100.0,399.99999999999994,AA2024-T3,AA2024-T3,44573.682701832004
71.1788857656569,153.35096474903486,z,0.7999999999999999,0.8,65.0,20.0,100.0,399.99999999999994,AA2024-T3,AA2024-T3,44573.682701832
71.1788857656569,153.35096474903486,j,0.7999999999999999,0.8,65.0,20.0,100.0,399.99999999999994,AA2024-T3,AA2024-T3,44573.682701832004
71.48382468961952,153.35096474903486,z,0.7999999999999999,0.8,65.0,20.0,100.0,350.0,AA2024-T3,AA2024-T3,44573.682701832
71.48382468961952,153.35096474903486,j,0.7999999999999999,0.8,65.0,20.0,100.0,350.0,AA2024-T3,AA2024-T3,44573.682701832004
71.48382468961952,153.35096474903486,z,0.7999999999999999,0.9000000000000001,65.0,20.0,100.0,350.0,AA2024-T3,AA2024-T3,44573.682701832004
71.48382468961952,153.35096474903486,formed z,0.7999999999999999,0.9000000000000001,65.0,20.0,100.0,350.0,AA2024-T3,AA2024-T3,44573.682701832
71.48382468961952,153.35096474903486,j,0.7999999999999999,0.9000000000000001,65.0,20.0,100.0,350.0,AA2024-T3,AA2024-T3,44573.682701832004
71.48382468961952,153.35096474903486,formed z,0.7999999999999999,0.8,65.0,20.0,100.0,350.0,AA2024-T3,AA2024-T3,44573.682701832004
72.09370253754474,153.35096474903486,formed z,0.7999999999999999,0.9000000000000001,65.0,20.0,100.0,300.0,AA2024-T3,AA2024-T3,44573.682701832
72.09370253754474,153.35096474903486,z,0.7999999999999999,0.8,65.0,20.0,100.0,300.0,AA2024-T3,AA2024-T3,44573.682701832
72.09370253754474,153.35096474903486,z,0.7999999999999999,0.9000000000000001,65.0,20.0,100.0,300.0,AA2024-T3,AA2024-T3,44573.682701832004
72.09370253754474,153.35096474903486,formed z,0.7999999999999999,0.8,65.0,20.0,100.0,300.0,AA2024-T3,AA2024-T3,44573.682701832004
72.09370253754474,153.35096474903486,j,0.7999999999999999,0.8,65.0,20.0,100.0,300.0,AA2024-T3,AA2024-T3,44573.682701832004
72.09370253754474,153.35096474903486,j,0.7999999999999999,0.9000000000000001,65.0,20.0,100.0,300.0,AA2024-T3,AA2024-T3,44573.682701832004
73.2479582479443,155.97658341955884,z,0.7999999999999999,0.9000000000000001,70.0,20.0,100.0,449.99999999999994,AA2024-T3,AA2024-T3,45223.92846588153
73.2479582479443,155.97658341955884,formed z,0.7999999999999999,0.9000000000000001,70.0,20.0,100.0,449.99999999999994,AA2024-T3,AA2024-T3,45223.92846588153
73.2479582479443,155.97658341955884,j,0.7999999999999999,0.8,70.0,20.0,100.0,449.99999999999994,AA2024-T3,AA2024-T3,45223.92846588153
73.2479582479443,155.97658341955884,z,0.7999999999999999,0.8,70.0,20.0,100.0,449.99999999999994,AA2024-T3,AA2024-T3,47282.66010340254
73.2479582479443,155.97658341955884,formed z,0.7999999999999999,0.8,70.0,20.0,100.0,449.99999999999994,AA2024-T3,AA2024-T3,45223.92846588153
73.2479582479443,155.97658341955884,j,0.7999999999999999,0.9000000000000001,70.0,20.0,100.0,449.99999999999994,AA2024-T3,AA2024-T3,45223.92846588153
73.5528971719069,155.97658341955884,formed z,0.7999999999999999,0.9000000000000001,70.0,20.0,100.0,399.99999999999994,AA2024-T3,AA2024-T3,45223.92846588153
73.5528971719069,155.97658341955884,z,0.7999999999999999,0.9000000000000001,70.0,20.0,100.0,399.99999999999994,AA2024-T3,AA2024-T3,45223.92846588153
73.5528971719069,155.97658341955884,formed z,0.7999999999999999,0.8,70.0,20.0,100.0,399.99999999999994,AA2024-T3,AA2024-T3,45223.92846588153
73.5528971719069,155.97658341955884,j,0.7999999999999999,0.8,70.0,20.0,100.0,399.99999999999994,AA2024-T3,AA2024-T3,45223.92846588153
73.5528971719069,155.97658341955884,z,0.7999999999999999,0.8,70.0,20.0,100.0,399.99999999999994,AA2024-T3,AA2024-T3,47054.80202743879
73.5528971719069,155.97658341955884,j,0.7999999999999999,0.9000000000000001,70.0,20.0,100.0,399.99999999999994,AA2024-T3,AA2024-T3,45223.92846588153
73.85783609586952,155.97658341955884,j,0.7999999999999999,0.9000000000000001,70.0,20.0,100.0,350.0,AA2024-T3,AA2024-T3,45223.92846588153
73.85783609586952,155.97658341955884,z,0.7999999999999999,0.9000000000000001,70.0,20.0,100.0,350.0,AA2024-T3,AA2024-T3,45223.92846588153
73.85783609586952,155.97658341955884,z,0.7999999999999999,0.8,70.0,20.0,100.0,350.0,AA2024-T3,AA2024-T3,46834.474404758796
73.85783609586952,155.97658341955884,j,0.7999999999999999,0.8,70.0,20.0,100.0,350.0,AA2024-T3,AA2024-T3,45223.92846588153
73.85783609586952,155.97658341955884,formed z,0.7999999999999999,0.8,70.0,20.0,100.0,350.0,AA2024-T3,AA2024-T3,45223.92846588153
73.85783609586952,155.97658341955884,formed z,0.7999999999999999,0.9000000000000001,70.0,20.0,100.0,350.0,AA2024-T3,AA2024-T3,45223.92846588153
74.46771394379473,155.97658341955884,z,0.7999999999999999,0.9000000000000001,70.0,20.0,100.0,300.0,AA2024-T3,AA2024-T3,45223.92846588153
74.46771394379473,155.97658341955884,j,0.7999999999999999,0.9000000000000001,70.0,20.0,100.0,300.0,AA2024-T3,AA2024-T3,45223.92846588153
74.46771394379473,155.97658341955884,formed z,0.7999999999999999,0.8,70.0,20.0,100.0,300.0,AA2024-T3,AA2024-T3,45223.92846588153
74.46771394379473,155.97658341955884,formed z,0.7999999999999999,0.9000000000000001,70.0,20.0,100.0,300.0,AA2024-T3,AA2024-T3,45223.92846588153
74.46771394379473,155.97658341955884,j,0.7999999999999999,0.8,70.0,20.0,100.0,300.0,AA2024-T3,AA2024-T3,45223.92846588153
74.46771394379473,155.97658341955884,z,0.7999999999999999,0.8,70.0,20.0,100.0,300.0,AA2024-T3,AA2024-T3,46621.32507109842
